{"2006-5": {"Total Votes": 3018968.0, "Parties": ["partido de la liberacion dominicana", "partido revolucionario dominicano", "partido\u00a0reformista\u00a0social\u00a0cristiano", "bloque institucional socialdemocrata", "partido\u00a0revolucionario\u00a0social\u00a0democrata", "alianza\u00a0por\u00a0la\u00a0democracia", "partido\u00a0de\u00a0unidad\u00a0nacional", "partido\u00a0quiqueyano\u00a0democrata\u00a0cristiano", "union democrata cristiana", "partido\u00a0de\u00a0los\u00a0trabajadores\u00a0dominicanos", "partido\u00a0verde\u00a0de\u00a0la\u00a0unidad\u00a0democratica", "partido liberal de la republica dominicana (la estructura)", "partido nacional de veteranos y civiles", "movimiento independencia, unidad y cambio", "partido revolucionario independiente", "alianza social dominicana", "partido democrata popular", "partido popular cristiano", "partido renacentista nacional", "partido\u00a0humanista\u00a0dominicano"], "Percent": [0.4635080597078207, 0.31028483905758525, 0.10957618629942417, 0.025333822683778033, 0.015586120820094817, 0.015546040898744206, 0.011570178948567855, 0.008357491699150175, 0.008300849826828242, 0.005575415174986948, 0.004880806951249567, 0.004829796142257884, 0.004006998418002444, 0.0032246118541170367, 0.002203070718205692, 0.0020145957161520098, 0.0018052526558744574, 0.001591603488344361, 0.000979473780444178, 0.000824785158372]}, "2002-5": {"Total Votes": 2331753.0, "Parties": ["partido revolucionario dominicano", "partido de la liberacion dominicana", "partido\u00a0reformista\u00a0social\u00a0cristiano", "partido quiqueyano democrata", "partido revolucionario independiente", "bloque institucional socialdemocrata", "partido renacentista nacional", "partido popular cristiano", "partido nacional de veteranos y civiles", "alianza social dominicana", "alianza\u00a0por\u00a0la\u00a0democracia", "partido\u00a0de\u00a0los\u00a0trabajadores\u00a0dominicanos", "fuerza de la revolucion", "partido\u00a0de\u00a0unidad\u00a0nacional", "movimiento independencia, unidad y cambio", "union democrata cristiana", "partido democrata popular", "partido nueva alternativa", "movimiento independiente de santiago rodriguez"], "Percent": [0.41035221140489575, 0.26798893364777493, 0.2428529093776228, 0.01316177142261637, 0.01160285845027325, 0.011210020958480593, 0.005655830613276794, 0.005492005371066319, 0.005440970806084521, 0.005184082533613124, 0.00403301721923377, 0.0030830881315473814, 0.0022858338769157797, 0.0022034923939199397, 0.0021949151561078723, 0.0021455960386884887, 0.0021087139160966017, 0.0018831325616392475, 0.0011206161201465163]}, "1966-7": {"Total Votes": 1345404.0, "Parties": ["partido reformista", "partido revolucionario dominicano", "partido revolucionario social cristiano", "union civica nacional", "partido vanguardia revolucionaria dominicana", "partido democrata cristiano", "partido liberal evolucionista", "partido accion revolucionaria", "agrupacion politica 14 de junio", "partido nacionalista revolucionario democratico"], "Percent": [0.5648020966193055, 0.3675996206343968, 0.02278869395363772, 0.012005315875380184, 0.010298022006772685, 0.006970396995995255, 0.004860993426509805, 0.004079815430904026, 0.003592972817086912, 0.003002072240011178]}, "1962-12": {"Total Votes": 1045050.0, "Parties": ["partido revolucionario dominicano", "union civica nacional", "partido revolucionario social cristiano", "partido nacionalista revolucionario democratico", "alianza social democrata", "partido vanguardia revolucionaria dominicana", "partido revolucionario dominicano autentico", "partido nacional"], "Percent": [0.5665642792210898, 0.30177599157935026, 0.05151906607339361, 0.03537821156882446, 0.017918759867948903, 0.01778479498588584, 0.005077269030189942, 0.003981627673317066]}, "1970-5": {"Total Votes": 1237665.0, "Parties": ["partido reformista", "movimiento de integracion democratica", "partido quiqueyano democrata", "partido revolucionario social cristiano", "movimiento nacional de la juventud", "movimiento de conciliacion nacional"], "Percent": [0.5280629249433408, 0.20378696981816566, 0.13634626494245214, 0.05146546117083378, 0.04328392577959302, 0.037054453345614524]}, "1998-5": {"Total Votes": 2093686.0, "Parties": ["partido revolucionario dominicano", "partido de la liberacion dominicana", "partido\u00a0reformista\u00a0social\u00a0cristiano", "unidad democr\u00e1tica", "partido revolucionario independiente", "bloque institucional socialdemocrata", "partido quiqueyano democrata", "partido del pueblo dominicano", "partido democrata institucional", "movimiento de conciliacion nacional", "partido renacentista nacional", "partido nacional de veteranos y civiles", "partido democrata popular", "alianza social dominicana"], "Percent": [0.48936803321988104, 0.312708304874752, 0.16712630260698116, 0.008080485803506352, 0.006662890232823834, 0.005913971818123635, 0.001963045079348098, 0.0017782036083729843, 0.0014543728142615462, 0.0013325780465647664, 0.0013192045034451203, 0.0010498231348922429, 0.0006863493379618529, 0.0005564349190852879]}, "1994-5": {"Total Votes": 2968282.0, "Parties": ["partido revolucionario dominicano", "partido\u00a0reformista\u00a0social\u00a0cristiano", "partido de la liberacion dominicana", "partido revolucionario independiente", "unidad democr\u00e1tica", "movimiento independencia, unidad y cambio", "bloque institucional socialdemocrata", "partido popular cristiano", "partido quiqueyano democrata", "movimiento de conciliacion nacional", "partido democrata institucional", "partido renacentista nacional", "partido del pueblo dominicano", "movimiento por el cambio electoral del distrito nacional"], "Percent": [0.3906064181233454, 0.38484719443772525, 0.15753792934768326, 0.025327782198591643, 0.023715064808532343, 0.006825833933568306, 0.00253075684857436, 0.0023939773916359696, 0.0019947565628872193, 0.0014469649447053882, 0.0012394374927988648, 0.0009385900665772323, 0.0004679474524320802, 0.00012734639094263956]}, "1982-5": {"Total Votes": 1807094.0, "Parties": ["partido revolucionario dominicano", "partido reformista", "partido de la liberacion dominicana", "partido quiqueyano democrata", "partido nacional de veteranos y civiles", "partido acci\u00f3n constitucional", "partido union patriotica", "partido comunista dominicano", "alianza social democrata", "bloque socialista", "union civica nacional", "movimiento por el socialismo", "movimiento de integracion democratica", "partido accion nacional", "movimiento popular justicialista", "agrupacion defensora de la capital", "movimiento 20 de octubre", "movimiento independiente progresista de vicente noble", "movimiento municipal del pueblo", "movimiento independiente del pueblo"], "Percent": [0.45653684866420885, 0.3635140175331223, 0.09654395399464555, 0.01947048687007981, 0.015690384672850444, 0.01015995847476667, 0.007182249512200253, 0.006696386574245724, 0.004746847701337063, 0.004381067061259681, 0.004369446193723182, 0.003980423818572803, 0.0038105378026820954, 0.0019489854982640633, 0.00036356714149900335, 0.0002584259590259278, 0.00014719765546230578, 0.00013225654005823715, 5.146384194734751e-05, 1.5494490048663765e-05]}, "1974-5": {"Total Votes": 450224.0, "Parties": ["partido reformista - movimiento nacional de la juventud", "partido democrata popular", "movimiento voluntad popular", "movimiento municipal del pueblo"], "Percent": [0.766611731049433, 0.13922403070471587, 0.04971081061871424, 0.044453427627136714]}, "1986-5": {"Total Votes": 2111938.0,