{"1926-7": {"Total Votes": 0, "Parties": [], "Percent": []}, "1971-6": {"Total Votes": 5148.0, "Parties": ["frams\u00f3knarflokkur", "sj\u00e1lfst\u00e6\u00f0isflokkur", "al\u00fe\u00fd\u00f0ubandalag", "al\u00fe\u00fd\u00f0uflokkur"], "Percent": [0.38966588966588966, 0.32614607614607616, 0.17424242424242425, 0.10994560994560995]}, "1908-9": {"Total Votes": 824.0, "Parties": ["elected"], "Percent": [1.0]}, "1978-6": {"Total Votes": 5525.0, "Parties": ["frams\u00f3knarflokkur", "sj\u00e1lfst\u00e6\u00f0isflokkur", "al\u00fe\u00fd\u00f0ubandalag", "al\u00fe\u00fd\u00f0uflokkur", "others"], "Percent": [0.32289592760180996, 0.27547511312217193, 0.21520361990950226, 0.13610859728506788, 0.050316742081447964]}, "1934-6": {"Total Votes": 10456.0, "Parties": ["frams\u00f3knarflokkur", "sj\u00e1lfst\u00e6\u00f0isflokkur", "b\u00e6ndaflokkur", "al\u00fe\u00fd\u00f0uflokkur", "komm\u00fanistaflokkur", "others"], "Percent": [0.490053557765876, 0.30805279265493496, 0.10472456006120888, 0.08014537107880643, 0.015589135424636573, 0.001434583014537108]}, "1892-9": {"Total Votes": 469.0, "Parties": ["elected"], "Percent": [0.9999999999999999]}, "1974-6": {"Total Votes": 5391.0, "Parties": ["frams\u00f3knarflokkur", "sj\u00e1lfst\u00e6\u00f0isflokkur", "al\u00fe\u00fd\u00f0ubandalag", "al\u00fe\u00fd\u00f0uflokkur", "samt\u00f6k frj\u00e1lslyndra og vinstri manna"], "Percent": [0.37599703209052127, 0.32572806529400855, 0.15785568540159525, 0.08254498237803747, 0.05787423483583751]}, "1874-0": {"Total Votes": 209.0, "Parties": ["elected"], "Percent": [1.0]}, "1933-7": {"Total Votes": 7198.0, "Parties": ["frams\u00f3knarflokkur", "sj\u00e1lfst\u00e6\u00f0isflokkur", "al\u00fe\u00fd\u00f0uflokkur", "komm\u00fanistaflokkur", "others"], "Percent": [0.5359822172825784, 0.3320366768546819, 0.08321756043345374, 0.030147263128646844, 0.018616282300639067]}, "1922-7": {"Total Votes": 0, "Parties": [], "Percent": []}, "1942-10": {"Total Votes": 4094.0, "Parties": ["sj\u00e1lfst\u00e6\u00f0isflokkur", "frams\u00f3knarflokkur", "al\u00fe\u00fd\u00f0uflokkur", "s\u00f3s\u00edalistaflokkur"], "Percent": [0.4416218856863703, 0.42379091353199805, 0.10136785539814362, 0.03321934538348803]}, "1902-6": {"Total Votes": 727.0, "Parties": ["elected"], "Percent": [1.0]}, "1949-10": {"Total Votes": 3905.0, "Parties": ["frams\u00f3knarflokkur", "sj\u00e1lfst\u00e6\u00f0isflokkur", "al\u00fe\u00fd\u00f0uflokkur", "s\u00f3s\u00edalistaflokkur"], "Percent": [0.4240717029449424, 0.4225352112676056, 0.11241997439180537, 0.040973111395646605]}, "1946-6": {"Total Votes": 4100.0, "Parties": ["sj\u00e1lfst\u00e6\u00f0isflokkur", "frams\u00f3knarflokkur", "al\u00fe\u00fd\u00f0uflokkur", "s\u00f3s\u00edalistaflokkur"], "Percent": [0.42317073170731706, 0.3960975609756098, 0.13341463414634147, 0.04731707317073171]}, "1923-10": {"Total Votes": 13265.0, "Parties": ["borgaraflokkur", "frams\u00f3knarflokkur", "al\u00fe\u00fd\u00f0uflokkur"], "Percent": [0.6693554466641538, 0.30169619298906897, 0.028948360346777235]}, "1983-4": {"Total Votes": 5702.0, "Parties": ["frams\u00f3knarflokkur", "sj\u00e1lfst\u00e6\u00f0isflokkur", "al\u00fe\u00fd\u00f0ubandalag", "al\u00fe\u00fd\u00f0uflokkur", "bandalag jafna\u00f0armanna"], "Percent": [0.4033672395650649, 0.3132234303753069, 0.18028761837951596, 0.07207997193967029, 0.03104173974044195]}, "1903-6": {"Total Votes": 762.0, "Parties": ["elected"], "Percent": [1.0]}, "1911-10": {"Total Votes": 1084.0, "Parties": ["elected"], "Percent": [1.0]}, "1926-10": {"Total Votes": 0, "Parties": [], "Percent": []}, "1942-7": {"Total Votes": 12830.0, "Parties": ["frams\u00f3knarflokkur", "sj\u00e1lfst\u00e6\u00f0isflokkur", "al\u00fe\u00fd\u00f0uflokkur", "s\u00f3s\u00edalistaflokkur"], "Percent": [0.5321901792673422, 0.3980514419329696, 0.05284489477786439, 0.016913484021823848]}, "1956-6": {"Total Votes": 3882.0, "Parties": ["sj\u00e1lfst\u00e6\u00f0isflokkur", "frams\u00f3knarflokkur", "al\u00fe\u00fd\u00f0uflokkur", "al\u00fe\u00fd\u00f0ubandalag", "\u00dei\u00f3\u00f0varnarflokkur"], "Percent": [0.4175682637815559, 0.4026275115919629, 0.07727975270479134, 0.06929417825862957, 0.033230293663060274]}, "1953-6": {"Total Votes": 3892.0, "Parties": ["frams\u00f3knarflokkur", "sj\u00e1lfst\u00e6\u00f0isflokkur", "al\u00fe\u00fd\u00f0uflokkur", "s\u00f3s\u00edalistaflokkur", "\u00dei\u00f3\u00f0varnarflokkur", "l\u00fd\u00f0veldisflokkur"], "Percent": [0.4288283658787256, 0.41315519013360735, 0.07965056526207606, 0.04265159301130524, 0.02723535457348407, 0.008478931140801645]}, "1914-3": {"Total Votes": 906.0, "Parties": ["elected"], "Percent": [1.0]}, "1979-12": {"Total Votes": 5707.0, "Parties": ["frams\u00f3knarflokkur", "sj\u00e1lfst\u00e6\u00f0isflokkur", "al\u00fe\u00fd\u00f0ubandalag", "al\u00fe\u00fd\u00f0uflokkur"], "Percent": [0.4391098650779744, 0.28140879621517434, 0.17241983528999474, 0.1070615034168565]}, "1959-6": {"Total Votes": 3784.0, "Parties": ["frams\u00f3knarflokkur", "sj\u00e1lfst\u00e6\u00f0isflokkur", "al\u00fe\u00fd\u00f0ubandalag", "al\u00fe\u00fd\u00f0uflokkur", "\u00dei\u00f3\u00f0varnarflokkur"], "Percent": [0.4870507399577167, 0.40539112050739956, 0.04862579281183932, 0.04598308668076111, 0.012949260042283299]}, "1900-9": {"Total Votes": 623.0, "Parties": ["elected"], "Percent": [1.0]}, "1967-6": {"Total Votes": 5005.0, "Parties": ["frams\u00f3knarflokkur", "sj\u00e1lfst\u00e6\u00f0isflokkur", "al\u00fe\u00fd\u00f0uflokkur", "al\u00fe\u00fd\u00f0ubandalag"], "Percent": [0.4015984015984016, 0.3408591408591409, 0.13026973026973027, 0.12727272727272726]}, "1963-6": {"Total Votes": 5100.0, "Parties": ["frams\u00f3knarflokkur", "sj\u00e1lfst\u00e6\u00f0isflokkur", "al\u00fe\u00fd\u00f0ubandalag", "al\u00fe\u00fd\u00f0uflokkur"], "Percent": [0.41862745098039217, 0.346078431372549, 0.13, 0.10529411764705883]}, "1919-11": {"Total Votes": 5959.0, "Parties": ["heimastj\u00f3rnarflokkur", "frams\u00f3knarflokkur", "sj\u00e1lfst\u00e6\u00f0isflokkur"], "Percent": [0.516193992280584, 0.46249370699781833, 0.021312300721597583]}, "1995-4": {"Total Votes": 6343.0, "Parties": ["frams\u00f3knarflokkur", "sj\u00e1lfst\u00e6\u00f0isflokkur", "al\u00fe\u00fd\u00f0ubandalag", "\u00dei\u00f3\u00f0vaki, hreyfing f\u00f3lksins - \u00dei\u00f3\u00f0vaki", "al\u00fe\u00fd\u00f0uflokkur", "samt\u00f6k um kvennalista"], "Percent": [0.3868831783067949, 0.3075831625413842, 0.15560460349992117, 0.06763361185558883, 0.05013400599085606, 0.03216143780545483]}, "1894-6": {"Total Votes": 0, "Parties": [], "Percent": []}, "1937-6": {"Total Votes": 13503.0, "Parties": ["frams\u00f3knarflokkur", "sj\u00e1lfst\u00e6\u00f0isflokkur", "al\u00fe\u00fd\u00f0uflokkur", "komm\u00fanistaflokkur"], "Percent": [0.4886321558172258, 0.45397319114270906, 0.056728134488632155, 0.000666518551433015]}, "1930-6": {"Total Votes": 0, "Parties": [], "Percent": []}, "1927-7": {"Total Votes": 7514.0, "Parties": ["\u00cdhaldsflokkur", "frams\u00f3knarflokkur", "others", "al\u00fe\u00fd\u00f0uflokkur"], "Percent": [0.5396593026350812, 0.3194037796113921, 0.08876763375033271, 0.05216928400319404]}, "1880-0": {"Total Votes": 269.0, "Parties": ["elected"], "Percent": [1.0]}, "1916-10": {"Total Votes": 4383.0, "Parties": ["heimastj\u00f3rnarflokkur", "others", "b\u00e6ndaflokkur", "sj\u00e1lfst\u00e6\u00f0isflokkur"], "Percent": [0.6997490303445129, 0.13848961898243212, 0.0837326032397901, 0.07802874743326489]}, "1959-10": {"Total Votes": 5157.0, "Parties": ["frams\u00f3knarflokkur", "sj\u00e1lfst\u00e6\u00f0isflokkur", "al\u00fe\u00fd\u00f0ubandalag", "al\u00fe\u00fd\u00f0uflokkur"], "Percent": [0.4161334108978088, 0.3684312584836145, 0.11944929222416134, 0.09598603839441536]}, "1931-6": {"Total Votes": 8019.0, "Parties": ["frams\u00f3knarflokkur", "sj\u00e1lfst\u00e6\u00f0isflokkur", "al\u00fe\u00fd\u00f0uflokkur", "others"], "Percent": [0.6166604314752463, 0.31787005861079937, 0.036538221723406906, 0.02893128819054745]}, "1991-4": {"Total Votes": 6341.0,