{"1926-7": {"Total Votes": 0, "Parties": [], "Percent": []}, "1971-6": {"Total Votes": 62190.0, "Parties": ["sj\u00e1lfst\u00e6\u00f0isflokkur", "al\u00fe\u00fd\u00f0ubandalag", "frams\u00f3knarflokkur", "al\u00fe\u00fd\u00f0uflokkur", "samt\u00f6k frj\u00e1lslyndra og vinstri manna", "others"], "Percent": [0.40803987779385753, 0.1914616497829233, 0.16647370959961408, 0.1139733076057244, 0.08898536742241518, 0.031066087795465505]}, "1908-9": {"Total Votes": 1756.0, "Parties": ["elected"], "Percent": [0.9999999999999999]}, "1978-6": {"Total Votes": 74113.0, "Parties": ["sj\u00e1lfst\u00e6\u00f0isflokkur", "al\u00fe\u00fd\u00f0uflokkur", "al\u00fe\u00fd\u00f0ubandalag", "frams\u00f3knarflokkur", "others"], "Percent": [0.3734297626597223, 0.24897116565244964, 0.23389958576767908, 0.09099618150661827, 0.05270330441353069]}, "1934-6": {"Total Votes": 24177.0, "Parties": ["sj\u00e1lfst\u00e6\u00f0isflokkur", "al\u00fe\u00fd\u00f0uflokkur", "frams\u00f3knarflokkur", "komm\u00fanistaflokkur", "b\u00e6ndaflokkur"], "Percent": [0.3866071059271209, 0.2641766968606527, 0.24597758199942094, 0.08321958886545064, 0.020019026347354925]}, "1892-9": {"Total Votes": 339.0, "Parties": ["elected"], "Percent": [1.0]}, "1974-6": {"Total Votes": 68685.0, "Parties": ["sj\u00e1lfst\u00e6\u00f0isflokkur", "al\u00fe\u00fd\u00f0ubandalag", "frams\u00f3knarflokkur", "al\u00fe\u00fd\u00f0uflokkur", "samt\u00f6k frj\u00e1lslyndra og vinstri manna", "others"], "Percent": [0.4917230836427168, 0.19831113052340396, 0.17028463274368494, 0.09860959452573342, 0.03514595617674893, 0.005925602387712018]}, "1874-0": {"Total Votes": 122.0, "Parties": ["elected"], "Percent": [1.0]}, "1933-7": {"Total Votes": 15412.0, "Parties": ["sj\u00e1lfst\u00e6\u00f0isflokkur", "al\u00fe\u00fd\u00f0uflokkur", "frams\u00f3knarflokkur", "komm\u00fanistaflokkur"], "Percent": [0.4333636127692707, 0.23890474954580848, 0.2138593303919024, 0.11387230729301842]}, "1922-7": {"Total Votes": 0, "Parties": [], "Percent": []}, "1942-10": {"Total Votes": 22340.0, "Parties": ["sj\u00e1lfst\u00e6\u00f0isflokkur", "s\u00f3s\u00edalistaflokkur", "al\u00fe\u00fd\u00f0uflokkur", "frams\u00f3knarflokkur", "landsm\u00e1laflokkur \u00fej\u00f3\u00f0veldismanna"], "Percent": [0.40680393912264995, 0.2808415398388541, 0.15111906893464636, 0.10376007162041181, 0.05747538048343778]}, "1902-6": {"Total Votes": 498.0, "Parties": ["elected"], "Percent": [1.0]}, "1949-10": {"Total Votes": 31195.0, "Parties": ["sj\u00e1lfst\u00e6\u00f0isflokkur", "s\u00f3s\u00edalistaflokkur", "al\u00fe\u00fd\u00f0uflokkur", "frams\u00f3knarflokkur"], "Percent": [0.43878826735053694, 0.27132553293797085, 0.15210770956884118, 0.13777849014265106]}, "1946-6": {"Total Votes": 27260.0, "Parties": ["sj\u00e1lfst\u00e6\u00f0isflokkur", "s\u00f3s\u00edalistaflokkur", "al\u00fe\u00fd\u00f0uflokkur", "frams\u00f3knarflokkur"], "Percent": [0.454512105649303, 0.26984592809977986, 0.17545854732208363, 0.10018341892883345]}, "1923-10": {"Total Votes": 14880.0, "Parties": ["borgaraflokkur", "frams\u00f3knarflokkur", "al\u00fe\u00fd\u00f0uflokkur"], "Percent": [0.5442204301075269, 0.2678763440860215, 0.18790322580645163]}, "1983-4": {"Total Votes": 79682.0, "Parties": ["sj\u00e1lfst\u00e6\u00f0isflokkur", "al\u00fe\u00fd\u00f0ubandalag", "al\u00fe\u00fd\u00f0uflokkur", "frams\u00f3knarflokkur", "bandalag jafna\u00f0armanna", "samt\u00f6k um kvennalista"], "Percent": [0.4340503501418137, 0.1709043447704626, 0.12247433548354711, 0.10322281067242288, 0.08985718229964107, 0.07949097663211264]}, "1903-6": {"Total Votes": 576.0, "Parties": ["elected"], "Percent": [1.0]}, "1911-10": {"Total Votes": 2625.0, "Parties": ["elected"], "Percent": [1.0]}, "1926-10": {"Total Votes": 0, "Parties": [], "Percent": []}, "1942-7": {"Total Votes": 34043.0, "Parties": ["sj\u00e1lfst\u00e6\u00f0isflokkur", "s\u00f3s\u00edalistaflokkur", "frams\u00f3knarflokkur", "al\u00fe\u00fd\u00f0uflokkur", "others"], "Percent": [0.38530681784801574, 0.2383162470992568, 0.20864788649648974, 0.14654995153188613, 0.021179097024351556]}, "1956-6": {"Total Votes": 36041.0, "Parties": ["sj\u00e1lfst\u00e6\u00f0isflokkur", "al\u00fe\u00fd\u00f0ubandalag", "al\u00fe\u00fd\u00f0uflokkur", "\u00dei\u00f3\u00f0varnarflokkur", "frams\u00f3knarflokkur"], "Percent": [0.4925224050387059, 0.23503787353292085, 0.175633306512028, 0.05740684220748592, 0.039399572708859354]}, "1953-6": {"Total Votes": 33947.0, "Parties": ["sj\u00e1lfst\u00e6\u00f0isflokkur", "s\u00f3s\u00edalistaflokkur", "al\u00fe\u00fd\u00f0uflokkur", "frams\u00f3knarflokkur", "\u00dei\u00f3\u00f0varnarflokkur", "l\u00fd\u00f0veldisflokkur"], "Percent": [0.3833623000559696, 0.20461307332017556, 0.15403422982885084, 0.11456093321943028, 0.08495596076236486, 0.05847350281320883]}, "1914-3": {"Total Votes": 2023.0, "Parties": ["elected"], "Percent": [1.0]}, "1979-12": {"Total Votes": 74479.0, "Parties": ["sj\u00e1lfst\u00e6\u00f0isflokkur", "al\u00fe\u00fd\u00f0ubandalag", "al\u00fe\u00fd\u00f0uflokkur", "frams\u00f3knarflokkur", "others"], "Percent": [0.4245760549953678, 0.2090119362504867, 0.19976100645819628, 0.15684958176130184, 0.00980142053464735]}, "1959-6": {"Total Votes": 37496.0, "Parties": ["sj\u00e1lfst\u00e6\u00f0isflokkur", "al\u00fe\u00fd\u00f0ubandalag", "frams\u00f3knarflokkur", "al\u00fe\u00fd\u00f0uflokkur", "\u00dei\u00f3\u00f0varnarflokkur"], "Percent": [0.49701301472157033, 0.17993919351397483, 0.15260294431406016, 0.12964049498613184, 0.04080435246426285]}, "1900-9": {"Total Votes": 373.0, "Parties": ["elected"], "Percent": [1.0]}, "1967-6": {"Total Votes": 55740.0, "Parties": ["sj\u00e1lfst\u00e6\u00f0isflokkur", "frams\u00f3knarflokkur", "al\u00fe\u00fd\u00f0uflokkur", "al\u00fe\u00fd\u00f0ubandalag", "others"], "Percent": [0.410351632579835, 0.185827054180122, 0.18530678148546825, 0.13665231431646932, 0.08186221743810548]}, "1963-6": {"Total Votes": 49986.0, "Parties": ["sj\u00e1lfst\u00e6\u00f0isflokkur", "al\u00fe\u00fd\u00f0ubandalag", "frams\u00f3knarflokkur", "al\u00fe\u00fd\u00f0uflokkur"], "Percent": [0.48337534509662705, 0.17298843676229345, 0.1729084143560197, 0.1707278037850598]}, "1919-11": {"Total Votes": 20039.0, "Parties": ["heimastj\u00f3rnarflokkur", "al\u00fe\u00fd\u00f0uflokkur", "sj\u00e1lfst\u00e6\u00f0isflokkur", "frams\u00f3knarflokkur"], "Percent": [0.7285792704226759, 0.17026797744398423, 0.07195967862667797, 0.029193073506662007]}, "1995-4": {"Total Votes": 107463.0, "Parties": ["sj\u00e1lfst\u00e6\u00f0isflokkur", "frams\u00f3knarflokkur", "al\u00fe\u00fd\u00f0ubandalag", "al\u00fe\u00fd\u00f0uflokkur", "\u00dei\u00f3\u00f0vaki, hreyfing f\u00f3lksins - \u00dei\u00f3\u00f0vaki", "samt\u00f6k um kvennalista", "others"], "Percent": [0.41099727348017456, 0.1726454686729386, 0.13744265468114608, 0.13121725617189173, 0.0774406074648949, 0.05913663307370909, 0.011120106455245062]}, "1894-6": {"Total Votes": 0, "Parties": [], "Percent": []}, "1937-6": {"Total Votes": 41014.0, "Parties": ["sj\u00e1lfst\u00e6\u00f0isflokkur", "frams\u00f3knarflokkur", "al\u00fe\u00fd\u00f0uflokkur", "komm\u00fanistaflokkur"], "Percent": [0.5604915394743258, 0.18386404642317256, 0.16104257082947288, 0.09460184327302872]}, "1930-6": {"Total Votes": 0, "Parties": [], "Percent": []}, "1927-7": {"Total Votes": 13339.0, "Parties": ["\u00cdhaldsflokkur", "frams\u00f3knarflokkur", "al\u00fe\u00fd\u00f0uflokkur"], "Percent": [0.44576055176549967, 0.30871879451233225, 0.24552065372216808]}, "1880-0": {"Total Votes": 0, "Parties": [], "Percent": []}, "1916-10": {"Total Votes": 11284.0, "Parties": ["heimastj\u00f3rnarflokkur", "al\u00fe\u00fd\u00f0uflokkur", "sj\u00e1fst\u00e6\u00f0isflokkur \u2018\u00feversum\u2019", "b\u00e6ndaflokkur", "sj\u00e1lfst\u00e6\u00f0isflokkur \u2018langsum"], "Percent": [0.5475895072669266, 0.26533144275079756, 0.14303438496986884, 0.03225806451612903, 0.011786600496277916]}, "1959-10": {"Total Votes": 46317.0,