{"2002-5": {"Total Votes": 10939.0, "Parties": ["progressive liberal party", "free national movement", "coalition & labour", "independent", "bahamas democratic movement"], "Percent": [0.5771094249931438, 0.3756284852363104, 0.031538531858487984, 0.011244172227808758, 0.0044793856842490175]}, "2012-5": {"Total Votes": 14264.0, "Parties": ["Progressive Liberal Party", "Free National Movement", "Democratic National Alliance", "Bahamas Constitution Party", "Independent"], "Percent": [0.5004206393718452, 0.37163488502523834, 0.125, 0.002243409983174425, 0.0007010656197420079]}, "2007-5": {"Total Votes": 7384.0, "Parties": ["free national movement", "progressive liberal party", "independent"], "Percent": [0.5486186348862405, 0.44623510292524377, 0.0051462621885157095]}, "1997-3": {"Total Votes": 6552.0, "Parties": ["Free National Movement", "Progressive Liberal Party", "Bahamas Freedom Alliance"], "Percent": [0.6243894993894994, 0.36981074481074483, 0.0057997557997558]}}