{"2002-5": {"Total Votes": 3567.0, "Parties": ["progressive liberal party", "free national movement"], "Percent": [0.5567703952901598, 0.4432296047098402]}, "2012-5": {"Total Votes": 0, "Parties": [], "Percent": []}, "2007-5": {"Total Votes": 3347.0, "Parties": ["progressive liberal party", "free national movement"], "Percent": [0.5437705407827905, 0.4562294592172094]}, "1997-3": {"Total Votes": 2989.0, "Parties": ["Free National Movement", "Progressive Liberal Party"], "Percent": [0.5175644028103045, 0.48243559718969553]}}