{"2002-5": {"Total Votes": 3042.0, "Parties": ["free national movement", "progressive liberal party", "bahamas constitution party"], "Percent": [0.5631163708086785, 0.4329388560157791, 0.0039447731755424065]}, "2012-5": {"Total Votes": 4130.0, "Parties": ["Free National Movement", "Progressive Liberal Party", "Democratic National Alliance"], "Percent": [0.5411622276029056, 0.4493946731234867, 0.009443099273607748]}, "2007-5": {"Total Votes": 3527.0, "Parties": ["free national movement", "progressive liberal party", "independent"], "Percent": [0.5259427275304792, 0.39325205557130705, 0.08080521689821378]}, "1997-3": {"Total Votes": 2735.0, "Parties": ["Free National Movement", "Progressive Liberal Party"], "Percent": [0.6884826325411335, 0.31151736745886655]}}