{"2002-5": {"Total Votes": 5885.0, "Parties": ["progressive liberal party", "free national movement", "coalition & labour"], "Percent": [0.5118096856414613, 0.47034834324553954, 0.01784197111299915]}, "2012-5": {"Total Votes": 6094.0, "Parties": ["Progressive Liberal Party", "Free National Movement", "Democratic National Alliance", "Independent"], "Percent": [0.4642271086314408, 0.44519199212340005, 0.08697079094191008, 0.0036101083032490976]}, "2007-5": {"Total Votes": 12836.0, "Parties": ["free national movement", "progressive liberal party", "bahamas democratic movement", "independent"], "Percent": [0.5028825179183546, 0.4931442817076971, 0.002337176690557806, 0.0016360236833904643]}, "1997-3": {"Total Votes": 6651.0, "Parties": ["Free National Movement", "Progressive Liberal Party", "Independent"], "Percent": [0.6272740941211847, 0.3703202525935949, 0.0024056532852202678]}}