{"2002-5": {"Total Votes": 2023.0, "Parties": ["independent", "progressive liberal party", "free national movement"], "Percent": [0.38358872960949086, 0.3386060306475531, 0.277805239742956]}, "2012-5": {"Total Votes": 8679.0, "Parties": ["Free National Movement", "Progressive Liberal Party", "Democratic National Alliance"], "Percent": [0.47355686138956105, 0.41617697891462146, 0.11026615969581749]}, "2007-5": {"Total Votes": 5668.0, "Parties": ["free national movement", "progressive liberal party", "independent"], "Percent": [0.48870853916725476, 0.40931545518701484, 0.10197600564573042]}, "1997-3": {"Total Votes": 0, "Parties": [], "Percent": []}}