{"2002-5": {"Total Votes": 17746.0, "Parties": ["progressive liberal party", "free national movement", "independent", "bahamas democratic movement", "coalition & labour", "our survivors"], "Percent": [0.46489349712611294, 0.41237461963259325, 0.10233292009466921, 0.011382846838724219, 0.00862166121942973, 0.0003944550884706413]}, "2012-5": {"Total Votes": 14121.0, "Parties": ["Progressive Liberal Party", "Free National Movement", "Democratic National Alliance"], "Percent": [0.5192975001770412, 0.42461582040931944, 0.05608667941363926]}, "2007-5": {"Total Votes": 10941.0, "Parties": ["progressive liberal party", "free national movement", "bahamas democratic movement", "independent"], "Percent": [0.5248149163696189, 0.4680559363860707, 0.005209761447765286, 0.0019193857965451055]}, "1997-3": {"Total Votes": 6227.0, "Parties": ["Free National Movement", "Progressive Liberal Party"], "Percent": [0.6153846153846154, 0.3846153846153846]}}