{"2002-5": {"Total Votes": 3684.0, "Parties": ["progressive liberal party", "free national movement"], "Percent": [0.755971769815418, 0.24402823018458197]}, "2012-5": {"Total Votes": 1480.0, "Parties": ["Progressive Liberal Party", "Free National Movement", "Democratic National Alliance"], "Percent": [0.5256756756756756, 0.46824324324324323, 0.006081081081081081]}, "2007-5": {"Total Votes": 0, "Parties": [], "Percent": []}, "1997-3": {"Total Votes": 4469.0, "Parties": ["Progressive Liberal Party", "Free National Movement", "Bahamas Freedom Alliance"], "Percent": [0.5023495189080331, 0.49429402550906243, 0.003356455582904453]}}