{"1997-6": {"Total Votes": 975124.0, "Parties": ["liberal", "progressive conservative", "bloc qu\u00e9b\u00e9cois", "reform party of canada", "new democratic party", "natural law party of canada", "christian heritage party of canada", "canadian action party", "marxist-leninist party", "independent", "green party of canada"], "Percent": [0.3504723501831562, 0.21586382860026007, 0.1733143682239387, 0.14079337602192132, 0.11039416525488042, 0.0027422153490222778, 0.0027319602430049923, 0.0012152300630483917, 0.0010737096000098447, 0.0007024747621840915, 0.0006963216985737199]}, "1882-6": {"Total Votes": 12218.0, "Parties": ["unknown", "conservative", "liberal-conservative", "liberal"], "Percent": [0.41086920936323457, 0.2665739073498118, 0.252168931085284, 0.07038795220166967]}, "1900-11": {"Total Votes": 30560.0, "Parties": ["liberal", "conservative"], "Percent": [0.5609620418848168, 0.43903795811518326]}, "1963-4": {"Total Votes": 515870.0, "Parties": ["liberal", "progressive conservative", "social credit party of canada", "new democratic party", "communist party of canada"], "Percent": [0.39927888809196116, 0.27872526023998295, 0.21518211952623723, 0.10617985151297805, 0.0006338806288405994]}, "1968-6": {"Total Votes": 739266.0, "Parties": ["liberal", "progressive conservative", "new democratic party", "ralliement cr\u00e9ditiste", "independent", "parti de la d\u00e9mocratisation \u00e9conomique", "independent liberal", "social credit party of canada", "communist party of canada"], "Percent": [0.4718098762826912, 0.2934721737507203, 0.170830255956584, 0.05437149821579783, 0.005670489377301269, 0.0017449740688737208, 0.0010848598474703288, 0.0007561554298452789, 0.00025971707071608866]}, "1988-11": {"Total Votes": 1014423.0, "Parties": ["progressive conservative", "liberal", "new democratic party", "reform party of canada", "christian heritage party of canada", "parti rhinoc\u00e9ros", "independent", "green party of canada", "confederation of regions western party", "libertarian party of canada", "party for the commonwealth of canada", "communist party of canada", "social credit party of canada"], "Percent": [0.4129372066682241, 0.29968563409938465, 0.2515291944287541, 0.00897061679398042, 0.008121858435780735, 0.006382938872639915, 0.003929327312176478, 0.0029721329267968096, 0.00237869212350272, 0.0014490996359506835, 0.0009453650005963981, 0.0004327583266546598, 0.0002651753755583223]}, "1953-8": {"Total Votes": 396008.0, "Parties": ["liberal", "progressive conservative", "co-operative commonwealth federation", "social credit party of canada", "independent", "labour progressive party", "independent liberal"], "Percent": [0.5397390961798753, 0.28190844629401435, 0.09597028342861759, 0.04292085008383669, 0.02213086604311024, 0.009272539948687906, 0.008057918021858144]}, "1917-12": {"Total Votes": 98358.0, "Parties": ["government", "opposition", "independent", "opposition-labour", "labour", "unknown"], "Percent": [0.46926533683076116, 0.4018483499054475, 0.07865145692267024, 0.03976290693182049, 0.007554037292340227, 0.002917912116960491]}, "1940-3": {"Total Votes": 257939.0, "Parties": ["liberal", "national government", "independent liberal", "co-operative commonwealth federation", "united reform movement", "independent conservative", "new democracy", "social credit party of canada", "farmer labour", "labour", "social credit-national unity"], "Percent": [0.5030918162821442, 0.18879269904899992, 0.07671581265337929, 0.05831611349970341, 0.05376464978153749, 0.032453409527058726, 0.031332989582808335, 0.024211150698420943, 0.015205145402595188, 0.015181884088873726, 0.0009343294344786946]}, "1962-6": {"Total Votes": 507586.0, "Parties": ["progressive conservative", "liberal", "social credit party of canada", "new democratic party", "independent", "capital  familial", "communist party of canada"], "Percent": [0.34494450201542204, 0.34371909390723926, 0.20131563912322248, 0.10729019318893745, 0.0012726907361511153, 0.0007742530329835733, 0.0006836279960440202]}, "1878-9": {"Total Votes": 18098.0, "Parties": ["unknown", "conservative", "liberal-conservative", "liberal"], "Percent": [0.39059564592772683, 0.3828047298043982, 0.1748812023428003, 0.051718421925074594]}, "1911-9": {"Total Votes": 49665.0, "Parties": ["conservative", "liberal", "unknown", "independent"], "Percent": [0.5100372495721333, 0.35987113661532266, 0.11688311688311688, 0.013208496929427162]}, "2000-11": {"Total Votes": 843756.0, "Parties": ["liberal", "canadian alliance", "bloc qu\u00e9b\u00e9cois", "progressive conservative", "new democratic party", "marijuana party", "green party of canada", "natural law party of canada", "independent", "canadian action party", "communist party of canada", "marxist-leninist party"], "Percent": [0.387684354244592, 0.2164677940067982, 0.15968123485936692, 0.12987166906072373, 0.09003787824916208, 0.006583656886588065, 0.0039205647130213, 0.0018121352618529528, 0.0015881368547305146, 0.0010891774399233902, 0.0006411806256785136, 0.0006222177975623285]}, "1993-10": {"Total Votes": 983349.0, "Parties": ["liberal", "bloc qu\u00e9b\u00e9cois", "progressive conservative", "reform party of canada", "new democratic party", "national party of canada", "independent", "natural law party of canada", "christian heritage party of canada", "green party of canada", "party for the commonwealth of canada", "canada party", "marxist-leninist party", "abolitionist party of canada", "libertarian party of canada"], "Percent": [0.38741789537590426, 0.20683806054615397, 0.14797798136775447, 0.14263196484666177, 0.08112277533205403, 0.010333055710637832, 0.009913062402056645, 0.0059765149504397725, 0.002212846100418061, 0.002010476443256667, 0.0012111671441166869, 0.0009386291133666683, 0.000563380854610113, 0.0005532115251045153, 0.0002989782874645726]}, "2011-5": {"Total Votes": 816310.0, "Parties": ["conservative", "new democratic party", "liberal", "bloc qu\u00e9b\u00e9cois", "green party", "independent", "marxist-leninist", "communist", "libertarian", "rhinoceros", "pirate party", "christian heritage party of canada"], "Percent": [0.40408913280493935, 0.31522583332312476, 0.19931153605860524, 0.04788989477036909, 0.02844630103759601, 0.0032328404650194165, 0.00044345898004434595, 0.00033443177224338794, 0.00031850644975560757, 0.00030135610246107485, 0.0003001310776543225, 0.0001065771581874533]}, "1930-7": {"Total Votes": 182528.0, "Parties": ["liberal", "conservative", "united farmers of alberta", "independent liberal", "progressive"], "Percent": [0.4925271739130434, 0.4471533134642356, 0.026023404628330995, 0.01852318548387097, 0.015772922510518934]}, "1925-10": {"Total Votes": 139075.0, "Parties": ["liberal", "conservative", "progressive", "unknown"], "Percent": [0.543196117202948, 0.3957361136077656, 0.06008987956138774, 0.000977889627898616]}, "1972-10": {"Total Votes": 866439.0, "Parties": ["liberal", "progressive conservative", "new democratic party", "social credit party of canada", "independent"], "Percent": [0.426543588181049, 0.2986522998156824, 0.15321217073562016, 0.09924183929855421, 0.02235010196909419]}, "1896-6": {"Total Votes": 29085.0, "Parties": ["liberal", "conservative", "patrons of industry", "independent"], "Percent": [0.49314079422382673, 0.4683170018910091, 0.031218841327144576, 0.0073233625580195975]}, "1921-12": {"Total Votes": 152865.0, "Parties": ["liberal", "conservative", "progressive", "labour"], "Percent": [0.5532070781408432, 0.25603637196218887, 0.1328099957478821, 0.0579465541490858]}, "2008-10": {"Total Votes": 756510.0, "Parties": ["conservative party of canada", "liberal", "new democratic party", "bloc qu\u00e9b\u00e9cois", "green party of canada", "independent", "christian heritage party of canada", "progressive canadian party", "canadian action party", "marijuana party", "communist party of canada", "libertarian party of canada", "newfoundland and labrador first party", "marxist-leninist party", "neorhino.ca"],