{"1997-6": {"Total Votes": 346188.0, "Parties": ["reform party of canada", "liberal", "progressive conservative", "new democratic party", "bloc qu\u00e9b\u00e9cois", "green party of canada", "independent", "christian heritage party of canada", "canadian action party", "natural law party of canada"], "Percent": [0.31289068367476636, 0.31147526777357964, 0.16975169561047757, 0.13754087374490165, 0.053661594278253434, 0.007400603140490138, 0.0035645371878863506, 0.0026488497579349947, 0.0006817105156735647, 0.0003841843160363733]}, "1882-6": {"Total Votes": 33496.0, "Parties": ["liberal", "conservative", "unknown", "liberal-conservative", "nationalist conservative"], "Percent": [0.29045259135419155, 0.23784929543826128, 0.23632672557917364, 0.2030093145450203, 0.03236207308335324]}, "1900-11": {"Total Votes": 26508.0, "Parties": ["liberal", "conservative", "liberal-conservative", "independent"], "Percent": [0.5795608872793119, 0.3200165987626377, 0.09947940244454505, 0.0009431115135053569]}, "1963-4": {"Total Votes": 270078.0, "Parties": ["liberal", "progressive conservative", "social credit party of canada", "new democratic party"], "Percent": [0.4182976769673946, 0.3900428765023437, 0.11273039640400183, 0.07892905012625982]}, "1968-6": {"Total Votes": 122798.0, "Parties": ["progressive conservative", "liberal", "new democratic party", "ralliement cr\u00e9ditiste"], "Percent": [0.3977914949754882, 0.36942784084431346, 0.15505138520171338, 0.07772927897848499]}, "1988-11": {"Total Votes": 356273.0, "Parties": ["progressive conservative", "new democratic party", "liberal", "reform party of canada", "christian heritage party of canada", "libertarian party of canada", "green party of canada", "independent", "communist party of canada", "confederation of regions western party"], "Percent": [0.387702688668521, 0.3207063122942238, 0.23940629797935853, 0.03715128567138122, 0.010093383444717954, 0.0016139308900758689, 0.0013865771472999638, 0.001260269512424461, 0.0004266391222461427, 0.00025261526975100553]}, "1953-8": {"Total Votes": 223693.0, "Parties": ["liberal", "progressive conservative", "co-operative commonwealth federation", "nationalist", "social credit party of canada", "labour progressive party", "independent"], "Percent": [0.4836584068343667, 0.3804231692542905, 0.06817379175924146, 0.03351021265752616, 0.02992047136030184, 0.0033572798433567433, 0.0009566682909165686]}, "1917-12": {"Total Votes": 54301.0, "Parties": ["government", "opposition", "unknown"], "Percent": [0.5673560339588589, 0.42483563838603344, 0.00780832765510764]}, "1940-3": {"Total Votes": 158553.0, "Parties": ["liberal", "national government", "co-operative commonwealth federation", "independent liberal", "communist party of canada"], "Percent": [0.5440073666218866, 0.2627954059525837, 0.11814345991561181, 0.06845029737690236, 0.006603470133015458]}, "1962-6": {"Total Votes": 264377.0, "Parties": ["progressive conservative", "liberal", "social credit party of canada", "new democratic party"], "Percent": [0.4294435597650325, 0.3822306781603543, 0.1163149593194567, 0.07201080275515646]}, "1878-9": {"Total Votes": 33288.0, "Parties": ["liberal", "liberal-conservative", "unknown", "conservative", "nationalist conservative"], "Percent": [0.3131759192501802, 0.287971641432348, 0.23801369863013697, 0.1356645037250661, 0.025174236962268684]}, "1911-9": {"Total Votes": 54677.0, "Parties": ["liberal", "conservative", "nationalist", "independent conservative"], "Percent": [0.508623369972749, 0.39919893190921224, 0.06461583481171242, 0.027561863306326245]}, "2000-11": {"Total Votes": 337476.0, "Parties": ["canadian alliance", "liberal", "progressive conservative", "new democratic party", "bloc qu\u00e9b\u00e9cois", "green party of canada", "canadian action party", "marijuana party", "independent", "natural law party of canada"], "Percent": [0.39778236081973234, 0.3138208346667616, 0.11855065249084379, 0.08766253007621283, 0.055835081605803076, 0.014676599224833766, 0.006477497659092795, 0.0026342613993291376, 0.0019942158849814507, 0.0005659661724092972]}, "1993-10": {"Total Votes": 361778.0, "Parties": ["liberal", "reform party of canada", "new democratic party", "progressive conservative", "bloc qu\u00e9b\u00e9cois", "national party of canada", "christian heritage party of canada", "natural law party of canada", "libertarian party of canada", "independent", "party for the commonwealth of canada", "canada party", "marxist-leninist party", "abolitionist party of canada"], "Percent": [0.3308188999883907, 0.24707417255886208, 0.17492495397730098, 0.15358037249362871, 0.0688903139494386, 0.013588443741742173, 0.003549137869079933, 0.003206386236863491, 0.002097971684292577, 0.0016418908833594082, 0.0003234027497526107, 0.00012438567298177336, 0.00010780091658420357, 7.186727772280238e-05]}, "2011-5": {"Total Votes": 493732.0, "Parties": ["conservative", "new democratic party", "liberal", "bloc qu\u00e9b\u00e9cois", "green party", "independent", "christian heritage party of canada", "marxist-leninist", "canadian action party", "pirate party", "rhinoceros", "libertarian", "western block party", "communist"], "Percent": [0.4239911530952014, 0.3035472685586513, 0.1411372971571622, 0.08513728095403986, 0.04040046016867451, 0.0008547147035233689, 0.0008182576782545997, 0.0007878768238639587, 0.0007777498724004116, 0.0007574959694733176, 0.0007554705791806082, 0.0004678651576158726, 0.0003645702526876929, 0.00020253902927094052]}, "1930-7": {"Total Votes": 107571.0, "Parties": ["liberal", "conservative", "independent", "progressive"], "Percent": [0.5184389844846659, 0.4116351061159606, 0.050255180299523104, 0.01967072909985033]}, "1925-10": {"Total Votes": 83671.0, "Parties": ["liberal", "conservative", "progressive", "farmer"], "Percent": [0.46142630062984785, 0.3800360937481326, 0.14503232900288035, 0.013505276619139247]}, "1972-10": {"Total Votes": 138960.0, "Parties": ["progressive conservative", "liberal", "new democratic party", "social credit party of canada", "independent"], "Percent": [0.36300374208405295, 0.32713010938399545, 0.18979562464018424, 0.11764536557282672, 0.002425158318940702]}, "1896-6": {"Total Votes": 32263.0, "Parties": ["liberal", "conservative", "liberal-conservative", "mccarthyite", "patrons of industry"], "Percent": [0.514707249790782, 0.3600099184824722, 0.0697083346248024, 0.03310293525090661, 0.02247156185103679]}, "1921-12": {"Total Votes": 103940.0, "Parties": ["liberal", "conservative", "progressive", "labour", "independent conservative", "independent"], "Percent": [0.4220800461804887, 0.25509909563209543, 0.24996151625938043, 0.039070617664036945, 0.019155281893400038, 0.014633442370598422]}, "2008-10": {"Total Votes": 463603.0, "Parties": ["conservative party of canada", "liberal", "bloc qu\u00e9b\u00e9cois", "new democratic party", "green party of canada", "christian heritage party of canada", "independent", "canadian action party", "libertarian party of canada", "communist party of canada", "marxist-leninist party"], "Percent": [0.4250749024488625, 0.21962756927802454, 0.14590932327875358, 0.14213669885656477, 0.059753711688664654, 0.00432697803940009, 0.0012230291866100953, 0.0008800633300474759, 0.0004853290423055934, 0.000338651820631014, 0.000243743030135698]}, "1979-5": {"Total Votes": 382392.0, "Parties": ["liberal", "progressive conservative", "new democratic party", "social credit party of canada", "independent", "parti rhinoc\u00e9ros", "union populaire", "libertarian party of canada", "marxist-leninist party", "communist party of canada"], "Percent": [0.40759743927697234, 0.3815011820330969, 0.14600462352768886, 0.04697535513295257, 0.008483441076173142, 0.005052406954120379, 0.001446159961505471, 0.0013938576120839348, 0.001325864557835938, 0.00021966986757045127]}, "1872-7": {"Total Votes": 19143.0, "Parties": ["liberal", "unknown", "liberal-conservative", "independent", "conservative"],