{"2000-7": {"Total Votes": 989102.0, "Parties": ["alianza por el cambio", "partido revolucionario institucional", "alianza por m\u00e9xico", "democracia social, partido pol\u00edtico nacional", "partido de centro democr\u00e1tico", "partido aut\u00e9ntico de la revoluci\u00f3n mexicana", "others"], "Percent": [0.45844412406405005, 0.3706210279627379, 0.14137470149691334, 0.01691736544865949, 0.0067293363070744985, 0.005564643484696219, 0.00034880123586849486]}, "2006-7": {"Total Votes": 995691.0, "Parties": ["partido acci\u00f3n nacional", "alianza por m\u00e9xico", "coalici\u00f3n por el bien de todos", "partido nueva alianza", "partido alternativa socialdem\u00f3crata y campesina", "others"], "Percent": [0.43812186712544354, 0.250169982454396, 0.21967256910025298, 0.06352171507023766, 0.0250157930522622, 0.0034980731974076293]}, "2009-7": {"Total Votes": 1445982.0, "Parties": ["partido acci\u00f3n nacional", "partido revolucionario institucional", "partido verde ecologista de m\u00e9xico", "partido de la revoluci\u00f3n democr\u00e1tica", "partido nueva alanzia", "partido del trabajo", "convergencia", "partido socialdem\u00f3crata", "candidatos no registrados", "salvemos a m\u00e9xico (pt+convergencia)", "primero m\u00e9xico (pri+pvem)"], "Percent": [0.38609955034018406, 0.273857489235689, 0.11598000528360657, 0.09221345770555926, 0.07686402735303759, 0.026752753492090497, 0.013416487895423318, 0.012011214524108875, 0.00185272015834222, 0.000952294011958655, 0.0]}, "1997-7": {"Total Votes": 727086.0, "Parties": ["partido acci\u00f3n nacional", "partido revolucionario institucional", "partido de la revoluci\u00f3n dem\u00f3cratica", "partido del trabajo", "partido verde ecologista de m\u00e9xico", "partido cardenista", "partido dem\u00f3crata mexicano", "partido popular socialista", "others"], "Percent": [0.3951320751602974, 0.37537650291712393, 0.1350830575750324, 0.03987286235741027, 0.039097163196650735, 0.007978423460223412, 0.0034920215765397757, 0.003005146571382202, 0.0009627471853398359]}, "2012-7": {"Total Votes": 2659681.0, "Parties": ["partido revolucionario institucional", "partido acci\u00f3n nacional", "partido de la revoluci\u00f3n democr\u00e1tica", "partido verde ecologista de m\u00e9xico", "partido nueva alanzia", "partido del trabajo", "compromiso por m\u00e9xico (pri+pvem)", "movimento ciudadan", "movimiento progresista (prd+pt+mc)", "prd+pt", "prd+mc", "pt+mc", "candidatos no registrados"], "Percent": [0.3073492648178484, 0.3071778156854149, 0.15979961506661888, 0.05309734513274336, 0.04623110816673128, 0.0373849345090633, 0.03234297646973453, 0.027002862373344778, 0.0207588804822834, 0.005963121141219567, 0.0015242429449245979, 0.0007282828279030454, 0.0006395503821698918]}, "1994-8": {"Total Votes": 925290.0, "Parties": ["partido revolucionario institucional", "partido acci\u00f3n nacional", "partido de la revoluci\u00f3n dem\u00f3cratica", "partido del trabajo", "partido verde ecologista de m\u00e9xico", "partido del frente cardenista de reconstrucci\u00f3n nacional", "partido popular socialista", "partido aut\u00e9ntico de la revoluci\u00f3n mexicana", "uni\u00f3n nacional opositora", "others"], "Percent": [0.515564849938938, 0.3612067568005706, 0.07435939002907196, 0.017109230619589536, 0.012412324784662105, 0.005750629532362826, 0.00550097807173967, 0.003647505106507149, 0.0029126003739368203, 0.0015357347426212325]}, "2003-7": {"Total Votes": 628074.0, "Parties": ["partido acci\u00f3n nacional", "partido revolucionario institucional", "partido de la revoluci\u00f3n dem\u00f3cratica", "partido verde ecologista de m\u00e9xico", "alianza para todos", "partido del trabajo", "convergencia por la democracia", "partido m\u00e9xico posible", "partido fuerza ciudadana", "partido alianza social", "partido liberal mexicano", "partido de la sociedad nacionalista", "others"], "Percent": [0.39091731229122684, 0.2806166152396055, 0.12853103296745289, 0.08767597448708273, 0.04908179609409082, 0.029689176753057756, 0.009519578903122881, 0.008016571295739038, 0.005403821842649114, 0.0048959199075268205, 0.0035616822221585355, 0.0014934545929301325, 0.0005970634033569293]}, "1991-8": {"Total Votes": 659111.0, "Parties": ["partido revolucionario institucional", "partido acci\u00f3n nacional", "partido de la revoluci\u00f3n dem\u00f3cratica", "partido del frente cardenista de reconstrucci\u00f3n nacional", "partido popular socialista", "partido del trabajo", "partido aut\u00e9ntico de la revoluci\u00f3n mexicana", "partido ecologista de m\u00e9xico", "partido revolucionario de los trabajadores", "partido dem\u00f3crata mexicano", "others"], "Percent": [0.48665551022513664, 0.41921466945628283, 0.026173133205180915, 0.017074514004469656, 0.014835133991087997, 0.011001181895007064, 0.010514162257950481, 0.007928861754696858, 0.0036776809975861426, 0.0026429539182322857, 0.00028219829436923374]}}