{"2000-7": {"Total Votes": 904942.0, "Parties": ["partido revolucionario institucional", "alianza por m\u00e9xico", "alianza por el cambio", "democracia social, partido pol\u00edtico nacional", "partido de centro democr\u00e1tico", "partido aut\u00e9ntico de la revoluci\u00f3n mexicana", "others"], "Percent": [0.46250035913903875, 0.38489428051742547, 0.13532137971273298, 0.006546275893924693, 0.005051152449549253, 0.0046577570717239326, 0.0010287952156049778]}, "2006-7": {"Total Votes": 942940.0, "Parties": ["coalici\u00f3n por el bien de todos", "alianza por m\u00e9xico", "partido acci\u00f3n nacional", "partido nueva alianza", "partido alternativa socialdem\u00f3crata y campesina", "others"], "Percent": [0.4793528750503743, 0.3134006405497699, 0.13747110102445542, 0.05243387702292829, 0.014356162640252823, 0.002985343712219229]}, "2009-7": {"Total Votes": 1447069.0, "Parties": ["partido revolucionario institucional", "partido de la revoluci\u00f3n democr\u00e1tica", "partido acci\u00f3n nacional", "convergencia", "partido verde ecologista de m\u00e9xico", "partido del trabajo", "partido nueva alanzia", "partido socialdem\u00f3crata", "primero m\u00e9xico (pri+pvem)", "salvemos a m\u00e9xico (pt+convergencia)", "candidatos no registrados"], "Percent": [0.4049178028138258, 0.3041085117572141, 0.10660998197045202, 0.05452262469861492, 0.05083586200796231, 0.032064124101891474, 0.028430572419145178, 0.010810127229593063, 0.005307279749618021, 0.0018167758413731485, 0.0005763374103100818]}, "1997-7": {"Total Votes": 673043.0, "Parties": ["partido revolucionario institucional", "partido de la revoluci\u00f3n dem\u00f3cratica", "partido acci\u00f3n nacional", "partido del trabajo", "partido verde ecologista de m\u00e9xico", "partido cardenista", "partido popular socialista", "partido dem\u00f3crata mexicano", "others"], "Percent": [0.4618828217513592, 0.42480792460511435, 0.057464381919134444, 0.016461058208762293, 0.015483408935238908, 0.01501835692518903, 0.004233013343872531, 0.0035317208558739936, 0.0011173134554552978]}, "2012-7": {"Total Votes": 2614921.0, "Parties": ["partido de la revoluci\u00f3n democr\u00e1tica", "partido revolucionario institucional", "partido acci\u00f3n nacional", "movimento ciudadan", "partido del trabajo", "partido verde ecologista de m\u00e9xico", "partido nueva alanzia", "movimiento progresista (prd+pt+mc)", "compromiso por m\u00e9xico (pri+pvem)", "prd+pt", "prd+mc", "pt+mc", "candidatos no registrados"], "Percent": [0.35162591910042407, 0.3214380090258941, 0.1067156522128202, 0.055654453805679016, 0.04667827441058448, 0.0441856560867422, 0.029403565155505653, 0.022786539249178082, 0.00877311398699999, 0.008587639932525686, 0.0028410036096692785, 0.0007457204252059623, 0.0005644529987712822]}, "1994-8": {"Total Votes": 761090.0, "Parties": ["partido revolucionario institucional", "partido de la revoluci\u00f3n dem\u00f3cratica", "partido acci\u00f3n nacional", "partido del frente cardenista de reconstrucci\u00f3n nacional", "partido aut\u00e9ntico de la revoluci\u00f3n mexicana", "partido del trabajo", "partido popular socialista", "partido verde ecologista de m\u00e9xico", "uni\u00f3n nacional opositora", "others"], "Percent": [0.49799366697762415, 0.34335098345793535, 0.09442115912704148, 0.02145212786924017, 0.012743565149982263, 0.011488785820336623, 0.008125188873851975, 0.005565701822386314, 0.004467277194549922, 0.0003915437070517284]}, "2003-7": {"Total Votes": 611615.0, "Parties": ["partido revolucionario institucional", "partido de la revoluci\u00f3n dem\u00f3cratica", "partido acci\u00f3n nacional", "convergencia por la democracia", "partido verde ecologista de m\u00e9xico", "partido del trabajo", "partido de la sociedad nacionalista", "partido m\u00e9xico posible", "partido alianza social", "partido fuerza ciudadana", "partido liberal mexicano", "others"], "Percent": [0.42258283397235186, 0.3935694840708616, 0.061506012769470986, 0.045741193397807446, 0.03170949044742199, 0.023514792802661805, 0.006173818496930259, 0.004542073036142018, 0.004411271796800275, 0.0034531527186220093, 0.002351152277167826, 0.0004447242137619254]}, "1991-8": {"Total Votes": 491259.0, "Parties": ["partido revolucionario institucional", "partido de la revoluci\u00f3n dem\u00f3cratica", "partido del frente cardenista de reconstrucci\u00f3n nacional", "partido acci\u00f3n nacional", "partido aut\u00e9ntico de la revoluci\u00f3n mexicana", "partido del trabajo", "partido revolucionario de los trabajadores", "partido popular socialista", "partido dem\u00f3crata mexicano", "partido ecologista de m\u00e9xico", "others"], "Percent": [0.62870705676639, 0.24903156990508063, 0.031001976554119112, 0.02938572117762728, 0.018318239462279576, 0.01168426430864371, 0.010772321728456885, 0.008520963483620655, 0.006495555297714647, 0.005204993699860969, 0.0008773376162065224]}}