{"2000-7": {"Total Votes": 1114903.0, "Parties": ["partido revolucionario institucional", "alianza por el cambio", "alianza por m\u00e9xico", "democracia social, partido pol\u00edtico nacional", "partido de centro democr\u00e1tico", "partido aut\u00e9ntico de la revoluci\u00f3n mexicana", "others"], "Percent": [0.4539767136692609, 0.28672449531483907, 0.2278377580829902, 0.012514990093308566, 0.01096777029033019, 0.00723829786089014, 0.0007399746883809623]}, "2006-7": {"Total Votes": 1151086.0, "Parties": ["coalici\u00f3n por el bien de todos", "alianza por m\u00e9xico", "partido acci\u00f3n nacional", "partido nueva alianza", "partido alternativa socialdem\u00f3crata y campesina", "others"], "Percent": [0.33875401142920686, 0.31566451160034953, 0.2707799417245975, 0.05448159390349635, 0.016741581428320735, 0.0035783599140290128]}, "2009-7": {"Total Votes": 1898026.0, "Parties": ["partido revolucionario institucional", "partido acci\u00f3n nacional", "partido de la revoluci\u00f3n democr\u00e1tica", "partido nueva alanzia", "partido verde ecologista de m\u00e9xico", "partido del trabajo", "convergencia", "partido socialdem\u00f3crata", "primero m\u00e9xico (pri+pvem)", "salvemos a m\u00e9xico (pt+convergencia)", "candidatos no registrados"], "Percent": [0.42139359524052883, 0.19193730749736831, 0.1555310622720658, 0.09492177662476699, 0.06934415018550852, 0.02941951269371441, 0.021666194246021914, 0.012938178929055766, 0.0010574143873687716, 0.0009172687834623972, 0.000873539140138228]}, "1997-7": {"Total Votes": 870902.0, "Parties": ["partido revolucionario institucional", "partido de la revoluci\u00f3n dem\u00f3cratica", "partido acci\u00f3n nacional", "partido del trabajo", "partido verde ecologista de m\u00e9xico", "partido cardenista", "partido dem\u00f3crata mexicano", "partido popular socialista", "others"], "Percent": [0.49691354480756733, 0.28047817090786337, 0.15000998964292195, 0.02497755200929611, 0.02489717557199318, 0.0143426011192993, 0.005202651963137068, 0.002756911799490643, 0.0004214021784310979]}, "2012-7": {"Total Votes": 2815719.0, "Parties": ["partido revolucionario institucional", "partido acci\u00f3n nacional", "partido de la revoluci\u00f3n democr\u00e1tica", "partido nueva alanzia", "partido verde ecologista de m\u00e9xico", "partido del trabajo", "movimiento progresista (prd+pt+mc)", "movimento ciudadan", "prd+pt", "compromiso por m\u00e9xico (pri+pvem)", "prd+mc", "pt+mc", "candidatos no registrados"], "Percent": [0.3794306178990163, 0.2174119647592675, 0.20136348833104442, 0.07218333931759525, 0.04167035133832601, 0.034000196752587884, 0.020239590669381424, 0.01765552599531417, 0.007830681967909441, 0.005851436169589366, 0.0013342950770300586, 0.0005632664339019625, 0.00046524528903629943]}, "1994-8": {"Total Votes": 1138492.0, "Parties": ["partido revolucionario institucional", "partido acci\u00f3n nacional", "partido de la revoluci\u00f3n dem\u00f3cratica", "partido del trabajo", "partido del frente cardenista de reconstrucci\u00f3n nacional", "partido aut\u00e9ntico de la revoluci\u00f3n mexicana", "partido verde ecologista de m\u00e9xico", "partido popular socialista", "uni\u00f3n nacional opositora", "others"], "Percent": [0.5903115700417745, 0.19519943925824684, 0.15020219729255896, 0.02317539341514916, 0.012592973863672297, 0.008971516708066458, 0.007191091373501088, 0.0060044339354163225, 0.003425584018157352, 0.002925800093456959]}, "2003-7": {"Total Votes": 761339.0, "Parties": ["partido revolucionario institucional", "partido acci\u00f3n nacional", "partido de la revoluci\u00f3n dem\u00f3cratica", "alianza para todos", "partido verde ecologista de m\u00e9xico", "partido del trabajo", "convergencia por la democracia", "partido alianza social", "partido m\u00e9xico posible", "partido liberal mexicano", "partido fuerza ciudadana", "partido de la sociedad nacionalista", "others"], "Percent": [0.4051585430406166, 0.22471855507205066, 0.21665512997495204, 0.04634597728475751, 0.043805715981973865, 0.030012911462567928, 0.011957879472876076, 0.007337073235444394, 0.004493399129691242, 0.0035188004292437407, 0.003005231572269383, 0.002299895316015599, 0.0006908880275409509]}, "1991-8": {"Total Votes": 696434.0, "Parties": ["partido revolucionario institucional", "partido de la revoluci\u00f3n dem\u00f3cratica", "partido acci\u00f3n nacional", "partido del frente cardenista de reconstrucci\u00f3n nacional", "partido aut\u00e9ntico de la revoluci\u00f3n mexicana", "partido popular socialista", "partido dem\u00f3crata mexicano", "partido del trabajo", "partido revolucionario de los trabajadores", "partido ecologista de m\u00e9xico", "others"], "Percent": [0.7192138809994917, 0.09593012403185369, 0.07347573495837366, 0.04886033708865449, 0.027715476269108055, 0.011820215555242852, 0.00790742554211885, 0.0063222071294623755, 0.004811654801460008, 0.0031733085977996476, 0.0007696350264346657]}}