{"2000-7": {"Total Votes": 1314976.0, "Parties": ["alianza por m\u00e9xico", "partido revolucionario institucional", "alianza por el cambio", "partido de centro democr\u00e1tico", "democracia social, partido pol\u00edtico nacional", "partido aut\u00e9ntico de la revoluci\u00f3n mexicana", "others"], "Percent": [0.3892884737059841, 0.3195541211398535, 0.2619789258511182, 0.0103606453653907, 0.009856453653906994, 0.007506600880928626, 0.001454779402817998]}, "2006-7": {"Total Votes": 1319729.0, "Parties": ["coalici\u00f3n por el bien de todos", "partido acci\u00f3n nacional", "alianza por m\u00e9xico", "partido nueva alianza", "partido alternativa socialdem\u00f3crata y campesina", "others"], "Percent": [0.3930306903917395, 0.3105251153835371, 0.24190345139039912, 0.032427111929797706, 0.01844848449946921, 0.003665146405057402]}, "2009-7": {"Total Votes": 1823798.0, "Parties": ["partido de la revoluci\u00f3n democr\u00e1tica", "partido revolucionario institucional", "partido acci\u00f3n nacional", "partido verde ecologista de m\u00e9xico", "partido del trabajo", "partido nueva alanzia", "convergencia", "partido socialdem\u00f3crata", "candidatos no registrados", "salvemos a m\u00e9xico (pt+convergencia)", "primero m\u00e9xico (pri+pvem)"], "Percent": [0.29866465474794907, 0.262005441392084, 0.25512858331898597, 0.10301085975530185, 0.03732430894210871, 0.022954296473622626, 0.013065591693816967, 0.005606980597631974, 0.0014612363869244292, 0.0007780466915743959, 0.0]}, "1997-7": {"Total Votes": 1001744.0, "Parties": ["partido de la revoluci\u00f3n dem\u00f3cratica", "partido revolucionario institucional", "partido acci\u00f3n nacional", "partido verde ecologista de m\u00e9xico", "partido del trabajo", "partido dem\u00f3crata mexicano", "partido cardenista", "partido popular socialista", "others"], "Percent": [0.4066917296235366, 0.3556317781788561, 0.1791046415052149, 0.024402442140906262, 0.013146073248255043, 0.009031249500870484, 0.008999305211710776, 0.0020484275423661136, 0.000944353048283793]}, "2012-7": {"Total Votes": 2740464.0, "Parties": ["partido revolucionario institucional", "partido de la revoluci\u00f3n democr\u00e1tica", "partido acci\u00f3n nacional", "partido verde ecologista de m\u00e9xico", "partido del trabajo", "partido nueva alanzia", "movimento ciudadan", "movimiento progresista (prd+pt+mc)", "compromiso por m\u00e9xico (pri+pvem)", "prd+pt", "prd+mc", "candidatos no registrados", "pt+mc"], "Percent": [0.36802672832045963, 0.23521892642997683, 0.2340454025303744, 0.05043270044780738, 0.03106335277529644, 0.02853129980908343, 0.019460573100029778, 0.01565099924684287, 0.007879322625657553, 0.007344376718687054, 0.001189944476555795, 0.0007597253603769289, 0.00039664815885193165]}, "1994-8": {"Total Votes": 1221746.0, "Parties": ["partido revolucionario institucional", "partido de la revoluci\u00f3n dem\u00f3cratica", "partido acci\u00f3n nacional", "partido del trabajo", "partido del frente cardenista de reconstrucci\u00f3n nacional", "partido verde ecologista de m\u00e9xico", "partido aut\u00e9ntico de la revoluci\u00f3n mexicana", "uni\u00f3n nacional opositora", "partido popular socialista", "others"], "Percent": [0.44196502382655645, 0.3585221478114109, 0.154850517210615, 0.010933532829246013, 0.00887582197936396, 0.007544121282165033, 0.007511381252731747, 0.004789866306089809, 0.003951721552597676, 0.0010558659492234885]}, "2003-7": {"Total Votes": 733252.0, "Parties": ["partido de la revoluci\u00f3n dem\u00f3cratica", "partido revolucionario institucional", "partido acci\u00f3n nacional", "partido verde ecologista de m\u00e9xico", "partido del trabajo", "partido m\u00e9xico posible", "convergencia por la democracia", "partido alianza social", "partido fuerza ciudadana", "partido liberal mexicano", "partido de la sociedad nacionalista", "others"], "Percent": [0.3690136542416523, 0.29974824480533296, 0.19505981572501677, 0.08340515948132429, 0.01714008280918429, 0.00994610311325438, 0.00862050154653516, 0.0063811622743613385, 0.003950892735376106, 0.003753143530464288, 0.0022052445816717857, 0.0007759951558263735]}, "1991-8": {"Total Votes": 868584.0, "Parties": ["partido revolucionario institucional", "partido de la revoluci\u00f3n dem\u00f3cratica", "partido acci\u00f3n nacional", "partido aut\u00e9ntico de la revoluci\u00f3n mexicana", "partido del frente cardenista de reconstrucci\u00f3n nacional", "partido dem\u00f3crata mexicano", "partido ecologista de m\u00e9xico", "partido popular socialista", "partido del trabajo", "partido revolucionario de los trabajadores", "others"], "Percent": [0.5356879703056929, 0.3122933418068949, 0.09088470430033249, 0.020065992465898522, 0.014638768386247041, 0.010964972875392597, 0.00534663314083612, 0.005126735007782782, 0.003376760336363553, 0.0013101784053125545, 0.0003039429692464977]}}