{"2000-7": {"Total Votes": 1234106.0, "Parties": ["alianza por el cambio", "partido revolucionario institucional", "alianza por m\u00e9xico", "democracia social, partido pol\u00edtico nacional", "partido de centro democr\u00e1tico", "partido aut\u00e9ntico de la revoluci\u00f3n mexicana", "others"], "Percent": [0.4300003403273301, 0.29443256900136616, 0.2242360056591573, 0.028905944870213744, 0.01277686033452556, 0.009318486418508621, 0.00032979338889852253]}, "2006-7": {"Total Votes": 1435938.0, "Parties": ["coalici\u00f3n por el bien de todos", "partido acci\u00f3n nacional", "alianza por m\u00e9xico", "partido nueva alianza", "partido alternativa socialdem\u00f3crata y campesina", "others"], "Percent": [0.3907842817726114, 0.29025069327505787, 0.21341659598116353, 0.06854056372907465, 0.03348473262773184, 0.0035231326143607875]}, "2009-7": {"Total Votes": 1766488.0, "Parties": ["partido revolucionario institucional", "partido de la revoluci\u00f3n democr\u00e1tica", "partido acci\u00f3n nacional", "partido verde ecologista de m\u00e9xico", "convergencia", "partido nueva alanzia", "partido del trabajo", "partido socialdem\u00f3crata", "primero m\u00e9xico (pri+pvem)", "candidatos no registrados", "salvemos a m\u00e9xico (pt+convergencia)"], "Percent": [0.35241111176526535, 0.195856977233924, 0.19487650071780846, 0.08655026244163559, 0.05132783239965401, 0.04790975087291847, 0.04126096525988289, 0.024152442586646495, 0.003398834297204397, 0.001324096172745017, 0.0009312262523153285]}, "1997-7": {"Total Votes": 921528.0, "Parties": ["partido de la revoluci\u00f3n dem\u00f3cratica", "partido revolucionario institucional", "partido acci\u00f3n nacional", "partido verde ecologista de m\u00e9xico", "partido del trabajo", "partido cardenista", "partido dem\u00f3crata mexicano", "partido popular socialista", "others"], "Percent": [0.4179514892656545, 0.3150593362328654, 0.1575220720368779, 0.06470232049378857, 0.018289189259577576, 0.016990259655702267, 0.006441475462492729, 0.002773654191733729, 0.00027020340130739384]}, "2012-7": {"Total Votes": 2424924.0, "Parties": ["partido revolucionario institucional", "partido de la revoluci\u00f3n democr\u00e1tica", "partido acci\u00f3n nacional", "partido verde ecologista de m\u00e9xico", "partido nueva alanzia", "compromiso por m\u00e9xico (pri+pvem)", "partido del trabajo", "movimiento progresista (prd+pt+mc)", "movimento ciudadan", "prd+pt", "prd+mc", "pt+mc", "candidatos no registrados"], "Percent": [0.2681147945255192, 0.2596596841797928, 0.1949380681621362, 0.05858327931102171, 0.045898345680112036, 0.04411725893265108, 0.0421782290908911, 0.038364088936395535, 0.033967250107632234, 0.009568547302925782, 0.0025332752696579355, 0.001108488348500819, 0.0009686901527635504]}, "1994-8": {"Total Votes": 665641.0, "Parties": ["partido revolucionario institucional", "partido de la revoluci\u00f3n dem\u00f3cratica", "partido acci\u00f3n nacional", "partido del trabajo", "partido del frente cardenista de reconstrucci\u00f3n nacional", "partido verde ecologista de m\u00e9xico", "partido aut\u00e9ntico de la revoluci\u00f3n mexicana", "partido popular socialista", "uni\u00f3n nacional opositora", "others"], "Percent": [0.5099250196427203, 0.23742678110272655, 0.17959530738040475, 0.02138990837403345, 0.016230971349421086, 0.014874384240153476, 0.008156048079971036, 0.0070623654492436615, 0.00424703406190424, 0.00109218031942143]}, "2003-7": {"Total Votes": 752851.0, "Parties": ["partido acci\u00f3n nacional", "partido de la revoluci\u00f3n dem\u00f3cratica", "partido revolucionario institucional", "alianza para todos", "partido verde ecologista de m\u00e9xico", "convergencia por la democracia", "partido del trabajo", "partido m\u00e9xico posible", "partido alianza social", "partido liberal mexicano", "partido fuerza ciudadana", "partido de la sociedad nacionalista", "others"], "Percent": [0.29868592855691234, 0.23776683566867812, 0.18785257640622116, 0.11435861810637166, 0.05748547853426508, 0.04168022623334498, 0.015536938916199885, 0.014382660048269845, 0.009227589523026467, 0.007704047680085435, 0.007556608146897592, 0.00722320884212148, 0.0005392833376059805]}, "1991-8": {"Total Votes": 381859.0, "Parties": ["partido revolucionario institucional", "partido de la revoluci\u00f3n dem\u00f3cratica", "partido acci\u00f3n nacional", "partido del frente cardenista de reconstrucci\u00f3n nacional", "partido aut\u00e9ntico de la revoluci\u00f3n mexicana", "partido popular socialista", "partido ecologista de m\u00e9xico", "partido revolucionario de los trabajadores", "partido dem\u00f3crata mexicano", "partido del trabajo", "others"], "Percent": [0.6734056287792091, 0.11769003742218988, 0.061488664664182326, 0.05046103404659835, 0.03292838456079339, 0.021348193966883065, 0.019402449595269457, 0.008162698797200014, 0.007858921748603542, 0.00662810094825577, 0.0006258854708151438]}}