{"2000-7": {"Total Votes": 1487659.0, "Parties": ["alianza por el cambio", "partido revolucionario institucional", "alianza por m\u00e9xico", "partido de centro democr\u00e1tico", "democracia social, partido pol\u00edtico nacional", "partido aut\u00e9ntico de la revoluci\u00f3n mexicana", "others"], "Percent": [0.48695433563740076, 0.4145614015039737, 0.06959861097200368, 0.01459608687205872, 0.010822372600172487, 0.0028151612701566684, 0.0006520311442339945]}, "2006-7": {"Total Votes": 1710546.0, "Parties": ["partido acci\u00f3n nacional", "alianza por m\u00e9xico", "coalici\u00f3n por el bien de todos", "partido nueva alianza", "partido alternativa socialdem\u00f3crata y campesina", "others"], "Percent": [0.43553169572756295, 0.3747826717317161, 0.0964265211224954, 0.07674683989790394, 0.015058349790067031, 0.0014539217302545504]}, "2009-7": {"Total Votes": 3329848.0, "Parties": ["partido revolucionario institucional", "partido acci\u00f3n nacional", "partido nueva alanzia", "partido verde ecologista de m\u00e9xico", "partido de la revoluci\u00f3n democr\u00e1tica", "partido del trabajo", "convergencia", "partido socialdem\u00f3crata", "candidatos no registrados", "salvemos a m\u00e9xico (pt+convergencia)", "primero m\u00e9xico (pri+pvem)"], "Percent": [0.45172542410344246, 0.3996822077163883, 0.04914668777673936, 0.04616787312814279, 0.021208475582068606, 0.019088558997287564, 0.006230014102745831, 0.005725786882764618, 0.0007165492238684767, 0.0003084224865519387, 0.0]}, "1997-7": {"Total Votes": 1345230.0, "Parties": ["partido acci\u00f3n nacional", "partido revolucionario institucional", "partido del trabajo", "partido de la revoluci\u00f3n dem\u00f3cratica", "partido verde ecologista de m\u00e9xico", "partido cardenista", "partido dem\u00f3crata mexicano", "partido popular socialista", "others"], "Percent": [0.49235298053121024, 0.4030738238070814, 0.05738572586100518, 0.029304282539045365, 0.01085018918697918, 0.002766069742720576, 0.0026136794451506436, 0.00151721266995235, 0.00013603621685511028]}, "2012-7": {"Total Votes": 3897062.0, "Parties": ["partido acci\u00f3n nacional", "partido revolucionario institucional", "partido de la revoluci\u00f3n democr\u00e1tica", "partido nueva alanzia", "partido del trabajo", "partido verde ecologista de m\u00e9xico", "compromiso por m\u00e9xico (pri+pvem)", "movimento ciudadan", "movimiento progresista (prd+pt+mc)", "prd+pt", "candidatos no registrados", "pt+mc", "prd+mc"], "Percent": [0.40108214855190905, 0.353592270279508, 0.07132578337219166, 0.04928584661983823, 0.04347865135325022, 0.037260120572882846, 0.02165477480214582, 0.01178631492134331, 0.006659375704056029, 0.0024982923032787264, 0.0006584447463242821, 0.00042647512408065363, 0.0002915016491911086]}, "1994-8": {"Total Votes": 1256126.0, "Parties": ["partido revolucionario institucional", "partido acci\u00f3n nacional", "partido del trabajo", "partido de la revoluci\u00f3n dem\u00f3cratica", "partido verde ecologista de m\u00e9xico", "partido aut\u00e9ntico de la revoluci\u00f3n mexicana", "partido del frente cardenista de reconstrucci\u00f3n nacional", "partido popular socialista", "others", "uni\u00f3n nacional opositora"], "Percent": [0.4758320423269639, 0.4289649286775371, 0.055531849511912014, 0.022834492718087202, 0.00568016265884155, 0.0028755077118059816, 0.002557864418059972, 0.002281618245303417, 0.0017872410888716576, 0.0016542926426170623]}, "2003-7": {"Total Votes": 1377566.0, "Parties": ["alianza para todos", "partido acci\u00f3n nacional", "partido del trabajo", "partido de la revoluci\u00f3n dem\u00f3cratica", "convergencia por la democracia", "partido m\u00e9xico posible", "partido fuerza ciudadana", "partido liberal mexicano", "partido alianza social", "partido de la sociedad nacionalista", "others"], "Percent": [0.521458862951031, 0.36920118527896306, 0.057860022677679326, 0.021902398868729342, 0.010478626795376773, 0.006740874847375734, 0.00491882058645466, 0.0028615688830879974, 0.002172672670492738, 0.0019309419657569946, 0.000474024475052375]}, "1991-8": {"Total Votes": 499640.0, "Parties": ["partido revolucionario institucional", "partido acci\u00f3n nacional", "partido del trabajo", "partido de la revoluci\u00f3n dem\u00f3cratica", "partido ecologista de m\u00e9xico", "partido aut\u00e9ntico de la revoluci\u00f3n mexicana", "partido popular socialista", "partido del frente cardenista de reconstrucci\u00f3n nacional", "partido dem\u00f3crata mexicano", "partido revolucionario de los trabajadores", "others"], "Percent": [0.6578616603954848, 0.28444880313825954, 0.027675926667200382, 0.012755183732287246, 0.006484668961652389, 0.002451765270995117, 0.0024497638299575695, 0.0023436874549675767, 0.0022956528700664473, 0.0010107277239612522, 0.00022215995516772078]}}