{"2000-7": {"Total Votes": 851286.0, "Parties": ["alianza por el cambio", "partido revolucionario institucional", "alianza por m\u00e9xico", "democracia social, partido pol\u00edtico nacional", "partido de centro democr\u00e1tico", "partido aut\u00e9ntico de la revoluci\u00f3n mexicana", "others"], "Percent": [0.4397276590945933, 0.3839262010652119, 0.16189976106737336, 0.006561837032442681, 0.00499949488186109, 0.0027699269105799927, 0.0001151199479375909]}, "2006-7": {"Total Votes": 904277.0, "Parties": ["partido acci\u00f3n nacional", "alianza por m\u00e9xico", "coalici\u00f3n por el bien de todos", "partido nueva alianza", "partido alternativa socialdem\u00f3crata y campesina", "others"], "Percent": [0.4694037335904817, 0.3387170081733805, 0.1560970808723433, 0.026561551383038604, 0.008349211580079998, 0.000871414400675899]}, "2009-7": {"Total Votes": 1786046.0, "Parties": ["partido revolucionario institucional", "partido acci\u00f3n nacional", "partido de la revoluci\u00f3n democr\u00e1tica", "partido verde ecologista de m\u00e9xico", "partido del trabajo", "convergencia", "partido socialdem\u00f3crata", "partido nueva alanzia", "candidatos no registrados", "salvemos a m\u00e9xico (pt+convergencia)", "primero m\u00e9xico (pri+pvem)"], "Percent": [0.46509888323145093, 0.4323231316550638, 0.04560352868851082, 0.019381919614612393, 0.015352348147808063, 0.009164377625212342, 0.008467307113030682, 0.003656680734986669, 0.0005884506893999371, 0.00036337249992441403, 0.0]}, "1997-7": {"Total Votes": 723802.0, "Parties": ["partido revolucionario institucional", "partido acci\u00f3n nacional", "partido de la revoluci\u00f3n dem\u00f3cratica", "partido del trabajo", "partido verde ecologista de m\u00e9xico", "partido cardenista", "partido dem\u00f3crata mexicano", "partido popular socialista", "others"], "Percent": [0.3763418725010431, 0.31206462540860624, 0.2749273972716295, 0.019316056048477345, 0.008319954904794405, 0.004426624960969989, 0.0030878610448713873, 0.001427185887853308, 8.84219717547064e-05]}, "2012-7": {"Total Votes": 2036035.0, "Parties": ["partido acci\u00f3n nacional", "partido revolucionario institucional", "partido de la revoluci\u00f3n democr\u00e1tica", "partido nueva alanzia", "partido del trabajo", "partido verde ecologista de m\u00e9xico", "movimento ciudadan", "movimiento progresista (prd+pt+mc)", "prd+pt", "prd+mc", "candidatos no registrados", "pt+mc", "compromiso por m\u00e9xico (pri+pvem)"], "Percent": [0.405866303870022, 0.39319216025264797, 0.09152494922729718, 0.04346487167460284, 0.021377825037388845, 0.018321394278585583, 0.01373650256503449, 0.007822065927157442, 0.0031885502950587783, 0.0006144295161920104, 0.0005049029117868799, 0.0003860444442261552, 0.0]}, "1994-8": {"Total Votes": 831568.0, "Parties": ["partido revolucionario institucional", "partido acci\u00f3n nacional", "partido de la revoluci\u00f3n dem\u00f3cratica", "partido del trabajo", "partido verde ecologista de m\u00e9xico", "partido del frente cardenista de reconstrucci\u00f3n nacional", "partido aut\u00e9ntico de la revoluci\u00f3n mexicana", "partido popular socialista", "uni\u00f3n nacional opositora", "others"], "Percent": [0.4831390818309507, 0.32751140015007796, 0.13429569199391994, 0.03427621072479941, 0.0055617820791564855, 0.004986964385353934, 0.003282954611048044, 0.0031542820310545864, 0.0030484578531160414, 0.0007431743405229639]}, "2003-7": {"Total Votes": 760228.0, "Parties": ["alianza para todos", "partido acci\u00f3n nacional", "partido de la revoluci\u00f3n dem\u00f3cratica", "partido alianza social", "partido del trabajo", "convergencia por la democracia", "partido fuerza ciudadana", "partido m\u00e9xico posible", "partido de la sociedad nacionalista", "partido liberal mexicano", "others"], "Percent": [0.4096231656818744, 0.4055796418969046, 0.11533250551150444, 0.02834544373530046, 0.015836038662085584, 0.013131586839737553, 0.0064572733443124955, 0.002991207900787658, 0.0014166802590801705, 0.0011588628674555528, 0.0001275933009570813]}, "1991-8": {"Total Votes": 486115.0, "Parties": ["partido revolucionario institucional", "partido acci\u00f3n nacional", "partido de la revoluci\u00f3n dem\u00f3cratica", "partido aut\u00e9ntico de la revoluci\u00f3n mexicana", "partido revolucionario de los trabajadores", "partido del trabajo", "partido del frente cardenista de reconstrucci\u00f3n nacional", "partido ecologista de m\u00e9xico", "partido popular socialista", "partido dem\u00f3crata mexicano", "others"], "Percent": [0.6850950906678461, 0.24224309062670357, 0.03302922148051387, 0.011087911296709626, 0.006035608857986279, 0.0060129804675848305, 0.005091387840325848, 0.004365222221079375, 0.004046367629058968, 0.002649578803369573, 0.00034354010882198656]}}