{"2000-7": {"Total Votes": 1057056.0, "Parties": ["partido revolucionario institucional", "alianza por el cambio", "alianza por m\u00e9xico", "partido aut\u00e9ntico de la revoluci\u00f3n mexicana", "democracia social, partido pol\u00edtico nacional", "partido de centro democr\u00e1tico", "others"], "Percent": [0.46689295552931914, 0.41828436714800354, 0.09136980443798626, 0.012206543456543456, 0.006351602942512033, 0.0045248312293766834, 0.0003698952562588926]}, "2006-7": {"Total Votes": 1162191.0, "Parties": ["partido acci\u00f3n nacional", "alianza por m\u00e9xico", "coalici\u00f3n por el bien de todos", "partido nueva alianza", "partido alternativa socialdem\u00f3crata y campesina", "others"], "Percent": [0.37558972664562024, 0.3625720729208882, 0.20837796885365661, 0.03834137418031976, 0.011764847602502513, 0.0033540097970127117]}, "2009-7": {"Total Votes": 1936062.0, "Parties": ["partido revolucionario institucional", "partido acci\u00f3n nacional", "partido verde ecologista de m\u00e9xico", "partido de la revoluci\u00f3n democr\u00e1tica", "partido nueva alanzia", "partido del trabajo", "convergencia", "partido socialdem\u00f3crata", "candidatos no registrados", "salvemos a m\u00e9xico (pt+convergencia)", "primero m\u00e9xico (pri+pvem)"], "Percent": [0.5201104096872932, 0.3213533450891552, 0.05427822042889122, 0.04519431712414169, 0.03120716175411738, 0.013032123971236459, 0.006861867026985706, 0.006599995248086064, 0.0007298319991818444, 0.0006327276709113654, 0.0]}, "1997-7": {"Total Votes": 798844.0, "Parties": ["partido revolucionario institucional", "partido de la revoluci\u00f3n dem\u00f3cratica", "partido acci\u00f3n nacional", "partido del trabajo", "partido verde ecologista de m\u00e9xico", "partido cardenista", "partido dem\u00f3crata mexicano", "partido popular socialista", "others"], "Percent": [0.48000235340066394, 0.2677306207469794, 0.18648196644150797, 0.040178057292788075, 0.013411880166841084, 0.006249029848130549, 0.003836794167572142, 0.001843914456389483, 0.000265383479127339]}, "2012-7": {"Total Votes": 2680878.0, "Parties": ["partido acci\u00f3n nacional", "partido revolucionario institucional", "partido de la revoluci\u00f3n democr\u00e1tica", "partido nueva alanzia", "partido verde ecologista de m\u00e9xico", "partido del trabajo", "movimento ciudadan", "movimiento progresista (prd+pt+mc)", "prd+pt", "prd+mc", "candidatos no registrados", "pt+mc", "compromiso por m\u00e9xico (pri+pvem)"], "Percent": [0.3901576274638383, 0.3483157383513908, 0.11809974195021183, 0.05252495637623197, 0.03565287193225503, 0.02417267775706317, 0.015025301412447713, 0.011473852969064611, 0.0029773827828047375, 0.0007064849650002724, 0.0005125186599315597, 0.0003808453797599145, 0.0]}, "1994-8": {"Total Votes": 980789.0, "Parties": ["partido revolucionario institucional", "partido acci\u00f3n nacional", "partido de la revoluci\u00f3n dem\u00f3cratica", "partido aut\u00e9ntico de la revoluci\u00f3n mexicana", "partido del trabajo", "partido del frente cardenista de reconstrucci\u00f3n nacional", "partido verde ecologista de m\u00e9xico", "partido popular socialista", "uni\u00f3n nacional opositora", "others"], "Percent": [0.5074057722914918, 0.23357215466323542, 0.15419830361066447, 0.056469842137299664, 0.025518230730564882, 0.007996623126890695, 0.007116719294364028, 0.004337324337854523, 0.002190073502047841, 0.0011949563055866246]}, "2003-7": {"Total Votes": 772205.0, "Parties": ["partido revolucionario institucional", "partido acci\u00f3n nacional", "partido de la revoluci\u00f3n dem\u00f3cratica", "partido del trabajo", "partido verde ecologista de m\u00e9xico", "convergencia por la democracia", "partido m\u00e9xico posible", "partido liberal mexicano", "partido alianza social", "partido de la sociedad nacionalista", "partido fuerza ciudadana", "others"], "Percent": [0.5010508867463951, 0.3172085132833898, 0.07859829967430929, 0.04535583167682157, 0.034964808567673096, 0.006300140506730726, 0.005631924165215196, 0.003912173580849644, 0.0031507177498203195, 0.0018362999462577941, 0.001408952285986234, 0.0005814518165513043]}, "1991-8": {"Total Votes": 638414.0, "Parties": ["partido revolucionario institucional", "partido aut\u00e9ntico de la revoluci\u00f3n mexicana", "partido acci\u00f3n nacional", "partido de la revoluci\u00f3n dem\u00f3cratica", "partido del frente cardenista de reconstrucci\u00f3n nacional", "partido dem\u00f3crata mexicano", "partido popular socialista", "partido del trabajo", "partido revolucionario de los trabajadores", "partido ecologista de m\u00e9xico", "others"], "Percent": [0.6336609159573567, 0.14757665088798178, 0.145693860097053, 0.03724385743420414, 0.016622442490296267, 0.006810627586487765, 0.004816623695595648, 0.003164091013041694, 0.002733336048394929, 0.0012468398249411822, 0.0004307549646467653]}}