{"2011-4": {"Total Votes": 192282.0, "Parties": ["L\u2019Union Fait La Nation", "Forces Cauris pour Un Benin Emergent", "Alliance Amana", "Alliance G13 Baobab", "Alliance Force Dans L\u2019Unite", "Parti pour l\u2019Union Republicaine", "Alliance Cauris 2", "Rassemblement des Democrates Liberaux pour le Reconstruction Nationale", "Alliance Nouveau Courage (ANC 2011)", "Union pour le Benin", "Alliance UPR-FE", "Notre Destin Commun", "Union Sacree D\u2019Eveil pour le Developpement", "Reveil Patriotique", "Front D\u2019Action Commun pour L\u2019Emergence D\u2019Une Ethnique Nouvelle Au Benin", "Mouvement pour le Reveil, La Democratie et le Developpement", "Forces Nouvelles pour la Democratie et le Developpement", "Alliance Nouvelle Force (ANF 2011)"], "Percent": [0.3206696414640996, 0.2822937144402492, 0.1070042957739154, 0.06674571722782165, 0.06542474074536359, 0.024022009340447886, 0.02146846818734983, 0.021302045953339364, 0.020807979946120804, 0.02051674103660249, 0.019970668081255655, 0.009210430513516606, 0.007738633881486567, 0.0038745176355561104, 0.0029747974329370408, 0.002881184926306155, 0.00228310502283105, 0.0008113083908010111]}, "1995-3": {"Total Votes": 121672.0, "Parties": ["Parti du Renouveau Democratique", "Front D\u2019Action pour le Renouveau et le Developpement (FARD-ALAFIA)", "Alliance pour la Democratie et le Progres", "Rassemblement pour la Democratie et le Panafricanisme", "Alliance pour le Democratie et le Developpement", "Alliance Impulsion pour le Progres et la Democratie", "Parti Communiste du Benin", "Union Nationale pour la Democratie et le Progres", "Alliance RDT-PNSP", "Rassemblement des Democrates Liberaux pour le Reconstruction Nationale", "Alliance RNPJ-PS", "Union pour la Democratie et la Solidarite Nationale", "La Renaissance du Benin", "Alliance PE-PESJ-PR-RASN", "Parti Social-Democrate", "Alliance of Front National du Salut", "Union Democratique pour le Developpement", "Alliance UDES-RDD", "Notre Cause Commune", "Union Democratique des Forces du Progres", "Alliance CDU-PRB-PCP-RUND", "Alliance MNDD-UDRN", "Rassemblement National pour la Democratie", "Alliance Nouvelle Generation", "Union pour la Liberte et le Developpement"], "Percent": [0.3313087645473075, 0.12017555394832008, 0.10561180879742257, 0.09441777894667631, 0.06821618778354921, 0.042491288053126436, 0.03933526201591163, 0.02302090867249655, 0.022322309159050563, 0.020727858504832664, 0.019297784206719706, 0.01775264645933329, 0.01632257216122033, 0.014687027417976197, 0.009952988362153989, 0.009476296929449667, 0.008769478598198436, 0.008169504898415413, 0.00690380695640739, 0.005523045565125912, 0.004561443881912026, 0.003945032546518509, 0.003640936287724374, 0.0017177329212966007, 0.0016519823788546256]}, "1991-2": {"Total Votes": 180116.0, "Parties": ["Union pour le Triomphe du Renouvellement Democratique", "Alliance PRD-PNDD", "Rassemblement National pour la Democratie", "Rassemblement des Democrates Liberaux pour le Reconstruction Nationale", "Alliance ADP-UDRS", "Alliance MNDD-MSUP-UDRN", "Union pour la Democratie et la Solidarite Nationale", "Alliance ASD-BSD", "Union Democratique pour le Developpement Economique et Social", "Batisseurs et Gestionnaires de la Liberte et du Developpement", "Union Nationale pour la Democratie et le Progres", "Alliance PSD-UNSP", "Alliance PNT-URP"], "Percent": [0.40453929689755486, 0.1944136001243643, 0.09941926314153102, 0.08477869817228897, 0.06709009749272692, 0.046403428901374666, 0.027587776766084076, 0.024012303182393568, 0.01839925381420862, 0.01588975993248795, 0.007511825712318728, 0.007184259033067578, 0.002770436829598703]}}