{"2011-4": {"Total Votes": 116122.0, "Parties": ["Forces Cauris pour Un Benin Emergent", "L\u2019Union Fait La Nation", "Alliance Nouvelle Force (ANF 2011)", "Alliance Force Dans L\u2019Unite", "Mouvement pour le Reveil, La Democratie et le Developpement", "Alliance Cauris 2", "Union pour le Benin", "Parti pour l\u2019Union Republicaine", "Reveil Patriotique", "Notre Destin Commun", "Alliance Amana", "Union Sacree D\u2019Eveil pour le Developpement", "Alliance Nouveau Courage (ANC 2011)", "Forces Nouvelles pour la Democratie et le Developpement", "Front D\u2019Action Commun pour L\u2019Emergence D\u2019Une Ethnique Nouvelle Au Benin"], "Percent": [0.6967930280222525, 0.1309140386834536, 0.07946814557103736, 0.041990320524965125, 0.029150376328344326, 0.006519005873133429, 0.004038855686261001, 0.003668555484748799, 0.00238542222834605, 0.0019978987616472333, 0.0009300563200771603, 0.0007147655052444843, 0.0006286491793114138, 0.0004133583644787379, 0.00038752346669881677]}, "1995-3": {"Total Votes": 57186.0, "Parties": ["Front D\u2019Action pour le Renouveau et le Developpement (FARD-ALAFIA)", "Parti du Renouveau Democratique", "Rassemblement Africain pour le Progres et la Solidarite", "Rassemblement des Democrates Liberaux pour le Reconstruction Nationale", "Alliance of Front National du Salut", "Alliance CDU-PRB-PCP-RUND", "Alliance Politique des Independants", "Alliance UDES-RDD", "Alliance pour la Social-Democratie", "Alliance RDT-PNSP", "Mouvement National pour la Democratie et le Developpement", "Union Nationale pour la Democratie et le Progres", "Union pour la Liberte et le Developpement", "Rassemblement pour la Democratie et le Panafricanisme", "Alliance UTD-PNT", "Alliance Nouvelle Generation"], "Percent": [0.38380023082572656, 0.18955688455216313, 0.06700940789703774, 0.06583779246668765, 0.057741405239044516, 0.047179379568425835, 0.03229811492323296, 0.029849963277725315, 0.02864337425243941, 0.020512013429860455, 0.020407092645052985, 0.018011401391949077, 0.017311929493232608, 0.011069142797188123, 0.008323715594725983, 0.0024481516455076417]}, "1991-2": {"Total Votes": 92765.0, "Parties": ["Notre Cause Commune", "Rassemblement National pour la Democratie", "Union pour la Democratie et la Solidarite Nationale", "Alliance PRD-PNDD", "Union Nationale pour la Democratie et le Progres", "Rassemblement des Democrates Liberaux pour le Reconstruction Nationale", "Union Democratique pour le Developpement Economique et Social", "Alliance ASD-BSD", "Alliance PNT-URP"], "Percent": [0.3897159489031424, 0.28967821915593167, 0.14774969007707647, 0.04514633751953862, 0.0391958173880235, 0.03853824179377998, 0.02530049048671374, 0.013765967768015955, 0.010909286907777718]}}