{"1977-5": {"Total Votes": 0, "Parties": [], "Percent": []}, "2010-6": {"Total Votes": 0, "Parties": [], "Percent": []}, "1959-3": {"Total Votes": 0, "Parties": [], "Percent": []}, "1971-3": {"Total Votes": 0, "Parties": [], "Percent": []}, "1994-5": {"Total Votes": 0, "Parties": [], "Percent": []}, "1972-11": {"Total Votes": 0, "Parties": [], "Percent": []}, "2003-1": {"Total Votes": 0, "Parties": [], "Percent": []}, "1989-9": {"Total Votes": 0, "Parties": [], "Percent": []}, "1891-7": {"Total Votes": 8945.0, "Parties": ["liberale unie", "rooms-katholieken", "anti-revolutionaire partij", "others"], "Percent": [0.35986584684181105, 0.3171604248183343, 0.24114030184460594, 0.08183342649524875]}, "1956-6": {"Total Votes": 0, "Parties": [], "Percent": []}, "1963-5": {"Total Votes": 0, "Parties": [], "Percent": []}, "1925-7": {"Total Votes": 0, "Parties": [], "Percent": []}, "1917-6": {"Total Votes": 17364.0, "Parties": ["bond van vrije liberalen", "christelijk-historische unie", "liberale unie", "rooms-katholieke bond van kiesverenigingen", "others"], "Percent": [0.2539737387698687, 0.24694770790140522, 0.18261921216309607, 0.16597558166321125, 0.1504837595024188]}, "1901-6": {"Total Votes": 20920.0, "Parties": ["rooms-katholieke bond van kiesverenigingen", "liberale unie", "anti-revolutionaire partij", "christelijk-historische unie", "bond van vrije liberalen", "sociaal-democratische arbeiders partij", "others", "vrijzinnig democratische bond"], "Percent": [0.2434512428298279, 0.23967495219885276, 0.22944550669216063, 0.10884321223709369, 0.06362332695984704, 0.050717017208413, 0.044550669216061184, 0.019694072657743786]}, "1986-5": {"Total Votes": 0, "Parties": [], "Percent": []}, "1918-7": {"Total Votes": 0, "Parties": [], "Percent": []}, "1909-6": {"Total Votes": 34663.0, "Parties": ["liberale unie", "anti-revolutionaire partij", "rooms-katholieke bond van kiesverenigingen", "christelijk-historische unie", "bond van vrije liberalen", "sociaal-democratische arbeiders partij", "others", "vrijzinnig democratische bond"], "Percent": [0.2365634826760523, 0.2268413005221706, 0.18244237371260422, 0.16948908057583015, 0.0843262268124513, 0.07108444162363327, 0.024896864091394282, 0.004356229985863889]}, "2006-11": {"Total Votes": 0, "Parties": [], "Percent": []}, "2012-9": {"Total Votes": 0, "Parties": [], "Percent": []}, "1888-3": {"Total Votes": 12466.0, "Parties": ["liberale unie", "anti-revolutionaire partij", "rooms-katholieken", "others"], "Percent": [0.33956361302743465, 0.3236804107171507, 0.2261350874378309, 0.11062088881758383]}, "1913-6": {"Total Votes": 43673.0, "Parties": ["liberale unie", "rooms-katholieke bond van kiesverenigingen", "anti-revolutionaire partij", "christelijk-historische unie", "bond van vrije liberalen", "sociaal-democratische arbeiders partij", "vrijzinnig democratische bond", "others"], "Percent": [0.23444691227989833, 0.19057541272639847, 0.18251551301719598, 0.15256565841595493, 0.14116273212282188, 0.07677512421862479, 0.01886749250108763, 0.0030911547180179975]}, "1929-7": {"Total Votes": 0, "Parties": [], "Percent": []}, "1981-5": {"Total Votes": 0, "Parties": [], "Percent": []}, "1998-5": {"Total Votes": 0, "Parties": [], "Percent": []}, "1952-6": {"Total Votes": 0, "Parties": [], "Percent": []}, "1922-7": {"Total Votes": 0, "Parties": [], "Percent": []}, "1948-7": {"Total Votes": 560747.0, "Parties": ["katholieke volkspartij", "partij van der arbeid", "anti-revolutionaire partij", "christelijk-historische unie", "others", "communistische partij nederland", "volkspartij voor vrijheid en democratie", "staatkundig gereformeerde partij"], "Percent": [0.7723839806543771, 0.10508304101493186, 0.0329328556372125, 0.026371964540158038, 0.02375402810893326, 0.016583236290162943, 0.01595906888489818, 0.006931824869326095]}, "1897-2": {"Total Votes": 23732.0, "Parties": ["rooms-katholieke bond van kiesverenigingen", "liberale unie", "anti-revolutionaire partij", "vrije anti-revolutionaire partij", "bond van vrije liberalen", "christelijk-historische unie", "others"], "Percent": [0.29946907129614025, 0.23820158435867184, 0.15548626327321757, 0.15350581493342322, 0.08591774818810045, 0.04150514073824372, 0.02591437721220293]}, "1933-4": {"Total Votes": 392153.0, "Parties": ["rooms-katholieke staatspartij", "others", "sociaal-democratische arbeiders partij", "christelijk-historische unie", "anti-revolutionaire partij", "staatkundig gereformeerde partij", "liberale staatspartij de vrijheidsbond", "vrijzinnig democratische bond", "communistische partij nederland"], "Percent": [0.7523237103885473, 0.08000448804420723, 0.07110490038326878, 0.03097260508016004, 0.029445140034629343, 0.012599674106789952, 0.009784446376796811, 0.008856237233936755, 0.004908798351663764]}, "1946-5": {"Total Votes": 536595.0, "Parties": ["katholieke volkspartij", "sociaal-democratische arbeiders partij", "anti-revolutionaire partij", "christelijk-historische unie", "communistische partij nederland", "volkspartij voor vrijheid en democratie", "staatkundig gereformeerde partij", "others"], "Percent": [0.7765968747379308, 0.12500861916342865, 0.03280313830728948, 0.022980087402976173, 0.022413552120314203, 0.010687762651534212, 0.00635302229800874, 0.0031569433185176903]}, "2002-5": {"Total Votes": 0, "Parties": [], "Percent": []}, "1937-5": {"Total Votes": 430464.0, "Parties": ["rooms-katholieke staatspartij", "sociaal-democratische arbeiders partij", "others", "anti-revolutionaire partij", "christelijk-historische unie", "nationaal-socialistische beweging", "vrijzinnig democratische bond", "communistische partij nederland", "liberale staatspartij de vrijheidsbond", "staatkundig gereformeerde partij", "christen democratische unie"], "Percent": [0.7669259217960155, 0.06450945955991674, 0.05848108088016652, 0.04079551367826346, 0.024382991376746953, 0.016319599316086827, 0.010340005203687185, 0.0060841324710080285, 0.005956363366042224, 0.005113087273267916, 0.0010918450787986917]}, "1982-9": {"Total Votes": 0, "Parties": [], "Percent": []}, "1894-4": {"Total Votes": 5890.0, "Parties": ["conservativen", "anti-revolutionaire partij", "rooms-katholieken", "others"], "Percent": [0.4567062818336163, 0.43972835314091685, 0.0932088285229202, 0.01035653650254669]}, "1905-6": {"Total Votes": 34032.0, "Parties": ["liberale unie", "rooms-katholieke bond van kiesverenigingen", "christelijk-historische unie", "bond van vrije liberalen", "anti-revolutionaire partij", "others", "sociaal-democratische arbeiders partij"], "Percent": [0.2240244475787494, 0.17145627644569816, 0.16364010343206395, 0.13819346497414198, 0.13178772919605078, 0.09790785143394452, 0.0729901269393512]}, "1967-2": {"Total Votes": 0, "Parties": [], "Percent": []}}