{"2008-7": {"Total Votes": 273305.0, "Parties": ["cambodian people's party", "sam rainsy party", "funcinpec", "norodom ranariddth party", "human rights party", "league for democracy party", "khmer democratic party", "society for justice party", "khmer republican party", "hang dara democratic movement party"], "Percent": [0.521669929199978, 0.22031430087265144, 0.13592872431898428, 0.06759481165730594, 0.020537494740308446, 0.009440002927132691, 0.008020343572199558, 0.007599568247928139, 0.004939536415360129, 0.003955288048151333]}}