{"2008-7": {"Total Votes": 652478.0, "Parties": ["cambodian people's party", "sam rainsy party", "human rights party", "norodom ranariddth party", "funcinpec", "league for democracy party", "hang dara democratic movement party", "khmer democratic party", "khmer anti-poverty party"], "Percent": [0.5522515701678831, 0.2482459178700278, 0.11422760614150976, 0.036732272965525274, 0.029296006915175685, 0.008354304666210968, 0.005699809035706951, 0.0029916717498521023, 0.0022008404881084112]}}