{"2008-7": {"Total Votes": 227061.0, "Parties": ["cambodian people's party", "human rights party", "sam rainsy party", "norodom ranariddth party", "funcinpec", "league for democracy party", "society for justice party", "khmer anti-poverty party", "khmer democratic party", "hang dara democratic movement party"], "Percent": [0.5639101386851991, 0.2171046546963151, 0.12590449262532977, 0.036241362453261455, 0.03394682486204148, 0.009807937074178305, 0.005364197286191816, 0.0033030771466698375, 0.002955153020553948, 0.0014621621502591815]}}