{"2008-7": {"Total Votes": 36871.0, "Parties": ["cambodian people's party", "sam rainsy party", "norodom ranariddth party", "funcinpec", "human rights party", "khmer democratic party", "league for democracy party", "hang dara democratic movement party"], "Percent": [0.7353204415394212, 0.13137696292479184, 0.07368934935315018, 0.023107591331941093, 0.012448808006292209, 0.010496053809226764, 0.009546798296764395, 0.0040139947384123026]}}