{"2008-7": {"Total Votes": 17536.0, "Parties": ["cambodian people's party", "sam rainsy party", "norodom ranariddth party", "funcinpec", "human rights party", "league for democracy party", "khmer democratic party", "hang dara democratic movement party"], "Percent": [0.7963617700729927, 0.09084169708029197, 0.0448220802919708, 0.032162408759124086, 0.015625, 0.00946624087591241, 0.008097627737226278, 0.0026231751824817517]}}