{"2008-7": {"Total Votes": 20295.0, "Parties": ["cambodian people's party", "sam rainsy party", "funcinpec", "norodom ranariddth party", "human rights party", "league for democracy party", "khmer republican party", "khmer democratic party", "hang dara democratic movement party"], "Percent": [0.6925843803892584, 0.20004927322000493, 0.05089923626508992, 0.023798965262379897, 0.017442719881744274, 0.006159152500615915, 0.003991130820399113, 0.003054939640305494, 0.00202020202020202]}}