{"2013-5": {"Total Votes": 142608.0, "Parties": ["Barisan Nasional", "Parti Tindakan Demokratik", "Parti Keadilan Rakyat"], "Percent": [0.41632306742959724, 0.34420228879165266, 0.23947464377875013]}}