{"2013-5": {"Total Votes": 253798.0, "Parties": ["Barisan Nasional", "Parti Islam Se Malaysia", "Parti Tindakan Demokratik", "Parti Keadilan Rakyat", "Independent", "Parti Maju Sabah"], "Percent": [0.3959526867824018, 0.25023049827027793, 0.2423186943947549, 0.096407379096762, 0.012596631967154982, 0.002494109488648453]}}