{"2013-5": {"Total Votes": 1044045.0, "Parties": ["Barisan Nasional", "Parti Keadilan Rakyat", "Parti Tindakan Demokratik", "Parti Islam Se Malaysia", "Parti Reformasi Negeri", "Independent", "Barisan Jemaah Islamiah Se Malaysia", "Parti Maju Sabah", "Parti Pekerja Sarawak"], "Percent": [0.4650326374821009, 0.22712718321528286, 0.224615797211806, 0.07473528439866098, 0.003831252484327783, 0.0027268939557202995, 0.0009089646519067665, 0.0006225785287032647, 0.00039940807149117135]}}