{"2013-5": {"Total Votes": 411154.0, "Parties": ["Barisan Nasional", "Parti Tindakan Demokratik", "Parti Keadilan Rakyat", "Parti Islam Se Malaysia", "Independent", "Parti Pekerja Sarawak", "Parti Reformasi Negeri", "Parti Cinta Malaysia"], "Percent": [0.5354052252927127, 0.18778851719793557, 0.1392397982264553, 0.10018387270949572, 0.016580162177675516, 0.010183532204478127, 0.006238538357890231, 0.0043803538333568445]}}