{"2013-5": {"Total Votes": 589333.0, "Parties": ["Barisan Nasional", "Parti Islam Se Malaysia", "Parti Tindakan Demokratik", "Parti Keadilan Rakyat", "Barisan Jemaah Islamiah Se Malaysia", "Independent", "Parti Reformasi Negeri"], "Percent": [0.5212299328223603, 0.17570711295651187, 0.15519409230435083, 0.12467823794017982, 0.011650459078313958, 0.010113127892040663, 0.0014270370062426506]}}