{"2013-5": {"Total Votes": 1252183.0, "Parties": ["Barisan Nasional", "Parti Keadilan Rakyat", "Parti Tindakan Demokratik", "Parti Islam Se Malaysia", "Independent", "Parti Kesejahteraan Insan Tanah Air"], "Percent": [0.4356312136484843, 0.2531978153352984, 0.1619363942810276, 0.12522370931405394, 0.023851146358000386, 0.00015972106313534045]}}