{"2008-9": {"Total Votes": 4031990.0, "Parties": ["Rwandan Patriotic Front Coalition", "Liberal Party", "Harelimana J.M.V"], "Percent": [0.906737367900218, 0.086355868938167, 0.006906763161614984]}}