{"2005-5": {"Total Votes": 1703.0, "Parties": ["dominica labour party", "united workers' party"], "Percent": [0.8273634762184381, 0.17263652378156194]}, "1995-6": {"Total Votes": 1937.0, "Parties": ["dominica labour party", "dominica freedom party", "united workers' party"], "Percent": [0.73309241094476, 0.21837893649974188, 0.048528652555498195]}, "2000-1": {"Total Votes": 1668.0, "Parties": ["dominica labour party", "united workers' party", "dominica freedom party"], "Percent": [0.8039568345323741, 0.12170263788968826, 0.07434052757793765]}}