{"1989-3": {"Total Votes": 2878.0, "Parties": ["St. Kitts-Nevis Labour Party", "People\u2019s Action Movement"], "Percent": [0.6226546212647672, 0.37734537873523283]}, "2004-10": {"Total Votes": 3708.0, "Parties": ["St. Kitts-Nevis Labour Party", "People\u2019s Action Movement", "United National Empowerment Party"], "Percent": [0.7154800431499461, 0.2802049622437972, 0.004314994606256743]}, "1957-11": {"Total Votes": 0, "Parties": [], "Percent": []}, "1952-10": {"Total Votes": 0, "Parties": [], "Percent": []}, "1980-2": {"Total Votes": 0, "Parties": [], "Percent": []}, "2010-1": {"Total Votes": 4425.0, "Parties": ["St. Kitts-Nevis Labour Party", "People\u2019s Action Movement"], "Percent": [0.6983050847457627, 0.3016949152542373]}, "1975-12": {"Total Votes": 0, "Parties": [], "Percent": []}, "1993-11": {"Total Votes": 2869.0, "Parties": ["St. Kitts-Nevis Labour Party", "People\u2019s Action Movement", "United People\u2019s Party"], "Percent": [0.6922272568839317, 0.30219588706866507, 0.0055768560474032764]}, "1961-11": {"Total Votes": 0, "Parties": [], "Percent": []}, "1966-7": {"Total Votes": 0, "Parties": [], "Percent": []}, "1984-7": {"Total Votes": 3214.0, "Parties": ["St. Kitts-Nevis Labour Party", "People\u2019s Action Movement", "Wilkin and Kelsick Monopoly Breakers"], "Percent": [0.6210329807093964, 0.37834474175482263, 0.0006222775357809583]}, "1971-5": {"Total Votes": 0, "Parties": [], "Percent": []}, "2000-3": {"Total Votes": 3477.0, "Parties": ["St. Kitts-Nevis Labour Party", "People\u2019s Action Movement"], "Percent": [0.7543859649122807, 0.24561403508771928]}, "1995-7": {"Total Votes": 3476.0, "Parties": ["St. Kitts-Nevis Labour Party", "People\u2019s Action Movement"], "Percent": [0.7036823935558112, 0.2963176064441887]}}