{"1989-3": {"Total Votes": 525.0, "Parties": ["Barbuda People\u2019s Movement", "Barbuda Democratic Movement", "Barbuda Independent Movement"], "Percent": [0.579047619047619, 0.2857142857142857, 0.13523809523809524]}, "2009-3": {"Total Votes": 947.0, "Parties": ["Barbuda People\u2019s Movement", "Antigua Labour Party"], "Percent": [0.5005279831045406, 0.49947201689545934]}, "1999-3": {"Total Votes": 747.0, "Parties": ["barbuda people's movement", "antigua labour party"], "Percent": [0.5595716198125836, 0.4404283801874163]}, "1965-11": {"Total Votes": 240.0, "Parties": ["Antigua Labour Party", "Antigua and Barbuda Democratic Movement"], "Percent": [0.8666666666666667, 0.13333333333333333]}, "1971-2": {"Total Votes": 422.0, "Parties": ["Progressive Labour Movement", "Independent", "Antigua Labour Party", "Antigua People\u2019s Party"], "Percent": [0.5, 0.26303317535545023, 0.16824644549763032, 0.06872037914691943]}, "1994-3": {"Total Votes": 648.0, "Parties": ["Barbuda People\u2019s Movement", "Antigua Labour Party"], "Percent": [0.566358024691358, 0.43364197530864196]}, "1956-11": {"Total Votes": 1617.0, "Parties": ["Antigua Labour Party", "Antigua National Party"], "Percent": [0.7860235003092146, 0.21397649969078542]}, "1980-4": {"Total Votes": 445.0, "Parties": ["Independent", "Antigua Labour Party"], "Percent": [0.6786516853932584, 0.32134831460674157]}, "1951-5": {"Total Votes": 1423.0, "Parties": ["Antigua Labour Party", "Independent"], "Percent": [0.8390723822909346, 0.16092761770906536]}, "1984-4": {"Total Votes": 493.0, "Parties": ["Independent"], "Percent": [1.0]}, "2004-3": {"Total Votes": 802.0, "Parties": ["Barbuda People\u2019s Movement", "Barbuda People's Movement for Change"], "Percent": [0.5087281795511222, 0.4912718204488778]}, "1976-2": {"Total Votes": 461.0, "Parties": ["Independent", "Antigua Labour Party", "Progressive Labour Movement"], "Percent": [0.5965292841648591, 0.21258134490238612, 0.19088937093275488]}, "1960-11": {"Total Votes": 327.0, "Parties": ["Antigua Labour Party", "Barbuda Democratic Movement"], "Percent": [0.5382262996941896, 0.4617737003058104]}}