{"1989-3": {"Total Votes": 9870.0, "Parties": ["Antigua Labour Party", "United National Democratic Party", "Antigua Caribbean Liberation Movement"], "Percent": [0.6574468085106384, 0.31955420466058765, 0.022998986828774062]}, "2009-3": {"Total Votes": 18781.0, "Parties": ["United Progressive Party", "Antigua Labour Party", "Organization for National Development"], "Percent": [0.5025291518023535, 0.4928917523028592, 0.004579095894787285]}, "1999-3": {"Total Votes": 14873.0, "Parties": ["antigua labour party", "united progressive party", "independent", "antigua freedom party"], "Percent": [0.5413164795266591, 0.43750420224568004, 0.01734687016741747, 0.003832448060243394]}, "1965-11": {"Total Votes": 5025.0, "Parties": ["Antigua Labour Party", "Antigua and Barbuda Democratic Movement", "Independent"], "Percent": [0.8117412935323383, 0.17054726368159204, 0.01771144278606965]}, "1971-2": {"Total Votes": 7965.0, "Parties": ["Progressive Labour Movement", "Antigua Labour Party", "Antigua People\u2019s Party"], "Percent": [0.592467043314501, 0.3545511613308223, 0.05298179535467671]}, "1994-3": {"Total Votes": 11901.0, "Parties": ["Antigua Labour Party", "United Progressive Party", "Independent", "Workers Amalgamated Congressional Symbolisation"], "Percent": [0.536005377699353, 0.45643223258549703, 0.006638097638853878, 0.0009242920762961096]}, "1956-11": {"Total Votes": 2143.0, "Parties": ["Antigua Labour Party", "Antigua National Party", "Port Union"], "Percent": [0.8866075594960336, 0.09052729818012133, 0.022865142323845077]}, "1980-4": {"Total Votes": 9469.0, "Parties": ["Antigua Labour Party", "Progressive Labour Movement", "Antigua Caribbean Liberation Movement"], "Percent": [0.5877072552539867, 0.39264969901784774, 0.019643045728165595]}, "1951-5": {"Total Votes": 1147.0, "Parties": ["Antigua Labour Party", "Independent"], "Percent": [0.8273757628596339, 0.17262423714036618]}, "1984-4": {"Total Votes": 7949.0, "Parties": ["Antigua Labour Party", "United People\u2019s Movement", "Progressive Labour Movement"], "Percent": [0.700717071329727, 0.2875833438168323, 0.011699584853440683]}, "2004-3": {"Total Votes": 17665.0, "Parties": ["United Progressive Party", "Antigua Labour Party", "First Christian Democratic Movement"], "Percent": [0.5619020662326635, 0.4363996603453156, 0.0016982734220209455]}, "1976-2": {"Total Votes": 11136.0, "Parties": ["Antigua Labour Party", "Progressive Labour Movement"], "Percent": [0.5034123563218391, 0.49658764367816094]}, "1960-11": {"Total Votes": 1448.0, "Parties": ["Antigua Labour Party", "Antigua Democratic Labour Party"], "Percent": [0.9544198895027625, 0.045580110497237564]}}