{"1989-3": {"Total Votes": 2698.0, "Parties": ["Antigua Labour Party", "United National Democratic Party", "Antigua Caribbean Liberation Movement"], "Percent": [0.7268346923647147, 0.26167531504818387, 0.011489992587101558]}, "2009-3": {"Total Votes": 5521.0, "Parties": ["United Progressive Party", "Antigua Labour Party", "Independent"], "Percent": [0.5475457344683934, 0.4205759826118457, 0.031878282919760914]}, "1999-3": {"Total Votes": 4210.0, "Parties": ["antigua labour party", "united progressive party"], "Percent": [0.5596199524940617, 0.44038004750593823]}, "1965-11": {"Total Votes": 1209.0, "Parties": ["Antigua Labour Party", "Antigua and Barbuda Democratic Movement"], "Percent": [0.7866004962779156, 0.21339950372208435]}, "1971-2": {"Total Votes": 2316.0, "Parties": ["Progressive Labour Movement", "Antigua Labour Party", "Antigua People\u2019s Party", "Independent"], "Percent": [0.5859240069084628, 0.37823834196891193, 0.02590673575129534, 0.009930915371329879]}, "1994-3": {"Total Votes": 3316.0, "Parties": ["Antigua Labour Party", "United Progressive Party"], "Percent": [0.5965018094089265, 0.4034981905910736]}, "1956-11": {"Total Votes": 0, "Parties": [], "Percent": []}, "1980-4": {"Total Votes": 3035.0, "Parties": ["Antigua Labour Party", "Progressive Labour Movement", "Independent"], "Percent": [0.5947281713344317, 0.39769357495881386, 0.007578253706754531]}, "1951-5": {"Total Votes": 0, "Parties": [], "Percent": []}, "1984-4": {"Total Votes": 2411.0, "Parties": ["Antigua Labour Party", "United People\u2019s Movement", "Independent", "Progressive Labour Movement"], "Percent": [0.7266694317710494, 0.18954790543343011, 0.06843633347158855, 0.015346329323931979]}, "2004-3": {"Total Votes": 5435.0, "Parties": ["United Progressive Party", "Antigua Labour Party", "Independent"], "Percent": [0.606623735050598, 0.3827046918123275, 0.010671573137074517]}, "1976-2": {"Total Votes": 3726.0, "Parties": ["Progressive Labour Movement", "Antigua Labour Party"], "Percent": [0.5163714439076758, 0.48362855609232425]}, "1960-11": {"Total Votes": 0, "Parties": [], "Percent": []}}