{"1989-3": {"Total Votes": 2270.0, "Parties": ["Antigua Labour Party", "United National Democratic Party", "Antigua Caribbean Liberation Movement"], "Percent": [0.6224669603524229, 0.3524229074889868, 0.025110132158590308]}, "2009-3": {"Total Votes": 5264.0, "Parties": ["United Progressive Party", "Antigua Labour Party", "Organization for National Development"], "Percent": [0.5224164133738602, 0.47359422492401215, 0.003989361702127659]}, "1999-3": {"Total Votes": 3568.0, "Parties": ["united progressive party", "antigua labour party", "national reform movement"], "Percent": [0.5184977578475336, 0.47225336322869954, 0.009248878923766817]}, "1965-11": {"Total Votes": 908.0, "Parties": ["Antigua Labour Party", "Antigua and Barbuda Democratic Movement"], "Percent": [0.8535242290748899, 0.14647577092511013]}, "1971-2": {"Total Votes": 782.0, "Parties": ["Antigua Labour Party", "Progressive Labour Movement", "Antigua People\u2019s Party", "Independent"], "Percent": [0.5179028132992327, 0.42838874680306904, 0.0370843989769821, 0.016624040920716114]}, "1994-3": {"Total Votes": 3047.0, "Parties": ["Antigua Labour Party", "United Progressive Party"], "Percent": [0.5575976370200197, 0.4424023629799803]}, "1956-11": {"Total Votes": 1089.0, "Parties": ["Antigua Labour Party", "Antigua National Party"], "Percent": [0.898989898989899, 0.10101010101010101]}, "1980-4": {"Total Votes": 791.0, "Parties": ["Antigua Labour Party", "Progressive Labour Movement", "Antigua Caribbean Liberation Movement"], "Percent": [0.8040455120101138, 0.18836915297092288, 0.007585335018963337]}, "1951-5": {"Total Votes": 0, "Parties": [], "Percent": []}, "1984-4": {"Total Votes": 2140.0, "Parties": ["Antigua Labour Party", "Independent", "United People\u2019s Movement"], "Percent": [0.638785046728972, 0.33504672897196264, 0.026168224299065422]}, "2004-3": {"Total Votes": 4752.0, "Parties": ["United Progressive Party", "Antigua Labour Party", "Independent"], "Percent": [0.5433501683501684, 0.4391835016835017, 0.017466329966329967]}, "1976-2": {"Total Votes": 1102.0, "Parties": ["Antigua Labour Party", "Progressive Labour Movement"], "Percent": [0.5852994555353902, 0.4147005444646098]}, "1960-11": {"Total Votes": 0, "Parties": [], "Percent": []}}