{"2005-10": {"Total Votes": 167503.0, "Parties": ["congress for democratic change", "coalition for the transformation of liberia", "unity party", "national patriotic party", "liberal party", "independent", "alliance for peace and democracy", "all liberia coalition party", "new deal movement", "national reformation party", "labor party of liberia", "free democratic party", "united democratic alliance", "freedom alliance party of liberia", "union of liberian democrats", "national democratic party of liberia", "progressive democratic party", "reformed united liberia party"], "Percent": [0.25293875333576116, 0.1574718064751079, 0.11858295075312085, 0.09650573422565566, 0.09122821680805716, 0.06090040178384865, 0.044184283266568355, 0.02956961964860331, 0.02614878539488845, 0.02217273720470678, 0.017760875924610304, 0.0175161041891787, 0.014943015945983058, 0.013754977522790637, 0.011838593935631003, 0.011659492665803, 0.010334143269075778, 0.002489507650609243]}}