{"2008-1": {"Total Votes": 5229.0, "Parties": ["barbados labour party", "democratic labour party"], "Percent": [0.5046854082998661, 0.49531459170013387]}, "1994-9": {"Total Votes": 4078.0, "Parties": ["barbados labour party", "democractic labour party", "national democratic party"], "Percent": [0.5922020598332516, 0.2986758214811182, 0.10912211868563021]}, "1976-9": {"Total Votes": 4006.0, "Parties": ["barbados labour party", "democractic labour party"], "Percent": [0.5394408387418872, 0.4605591612581128]}, "1981-6": {"Total Votes": 4250.0, "Parties": ["barbados labour party", "democractic labour party", "independent"], "Percent": [0.5310588235294118, 0.376, 0.09294117647058824]}, "1999-1": {"Total Votes": 4449.0, "Parties": ["barbados labour party", "democractic labour party"], "Percent": [0.7920881096875703, 0.20791189031242976]}, "1966-11": {"Total Votes": 4022.0, "Parties": ["democractic labour party", "barbados labour party"], "Percent": [0.548483341621084, 0.45151665837891597]}, "2003-5": {"Total Votes": 4314.0, "Parties": ["barbados labour party", "democractic labour party"], "Percent": [0.6611033843300881, 0.3388966156699119]}, "1991-1": {"Total Votes": 3894.0, "Parties": ["barbados labour party", "democractic labour party", "independent"], "Percent": [0.5693374422187981, 0.3613251155624037, 0.06933744221879815]}, "1971-9": {"Total Votes": 3725.0, "Parties": ["democractic labour party", "barbados labour party"], "Percent": [0.5465771812080537, 0.4534228187919463]}, "1986-5": {"Total Votes": 4472.0, "Parties": ["democractic labour party", "barbados labour party"], "Percent": [0.5758050089445438, 0.42419499105545616]}, "2013-2": {"Total Votes": 5632.0, "Parties": ["Barbados Labour Party", "Democratic Labour Party"], "Percent": [0.5259232954545454, 0.47407670454545453]}}