{"2008-1": {"Total Votes": 5488.0, "Parties": ["barbados labour party", "democratic labour party"], "Percent": [0.635932944606414, 0.364067055393586]}, "1994-9": {"Total Votes": 4666.0, "Parties": ["barbados labour party", "democractic labour party"], "Percent": [0.7008144020574367, 0.2991855979425632]}, "1976-9": {"Total Votes": 4557.0, "Parties": ["barbados labour party", "democractic labour party"], "Percent": [0.6172920781215712, 0.3827079218784288]}, "1981-6": {"Total Votes": 4988.0, "Parties": ["barbados labour party", "democractic labour party"], "Percent": [0.6672012830793905, 0.33279871692060947]}, "1999-1": {"Total Votes": 4839.0, "Parties": ["barbados labour party", "democractic labour party"], "Percent": [0.7619342839429635, 0.23806571605703658]}, "1966-11": {"Total Votes": 6893.0, "Parties": ["barbados labour party", "democractic labour party", "independent", "peoples' progressive movement"], "Percent": [0.4829537211664007, 0.44683011751051793, 0.052226896851878715, 0.01798926447120267]}, "2003-5": {"Total Votes": 4626.0, "Parties": ["barbados labour party", "democractic labour party"], "Percent": [0.7615650670125378, 0.23843493298746218]}, "1991-1": {"Total Votes": 4474.0, "Parties": ["barbados labour party", "democractic labour party"], "Percent": [0.6770227983907018, 0.32297720160929816]}, "1971-9": {"Total Votes": 4188.0, "Parties": ["barbados labour party", "democractic labour party"], "Percent": [0.5076408787010506, 0.4923591212989494]}, "1986-5": {"Total Votes": 5680.0, "Parties": ["barbados labour party", "democractic labour party"], "Percent": [0.5404929577464789, 0.4595070422535211]}, "2013-2": {"Total Votes": 5579.0, "Parties": ["Barbados Labour Party", "Democratic Labour Party"], "Percent": [0.6560315468721993, 0.34396845312780067]}}