{"2008-1": {"Total Votes": 14110.0, "Parties": ["democratic labour party", "barbados labour party"], "Percent": [0.5111977321048902, 0.48880226789510983]}, "1994-9": {"Total Votes": 9760.0, "Parties": ["barbados labour party", "democractic labour party", "national democratic party", "independent"], "Percent": [0.554610655737705, 0.349077868852459, 0.0903688524590164, 0.005942622950819672]}, "1976-9": {"Total Votes": 5213.0, "Parties": ["barbados labour party", "democractic labour party"], "Percent": [0.5630155380778822, 0.43698446192211776]}, "1981-6": {"Total Votes": 7772.0, "Parties": ["barbados labour party", "democractic labour party"], "Percent": [0.5499227997941327, 0.45007720020586717]}, "1999-1": {"Total Votes": 10887.0, "Parties": ["barbados labour party", "democractic labour party"], "Percent": [0.6990906585836318, 0.30090934141636816]}, "1966-11": {"Total Votes": 9440.0, "Parties": ["barbados labour party", "democractic labour party", "peoples' progressive movement"], "Percent": [0.5430084745762712, 0.4067796610169492, 0.05021186440677966]}, "2003-5": {"Total Votes": 12438.0, "Parties": ["barbados labour party", "democractic labour party"], "Percent": [0.5943077665219488, 0.4056922334780511]}, "1991-1": {"Total Votes": 8884.0, "Parties": ["democractic labour party", "barbados labour party", "independent"], "Percent": [0.5461503827104908, 0.4513732552904097, 0.002476361999099505]}, "1971-9": {"Total Votes": 4864.0, "Parties": ["barbados labour party", "democractic labour party"], "Percent": [0.54296875, 0.45703125]}, "1986-5": {"Total Votes": 9432.0, "Parties": ["democractic labour party", "barbados labour party"], "Percent": [0.5916030534351144, 0.40839694656488545]}, "2013-2": {"Total Votes": 14811.0, "Parties": ["Democratic Labour Party", "Barbados Labour Party", "Bajan Free Party"], "Percent": [0.5023293498075755, 0.49456485044899057, 0.0031057997434339344]}}