{"2002-10": {"Total Votes": 11683262.0, "Parties": ["pakistan muslim league(qa)", "pakistan peoples party parliamentarians", "mutthida majlis-e-amal pakistan (mma)", "pakistan muslim league (n)", "independent", "national alliance", "pakistan muslim league(j)", "awami national party", "pakistan tehreek-e-insaf", "pakistan awami tehreek", "pakistan democratic party", "pakistan peoples party (sherpao)", "pakistan pakhtoonkhawa milli awami party", "balochistan national movement", "balochistan national party", "tehrik-e-istaqlal", "muttahida qaumi movement pakistan", "pakistan muslim league(z)", "balochistan national democratic party", "kazmi nazim-e-mistafa", "pakistan peoples party (shaheed bhutto)", "kakar jamhoori party pakistan", "mohib-e-wattan nowjawan inqilabion ki anjuman(mnaka)", "pakistan awami party", "national people party worker group", "awami qiadat party", "jamhoori wattan party", "balochistan national congress", "ittehad milli hazara", "qaumi jamhoori party", "pak wattan party", "pakistan muslim league (f)", "pakistan mazdoor kissan party", "labour party pakistan", "jamiat ulema-e-pakistan (nifaz-e-shariat)", "pakistan gharib party", "saleem pakistan tehreek-e-insaf", "saraiki sooba movement pakistan", "nizam-e-mustafa party", "istiqlil party", "pakistan seriaki party", "pakistan social democratic party", "pakistan freedom party", "hazara qaumi mahaz", "pakistan workers party", "pakistan awami tehrik-e-inqilab", "zaheer markazi jamat-al-hadais", "qaumi tahaffaz party"], "Percent": [0.27682868020934553, 0.2594961920737547, 0.1414824044860074, 0.116244247539771, 0.0855745595707774, 0.027180508320364633, 0.018300967657833917, 0.013939856865317237, 0.00962017285925797, 0.00832977981662998, 0.007187718635429044, 0.007174537385192594, 0.006271707336529815, 0.005585169621292409, 0.004918147003807669, 0.003500905825787353, 0.002019299062196842, 0.001255899251424816, 0.0011859701511444322, 0.0010038292387862225, 0.0005260517139819342, 0.000348703983527888, 0.000325765184415106, 0.0002218558481355635, 0.00018821798227241672, 0.00016373851754758218, 0.00015380978360324368, 0.0001330107978405346, 0.00013283961277252876, 0.00012761846819835077, 0.00010331018854152205, 0.00010040004238542284, 8.234001771080713e-05, 5.957240366603094e-05, 4.972926225569537e-05, 3.612004934923141e-05, 3.3723458397149695e-05, 2.9786201833015472e-05, 1.5235471052519408e-05, 1.2924472634440622e-05, 9.158401138312228e-06, 8.987216070306392e-06, 8.64484593429472e-06, 8.21688326428013e-06, 7.703328060262621e-06, 6.419440050218851e-06, 3.680478962125475e-06, 1.8830357480641965e-06]}, "2008-2": {"Total Votes": 0, "Parties": [], "Percent": []}}