{"2002-10": {"Total Votes": 506832.0, "Parties": ["pakistan muslim league(qa)", "pakistan peoples party parliamentarians", "mutthida majlis-e-amal pakistan (mma)", "awami national party", "pakistan muslim league (n)", "pakistan tehreek-e-insaf", "national alliance", "independent", "pakistan seriaki party"], "Percent": [0.4027843545790321, 0.3080665782744578, 0.18045821889699148, 0.07743196956782523, 0.01584548726205133, 0.008349906872494239, 0.004581399753764561, 0.002249266028980017, 0.00023281876440319475]}, "2008-2": {"Total Votes": 0, "Parties": [], "Percent": []}}