{"1950-10": {"Total Votes": 92010.0, "Parties": ["partido social trabalhista", "uniao democratica nacional", "partido social democr\u00e1tico", "partido social progressista", "partido de representacao popular"], "Percent": [0.4148244756004782, 0.3622323660471688, 0.2070535811324856, 0.012389957613302902, 0.0034996196065645037]}, "1962-10": {"Total Votes": 125989.0, "Parties": ["uniao democratica nacional", "partido trabalhista brasileiro", "partido social democr\u00e1tico", "partido social progressista", "partido social trabalhista"], "Percent": [0.4764860424322758, 0.2092166776464612, 0.17825365706529936, 0.13598012524902967, 6.349760693393867e-05]}, "1994-10": {"Total Votes": 489898.0, "Parties": ["partido do movimiento democr\u00e1tico brasileiro", "partido progressita", "partido da social democracia brasileiro", "partido social democr\u00e1tico", "partido trabalhista brasileiro", "partido progressista reformador", "partido del frente liberal", "partido social crist\u00e3o", "partido dos trabalhadores", "partido liberal", "partido socialista brasileiro", "partido comunista do brasil", "partido popular socialista", "partido da reconstrucao nacional", "partido socialista dos trabalhadores unificado", "partido democr\u00e1tico trabalhista", "partido republicano progressista", "partido da mobiliza\u00e7\u00e3o nacional"], "Percent": [0.1910663035978918, 0.18754924494486608, 0.12958819999265153, 0.0881591678267721, 0.085907678741289, 0.08123936003004707, 0.07341732360613842, 0.0665914129063601, 0.03405198633184867, 0.026707600357625465, 0.01049402120441398, 0.007819995182670679, 0.005674650641562121, 0.003063903098195951, 0.0027454694650723213, 0.0027046446403128812, 0.0019453028997873027, 0.0012737345324945193]}, "1982-11": {"Total Votes": 464889.0, "Parties": ["partido democr\u00e1tico social", "partido do movimiento democr\u00e1tico brasileiro"], "Percent": [0.6010811182884517, 0.3989188817115483]}, "1945-0": {"Total Votes": 64577.0, "Parties": ["partido social democr\u00e1tico", "uniao democratica nacional", "partido trabalhista brasileiro", "partido comunista brasileiro", "partido republicano progressista 1945-1946"], "Percent": [0.4450810660142156, 0.3759697725196277, 0.07738049150626385, 0.0763429704074206, 0.025225699552472242]}, "1998-10": {"Total Votes": 858244.0, "Parties": ["partido da social democracia brasileiro", "partido do movimiento democr\u00e1tico brasileiro", "partido socialista brasileiro", "partido del frente liberal", "partido da mobiliza\u00e7\u00e3o nacional", "partido social democr\u00e1tico", "partido trabalhista brasileiro", "partido dos trabalhadores", "partido progressita", "partido popular socialista", "partido democr\u00e1tico trabalhista", "partido comunista do brasil", "partido solidarista nacional", "partido liberal", "partido da reconstrucao nacional", "partido republicano progressista", "partido de reedifica\u00e7\u00e3o da ordem nacional", "partido socialista dos trabalhadores unificado", "partido tancredista nacional", "partido trabalhista do brasil", "partido verde", "partido social trabalhista", "partido dos aposentados da na\u00e7\u00e3o", "partido social crist\u00e3o", "partido renovador trabalhista brasileiro", "partido geral dos trabalhadores"], "Percent": [0.18575836242373964, 0.1435757197253928, 0.12137923480968116, 0.09533652434505804, 0.08237983603730407, 0.07710161678963091, 0.06717436999268274, 0.06397597885915893, 0.05212969738209647, 0.03758255228116946, 0.03358135914728212, 0.015870778007186767, 0.004463765549191139, 0.004113049435824777, 0.004068772982974539, 0.003217033850513374, 0.0020926449820796882, 0.001507729736531802, 0.001455297094998625, 0.0008365919249071359, 0.0007282311324052367, 0.0004194611322654164, 0.00041013977377062934, 0.0003122655095753655, 0.00026682388691327873, 0.00026216320766588524]}, "1990-10": {"Total Votes": 493950.0, "Parties": ["partido social crist\u00e3o", "partido da reconstrucao nacional", "partido del frente liberal", "partido democr\u00e1tico trabalhista", "partido trabalhista brasileiro", "partido do movimiento democr\u00e1tico brasileiro", "partido da social democracia brasileiro", "partido liberal", "partido democrata crist\u00e3o", "partido comunista brasileiro", "partido dos trabalhadores", "partido trabalhista renovador", "partido socialista brasileiro", "partido republicano progressista", "partido comunista do brasil"], "Percent": [0.36645004555116917, 0.2022735094645207, 0.17610891790667071, 0.059825893309039375, 0.05510881668185039, 0.03808482639943314, 0.03281708674967102, 0.0259945338597024, 0.015208017005769814, 0.009865370988966494, 0.005694908391537605, 0.004656341734993421, 0.0037048284239295476, 0.0022998279178054457, 0.0019070756149407835]}, "1954-10": {"Total Votes": 105979.0, "Parties": ["uniao democratica nacional", "partido trabalhista brasileiro", "partido social democr\u00e1tico", "partido socialista brasileiro", "partido social trabalhista"], "Percent": [0.549108785702828, 0.21847724549203143, 0.1405184045895885, 0.06670189377140755, 0.025193670444144594]}, "1947-1": {"Total Votes": 0, "Parties": [], "Percent": []}, "2006-10": {"Total Votes": 1388854.0, "Parties": ["partido do movimiento democr\u00e1tico brasileiro", "partido del frente liberal", "partido socialista brasileiro", "partido democr\u00e1tico trabalhista", "partido progressita", "partido trabalhista brasileiro", "partido da mobiliza\u00e7\u00e3o nacional", "partido popular socialista", "partido da social democracia brasileiro", "partido liberal", "partido dos trabalhadores", "partido verde", "partido de reedifica\u00e7\u00e3o da ordem nacional", "partido republicano brasileiro", "partido socialismo e liberdade", "partido renovador trabalhista brasileiro", "partido humanista da solidariedade", "partido trabalhista do brasil", "partido republicano progressista", "partido social democrata crist\u00e3o", "partido dos aposentados da na\u00e7\u00e3o", "partido comunista do brasil", "partido tancredista nacional", "partido comunista brasileiro", "partido socialista dos trabalhadores unificado", "partido trabalhista crist\u00e3o", "partido social crist\u00e3o"], "Percent": [0.1948570548092168, 0.11807648608133037, 0.10887249487707132, 0.08552446837464557, 0.0806967471022872, 0.07639319899715881, 0.06952134637622097, 0.0549985815643689, 0.04327668711038021, 0.04210017755646022, 0.03533776768472424, 0.027844539454831105, 0.020164826540442694, 0.010812511610291651, 0.008760460062756777, 0.006401680810221953, 0.004396430438332611, 0.0038434565476284763, 0.002695747717182656, 0.0010123454301172044, 0.0009533039469951485, 0.0008525014148355407, 0.0006350559526055294, 0.000625695717476423, 0.0006069752472182101, 0.0005292132938379412, 0.0002102452813614678]}, "1958-10": {"Total Votes": 93824.0, "Parties": ["uniao democratica nacional", "partido social democr\u00e1tico", "partido social progressista", "partido trabalhista brasileiro", "partido socialista brasileiro"], "Percent": [0.3078103683492497, 0.21122527285129605, 0.19986357435197818, 0.18395080150068213, 0.097149982946794]}, "1986-11": {"Total Votes": 512279.0, "Parties": ["partido do movimiento democr\u00e1tico brasileiro", "partido del frente liberal", "partido trabalhista brasileiro", "partido dos trabalhadores", "partido democr\u00e1tico trabalhista", "partido socialista brasileiro", "partido liberal", "partido democrata crist\u00e3o"], "Percent": [0.461865506881992, 0.3680884830336594, 0.07014146588089694, 0.03629272330116987, 0.03348956330437125, 0.024779465876992812, 0.003386826319251814, 0.001955965401665889]}, "2002-10": {"Total Votes": 1165608.0,