{"1950-10": {"Total Votes": 149100.0, "Parties": ["partido social democr\u00e1tico", "uniao democratica nacional", "partido republicano", "partido trabalhista brasileiro", "partido social progressista", "partido social trabalhista"], "Percent": [0.532280348759222, 0.34523809523809523, 0.08761904761904762, 0.01852448021462106, 0.009510395707578806, 0.006827632461435278]}, "1962-10": {"Total Votes": 217062.0, "Parties": ["partido social democr\u00e1tico", "uniao democratica nacional", "partido democrata crist\u00e3o", "partido trabalhista brasileiro", "partido socialista brasileiro"], "Percent": [0.4081322387152058, 0.33145829302227015, 0.2413964673687702, 0.01322663570777013, 0.005786365185983728]}, "1994-10": {"Total Votes": 736845.0, "Parties": ["partido del frente liberal", "partido do movimiento democr\u00e1tico brasileiro", "partido da social democracia brasileiro", "partido dos trabalhadores", "partido liberal", "partido democr\u00e1tico trabalhista", "partido socialista brasileiro", "partido progressista reformador", "partido comunista do brasil", "partido socialista dos trabalhadores unificado", "partido social crist\u00e3o", "partido verde", "partido da mobiliza\u00e7\u00e3o nacional", "partido popular socialista", "partido trabalhista brasileiro", "partido progressita"], "Percent": [0.4446864673031642, 0.22541647157814737, 0.16141929442420047, 0.0626861823042838, 0.056386349910768206, 0.015731938195957088, 0.011794882234391221, 0.006781616215079155, 0.0067612591521961874, 0.0037049854447000386, 0.002783489064864388, 0.0007830683522314734, 0.0007274257136846963, 0.00017642787831904946, 0.00014385657770630186, 1.6285650306373798e-05]}, "1982-11": {"Total Votes": 652330.0, "Parties": ["partido democr\u00e1tico social", "partido do movimiento democr\u00e1tico brasileiro", "partido dos trabalhadores", "partido trabalhista brasileiro"], "Percent": [0.5965692210997501, 0.39830300614719544, 0.004418009289776647, 0.0007097634632777888]}, "1945-0": {"Total Votes": 103183.0, "Parties": ["partido social democr\u00e1tico", "uniao democratica nacional", "partido republicano progressista 1945-1946", "partido comunista brasileiro", "partido trabalhista brasileiro"], "Percent": [0.4115018946919551, 0.3915082910944632, 0.16468798154734793, 0.024790905478615663, 0.007510927187618115]}, "1998-10": {"Total Votes": 1039420.0, "Parties": ["partido do movimiento democr\u00e1tico brasileiro", "partido del frente liberal", "partido progressita", "partido dos trabalhadores", "partido da social democracia brasileiro", "partido liberal", "partido popular socialista", "partido democr\u00e1tico trabalhista", "partido da mobiliza\u00e7\u00e3o nacional", "partido comunista do brasil", "partido de reedifica\u00e7\u00e3o da ordem nacional", "partido dos aposentados da na\u00e7\u00e3o", "partido renovador trabalhista brasileiro", "partido socialista dos trabalhadores unificado", "partido comunista brasileiro", "partido social democr\u00e1tico", "partido trabalhista do brasil", "partido solidarista nacional", "partido da reconstrucao nacional"], "Percent": [0.3792143695522503, 0.2483567758942487, 0.11145061669007716, 0.09150583979527044, 0.06989955936964846, 0.0527361413095765, 0.012288584018010045, 0.008692347655423217, 0.0073425564256989475, 0.006919243424217352, 0.0034730907621558175, 0.002451367108579785, 0.0019991918569971716, 0.0013642223547747781, 0.0010650170287275595, 0.0004685305266398568, 0.0004108060264378211, 0.0003049777760674222, 5.676242519866849e-05]}, "1990-10": {"Total Votes": 601723.0, "Parties": ["partido do movimiento democr\u00e1tico brasileiro", "partido del frente liberal", "partido da reconstrucao nacional", "partido da social democracia brasileiro", "partido dos trabalhadores", "partido social trabalhista", "partido democrata crist\u00e3o", "partido democr\u00e1tico social", "partido trabalhista renovador", "partido democr\u00e1tico trabalhista", "partido comunista do brasil", "partido socialista brasileiro", "partido liberal", "partido trabalhista brasileiro", "partido comunista brasileiro", "partido social crist\u00e3o"], "Percent": [0.30811685775680836, 0.2654925937682289, 0.13517847913408662, 0.08686555109244619, 0.07527550052100385, 0.052923022719756435, 0.021544797190733943, 0.019233102274634675, 0.0117645494687755, 0.01013256930514539, 0.00994311335946939, 0.0033852786082632707, 8.641850153642124e-05, 3.157599094600007e-05, 1.3295154082526346e-05, 1.3295154082526346e-05]}, "1954-10": {"Total Votes": 182766.0, "Parties": ["partido social democr\u00e1tico", "uniao democratica nacional", "partido social progressista", "partido trabalhista brasileiro", "partido trabalhista nacional"], "Percent": [0.3778656861779543, 0.347061269601567, 0.24180646290885613, 0.022236083297768734, 0.01103049801385378]}, "1947-1": {"Total Votes": 0, "Parties": [], "Percent": []}, "2006-10": {"Total Votes": 1623887.0, "Parties": ["partido socialista brasileiro", "partido do movimiento democr\u00e1tico brasileiro", "partido del frente liberal", "partido da mobiliza\u00e7\u00e3o nacional", "partido liberal", "partido dos trabalhadores", "partido progressita", "partido verde", "partido comunista do brasil", "partido democr\u00e1tico trabalhista", "partido da social democracia brasileiro", "partido socialismo e liberdade", "partido comunista brasileiro", "partido trabalhista brasileiro", "partido trabalhista crist\u00e3o", "partido popular socialista", "partido republicano progressista", "partido humanista da solidariedade", "partido social democrata crist\u00e3o", "partido socialista dos trabalhadores unificado", "partido social liberal", "partido renovador trabalhista brasileiro", "partido dos aposentados da na\u00e7\u00e3o", "partido trabalhista do brasil", "partido tancredista nacional"], "Percent": [0.20988775696831122, 0.15546525096881741, 0.1357120292237083, 0.12550565402641933, 0.12285152846226369, 0.09274352217857523, 0.06235162914660934, 0.019939195276518624, 0.018795642800268738, 0.014267002568528475, 0.011275415099695976, 0.004365451536960392, 0.0041825570375278575, 0.003928844802624813, 0.0035464290310840596, 0.003545197418293268, 0.00281361942056313, 0.0025562123472877116, 0.002025387234456585, 0.0014157389030148033, 0.0011614108617163633, 0.0008707502430895746, 0.00048587124596723787, 0.00018166288664174293, 0.00012624031105612645]}, "1958-10": {"Total Votes": 186709.0, "Parties": ["partido social democr\u00e1tico", "uniao democratica nacional", "partido trabalhista nacional"], "Percent": [0.5195303922146227, 0.46814026104794093, 0.012329346737436332]}, "1986-11": {"Total Votes": 763692.0, "Parties": ["partido do movimiento democr\u00e1tico brasileiro", "partido del frente liberal", "partido democr\u00e1tico social", "partido democr\u00e1tico trabalhista", "partido dos trabalhadores", "partido humanista"], "Percent": [0.44529600938598285, 0.32356368797892343, 0.20469246764402402, 0.017441586398705237, 0.008140716414470756, 0.0008655321778937059]}, "2002-10": {"Total Votes": 1460644.0, "Parties": ["partido do movimiento democr\u00e1tico brasileiro", "partido del frente liberal", "partido dos trabalhadores", "partido trabalhista brasileiro", "partido progressita", "partido democr\u00e1tico trabalhista", "partido socialista brasileiro", "partido da social democracia brasileiro", "partido popular socialista", "partido comunista do brasil", "partido liberal", "partido republicano progressista", "partido comunista brasileiro", "partido social trabalhista", "partido verde", "partido da mobiliza\u00e7\u00e3o nacional", "partido tancredista nacional", "partido humanista da solidariedade", "partido social democr\u00e1tico", "partido socialista dos trabalhadores unificado", "partido social crist\u00e3o", "partido trabalhista do brasil", "partido geral dos trabalhadores", "partido social liberal"],