{"1950-10": {"Total Votes": 33375.0, "Parties": ["partido social democr\u00e1tico", "uniao democratica nacional", "partido democrata crist\u00e3o", "partido trabalhista brasileiro", "partido social progressista", "partido de representacao popular", "partido reformador trabalhista"], "Percent": [0.388374531835206, 0.22417977528089889, 0.1730936329588015, 0.12404494382022471, 0.049617977528089885, 0.03340823970037453, 0.007280898876404494]}, "1962-10": {"Total Votes": 92797.0, "Parties": ["partido trabalhista brasileiro", "partido social democr\u00e1tico", "partido liberal"], "Percent": [0.3798937465650829, 0.3358405982952035, 0.2842656551397136]}, "1994-10": {"Total Votes": 553560.0, "Parties": ["partido do movimiento democr\u00e1tico brasileiro", "partido progressista reformador", "partido da social democracia brasileiro", "partido del frente liberal", "partido progressita", "partido comunista do brasil", "partido democr\u00e1tico trabalhista", "partido dos trabalhadores", "partido liberal", "partido da mobiliza\u00e7\u00e3o nacional", "partido socialista brasileiro", "partido socialista dos trabalhadores unificado", "partido de reedifica\u00e7\u00e3o da ordem nacional", "partido trabalhista brasileiro", "partido popular socialista", "partido trabalhista do brasil", "partido verde"], "Percent": [0.29884204060987063, 0.24122227039525979, 0.12753811691596215, 0.11632704675193295, 0.0816442662042055, 0.05743189536816244, 0.028211937278705107, 0.02456102319531758, 0.012266059686393526, 0.005834959173350676, 0.0037285931064383266, 0.0014524170821591156, 0.0005816894284269094, 0.0002312305802442373, 7.045306741816606e-05, 3.9742755979478284e-05, 1.6258400173422935e-05]}, "1982-11": {"Total Votes": 348479.0, "Parties": ["partido do movimiento democr\u00e1tico brasileiro", "partido democr\u00e1tico social", "partido dos trabalhadores", "partido trabalhista brasileiro"], "Percent": [0.5341326163126042, 0.4402991284984174, 0.014198846989345126, 0.011369408199633264]}, "1945-0": {"Total Votes": 22189.0, "Parties": ["partido social democr\u00e1tico", "uniao democratica nacional", "partido trabalhista brasileiro", "partido comunista brasileiro", "partido de representacao popular (1945-1965)"], "Percent": [0.38027851638199106, 0.2945153003740592, 0.23426021902744604, 0.05939880120780567, 0.031547163008698004]}, "1998-10": {"Total Votes": 855360.0, "Parties": ["partido del frente liberal", "partido da social democracia brasileiro", "partido progressita", "partido liberal", "partido trabalhista brasileiro", "partido comunista do brasil", "partido social liberal", "partido dos trabalhadores", "partido do movimiento democr\u00e1tico brasileiro", "partido da mobiliza\u00e7\u00e3o nacional", "partido democr\u00e1tico trabalhista", "partido socialista brasileiro", "partido popular socialista", "partido de reedifica\u00e7\u00e3o da ordem nacional", "partido socialista dos trabalhadores unificado", "partido trabalhista do brasil"], "Percent": [0.423745557426113, 0.12933501683501683, 0.0851068555929667, 0.08490693976805087, 0.08241442199775532, 0.08084081556303778, 0.05389192854470632, 0.024528853348297793, 0.011537832023943135, 0.007029788627010849, 0.005161569397680509, 0.004171343060231949, 0.0040275439580995135, 0.0016601197156752713, 0.0008534418256640479, 0.0007879723157500936]}, "1990-10": {"Total Votes": 414489.0, "Parties": ["partido del frente liberal", "partido democrata crist\u00e3o", "partido do movimiento democr\u00e1tico brasileiro", "partido da social democracia brasileiro", "partido dos trabalhadores", "partido social trabalhista", "partido democr\u00e1tico trabalhista", "partido socialista brasileiro", "partido comunista do brasil", "partido trabalhista renovador", "partido liberal", "partido da reconstrucao nacional", "partido democr\u00e1tico social", "partido da mobiliza\u00e7\u00e3o nacional", "partido social crist\u00e3o", "partido republicano progressista", "partido comunista brasileiro", "partido social democr\u00e1tico", "partido comunit\u00e1rio nacional", "partido de reedifica\u00e7\u00e3o da ordem nacional"], "Percent": [0.22851028615958446, 0.18726190562355094, 0.16993937112927002, 0.0852978004241367, 0.06722976966819384, 0.05835136758755962, 0.04481662963311451, 0.035197556509340415, 0.032386866720226594, 0.02325031544866088, 0.018239326013476834, 0.013163196128244658, 0.011064226071138196, 0.009997852777757672, 0.006738417666090053, 0.003249784674623452, 0.002711772809411106, 0.002535652333355047, 3.1363920393544824e-05, 2.6538701871461005e-05]}, "1954-10": {"Total Votes": 53423.0, "Parties": ["partido trabalhista brasileiro", "partido social democr\u00e1tico", "partido social progressista", "uniao democratica nacional"], "Percent": [0.5459259120603486, 0.19860359770136457, 0.1317410104262209, 0.12372947981206596]}, "1947-1": {"Total Votes": 22504.0, "Parties": ["uniao democratica nacional", "partido social democr\u00e1tico"], "Percent": [0.5580785638108781, 0.44192143618912194]}, "2006-10": {"Total Votes": 1392738.0, "Parties": ["partido progressita", "partido do movimiento democr\u00e1tico brasileiro", "partido del frente liberal", "partido dos trabalhadores", "partido socialista brasileiro", "partido trabalhista brasileiro", "partido comunista do brasil", "partido liberal", "partido de reedifica\u00e7\u00e3o da ordem nacional", "partido da mobiliza\u00e7\u00e3o nacional", "partido humanista da solidariedade", "partido democr\u00e1tico trabalhista", "partido dos aposentados da na\u00e7\u00e3o", "partido da social democracia brasileiro", "partido verde", "partido popular socialista", "partido tancredista nacional", "partido republicano progressista", "partido social democrata crist\u00e3o", "partido socialismo e liberdade", "partido social liberal", "partido renovador trabalhista brasileiro", "partido socialista dos trabalhadores unificado", "partido comunista brasileiro", "partido social crist\u00e3o", "partido trabalhista crist\u00e3o", "partido da causa oper\u00e1ria"], "Percent": [0.17118797648947612, 0.1572528357810299, 0.11884790965709272, 0.11291714593843206, 0.09433145358279878, 0.07802759743756543, 0.06997439575857053, 0.061941298363367696, 0.04758827575610057, 0.022880828985781962, 0.013678093079961916, 0.011481700075678268, 0.008161621209444992, 0.006972596425171138, 0.006840482560251821, 0.00576849342805323, 0.003511787572393372, 0.002400307882746073, 0.0013146765579742923, 0.0012421575342957542, 0.0009621335814776361, 0.0009075648111848747, 0.0007790409969427129, 0.00035972307785096694, 0.0003022822670164812, 0.00020176084805613117, 0.00016586034128457757]}, "1958-10": {"Total Votes": 65164.0, "Parties": ["partido trabalhista brasileiro", "partido social democr\u00e1tico", "partido social trabalhista", "uniao democratica nacional", "partido social progressista"], "Percent": [0.4451691117795102, 0.22741084034129275, 0.17508133325148856, 0.07760419863728439, 0.07473451599042416]}, "1986-11": {"Total Votes": 387937.0, "Parties": ["partido do movimiento democr\u00e1tico brasileiro", "partido del frente liberal", "partido socialista brasileiro", "partido democr\u00e1tico trabalhista", "partido dos trabalhadores", "partido trabalhista brasileiro", "partido municipalista brasileiro", "partido democr\u00e1tico social", "partido liberal", "partido comunista brasileiro", "partido comunista do brasil", "partido democrata crist\u00e3o", "partido do povo brasileiro", "partido humanista", "partido trabalhista renovador"], "Percent": [0.3856141590000438, 0.22849844175729564, 0.16451640343664048, 0.13034332894258605, 0.040601953409960895, 0.021701977382925577, 0.0061298612919108, 0.005792177595846749, 0.00536169532681853, 0.004518774955727348, 0.0028844889763028534, 0.0026189819480998203, 0.0010388284695710902, 0.0002139522654451625, 0.00016497524082518554]}, "2002-10": {"Total Votes": 1148892.0,