{"1950-10": {"Total Votes": 502950.0, "Parties": ["partido social democr\u00e1tico", "uniao democratica nacional", "partido trabalhista brasileiro", "partido republicano"], "Percent": [0.4107724425887265, 0.326881399741525, 0.17940351923650463, 0.08294263843324386]}, "1962-10": {"Total Votes": 693848.0, "Parties": ["partido social democr\u00e1tico", "uniao democratica nacional", "partido trabalhista brasileiro", "partido republicano", "partido socialista brasileiro", "partido trabalhista nacional", "partido democrata crist\u00e3o", "partido de representacao popular", "partido social trabalhista"], "Percent": [0.32342386228684095, 0.32246543911634823, 0.2477617576183833, 0.036541144458152215, 0.022267124788138037, 0.014957166411087155, 0.013916592683123681, 0.011701410107112797, 0.006965502530813665]}, "1994-10": {"Total Votes": 2907869.0, "Parties": ["partido del frente liberal", "partido do movimiento democr\u00e1tico brasileiro", "partido da social democracia brasileiro", "partido dos trabalhadores", "partido liberal", "partido democr\u00e1tico trabalhista", "partido trabalhista brasileiro", "partido progressita", "partido progressista reformador", "partido socialista brasileiro", "partido da mobiliza\u00e7\u00e3o nacional", "partido comunista do brasil", "partido popular socialista", "partido social crist\u00e3o", "partido social democr\u00e1tico", "partido da reconstrucao nacional", "partido verde"], "Percent": [0.35303309743320627, 0.1381640644747064, 0.10196023273400555, 0.08268288564581142, 0.06529214349064555, 0.059341050095447906, 0.04701759260819521, 0.03537951675264601, 0.028564904402502315, 0.02374316036932888, 0.016108015870040914, 0.013611686083520268, 0.012995083341099617, 0.011122578080374323, 0.008000360401379842, 0.0028539800107914076, 0.00012964820629815166]}, "1982-11": {"Total Votes": 2573070.0, "Parties": ["partido democr\u00e1tico social", "partido do movimiento democr\u00e1tico brasileiro", "partido dos trabalhadores"], "Percent": [0.6330573983607131, 0.3577244303497379, 0.00921817128954906]}, "1945-0": {"Total Votes": 351615.0, "Parties": ["uniao democratica nacional", "partido social democr\u00e1tico", "partido trabalhista brasileiro", "partido comunista brasileiro", "partido popular sindicalista", "partido de representacao popular (1945-1965)", "partido republicano democratico"], "Percent": [0.4149424797008091, 0.383518905621205, 0.06454502794249392, 0.05315757291355602, 0.04387184847062839, 0.037464272002047695, 0.0024998933492598437]}, "1998-10": {"Total Votes": 4152237.0, "Parties": ["partido del frente liberal", "partido dos trabalhadores", "partido da social democracia brasileiro", "partido do movimiento democr\u00e1tico brasileiro", "partido trabalhista brasileiro", "partido progressita", "partido democr\u00e1tico trabalhista", "partido liberal", "partido comunista do brasil", "partido socialista brasileiro", "partido popular socialista", "partido social crist\u00e3o", "partido de reedifica\u00e7\u00e3o da ordem nacional", "partido dos aposentados da na\u00e7\u00e3o", "partido republicano progressista", "partido verde", "partido trabalhista do brasil", "partido da reconstrucao nacional", "partido comunista brasileiro", "partido solidarista nacional", "partido da mobiliza\u00e7\u00e3o nacional", "partido socialista dos trabalhadores unificado", "partido renovador trabalhista brasileiro", "partido social trabalhista"], "Percent": [0.47053263096494735, 0.13908791815110746, 0.11312841728446618, 0.08176484145774916, 0.0366963639117902, 0.03658967443332353, 0.030826515923826122, 0.023124643415103716, 0.016525790796623602, 0.012966022893201905, 0.010921582751658925, 0.007948968230859655, 0.00562564227427288, 0.003922945631475275, 0.0019654465773509557, 0.001892714698125372, 0.0012378869510579478, 0.0011061507327255163, 0.0010324555173512496, 0.0008482174789155822, 0.0008238932411613306, 0.0007697055827978991, 0.00046601386192551147, 0.00019555723818269526]}, "1990-10": {"Total Votes": 2342295.0, "Parties": ["partido del frente liberal", "partido do movimiento democr\u00e1tico brasileiro", "partido democr\u00e1tico trabalhista", "partido da social democracia brasileiro", "partido da reconstrucao nacional", "partido democrata crist\u00e3o", "partido dos trabalhadores", "partido trabalhista brasileiro", "partido liberal", "partido socialista brasileiro", "partido democr\u00e1tico social", "partido comunista do brasil", "partido comunista brasileiro", "partido social trabalhista", "partido social crist\u00e3o", "partido trabalhista renovador", "partido social democr\u00e1tico", "partido da mobiliza\u00e7\u00e3o nacional", "partido social liberal", "partido trabalhista do brasil"], "Percent": [0.2666901479104895, 0.20823209715257898, 0.0939181443840336, 0.06830352282697098, 0.058703109557079705, 0.05740779876147112, 0.05690401934854491, 0.05506522449136424, 0.03418356782557278, 0.03007990026875351, 0.022776806508146924, 0.013532881212656818, 0.007782538066298225, 0.007714655925064947, 0.004763277042387914, 0.0038662935283557366, 0.0037185751581248305, 0.0023109813238725266, 0.0022063830559344573, 0.00184007565229828]}, "1954-10": {"Total Votes": 591359.0, "Parties": ["partido social democr\u00e1tico", "uniao democratica nacional", "partido republicano", "partido trabalhista brasileiro", "partido liberal", "partido de representacao popular", "partido democrata crist\u00e3o", "partido social progressista"], "Percent": [0.27105024190043614, 0.22874429914823313, 0.19398199739921096, 0.15762675464480966, 0.10557715364102009, 0.026909204053713564, 0.01455630167123524, 0.0015540475413412158]}, "1947-1": {"Total Votes": 0, "Parties": [], "Percent": []}, "2006-10": {"Total Votes": 6570872.0, "Parties": ["partido del frente liberal", "partido dos trabalhadores", "partido liberal", "partido do movimiento democr\u00e1tico brasileiro", "partido democr\u00e1tico trabalhista", "partido progressita", "partido da social democracia brasileiro", "partido socialista brasileiro", "partido comunista do brasil", "partido popular socialista", "partido social crist\u00e3o", "partido trabalhista brasileiro", "partido verde", "partido da mobiliza\u00e7\u00e3o nacional", "partido social democrata crist\u00e3o", "partido republicano progressista", "partido socialismo e liberdade", "partido trabalhista do brasil", "partido trabalhista crist\u00e3o", "partido social liberal", "partido comunista brasileiro", "partido renovador trabalhista brasileiro", "partido humanista da solidariedade", "partido dos aposentados da na\u00e7\u00e3o", "partido de reedifica\u00e7\u00e3o da ordem nacional", "partido tancredista nacional", "partido da causa oper\u00e1ria", "partido socialista dos trabalhadores unificado"], "Percent": [0.3482482994646677, 0.19714552345563877, 0.058600745837082205, 0.05698650042186182, 0.055148844780418795, 0.054561099348762236, 0.04827289285196851, 0.03851787099185618, 0.0355339443532, 0.02042499077747976, 0.018290266497353776, 0.017579554129193202, 0.011149509532372568, 0.009664622899365564, 0.0074542617783454005, 0.0034258771134181277, 0.002939792465901025, 0.0026235482900899606, 0.0024362063360844647, 0.0019886249496261685, 0.0017156018257546335, 0.0016227678761662075, 0.0015183677295798792, 0.0013675506081993378, 0.0009650165153118186, 0.0007982197796578597, 0.0005465028081508816, 0.00047299658249316074]}, "1958-10": {"Total Votes": 740477.0, "Parties": ["partido social democr\u00e1tico", "uniao democratica nacional", "partido republicano", "partido trabalhista brasileiro", "partido democrata crist\u00e3o"], "Percent": [0.35090488968597267, 0.32593990090171604, 0.19442872634801622, 0.08472781733936369, 0.043998665724931364]}, "1986-11": {"Total Votes": 2772593.0,