{"1950-10": {"Total Votes": 557363.0, "Parties": ["partido trabalhista brasileiro", "uniao democratica nacional", "partido social democr\u00e1tico", "partido social progressista", "partido reformador trabalhista", "partido democrata crist\u00e3o", "partido orientador trabalhista", "partido republicano", "partido socialista brasileiro", "partido social trabalhista", "partido trabalhista nacional", "partido liberal", "partido ruralista brasileiro"], "Percent": [0.39728148441859257, 0.1790395128488974, 0.14141412329128414, 0.07212355323191529, 0.06605031191521504, 0.03703331581034263, 0.033387576857451966, 0.02251136153637755, 0.02050369328426896, 0.014746224632779715, 0.012117776027472223, 0.0020507281610009994, 0.001740337984401548]}, "1962-10": {"Total Votes": 827134.0, "Parties": ["partido trabalhista brasileiro", "uniao democratica nacional", "partido social democr\u00e1tico", "partido democrata crist\u00e3o", "partido social trabalhista", "partido socialista brasileiro"], "Percent": [0.5037406272744198, 0.31337848522730294, 0.08484477726704501, 0.06532315199230113, 0.025751571087635136, 0.0069613871512959205]}, "1994-10": {"Total Votes": 624343.0, "Parties": ["partido progressita", "partido dos trabalhadores", "partido del frente liberal", "partido popular socialista", "partido da reconstrucao nacional", "partido da social democracia brasileiro", "partido comunista do brasil", "partido do movimiento democr\u00e1tico brasileiro", "partido democr\u00e1tico trabalhista", "partido progressista reformador", "partido de reedifica\u00e7\u00e3o da ordem nacional", "partido liberal", "partido social crist\u00e3o", "partido republicano progressista", "partido trabalhista brasileiro", "partido socialista brasileiro", "partido da mobiliza\u00e7\u00e3o nacional", "partido social democr\u00e1tico", "partido socialista dos trabalhadores unificado", "partido verde"], "Percent": [0.3051271496597223, 0.2910243247701984, 0.08681125599229911, 0.0752214728122202, 0.0493254509140008, 0.04476866081625004, 0.038767152030214164, 0.021153436492440853, 0.020892362050988, 0.016265097870881873, 0.01477873540665948, 0.011818823947733858, 0.006494827362523485, 0.0042732920846393725, 0.00394654861190083, 0.002966318193685202, 0.0029438946220266744, 0.0017682587936438785, 0.0011323903687556359, 0.0005205471992158156]}, "1982-11": {"Total Votes": 0, "Parties": [], "Percent": []}, "1945-0": {"Total Votes": 0, "Parties": [], "Percent": []}, "1998-10": {"Total Votes": 998983.0, "Parties": ["partido dos trabalhadores", "partido progressita", "partido do movimiento democr\u00e1tico brasileiro", "partido del frente liberal", "partido da social democracia brasileiro", "partido comunista do brasil", "partido de reedifica\u00e7\u00e3o da ordem nacional", "partido popular socialista", "partido liberal", "partido democr\u00e1tico trabalhista", "partido social crist\u00e3o", "partido trabalhista brasileiro", "partido socialista brasileiro", "partido da mobiliza\u00e7\u00e3o nacional", "partido social democr\u00e1tico", "partido social democrata crist\u00e3o", "partido social liberal", "partido solidarista nacional", "partido socialista dos trabalhadores unificado", "partido verde", "partido trabalhista do brasil", "partido social trabalhista", "partido comunista brasileiro", "partido republicano progressista", "partido tancredista nacional", "partido renovador trabalhista brasileiro", "partido da causa oper\u00e1ria", "partido da reconstrucao nacional"], "Percent": [0.22669054428353635, 0.1860612242650776, 0.17111602499742237, 0.11633731504940524, 0.08549294632641397, 0.06723938245195364, 0.05035721328591177, 0.024040449136772096, 0.022401782612917337, 0.013775009184340475, 0.007790923369066341, 0.0062153209814381225, 0.005732830288403306, 0.002554598026192638, 0.0022242620745297967, 0.002170207100621332, 0.0019049373212557171, 0.0014054293216200877, 0.0013593824919943584, 0.0010080251615893364, 0.0007968103561321865, 0.0007487614904357732, 0.0007387513100823537, 0.0006917034624212825, 0.00036737361897049296, 0.00027828301382506007, 0.000262266725259589, 0.00023824229241138238]}, "1990-10": {"Total Votes": 549305.0, "Parties": ["partido dos trabalhadores", "partido trabalhista renovador", "partido del frente liberal", "partido comunista brasileiro", "partido da reconstrucao nacional", "partido democr\u00e1tico trabalhista", "partido de a\u00e7\u00e3o social", "partido da social democracia brasileiro", "partido liberal", "partido socialista brasileiro", "partido democrata crist\u00e3o", "partido do movimiento democr\u00e1tico brasileiro", "partido democr\u00e1tico social", "partido social crist\u00e3o", "partido trabalhista do brasil", "partido da mobiliza\u00e7\u00e3o nacional", "partido comunista do brasil", "partido social trabalhista", "partido trabalhista brasileiro", "partido republicano progressista", "partido liberal humanista", "partido de reedifica\u00e7\u00e3o da ordem nacional", "partido social democr\u00e1tico", "partido estudantil brasileiro", "partido comunit\u00e1rio nacional", "partido socialista", "partido social liberal", "partido brasileiro de mulheres"], "Percent": [0.24626027434667444, 0.1860095939414351, 0.12032659451488699, 0.08153757930475783, 0.08110066356577858, 0.05302154540737841, 0.04591256223773678, 0.03591993519083205, 0.02791527475628294, 0.027478359017303684, 0.02378824150517472, 0.019004014163351873, 0.01718535239985072, 0.004745997214662164, 0.0041962115764466006, 0.0036955789588662036, 0.003653707867214025, 0.0034661981959020947, 0.0026724679367564467, 0.0024995221234104916, 0.002310191969852814, 0.0018896605710852804, 0.0015819990715540547, 0.0011614676727865212, 0.0009375483565596526, 0.0008101145993573697, 0.0005661699784272854, 0.00035317355567489827]}, "1954-10": {"Total Votes": 639830.0, "Parties": ["uniao democratica nacional", "partido trabalhista brasileiro", "partido social progressista", "partido social democr\u00e1tico", "partido reformador trabalhista", "partido socialista brasileiro", "partido democrata crist\u00e3o", "partido republicano", "partido liberal"], "Percent": [0.31144835346889016, 0.3057358985980651, 0.1159917478080115, 0.10625634934279418, 0.08713408249066158, 0.034113748964568716, 0.02549583483112702, 0.008124032946251348, 0.005699951549630371]}, "1947-1": {"Total Votes": 0, "Parties": [], "Percent": []}, "2006-10": {"Total Votes": 1316991.0, "Parties": ["partido del frente liberal", "partido do movimiento democr\u00e1tico brasileiro", "partido dos trabalhadores", "partido popular socialista", "partido trabalhista brasileiro", "partido socialista brasileiro", "partido da social democracia brasileiro", "partido socialismo e liberdade", "partido liberal", "partido de reedifica\u00e7\u00e3o da ordem nacional", "partido comunista do brasil", "partido democr\u00e1tico trabalhista", "partido humanista da solidariedade", "partido verde", "partido da mobiliza\u00e7\u00e3o nacional", "partido social liberal", "partido progressita", "partido social crist\u00e3o", "partido social democrata crist\u00e3o", "partido republicano progressista", "partido da causa oper\u00e1ria", "partido republicano brasileiro", "partido trabalhista do brasil", "partido comunista brasileiro", "partido trabalhista crist\u00e3o", "partido socialista dos trabalhadores unificado", "partido dos aposentados da na\u00e7\u00e3o", "partido tancredista nacional", "partido renovador trabalhista brasileiro"],