{"1950-10": {"Total Votes": 110011.0, "Parties": ["partido social democr\u00e1tico", "uniao democratica nacional", "partido trabalhista brasileiro", "partido de representacao popular", "partido social progressista"], "Percent": [0.47559789475597897, 0.22200507222005073, 0.1277417712774177, 0.101353501013535, 0.07330176073301761]}, "1962-10": {"Total Votes": 202133.0, "Parties": ["partido social democr\u00e1tico", "uniao democratica nacional", "partido trabalhista brasileiro", "partido de representacao popular", "partido trabalhista nacional", "partido social progressista"], "Percent": [0.32158034561402643, 0.20505310859681497, 0.16578688289393617, 0.14550815552136465, 0.12904374842306798, 0.033027758950789826]}, "1994-10": {"Total Votes": 825236.0, "Parties": ["partido do movimiento democr\u00e1tico brasileiro", "partido da social democracia brasileiro", "partido democr\u00e1tico trabalhista", "partido trabalhista brasileiro", "partido dos trabalhadores", "partido socialista brasileiro", "partido progressita", "partido comunista do brasil", "partido da mobiliza\u00e7\u00e3o nacional", "partido progressista reformador", "partido popular socialista", "partido liberal", "partido republicano progressista", "partido social democr\u00e1tico", "partido social crist\u00e3o", "partido del frente liberal", "partido da reconstrucao nacional"], "Percent": [0.2747177777023785, 0.17195808229403467, 0.16331812960171394, 0.12345195798535206, 0.11949914933425106, 0.07354986937070122, 0.0223899587511936, 0.01571186908956953, 0.011848731756733831, 0.011665753796489731, 0.0039007023445414403, 0.0027046808428134498, 0.002032145955823546, 0.0016746724573334173, 0.0005913459907226539, 0.0005719575975842062, 0.0004132151287631659]}, "1982-11": {"Total Votes": 702354.0, "Parties": ["partido do movimiento democr\u00e1tico brasileiro", "partido democr\u00e1tico social", "partido dos trabalhadores", "partido democr\u00e1tico trabalhista"], "Percent": [0.5805847193865202, 0.4035415189491339, 0.014236410698878344, 0.0016373509654675563]}, "1945-0": {"Total Votes": 101902.0, "Parties": ["partido social democr\u00e1tico", "uniao democratica nacional", "partido republicano democratico", "partido trabalhista brasileiro", "partido comunista brasileiro"], "Percent": [0.637337834389904, 0.22041765617946654, 0.06912523797373947, 0.0365841691036486, 0.03653510235324135]}, "1998-10": {"Total Votes": 1211212.0, "Parties": ["partido da social democracia brasileiro", "partido do movimiento democr\u00e1tico brasileiro", "partido trabalhista brasileiro", "partido del frente liberal", "partido dos trabalhadores", "partido progressita", "partido socialista brasileiro", "partido democr\u00e1tico trabalhista", "partido liberal", "partido social crist\u00e3o", "partido popular socialista", "partido solidarista nacional", "partido da mobiliza\u00e7\u00e3o nacional", "partido social democr\u00e1tico", "partido comunista do brasil", "partido de reedifica\u00e7\u00e3o da ordem nacional", "partido republicano progressista", "partido verde", "partido da reconstrucao nacional", "partido tancredista nacional", "partido social trabalhista", "partido dos aposentados da na\u00e7\u00e3o", "partido trabalhista do brasil", "partido social liberal", "partido social democrata crist\u00e3o"], "Percent": [0.24664303193825687, 0.22256054266305156, 0.14386498812759452, 0.11719335673688834, 0.07228709755187367, 0.04907893911222808, 0.03959752710508152, 0.02918811900806795, 0.024014788492848486, 0.016877309669983454, 0.014368252626294984, 0.011609032935604998, 0.0041512138254905006, 0.0019088318147442397, 0.0017090319448618409, 0.0012640231437601344, 0.0008289217742228445, 0.0007727796620244845, 0.0005531649290132528, 0.0004458344203987411, 0.00034180638897236815, 0.00033932953108126407, 0.0002014511084764682, 0.0001576932857336288, 4.29322034458047e-05]}, "1990-10": {"Total Votes": 603310.0, "Parties": ["partido do movimiento democr\u00e1tico brasileiro", "partido da social democracia brasileiro", "partido del frente liberal", "partido dos trabalhadores", "partido democr\u00e1tico trabalhista", "partido liberal", "partido democrata crist\u00e3o", "partido trabalhista brasileiro", "partido da reconstrucao nacional", "partido democr\u00e1tico social", "partido comunista do brasil", "partido comunista brasileiro", "partido socialista brasileiro", "partido social crist\u00e3o", "partido social democr\u00e1tico", "partido da mobiliza\u00e7\u00e3o nacional", "partido trabalhista do brasil"], "Percent": [0.29795461702938786, 0.17339841872337605, 0.1357759692363793, 0.13118463144983508, 0.08502925527506588, 0.04570287248678126, 0.04226185543087302, 0.02747841076726724, 0.024373870812683364, 0.009815849231738245, 0.007783726442459101, 0.006026752415839286, 0.00412060134922345, 0.0036283171172365783, 0.002748172581260049, 0.0026918168105948847, 2.486283999933699e-05]}, "1954-10": {"Total Votes": 136709.0, "Parties": ["partido social democr\u00e1tico", "partido trabalhista brasileiro", "partido de representacao popular", "partido social progressista", "uniao democratica nacional", "partido republicano"], "Percent": [0.43851538669729134, 0.26424741604429847, 0.10307295057384663, 0.07546686758004229, 0.07491825702770118, 0.04377912207682011]}, "1947-1": {"Total Votes": 0, "Parties": [], "Percent": []}, "2006-10": {"Total Votes": 1740511.0, "Parties": ["partido do movimiento democr\u00e1tico brasileiro", "partido democr\u00e1tico trabalhista", "partido da social democracia brasileiro", "partido socialista brasileiro", "partido dos trabalhadores", "partido trabalhista brasileiro", "partido liberal", "partido progressita", "partido social crist\u00e3o", "partido popular socialista", "partido dos aposentados da na\u00e7\u00e3o", "partido socialismo e liberdade", "partido trabalhista crist\u00e3o", "partido del frente liberal", "partido comunista do brasil", "partido verde", "partido humanista da solidariedade", "partido da mobiliza\u00e7\u00e3o nacional", "partido trabalhista do brasil", "partido social liberal", "partido republicano brasileiro", "partido tancredista nacional", "partido da causa oper\u00e1ria", "partido renovador trabalhista brasileiro", "partido socialista dos trabalhadores unificado", "partido social democrata crist\u00e3o"], "Percent": [0.2801091173798959, 0.15998175248533333, 0.12294435369842535, 0.08844356628599302, 0.07883317025861945, 0.06133830811755858, 0.05343603114257824, 0.05136192761780879, 0.024395134532329874, 0.017210462904285007, 0.01525471542552733, 0.010317659583880825, 0.00818380349219281, 0.006211394239967458, 0.0054122036574316395, 0.004538896910160292, 0.0043688319120074506, 0.002845141455584021, 0.0011174879101597175, 0.0009491465437449117, 0.0007078381004199341, 0.0006164856183040498, 0.0005366240144417358, 0.0004705514644837062, 0.00028899558807729455, 0.00012639966078927396]}, "1958-10": {"Total Votes": 192599.0, "Parties": ["partido social democr\u00e1tico", "partido trabalhista brasileiro", "uniao democratica nacional", "partido de representacao popular"], "Percent": [0.46416648061516413, 0.28544281122954945, 0.16761250058411517, 0.08277820757117119]}, "1986-11": {"Total Votes": 805764.0, "Parties": ["partido do movimiento democr\u00e1tico brasileiro", "partido del frente liberal", "partido dos trabalhadores", "partido democr\u00e1tico social", "partido democr\u00e1tico trabalhista", "partido trabalhista brasileiro", "partido socialista brasileiro", "partido social crist\u00e3o", "partido democrata crist\u00e3o"], "Percent": [0.6021043382429595, 0.226119558580428, 0.13857159168193167, 0.01104417670682731, 0.008143823749882099, 0.005337791214300961, 0.004661414508466499, 0.002536722911423196, 0.0014805824037807597]}, "2002-10": {"Total Votes": 1652841.0,