{"1950-10": {"Total Votes": 120579.0, "Parties": ["partido social democr\u00e1tico", "uniao democratica nacional", "partido trabalhista brasileiro", "partido social progressista"], "Percent": [0.4981879100009123, 0.29051493211919155, 0.12454905082974647, 0.0867481070501497]}, "1962-10": {"Total Votes": 264162.0, "Parties": ["partido social democr\u00e1tico", "partido trabalhista brasileiro", "uniao democratica nacional", "partido social progressista", "partido democrata crist\u00e3o"], "Percent": [0.5545460740000454, 0.18299755453093178, 0.12931458726084752, 0.10861138240927916, 0.024530401798896134]}, "1994-10": {"Total Votes": 1249585.0, "Parties": ["partido do movimiento democr\u00e1tico brasileiro", "partido progressita", "partido progressista reformador", "partido dos trabalhadores", "partido del frente liberal", "partido da social democracia brasileiro", "partido trabalhista brasileiro", "partido da reconstrucao nacional", "partido comunista do brasil", "partido liberal", "partido democr\u00e1tico trabalhista", "partido socialista brasileiro", "partido da mobiliza\u00e7\u00e3o nacional", "partido socialista dos trabalhadores unificado", "partido republicano progressista", "partido social crist\u00e3o", "partido verde", "partido popular socialista", "partido social democr\u00e1tico"], "Percent": [0.3786761204719967, 0.16369114546029281, 0.13232393154527303, 0.09850310303020603, 0.06293049292365065, 0.05185561606453343, 0.034454638940128124, 0.028540675504267417, 0.02386312255668882, 0.010413857400657018, 0.004191791674836046, 0.0031922598302636476, 0.0023735880312263672, 0.0014292745191403545, 0.0011963972038716855, 0.0010747568192639957, 0.0005897958122096536, 0.0005017665865067202, 0.00019766562498749584]}, "1982-11": {"Total Votes": 1349486.0, "Parties": ["partido do movimiento democr\u00e1tico brasileiro", "partido democr\u00e1tico social", "partido dos trabalhadores", "partido democr\u00e1tico trabalhista"], "Percent": [0.6570212658745627, 0.33572115605497205, 0.006743308192897148, 0.0005142698775682]}, "1945-0": {"Total Votes": 77868.0, "Parties": ["partido social democr\u00e1tico", "uniao democratica nacional", "partido comunista brasileiro"], "Percent": [0.5006035855550419, 0.41195356243899933, 0.0874428520059588]}, "1998-10": {"Total Votes": 1854396.0, "Parties": ["partido do movimiento democr\u00e1tico brasileiro", "partido da social democracia brasileiro", "partido liberal", "partido del frente liberal", "partido dos trabalhadores", "partido social democr\u00e1tico", "partido progressita", "partido trabalhista brasileiro", "partido comunista do brasil", "partido democr\u00e1tico trabalhista", "partido socialista brasileiro", "partido social trabalhista", "partido popular socialista", "partido de reedifica\u00e7\u00e3o da ordem nacional", "partido socialista dos trabalhadores unificado", "partido verde", "partido social crist\u00e3o", "partido dos aposentados da na\u00e7\u00e3o", "partido renovador trabalhista brasileiro", "partido social democrata crist\u00e3o"], "Percent": [0.45700648620898665, 0.12701170623750266, 0.09688114081350477, 0.08313542522740558, 0.05721970927461017, 0.04860558370488288, 0.04150461929382936, 0.028347235434071257, 0.021130330307011017, 0.020672499293570522, 0.0037359873511375132, 0.0036087221931022286, 0.0030985830426726547, 0.002968621588916283, 0.0018868677456163625, 0.001272651580352848, 0.0008487938929980436, 0.0005845569123315624, 0.00032625178225147166, 0.00015422811524615023]}, "1990-10": {"Total Votes": 1099554.0, "Parties": ["partido do movimiento democr\u00e1tico brasileiro", "partido democrata crist\u00e3o", "partido social democr\u00e1tico", "partido dos trabalhadores", "partido da reconstrucao nacional", "partido democr\u00e1tico social", "partido da social democracia brasileiro", "partido comunista do brasil", "partido democr\u00e1tico trabalhista", "partido del frente liberal", "partido socialista brasileiro", "partido liberal", "partido comunista brasileiro", "partido social liberal", "partido social crist\u00e3o", "partido trabalhista do brasil", "partido trabalhista brasileiro", "partido republicano progressista"], "Percent": [0.4612069984739267, 0.1296189182159312, 0.0962735800151698, 0.08897698521400495, 0.06364216764251687, 0.0487170252666081, 0.03606462256514914, 0.02649165025091992, 0.02432713627525342, 0.017262453685767138, 0.002132682887789049, 0.0018807625637303853, 0.0018171003879754882, 0.0007912298986680054, 0.00041198522309954765, 0.00030285006466258135, 6.820947402310391e-05, 1.3641894804620782e-05]}, "1954-10": {"Total Votes": 156333.0, "Parties": ["partido social democr\u00e1tico", "uniao democratica nacional", "partido social progressista", "partido trabalhista brasileiro"], "Percent": [0.4550158955562805, 0.31017123703888494, 0.18023066147262573, 0.05458220593220881]}, "1947-1": {"Total Votes": 0, "Parties": [], "Percent": []}, "2006-10": {"Total Votes": 2841165.0, "Parties": ["partido do movimiento democr\u00e1tico brasileiro", "partido da social democracia brasileiro", "partido progressita", "partido del frente liberal", "partido liberal", "partido dos trabalhadores", "partido trabalhista brasileiro", "partido social crist\u00e3o", "partido socialista brasileiro", "partido democr\u00e1tico trabalhista", "partido comunista do brasil", "partido socialismo e liberdade", "partido popular socialista", "partido verde", "partido trabalhista crist\u00e3o", "partido de reedifica\u00e7\u00e3o da ordem nacional", "partido humanista da solidariedade", "partido republicano progressista", "partido dos aposentados da na\u00e7\u00e3o", "partido da mobiliza\u00e7\u00e3o nacional", "partido trabalhista do brasil", "partido social democrata crist\u00e3o", "partido tancredista nacional", "partido comunista brasileiro", "partido socialista dos trabalhadores unificado", "partido renovador trabalhista brasileiro"], "Percent": [0.26867851743914906, 0.2003181793384052, 0.11546988647262654, 0.08376599035958841, 0.08375191162780057, 0.07920553716521216, 0.07159668657047373, 0.01941034751589577, 0.016949033231086544, 0.015001240688238804, 0.011289735020669338, 0.01063612989741884, 0.005125362307363352, 0.00408107237700028, 0.003989560620379316, 0.002068517667928473, 0.001762657219837637, 0.0015870250407843262, 0.0012818685292828823, 0.0010291552936911442, 0.0009091341051998036, 0.0008471876853333052, 0.00041743439750947233, 0.0003628793118315902, 0.00030198879684917984, 0.00016296132044425437]}, "1958-10": {"Total Votes": 246288.0, "Parties": ["partido social democr\u00e1tico", "uniao democratica nacional", "partido trabalhista brasileiro", "partido social progressista"], "Percent": [0.5832480673033197, 0.14947135061391542, 0.14663320990060416, 0.12064737218216072]}, "1986-11": {"Total Votes": 1478463.0, "Parties": ["partido do movimiento democr\u00e1tico brasileiro", "partido democrata crist\u00e3o", "partido del frente liberal", "partido democr\u00e1tico social", "partido dos trabalhadores", "partido democr\u00e1tico trabalhista", "partido trabalhista brasileiro", "partido comunista brasileiro", "partido liberal", "partido socialista brasileiro", "partido nacionalista", "partido humanista", "partido social crist\u00e3o", "partido comunista do brasil"], "Percent": [0.6364974977392062, 0.1628062386410752, 0.08871104653954817, 0.05089948142090806, 0.04830286588166224, 0.005398850021948469, 0.001610456264377262, 0.001596252324204258, 0.0014670641064402695, 0.0010727356721135395, 0.0009029647681409681, 0.0004944323936412341, 0.00019276775949076845, 4.734646724334664e-05]}, "2002-10": {"Total Votes": 2610673.0,