{"1993-11": {"Total Votes": 9056.0, "Parties": ["partido liberal de honduras", "partido nacional de honduras", "partido de innovaci\u2014n y unidad", "partido dem\u2014crata cristiano de honduras"], "Percent": [0.5037544169611308, 0.47813604240282687, 0.010159010600706713, 0.007950530035335688]}, "1985-11": {"Total Votes": 7053.0, "Parties": ["partido nacional de honduras", "partido liberal de honduras", "partido dem\u2014crata cristiano de honduras", "partido de innovaci\u2014n y unidad"], "Percent": [0.504607968240465, 0.46887849142208987, 0.014887282007656316, 0.011626258329788742]}, "1980-4": {"Total Votes": 4712.0, "Parties": ["partido nacional de honduras", "partido liberal de honduras", "partido de innovaci\u2014n y unidad"], "Percent": [0.5078522920203735, 0.4609507640067912, 0.031196943972835314]}, "2005-11": {"Total Votes": 11488.0, "Parties": ["partido liberal de honduras", "partido nacional de honduras", "partido unificaci\u2014n democr\u2021tica", "partido de innovaci\u2014n y unidad", "partido dem\u2014crata cristiano de honduras"], "Percent": [0.567374651810585, 0.4131267409470752, 0.010532729805013928, 0.005396935933147632, 0.003568941504178273]}, "1981-11": {"Total Votes": 5493.0, "Parties": ["partido liberal de honduras", "partido nacional de honduras", "partido de innovaci\u2014n y unidad", "partido dem\u2014crata cristiano de honduras"], "Percent": [0.5286728563626434, 0.4534862552339341, 0.010558893136719462, 0.007281995266703077]}, "1997-11": {"Total Votes": 10704.0, "Parties": ["partido liberal de honduras", "partido nacional de honduras", "partido de innovaci\u2014n y unidad", "partido dem\u2014crata cristiano de honduras", "partido unificaci\u2014n democr\u2021tica"], "Percent": [0.5632473841554559, 0.4006913303437967, 0.023542600896860985, 0.0075672645739910315, 0.004951420029895366]}, "2001-11": {"Total Votes": 10793.0, "Parties": ["partido nacional de honduras", "partido liberal de honduras", "partido de innovaci\u2014n y unidad", "partido dem\u2014crata cristiano de honduras", "partido unificaci\u2014n democr\u2021tica"], "Percent": [0.523580098211804, 0.45344204577040675, 0.009450569813768184, 0.007597516909107755, 0.005929769294913369]}}