{"1993-11": {"Total Votes": 47235.0, "Parties": ["partido liberal de honduras", "partido nacional de honduras", "partido de innovaci\u2014n y unidad", "partido dem\u2014crata cristiano de honduras"], "Percent": [0.5894781412088493, 0.3854768709643273, 0.014671324229914259, 0.010373663596909072]}, "1985-11": {"Total Votes": 42485.0, "Parties": ["partido liberal de honduras", "partido nacional de honduras", "partido dem\u2014crata cristiano de honduras", "partido de innovaci\u2014n y unidad"], "Percent": [0.5582911615864423, 0.4036012710368365, 0.024290926209250323, 0.013816641167470872]}, "1980-4": {"Total Votes": 22189.0, "Parties": ["partido liberal de honduras", "partido nacional de honduras", "partido de innovaci\u2014n y unidad"], "Percent": [0.5918247780431746, 0.3799179773761774, 0.02825724458064807]}, "2005-11": {"Total Votes": 609528.0, "Parties": ["partido liberal de honduras", "partido nacional de honduras", "partido unificaci\u2014n democr\u2021tica", "partido de innovaci\u2014n y unidad", "partido dem\u2014crata cristiano de honduras"], "Percent": [0.49415941515402084, 0.3829520547046239, 0.08635534380701132, 0.020100799307004764, 0.016432387027339186]}, "1981-11": {"Total Votes": 28701.0, "Parties": ["partido liberal de honduras", "partido nacional de honduras", "partido de innovaci\u2014n y unidad", "partido dem\u2014crata cristiano de honduras"], "Percent": [0.6006062506532873, 0.36751332706177486, 0.018082993623915543, 0.013797428661022263]}, "1997-11": {"Total Votes": 58052.0, "Parties": ["partido liberal de honduras", "partido nacional de honduras", "partido unificaci\u2014n democr\u2021tica", "partido dem\u2014crata cristiano de honduras", "partido de innovaci\u2014n y unidad"], "Percent": [0.49701991318128574, 0.35798938882381315, 0.08178874112864329, 0.03946461792875353, 0.023737338937504307]}, "2001-11": {"Total Votes": 62607.0, "Parties": ["partido nacional de honduras", "partido liberal de honduras", "partido unificaci\u2014n democr\u2021tica", "partido dem\u2014crata cristiano de honduras", "partido de innovaci\u2014n y unidad"], "Percent": [0.435494433529797, 0.4128931269666331, 0.09431852668231987, 0.0424393438433402, 0.014854568977909818]}}