{"1993-11": {"Total Votes": 101653.0, "Parties": ["partido liberal de honduras", "partido nacional de honduras", "partido de innovaci\u2014n y unidad", "partido dem\u2014crata cristiano de honduras"], "Percent": [0.5722605333831761, 0.4034607930902187, 0.012916490413465417, 0.0113621831131398]}, "1985-11": {"Total Votes": 87864.0, "Parties": ["partido liberal de honduras", "partido nacional de honduras", "partido dem\u2014crata cristiano de honduras", "partido de innovaci\u2014n y unidad"], "Percent": [0.5962396430847674, 0.38318310115633253, 0.011597468815442047, 0.008979786943458072]}, "1980-4": {"Total Votes": 56393.0, "Parties": ["partido liberal de honduras", "partido nacional de honduras", "partido de innovaci\u2014n y unidad"], "Percent": [0.5856577944071073, 0.39859557037220933, 0.015746635220683418]}, "2005-11": {"Total Votes": 3368568.0, "Parties": ["partido liberal de honduras", "partido nacional de honduras", "partido unificaci\u2014n democr\u2021tica", "partido dem\u2014crata cristiano de honduras", "partido de innovaci\u2014n y unidad"], "Percent": [0.5372015645817451, 0.39898971907350533, 0.029070513048868242, 0.02287915814672585, 0.011859045149155367]}, "1981-11": {"Total Votes": 70368.0, "Parties": ["partido liberal de honduras", "partido nacional de honduras", "partido de innovaci\u2014n y unidad", "partido dem\u2014crata cristiano de honduras"], "Percent": [0.6007844474761255, 0.3743889267849022, 0.014267849022282855, 0.010558776716689405]}, "1997-11": {"Total Votes": 111702.0, "Parties": ["partido liberal de honduras", "partido nacional de honduras", "partido dem\u2014crata cristiano de honduras", "partido de innovaci\u2014n y unidad", "partido unificaci\u2014n democr\u2021tica"], "Percent": [0.5537770138403968, 0.399482551789583, 0.018710497573901988, 0.018101734973411398, 0.009928201822706845]}, "2001-11": {"Total Votes": 122644.0, "Parties": ["partido liberal de honduras", "partido nacional de honduras", "partido unificaci\u2014n democr\u2021tica", "partido dem\u2014crata cristiano de honduras", "partido de innovaci\u2014n y unidad"], "Percent": [0.5025928704217083, 0.4201510061641825, 0.04181207397019014, 0.019250839829098854, 0.01619320961482013]}}