{"1993-11": {"Total Votes": 10575.0, "Parties": ["partido liberal de honduras", "partido nacional de honduras", "partido dem\u2014crata cristiano de honduras", "partido de innovaci\u2014n y unidad"], "Percent": [0.47914893617021276, 0.4366903073286052, 0.06959810874704492, 0.014562647754137115]}, "1985-11": {"Total Votes": 8921.0, "Parties": ["partido nacional de honduras", "partido liberal de honduras", "partido dem\u2014crata cristiano de honduras", "partido de innovaci\u2014n y unidad"], "Percent": [0.6148413854948996, 0.3572469454097074, 0.018607779396928596, 0.009303889698464298]}, "1980-4": {"Total Votes": 4135.0, "Parties": ["partido nacional de honduras", "partido liberal de honduras", "partido de innovaci\u2014n y unidad"], "Percent": [0.5177750906892382, 0.4570737605804111, 0.025151148730350664]}, "2005-11": {"Total Votes": 12479.0, "Parties": ["partido liberal de honduras", "partido nacional de honduras", "partido unificaci\u2014n democr\u2021tica", "partido dem\u2014crata cristiano de honduras", "partido de innovaci\u2014n y unidad"], "Percent": [0.512781472874429, 0.4176616716083019, 0.048882121964901035, 0.010818174533215803, 0.009856559019152175]}, "1981-11": {"Total Votes": 5903.0, "Parties": ["partido nacional de honduras", "partido liberal de honduras", "partido dem\u2014crata cristiano de honduras", "partido de innovaci\u2014n y unidad"], "Percent": [0.5168558360155853, 0.4551922751143486, 0.01660172793494833, 0.011350160935117736]}, "1997-11": {"Total Votes": 9725.0, "Parties": ["partido nacional de honduras", "partido liberal de honduras", "partido de innovaci\u2014n y unidad", "partido dem\u2014crata cristiano de honduras", "partido unificaci\u2014n democr\u2021tica"], "Percent": [0.4989203084832905, 0.43280205655526993, 0.042982005141388176, 0.023033419023136246, 0.0022622107969151673]}, "2001-11": {"Total Votes": 11980.0, "Parties": ["partido liberal de honduras", "partido nacional de honduras", "partido de innovaci\u2014n y unidad", "partido dem\u2014crata cristiano de honduras", "partido unificaci\u2014n democr\u2021tica"], "Percent": [0.5072621035058431, 0.4337228714524207, 0.03005008347245409, 0.024457429048414022, 0.004507512520868113]}}