{"1998-3": {"Total Votes": 6824229.0, "Parties": ["indian national congress", "bharatiya janata party", "communist party of india (marxist)", "west bengal trinamool congress", "rashtriya janata dal", "samata party", "janata dal", "telugu desam party", "samajwadi party", "lok shakti", "bahujan samaj party", "all india rashtriya janata party", "independent", "national loktantrik party", "shivsena", "karnataka vikash party", "bharatiya kisan kamgar party", "apna dal", "jai telengana party", "loktantrik samajwadi party"], "Percent": [0.27337095516577764, 0.19316101496593974, 0.15837789148048811, 0.06229465629010984, 0.05137327601403763, 0.05077760432717015, 0.04092916577096108, 0.03519313317299288, 0.033867122571648756, 0.032409668550102876, 0.029375919243038298, 0.023805180043049552, 0.007970277667997367, 0.0024855555111060897, 0.001878893571713376, 0.0015383422801315723, 0.00034069782828214, 0.00031974308013403417, 0.000279445487541523, 0.0002514569777772698]}, "1977-3": {"Total Votes": 3522453.0, "Parties": ["indian national congress", "bharatiya lok dal", "communist party of india (marxist)", "independent", "republican party of india"], "Percent": [0.4314558632861815, 0.3659750747561429, 0.1755469838774286, 0.026000346917332894, 0.0010217311629140261]}, "2004-4": {"Total Votes": 7157418.0, "Parties": ["indian national congress", "bharatiya janata party", "communist party of india (marxist)", "telangana rashtra samithi", "rashtriya janata dal", "bahujan samaj party", "janata dal (united)", "all india trinamool congress", "independent", "janata dal (secular)", "samajwadi party", "national loktantrik party", "jharkhand disom party", "samata party", "communist party of india (marxist-leninist) (liberation)", "rashtriya lok dal", "sampurna vikas dal", "apna dal", "rashtriya samanta dal", "shoshit samaj dal"], "Percent": [0.232874340998388, 0.2215547561983945, 0.158463429130449, 0.06339408987989803, 0.06333093861501451, 0.053244759492878574, 0.04750330356561542, 0.046095393618201426, 0.03524022210243973, 0.03462729157358142, 0.029327335639751654, 0.006336223481708069, 0.0023655178445635004, 0.0020035157929856827, 0.0017342846261039944, 0.0006380792626614793, 0.000525189390922816, 0.00035599429850261644, 0.00019364525028439027, 0.000191689237655255]}, "1989-11": {"Total Votes": 5954908.0, "Parties": ["indian national congress", "communist party of india (marxist)", "bharatiya janata party", "janata dal", "telugu desam", "communist party of india", "independent", "bahujan samaj party", "janata pary (jp)", "doordarshi party", "lok dal (bahuguna)", "muslim league", "akhil bharatiya jan sangh", "socialist unity centre of india", "amara bengali", "all india dalit muslim minorities suraksha mahasangh"], "Percent": [0.4242067215815929, 0.18364381112185107, 0.12644275948511716, 0.12230516407642233, 0.04827782393951342, 0.02872504495451483, 0.027848121247213222, 0.022074228518727746, 0.007994078162080758, 0.004030960679829143, 0.0015414176004062531, 0.0012863338946630242, 0.0009111811635041213, 0.0003612146484882722, 0.00023476433221134566, 0.00011637459386442242]}, "1985-9": {"Total Votes": 0, "Parties": [], "Percent": []}, "1991-6": {"Total Votes": 5368412.0, "Parties": ["indian national congress", "communist party of india (marxist)", "bharatiya janata party", "janata dal", "communist party of india", "janata party", "telugu desam", "independent", "bahujan samaj party", "door darshi party", "lok dal", "muslim league", "akhil bharatiya jansangh", "azad hind fauz (rajkiya)"], "Percent": [0.39107542416640145, 0.19336202213988046, 0.19290769784435324, 0.056593085627556154, 0.0520585975890077, 0.03969125320485834, 0.03233544668330225, 0.019669503756418103, 0.019126140095059765, 0.0012208451959350361, 0.00113143328045612, 0.0004362556376075458, 0.00026972594502806417, 0.00012256883413568108]}, "1984-12": {"Total Votes": 4780175.0, "Parties": ["indian national congress", "communist party of india (marxist)", "bharatiya janta party", "janata party", "telugu desam", "independent", "lok dal", "communist party of india", "doordarshi party", "muslim league", "indian congress (j)"], "Percent": [0.5060563682291966, 0.17442332132191812, 0.10344349317755103, 0.07965607953683705, 0.05512852562929182, 0.03206619004534352, 0.02441918967401821, 0.021962585051802496, 0.0020409294638794604, 0.00042655342116135913, 0.0003767644490002981]}, "1996-5": {"Total Votes": 6161316.0, "Parties": ["indian national congress", "communist party of india (marxist)", "bharatiya janata party", "janata dal", "samata party", "telugu desam party", "independent", "bahujan samaj party", "all india indira congress (tiwari)", "ntr telugu desam party (lakshmi parvathi)", "karnataka congress party", "jharkhand mukti morcha", "shivsena", "bhoomijotak samooh", "peoples democratic party", "janata party", "akhil bharatiya jan sangh", "republican party of india", "akhil bhartiya loktantra party", "akhil bharatiya rashtriya azad hind party", "rashtriya surajya parishad", "lok dal", "bahujan kranti dal", "apna dal", "shoshit samaj dal", "bharatiya minorities suraksha mahasangh", "akhil bharatiya mahasand sarvahara krantikari party", "proutist sarva samaj samiti"], "Percent": [0.366755089334811, 0.18235519814273443, 0.156168909369362, 0.11793373363742421, 0.04576343755132832, 0.042002228095426364, 0.03891262840600937, 0.02633690594671658, 0.007970699766088933, 0.004929790973227148, 0.0027000725169752694, 0.0016709092667865112, 0.0014696535610249498, 0.001177021272728099, 0.0007719130133886981, 0.0005305684694633419, 0.0005002178106105903, 0.0004929141761273078, 0.0004265322538236961, 0.00020677400737115253, 0.00019849655495676573, 0.00014444965978047548, 0.00013649681334312346, 0.00011977960552583247, 0.00010955451724923701, 9.73817931104329e-05, 7.336095080985945e-05, 4.5282533796351296e-05]}, "2009-5": {"Total Votes": 4253719.0, "Parties": ["all india trinamool congress", "indian national congress", "communist party of india", "bharatiya janata party", "communist party of india (marxist)", "telangana rashtra samithi", "praja rajyam party", "independent", "bharatiya socialist party", "communist party of india (marxist-leninist) (liberation)", "lok satta party", "jharkhand disom party", "pyramid party of india", "indian justice party", "bahujan samaj party(ambedkar-phule)", "jharkhand mukti morcha", "samajwadi party", "rashtriya dehat morcha party"], "Percent": [0.24749190061684845, 0.18401121465710357, 0.1471472375114576, 0.128364849676248, 0.11578080263411852, 0.09141153893804457, 0.02840149995803672, 0.020728919799356753, 0.013824843625072554, 0.005549966981834013, 0.004559539546453351, 0.002919092681016306, 0.0026388673064675875, 0.002199251995724212, 0.0017398892592576049, 0.0012537264450237545, 0.0011505226367797214, 0.0008263357311566655]}, "1999-10": {"Total Votes": 6826804.0, "Parties": ["indian national congress", "bharatiya janata party", "communist party of india (marxist)", "all india trinamool congress", "janata dal (united)", "rashtriya janata dal", "samajwadi party", "bahujan samaj party", "independent", "janata dal (secular)", "marxist communist party of india (s.s.srivastava)", "ajeya bharat party", "apna dal", "bharatiya republican paksha", "rajasthan vikas party", "jharkhand mukti morcha", "shivsena", "shoshit samaj dal", "gujarat yuva vikas party", "muslim league kerala state committee"], "Percent": [0.3219755540074096, 0.2656758565208551, 0.16106511919779737, 0.0627217362619463, 0.05077266023749913, 0.04757716788119302, 0.03469222201193999, 0.03174589456501168, 0.012813023488004054, 0.005467419307775645, 0.001535564811879761, 0.0013981652322228673, 0.0005468151714916673, 0.00047372093881705113, 0.00044676835602721276, 0.00042889762178612424, 0.0001945273366570946, 0.0001807580824057641, 0.00016039716388517965, 0.00012773180539532114]}, "1980-1": {"Total Votes": 3786543.0,