{"1998-3": {"Total Votes": 19513679.0, "Parties": ["indian national congress", "bharatiya janata party", "communist party of india (marxist)", "rashtriya janata dal", "telugu desam party", "janata dal", "west bengal trinamool congress", "independent", "dravida munnetra kazhagam", "samajwadi party", "bahujan samaj party", "marumalarchi dravida munnetra kazhagam", "haryana lok dal (rastriya)", "pattali makkal katchi", "samata party", "tamil maanila congress (moopanar)", "jammu & kashmir national conference", "communist party of india", "communist party of india (marxist-lenninist)(liberation)", "jammu and kashmir awami league", "bihar jana congress", "bharatiya kisan kamgar party", "samajwadi janata party (rashtriya)", "akhil bharatiya bhrastachar nirmoolan sena", "lok shakti", "gondvana gantantra party", "rastreeya praja parishat", "ajeya bharat party", "janata party", "akhil bartiya manav seva dal", "shivsena", "maharashtra rashtravadi congress", "national loktantrik party", "rajasthan vikash party", "national panthers party", "republican presidium party of india", "national people's party", "all india rashtriya janata party", "republican party of india", "apna dal", "indian congress (socialist)"], "Percent": [0.27881856619656403, 0.22898173122556748, 0.0995617484534823, 0.055517721696662116, 0.04727934696476251, 0.04507386843864757, 0.03938273249242237, 0.03358408222252707, 0.030035597080386535, 0.029971744436300296, 0.02048829439082195, 0.01640597859583526, 0.015858157756925284, 0.015649124903612487, 0.014380015167821506, 0.011770051152322429, 0.006721643827388982, 0.003301376434448881, 0.002383456241132182, 0.0010681225206174603, 0.0008556049323144037, 0.0004239077623445584, 0.00036415480648216056, 0.00027273175909063585, 0.00024495637137415246, 0.00019002054917476095, 0.00018899562711880216, 0.00017679905465289248, 0.00017187942878429025, 0.00014605139297412857, 0.00013180497639630128, 0.00010228722118468793, 9.665014987691455e-05, 9.167927790551438e-05, 6.615871871214034e-05, 6.226401489949692e-05, 5.4628345582603874e-05, 4.309797245306741e-05, 3.361744343544854e-05, 2.8236602641664855e-05, 2.1113394352751215e-05]}, "1977-3": {"Total Votes": 9974486.0, "Parties": ["bharatiya lok dal", "indian national congress", "communist party of india (marxist)", "all india anna dravida munnetra kazhagam", "dravida munnetra kazhagam", "independent", "kerala congress", "communist party of india", "kerala congress (pillai group)", "jammu & kashmir national conference", "republican party of india (khobragade)"], "Percent": [0.4056698259940412, 0.29239070564638614, 0.07643662039327138, 0.05339062082998562, 0.05287249889367733, 0.037594618910688736, 0.02430070080804164, 0.02364813585381743, 0.017413629133370884, 0.01475985830247293, 0.0015227852342466568]}, "2004-4": {"Total Votes": 20132636.0, "Parties": ["indian national congress", "bharatiya janata party", "communist party of india (marxist)", "rashtriya janata dal", "janata dal (united)", "bahujan samaj party", "independent", "telugu desam", "pattali makkal katchi", "nationalist congress party", "all india trinamool congress", "samajwadi party", "all india anna dravida munnetra kazhagam", "janata dal (secular)", "indian national lok dal", "jammu & kashmir national conference", "jammu & kashmir peoples democratic party", "communist party of india (marxist-leninist) (liberation)", "haryana vikas party", "pyramid party of india", "communist party of india", "rashtriya samaj paksha", "samata party", "kannada nadu party", "apna dal", "telangana rashtra samithi", "rashtriya vikas party", "janata party", "bharipa bahujan mahasangha", "rajasthan vikas party", "jammu & kashmir national panthers party", "akhil bharat hindu mahasabha", "chhattisgarhi samaj party", "jharkhand party", "rashtriya samanta dal", "all india minorities front", "lok jan shakti party", "shivsena", "national loktantrik party", "loktantrik samajwadi party", "maharashtra rajiv congress", "kranti kari jai hind sena", "labour party (secular)"], "Percent": [0.2856004549031731, 0.18050815601096648, 0.11203296975120397, 0.044597091011827766, 0.04280810520788236, 0.037744982822914996, 0.03636269984715365, 0.0363509775868396, 0.03532935279811347, 0.03277792336780936, 0.031287954543061325, 0.02884585009136409, 0.02710271024618932, 0.023121860445894916, 0.016135989345856153, 0.00634060040622599, 0.0058491098731432885, 0.002646995654220341, 0.002287777914427102, 0.0016703227535629214, 0.001601032274164198, 0.0015015420732784322, 0.0010621063232852368, 0.0007248429862835646, 0.0006167101019459151, 0.0005984313231511264, 0.0005375848448260824, 0.00046898975375107366, 0.0004549329754931247, 0.00038107280139570396, 0.00037108901189094164, 0.0003598634575224029, 0.00033820707829814237, 0.0002732379406253607, 0.0002700590225740931, 0.00024209447784184844, 0.00021810358067368823, 0.00016222416180374988, 0.00012164328605553688, 0.00012000415643535203, 6.948916177692778e-05, 6.720431442757918e-05, 3.765031066970068e-05]}, "1989-11": {"Total Votes": 15699475.0, "Parties": ["indian national congress", "janata dal", "communist party of india (marxist)", "bharatiya janata party", "telugu desam", "dravida munnetra kazhagam", "independent", "pattali makkal katchi", "janata pary (jp)", "humnist party of india", "doordarshi party", "bahujan samaj party", "lok dal (bahuguna)", "communist party of india", "indian peoples front", "jammu & kashmir national conference", "amara bengali", "communist party of india(marxist-leninist)", "republican party of india", "tharasu makkal mandaram", "tamiliar kazhagam", "proutist block of india", "republican presidium party", "socialist party (lohiya)", "soshit samaj dal", "sadharam rajya parishad", "all india dalit muslim minorities suraksha mahasangh", "deseeya karshaka party"], "Percent": [0.4322278292745457, 0.16704877073914895, 0.11975617019040447, 0.08401077106081573, 0.06253979830535734, 0.03405088386713568, 0.02782978411698481, 0.024636428925171067, 0.017651481976308125, 0.007656115889225595, 0.0039385393460609356, 0.00375203629420729, 0.003542921021244341, 0.0026897714732499016, 0.0023597604378490364, 0.0022382277114362105, 0.000864742292337801, 0.0007704716240511227, 0.0006214220539221853, 0.0004177846711434618, 0.00036440709004600475, 0.00021280966401742733, 0.00017777664539737794, 0.00017771294899988693, 0.00015535551348054634, 0.00012280665436264587, 0.00010076770083076027, 8.465251226553754e-05]}, "1985-9": {"Total Votes": 0, "Parties": [], "Percent": []}, "1991-6": {"Total Votes": 14541289.0, "Parties": ["indian national congress", "bharatiya janata party", "janata dal", "communist party of india (marxist)", "telugu desam", "janata party", "dravida munnetra kazhagam", "independent", "pattali makkal katchi", "bahujan samaj party", "haryana vikas party", "door darshi party", "sampooran kranti das", "indian peoples front", "communist party of india", "communist party of india (marxist-leninist)", "lok dal", "tharasu makkal mandram", "republican presidium party of india", "jharkhand party", "bharatiya krishi udyog sangh", "akhil bharat hindu mahasabha", "navbharat party", "jan parishad", "marxist communist party of india (s.s. srivastava)", "all india forward bloc"], "Percent": [0.43259452446065816, 0.1430554058859569, 0.12304878886596643, 0.09925612509317434, 0.06206299867914049, 0.04690175678373492, 0.031945379807801086, 0.025664987471193234, 0.020991605352180268, 0.005133588913610066, 0.0021845381107548304, 0.0015570834194960296, 0.0015390657595760597, 0.0013879099713924948, 0.001114275357569745, 0.0003946692758805633, 0.00031572166676558045, 0.0002560983417632371, 0.0001399463280043468, 0.0001356826069545829, 0.00012763655271551237, 0.00012323529227704642, 3.349084114895179e-05, 1.677980542165141e-05, 1.5198102451577711e-05, 3.5072544119025485e-06]}, "1984-12": {"Total Votes": 12886120.0,