{"1998-3": {"Total Votes": 3839396.0, "Parties": ["indian national congress", "communist party of india (marxist)", "bharatiya janata party", "revolutionary socialist party", "west bengal trinamool congress", "communist party of india", "tamil maanila congress (moopanar)", "pattali makkal katchi", "bahujan samaj party", "independent", "samajwadi party", "communist party of india (marxist-lenninist)(liberation)", "puthiya tamilagam", "rashtriya janata dal", "apna dal", "ajeya bharat party", "bahujan vikas party"], "Percent": [0.2632703164768625, 0.12437268778734989, 0.1104288278677167, 0.1031789896119077, 0.10146491791938107, 0.08387543248990206, 0.0745164083100571, 0.06345841898048547, 0.027928872145514556, 0.024561415389295606, 0.019771859948804447, 0.0012457688657278383, 0.0005701417618812959, 0.0005521701851020316, 0.00043340150377819844, 0.00021800304006150967, 0.0001523677161720229]}, "1977-3": {"Total Votes": 2098034.0, "Parties": ["bharatiya lok dal", "indian national congress", "revolutionary socialist party", "communist party of india", "independent", "indian national congress (org)", "socialist unity centre of india"], "Percent": [0.29780642258419077, 0.2475336434013939, 0.1298253507807786, 0.11643138290418553, 0.10596253444891741, 0.09434403827583347, 0.0080966276047004]}, "2004-4": {"Total Votes": 3816835.0, "Parties": ["indian national congress", "communist party of india (marxist)", "bharatiya janata party", "all india trinamool congress", "communist party of india", "all india anna dravida munnetra kazhagam", "independent", "bahujan samaj party", "janata dal (united)", "samajwadi party", "uttarakhand kranti dal", "communist party of india (marxist-leninist) (liberation)", "all kerala m.g.r. dravida munnetra party", "bharat ki lok jimmedar party", "janata party", "indian justice party", "shivsena", "rashtriya swabhimaan party"], "Percent": [0.3136824096404482, 0.22597440025570925, 0.13537629999724904, 0.11785890665957528, 0.07494612683021404, 0.056452270009052, 0.02791317937505813, 0.019637474504399587, 0.01287034938633711, 0.009896681412741184, 0.0013815111211252255, 0.0012250988056858628, 0.0005653899107506612, 0.0005384042013867511, 0.0005245183509373604, 0.0004962226556819983, 0.0004417272425975972, 0.0002190296410507659]}, "1989-11": {"Total Votes": 3453265.0, "Parties": ["indian national congress", "communist party of india (marxist)", "independent", "revolutionary socialist party", "dravida munnetra kazhagam", "janata dal", "bharatiya janata party", "pattali makkal katchi", "bahujan samaj party", "uttar khand kranti dal", "indian peoples front", "doordarshi party", "tharasu makkal mandaram", "janata pary (jp)"], "Percent": [0.4738700910587516, 0.11362956506378746, 0.11253755503849261, 0.10407339141363318, 0.07255365574318796, 0.05268579156247783, 0.03051459995106081, 0.018591970207904693, 0.009504628228647382, 0.007313079071545335, 0.0019943444826852267, 0.0014348739526216495, 0.0007039714588946982, 0.0005924827663095649]}, "1985-9": {"Total Votes": 0, "Parties": [], "Percent": []}, "1991-6": {"Total Votes": 3314743.0, "Parties": ["indian national congress", "communist party of india (marxist)", "revolutionary socialist party", "bharatiya janata party", "communist party of india", "dravida munnetra kazhagam", "janata dal", "independent", "muslim league", "bahujan samaj party", "janata party", "door darshi party", "republican party of india", "lok dal"], "Percent": [0.4756175667314178, 0.10623417863768021, 0.10341555891361713, 0.09155641930611211, 0.0876695418015816, 0.06113927987780651, 0.02471865842992956, 0.020760282169688567, 0.01136649206288391, 0.011074765072284639, 0.00437650822401616, 0.0008875499548532119, 0.0008591917985798597, 0.0003240070195487252]}, "1984-12": {"Total Votes": 2731412.0, "Parties": ["indian national congress", "independent", "communist party of india (marxist)", "dravida mummetra kazhagam", "lok dal", "bharatiya janta party", "socialist unity centre of india", "doordarshi party"], "Percent": [0.524041045437305, 0.20083861387443563, 0.11494238144959457, 0.07885664996712323, 0.07133965875525186, 0.005958822762732243, 0.003396777930242673, 0.0006260498233148276]}, "1996-5": {"Total Votes": 3784003.0, "Parties": ["indian national congress", "communist party of india (marxist)", "tamil maanila congress (moopanar)", "revolutionary socialist party", "communist party of india", "all india indira congress (tiwari)", "bharatiya janata party", "independent", "bahujan samaj party", "samajwadi party", "pattali makkal katchi", "marumalarchi dravida munnetra kazhagam", "all india forward bloc", "janata party", "communist party of india (marxist-leninist) (liberation)", "shivsena"], "Percent": [0.3312774857736635, 0.1169563026244958, 0.09719284049193407, 0.09508079142643386, 0.08261674211146239, 0.08124967131368553, 0.06500602668655389, 0.03994103598755075, 0.035889242159691734, 0.029945272242120315, 0.010215636721218245, 0.007983344622084073, 0.0033924391708991773, 0.0017843537650472265, 0.000824259388800696, 0.0006445555143587359]}, "2009-5": {"Total Votes": 1901888.0, "Parties": ["all india trinamool congress", "communist party of india (marxist)", "indian national congress", "bharatiya janata party", "bharatiya socialist party", "independent", "samajwadi party", "uttarakhand kranti dal", "all india united democratic front", "lok jan shakti party", "akhil bhartiya rajarya sabha", "communist party of india (marxist-leninist) (liberation)", "ambedkar national congress", "janata dal (samajwadi)"], "Percent": [0.33527946966382877, 0.244339309149645, 0.168977878823569, 0.1333085859945486, 0.07855667631322139, 0.012625874920079416, 0.01080137211023993, 0.00489986792071878, 0.004461882087693912, 0.0019096813271864588, 0.0018723500016825387, 0.001103640172291954, 0.0010915469260019516, 0.0007718645892923243]}, "1999-10": {"Total Votes": 3840895.0, "Parties": ["indian national congress", "communist party of india (marxist)", "all india trinamool congress", "bharatiya janata party", "pattali makkal katchi", "communist party of india", "bahujan samaj party", "independent", "samajwadi party", "janata dal (united)", "tamil maanila congress (moopanar)", "communist party of india (marxist-lenninist) (liberation)", "ajeya bharat party", "uttarakhand kranti dal", "apna dal", "shivsena"], "Percent": [0.34897126841530424, 0.21011691285494657, 0.10423143564195324, 0.10315173937324504, 0.07400696972971144, 0.0713128059996433, 0.03215630731899727, 0.016571137716599908, 0.016478711342017942, 0.011085697474156414, 0.00911193875385815, 0.001028406139714832, 0.000668073456837534, 0.00043245129064970535, 0.0003730901261294568, 0.00030305436623495304]}, "1980-1": {"Total Votes": 2239542.0, "Parties": ["indian natioanl congress (i)", "communist party of india (marxist)", "janta party", "revolutionary socialist party", "communist party of india", "janta party (secular)", "independent", "indian national congress (u)", "socialist unity centre of india"], "Percent": [0.507032687933515, 0.13746739288658127, 0.12297693010445886, 0.08285711989326389, 0.07446209984005658, 0.03516701182652525, 0.022597924039826002, 0.008918341339434581, 0.00852049213633859]}, "1992-2": {"Total Votes": 0, "Parties": [], "Percent": []}, "1985-12": {"Total Votes": 0, "Parties": [], "Percent": []}}