{"1998-3": {"Total Votes": 3515887.0, "Parties": ["bharatiya janata party", "indian national congress", "communist party of india (marxist)", "biju janata dal", "janata dal", "samajwadi party", "bahujan samaj party", "all india rashtriya janata party", "independent", "all india forward bloc", "jharkhand mukti morcha", "communist party of india (marxist-lenninist)(liberation)", "rashtriya janata dal", "bihar jana congress", "lok shakti", "proutist sarva samaj samiti", "shivsena", "bharatiya kisan kamgar party"], "Percent": [0.310953679683107, 0.23502689364021087, 0.16463128650039094, 0.09963744568582551, 0.062254276090215645, 0.053929492045677235, 0.03994923613870412, 0.014609115708212465, 0.008088143902235768, 0.0025706173150616047, 0.002081693751818531, 0.001436337402197511, 0.0012781980763318047, 0.0011536206937253672, 0.00093973441125952, 0.0009320549835646026, 0.00033732597208044514, 0.000190847999381095]}, "1977-3": {"Total Votes": 1526673.0, "Parties": ["bharatiya lok dal", "indian national congress", "independent", "communist party of india (marxist)", "jharkhand party"], "Percent": [0.5231303625596313, 0.3607098573171858, 0.1055052391704052, 0.008925290484602793, 0.0017292504681749137]}, "2004-4": {"Total Votes": 3749251.0, "Parties": ["indian national congress", "bharatiya janata party", "communist party of india (marxist)", "biju janata dal", "bahujan samaj party", "samajwadi party", "independent", "janata dal (united)", "jharkhand disom party", "lok jan shakti party", "apna dal", "communist party of india (marxist-leninist) (liberation)", "indian justice party", "shivsena", "national loktantrik party", "bharat kranti rakshak party", "janata party", "samata party", "rashtriya swabhimaan party", "jharkhand people\u2019s party"], "Percent": [0.24624438321147346, 0.23209035618047447, 0.18957893189866457, 0.13249312996115759, 0.05998371408049235, 0.053713395022099084, 0.034756542039996785, 0.029765945251464893, 0.005750481896250745, 0.005176767306323316, 0.004864171537195029, 0.0010100684109972898, 0.0009697937001283723, 0.0006635992095487872, 0.0005833165077504814, 0.0005513101150069707, 0.00048142949085030584, 0.000477428691757367, 0.00045875829599031914, 0.00038647719237789094]}, "1989-11": {"Total Votes": 2936182.0, "Parties": ["indian national congress", "janata dal", "communist party of india (marxist)", "bharatiya janata party", "bahujan samaj party", "independent", "doordarshi party", "janata pary (jp)", "jharkhand dal", "barat desam labour party", "lok dal (bahuguna)", "bhartiya loktantrik mazdoor sangh"], "Percent": [0.3603891039451914, 0.2460446934147815, 0.17575170748952212, 0.17346131813354893, 0.017955971394143823, 0.0119536186789511, 0.00796851148872924, 0.0039231219318148535, 0.0010190104019437488, 0.000901170295301858, 0.0004359402789064166, 0.00019583254716499181]}, "1985-9": {"Total Votes": 0, "Parties": [], "Percent": []}, "1991-6": {"Total Votes": 2774477.0, "Parties": ["indian national congress", "bharatiya janata party", "janata dal", "communist party of india (marxist)", "janata party", "independent", "bahujan samaj party", "door darshi party", "jharkhand mukti morcha", "all india forward bloc", "yuva vikas party", "proutist bloc of india", "jharkhand party", "akhil bharatiya manav seva das", "akhil bharat hindu mahasabha", "akhil bharatiya loktantric alpsankhyak janmorcha"], "Percent": [0.3059246841837218, 0.24862667810906341, 0.20480796921365718, 0.17290501957666254, 0.025365140889616312, 0.022407466344107372, 0.014500030095762192, 0.0019520796171674877, 0.0014500030095762192, 0.0005085643168063747, 0.00036655557065349615, 0.00028329663572630086, 0.00027536721335228223, 0.00026743779097826366, 0.0002670773626885355, 9.263007046012635e-05]}, "1984-12": {"Total Votes": 2240778.0, "Parties": ["indian national congress", "janata party", "communist party of india (marxist)", "lok dal", "independent", "bharatiya janta party", "jharkhand mukti morcha", "doordarshi party", "all india forward block"], "Percent": [0.5165759392496714, 0.17163949306892518, 0.16358023864925486, 0.07380561572810872, 0.039426484908366644, 0.02427014188821918, 0.0045131646240725316, 0.003920067048141315, 0.0022688548352402605]}, "1996-5": {"Total Votes": 3082323.0, "Parties": ["indian national congress", "bharatiya janata party", "communist party of india (marxist)", "janata dal", "gujarat adijati vikash paksh", "bahujan samaj party", "samajwadi party", "independent", "jharkhand mukti morcha", "apna dal", "proutist sarva samaj samiti", "jharkhand mukti morcha (mardi)", "indian national league", "bira oriya party", "all india indira congress (tiwari)", "jharkhand party", "akhil bharatiya lok tantrik alp-sankhyak jan morcha", "pragtisheel manav samaj party", "jharkhand people's party", "bhartiya jan kisan party"], "Percent": [0.2924252260389323, 0.20134943677220074, 0.18761142164529804, 0.16303969441229876, 0.04440611837240938, 0.033609066927768445, 0.03252741519951024, 0.02951637450066071, 0.00698142277756095, 0.0020568902091052756, 0.001409002236300349, 0.0012694970643894231, 0.0009538260591119101, 0.0006774111603488667, 0.0005784598174818148, 0.00038801903629178384, 0.0003604424325419497, 0.000350385082939069, 0.00033286582879211556, 0.00015702442605787907]}, "2009-5": {"Total Votes": 4326570.0, "Parties": ["indian national congress", "bharatiya janata party", "biju janata dal", "all india anna dravida munnetra kazhagam", "rashtriya janata dal", "independent", "desiya murpokku dravida kazhagam", "bharatiya socialist party", "janata dal (samajwadi)", "jharkhand vikas morcha (prajatantrik)", "bira oriya party", "lok jan shakti party", "communist party of india (marxist)", "akhil bartiya manav seva dal", "shiv sena", "puthiya needhi katchi", "samajwadi party", "loktantrik samata dal", "kalinga sena", "janata dal (united)", "jharkhand party (naren)", "jharkhand people's party", "national lokhind party", "bharatiya momin front", "samata party", "jharkhand vikas dal"], "Percent": [0.35421893093143064, 0.2810632903200456, 0.1074960072297455, 0.06700411642478915, 0.06337791830480034, 0.03403065245679603, 0.024437140737350836, 0.021516351289820806, 0.011290699098824242, 0.0072960798045564965, 0.005869545621589389, 0.005458134272645537, 0.005083934849083685, 0.0023871103437596063, 0.0018709971178092577, 0.0013918646872695924, 0.001196790991478238, 0.0008711288618929083, 0.0008422376154783119, 0.0006621873678225477, 0.0005812918778616779, 0.0005773626683492929, 0.00045185909392428646, 0.00040077937026328014, 0.00034276574746277074, 0.00028082291514987625]}, "1999-10": {"Total Votes": 3256431.0, "Parties": ["bharatiya janata party", "indian national congress", "communist party of india (marxist)", "biju janata dal", "bahujan samaj party", "samajwadi party", "jharkhand mukti morcha", "janata dal (united)", "apna dal", "independent", "communist party of india (marxist-lenninist) (liberation)", "all india forward bloc", "ajeya bharat party", "bira oriya party", "janata dal (secular)", "bharatiya republican paksha", "nationalist congress party"], "Percent": [0.3341741311269915, 0.22904615513118504, 0.18368882988768992, 0.1251686278628351, 0.0473619738910482, 0.02739901444249855, 0.015446051213736756, 0.011361825262073725, 0.010612538696505469, 0.008950903611960456, 0.0019364758534727129, 0.001453124601749584, 0.0012443070342961359, 0.0009581041330217038, 0.0005549019770417368, 0.00044404441549659735, 0.0001989908583968154]}, "1980-1": {"Total Votes": 1774551.0, "Parties": ["indian natioanl congress (i)", "communist party of india (marxist)", "janta party", "janta party (secular)", "indian national congress (u)", "independent", "all india forward block", "jharkhand party", "muslim majlis"], "Percent": [0.46888367818112864, 0.1808851929304934, 0.15104271446692713, 0.0703496264688927, 0.057420722199587396, 0.05169983843800488, 0.014665681628761303, 0.0036516279329250048, 0.001400917753279562]}, "1992-2": {"Total Votes": 0, "Parties": [], "Percent": []},