{"2011-3": {"Total Votes": 47177.0, "Parties": ["Human Rights Protection Party", "Tautua Samoa Party", "Independent"], "Percent": [0.6147911058354707, 0.31089301990376667, 0.07431587426076267]}, "2006-3": {"Total Votes": 46150.0, "Parties": ["Human Rights Protection Party", "Samoan Democratic United Party", "Independent", "Samoa Party", "The Christian Party"], "Percent": [0.631614301191766, 0.2819718309859155, 0.06316359696641387, 0.020888407367280606, 0.002361863488624052]}}