{"2001-12": {"Total Votes": 71205.0, "Parties": ["People's National Movement", "United National Congress", "Team Unity", "National Alliance for Reconstruction"], "Percent": [0.6184397163120567, 0.3709149638368092, 0.006151253423214662, 0.004494066427919387]}, "1991-12": {"Total Votes": 58747.0, "Parties": ["People's National Movement", "United National Congress", "National Alliance for Reconstruction", "National Joint Action Committee"], "Percent": [0.5856639487973855, 0.21081927587791718, 0.19801862222751798, 0.00549815309717943]}, "1995-11": {"Total Votes": 62368.0, "Parties": ["People's National Movement", "United National Congress", "National Alliance for Reconstruction", "Natural Law Party"], "Percent": [0.6146260903027194, 0.35019561313494096, 0.034087993842996406, 0.001090302719343253]}, "2010-5": {"Total Votes": 37207.0, "Parties": ["United National Congress", "People's National Movement", "New National Vision"], "Percent": [0.5365119466767005, 0.45717203751982155, 0.00631601580347784]}, "2000-12": {"Total Votes": 72609.0, "Parties": ["People's National Movement", "United National Congress"], "Percent": [0.60141304796926, 0.39858695203073996]}, "2002-10": {"Total Votes": 76879.0, "Parties": ["People's National Movement", "United National Congress", "Democratic Party of Trinidad and Tobago", "Citizens Alliance"], "Percent": [0.6620403491200458, 0.33360215403426163, 0.003160811144785962, 0.0011966857009066195]}, "2007-11": {"Total Votes": 34095.0, "Parties": ["People's National Movement", "United National Congress", "Congress of the People"], "Percent": [0.5335679718433788, 0.35497873588502715, 0.11145329227159408]}}