{"1990-6": {"Total Votes": 505709.0, "Parties": ["obcansk\u00e9 f\u00f3rum", "komunistick\u00e1 strana ceskoslovenska", "krestansk\u00e1 a demokratick\u00e1 unie", "spojenectv\u00ed zemedel.a venkova", "ceskoslovensk\u00e1 soci\u00e1ln\u00ed demokracie", "strana zelen\u00fdch", "cs.strana socialistick\u00e1", "svobodn\u00fd blok", "strana pr\u00e1tel piva", "volebn\u00ed seskup.z\u00e1jm.svazu v cr", "v\u0161elid.dem.str.,sdru\u017e.pro rep.", "hnut\u00ed za samospr\u00e1vnou demokracii - spolecnost pro moravu a slezsko", "cs.demokratick\u00e9 f\u00f3rum"], "Percent": [0.5421615988641689, 0.13602486805653052, 0.09382470946730234, 0.0717052692358649, 0.03944956486833337, 0.03885831575075785, 0.021816894696356996, 0.012042498749280713, 0.0118328920387021, 0.011652946655092158, 0.009491624629974946, 0.008200368195938772, 0.0029384487916964104]}, "2006-6": {"Total Votes": 337387.0, "Parties": ["obcansk\u00e1 demokratick\u00e1 strana", "ceskoslovensk\u00e1 soci\u00e1ln\u00ed demokracie", "komunistick\u00e1 strana cech a moravy", "krestansk\u00e1 a demokratick\u00e1 unie - ceskoslovensk\u00e1 strana lidov\u00e1", "strana zelen\u00fdch", "snk evrop\u0161t\u00ed demokrat\u00e9", "hnut\u00ed nez\u00c1visl\u00cd", "nez.demokrate", "strana zdrav\u00e9ho rozumu", "prav\u00fd blok", "unie svobody - demokratick\u00e1 unie", "pr\u00e1vo a spravedlnost", "strana rovnost \u0161anc\u00ed", "koruna cesk\u00e1 (monarchistick\u00e1 strana cech, moravy a slezska), kc", "n\u00e1rodn\u00ed strana", "koalice pro ceskou republiku", "balb\u00ednovy poetick\u00e9 strany", "moravan\u00e9", "4 vize"], "Percent": [0.36694952680453014, 0.30479241938782464, 0.13367142183901573, 0.08189408601991185, 0.05905384617664581, 0.019473186578024642, 0.007119420724568522, 0.004404437633933732, 0.004279951509690652, 0.004128789787395484, 0.002987666981833918, 0.0020569850053499396, 0.0016835266326206996, 0.0016568510345686112, 0.0015531125976993778, 0.00124782519776992, 0.0012359693764134362, 0.0011174111628485981, 0.0006935655493543023]}, "1996-5": {"Total Votes": 417093.0, "Parties": ["obcansk\u00e1 demokratick\u00e1 strana", "ceskoslovensk\u00e1 soci\u00e1ln\u00ed demokracie", "komunistick\u00e1 strana cech a moravy", "krestansk\u00e1 a demokratick\u00e1 unie - ceskoslovensk\u00e1 strana lidov\u00e1", "sdru\u017een\u00ed pro republiku-republik\u00e1nsk\u00e1 strana ceskoslovenska", "obcansk\u00e1 demokratick\u00e1 aliance", "hnut\u00ed duchodcu za \u017eivotn\u00ed jistoty", "demokratick\u00e9 unie", "svobodn\u00e9 demokrat\u00e9-liber\u00e1ln\u00ed strana n\u00e1rodne soci\u00e1ln\u00ed", "koalice lev\u00fd blok", "hnut\u00ed nez\u00c1visl\u00cd", "ceskomoravsk\u00e9 unie stredu", "strana demokratick\u00e9 levice", "cesk\u00e1 pravice"], "Percent": [0.29281958699858307, 0.2495031084194652, 0.11162738286185575, 0.09013097798332746, 0.07823674815928341, 0.06140357186526746, 0.03709724210188135, 0.032661780466226954, 0.019460887619787433, 0.014672986600110767, 0.005348926977916196, 0.004593699726439907, 0.0018988570894260992, 0.0005442431304289451]}, "1998-6": {"Total Votes": 413303.0, "Parties": ["ceskoslovensk\u00e1 soci\u00e1ln\u00ed demokracie", "obcansk\u00e1 demokratick\u00e1 strana", "komunistick\u00e1 strana cech a moravy", "krestansk\u00e1 a demokratick\u00e1 unie - ceskoslovensk\u00e1 strana lidov\u00e1", "unie svobody", "sdru\u017een\u00ed pro republiku-republik\u00e1nsk\u00e1 strana ceskoslovenska", "hnut\u00ed duchodcu za \u017eivotn\u00ed jistoty", "demokratick\u00e9 unie", "strana zelen\u00fdch", "hnut\u00ed nez\u00c1visl\u00cd", "cesk\u00e1 strana n\u00e1rodne soci\u00e1ln\u00ed", "obcansk\u00e1 koalice-politick\u00fd klub"], "Percent": [0.31111073473940426, 0.28335143950080205, 0.1150294094163362, 0.09894677754577151, 0.08541433282603804, 0.034146860777686104, 0.029099716188849344, 0.016668158711647386, 0.011192756887803863, 0.00958860690582938, 0.003508321981693818, 0.0019428845181380246]}, "2002-7": {"Total Votes": 290888.0, "Parties": ["ceskoslovensk\u00e1 soci\u00e1ln\u00ed demokracie", "obcansk\u00e1 demokratick\u00e1 strana", "komunistick\u00e1 strana cech a moravy", "koalice ku-csl, us-deu", "sruzeni nezavislych", "strana zelen\u00fdch", "strana venkova - spojene obcanske sily", "cesk\u00e1 strana n\u00e1rodne soci\u00e1ln\u00ed", "strana za \u017eivotn\u00ed jistoty", "republikani miroslava sladk", "prav\u00fd blok", "obcansk\u00e1 demokratick\u00e1 aliance", "cesta zmeny", "nadeje", "akce za zrus.senatu a proti vytunelov\u00e1n\u00ed duchodov\u00fdch fondu", "volba pro budoucnost", "strana zdrav\u00e9ho rozumu", "humansticka aliance", "republik\u00e1ni", "demokraticka liga", "narodne demokraticka strana", "cesk\u00e1 pravice"], "Percent": [0.30331949066307307, 0.2598904045543302, 0.1825376089766508, 0.12251106955254255, 0.03520942768350705, 0.020726190148785788, 0.01362380022551635, 0.009749456835620583, 0.009175352713071698, 0.008518742608839142, 0.007542421825582355, 0.005734165727015209, 0.0040909215918154065, 0.004077170594868128, 0.0035580704601083576, 0.002588625175325211, 0.0020351475481972443, 0.0016363686367261627, 0.0014747944225956381, 0.0010794532603613763, 0.0005947306179698028, 0.0003265861774978686]}, "1992-6": {"Total Votes": 456154.0, "Parties": ["koalice ods-kds", "koalice lev\u00fd blok", "liber\u00e1lne soci\u00e1ln\u00ed unie", "ceskoslovensk\u00e1 soci\u00e1ln\u00ed demokracie", "sdru\u017een\u00ed pro republiku-republik\u00e1nsk\u00e1 strana ceskoslovenska", "krestansk\u00e1 a demokratick\u00e1 unie - ceskoslovensk\u00e1 strana lidov\u00e1", "obcansk\u00e1 hnut\u00ed", "strana ceskoslovensk\u00fdch podnikatelu, \u017eivnostn\u00edku a roln\u00edku", "obcansk\u00e1 demokratick\u00e1 aliance", "hnut\u00ed duchodcu za \u017eivotn\u00ed jistoty", "klub anga\u017eovan\u00fdch nestran\u00edku", "nez\u00e1visl\u00e1 iniciativa", "strana pr\u00e1tel piva", "hnut\u00ed za soci\u00e1ln\u00ed spravedlnost", "hnut\u00ed za samospr\u00e1vnou demokracii - spolecnost pro moravu a slezsko", "demokrat\u00e9 92 za spolecn\u00fd st\u00e1t", "r\u00f3msk\u00e1 obcan.iniciativa", "n\u00e1r.soc.strana-cs.str.n\u00e1r.soc.", "str.republ.a n\u00e1r.dem.jednoty"], "Percent": [0.30524121239756746, 0.13775172419840667, 0.09750873608474331, 0.08034348049123761, 0.07149997588533696, 0.06401785361961092, 0.049272833297526714, 0.04054551752259106, 0.035961539304708495, 0.034545350912191936, 0.034017020567615325, 0.012715004143337557, 0.012114329809669542, 0.010347382682164357, 0.0054499138448857185, 0.003757502948565616, 0.0020475541154960824, 0.0016967953805074602, 0.001166272793837169]}}