{"1990-6": {"Total Votes": 0, "Parties": [], "Percent": []}, "2006-6": {"Total Votes": 319933.0, "Parties": ["ceskoslovensk\u00e1 soci\u00e1ln\u00ed demokracie", "obcansk\u00e1 demokratick\u00e1 strana", "krestansk\u00e1 a demokratick\u00e1 unie - ceskoslovensk\u00e1 strana lidov\u00e1", "komunistick\u00e1 strana cech a moravy", "strana zelen\u00fdch", "snk evrop\u0161t\u00ed demokrat\u00e9", "moravan\u00e9", "hnut\u00ed nez\u00c1visl\u00cd", "nez.demokrate", "strana zdrav\u00e9ho rozumu", "unie svobody - demokratick\u00e1 unie", "prav\u00fd blok", "pr\u00e1vo a spravedlnost", "strana rovnost \u0161anc\u00ed", "koruna cesk\u00e1 (monarchistick\u00e1 strana cech, moravy a slezska), kc", "balb\u00ednovy poetick\u00e9 strany", "koalice pro ceskou republiku", "n\u00e1rodn\u00ed strana", "4 vize", "cesk\u00e1 pravice"], "Percent": [0.3328228097757968, 0.31686634389075213, 0.13022414067945476, 0.1125173083114277, 0.0507106175355465, 0.01997293183260245, 0.0071546229991904554, 0.006145036617041693, 0.004976041858764179, 0.004391544479625422, 0.003403837678513939, 0.0029037329690904034, 0.001928528785714509, 0.001412795804121488, 0.0012346335013893534, 0.0010470942353555275, 0.0009251937124335408, 0.0008814345503589814, 0.00036257591433206326, 0.0001187748684880897]}, "1996-5": {"Total Votes": 0, "Parties": [], "Percent": []}, "1998-6": {"Total Votes": 0, "Parties": [], "Percent": []}, "2002-7": {"Total Votes": 283192.0, "Parties": ["ceskoslovensk\u00e1 soci\u00e1ln\u00ed demokracie", "obcansk\u00e1 demokratick\u00e1 strana", "koalice ku-csl, us-deu", "komunistick\u00e1 strana cech a moravy", "sruzeni nezavislych", "strana zelen\u00fdch", "strana za \u017eivotn\u00ed jistoty", "moravsk\u00e1 demokratick\u00e1 strana", "prav\u00fd blok", "republikani miroslava sladk", "nadeje", "cesk\u00e1 strana n\u00e1rodne soci\u00e1ln\u00ed", "strana venkova - spojene obcanske sily", "obcansk\u00e1 demokratick\u00e1 aliance", "akce za zrus.senatu a proti vytunelov\u00e1n\u00ed duchodov\u00fdch fondu", "volba pro budoucnost", "cesta zmeny", "strana zdrav\u00e9ho rozumu", "humansticka aliance", "narodne demokraticka strana", "republik\u00e1ni", "demokraticka liga", "cesk\u00e1 pravice"], "Percent": [0.2906614593632588, 0.21482951495804967, 0.1946135484053222, 0.1664383174665951, 0.03377920280233905, 0.023828356733241053, 0.009551823497838922, 0.008789090087290601, 0.007863922709681065, 0.007754456340574593, 0.00682222661657109, 0.006553857453600384, 0.005621627729596881, 0.004781208508714935, 0.004163253199242917, 0.003400519788694596, 0.0029026243679199978, 0.002376479561569536, 0.0020127687222802905, 0.0010840701714737704, 0.000921636204412554, 0.0007062346393965931, 0.0005438006723353767]}, "1992-6": {"Total Votes": 0, "Parties": [], "Percent": []}}