{"1990-6": {"Total Votes": 0, "Parties": [], "Percent": []}, "2006-6": {"Total Votes": 374736.0, "Parties": ["ceskoslovensk\u00e1 soci\u00e1ln\u00ed demokracie", "obcansk\u00e1 demokratick\u00e1 strana", "komunistick\u00e1 strana cech a moravy", "strana zelen\u00fdch", "krestansk\u00e1 a demokratick\u00e1 unie - ceskoslovensk\u00e1 strana lidov\u00e1", "snk evrop\u0161t\u00ed demokrat\u00e9", "hnut\u00ed nez\u00c1visl\u00cd", "nez.demokrate", "strana zdrav\u00e9ho rozumu", "pr\u00e1vo a spravedlnost", "prav\u00fd blok", "unie svobody - demokratick\u00e1 unie", "n\u00e1rodn\u00ed strana", "strana rovnost \u0161anc\u00ed", "koalice pro ceskou republiku", "balb\u00ednovy poetick\u00e9 strany", "koruna cesk\u00e1 (monarchistick\u00e1 strana cech, moravy a slezska), kc", "4 vize", "cesk\u00e9 hnut\u00ed za n\u00e1rodn\u00ed jednotu", "cesk\u00e1 pravice"], "Percent": [0.35463633064343963, 0.34788491097732804, 0.16057971478587593, 0.06035182101532813, 0.02232238162332949, 0.014335425472866231, 0.007704090346270441, 0.007527966354980573, 0.004725993766278126, 0.0037012723624098034, 0.003647901455958328, 0.003292984928056018, 0.002297617522736006, 0.0016331497374151402, 0.00154775628709278, 0.0012061824858033388, 0.001115451944835831, 0.0005817428803210794, 0.0005764057896759318, 0.00033089961999914605]}, "1996-5": {"Total Votes": 0, "Parties": [], "Percent": []}, "1998-6": {"Total Votes": 0, "Parties": [], "Percent": []}, "2002-7": {"Total Votes": 334662.0, "Parties": ["ceskoslovensk\u00e1 soci\u00e1ln\u00ed demokracie", "komunistick\u00e1 strana cech a moravy", "obcansk\u00e1 demokratick\u00e1 strana", "koalice ku-csl, us-deu", "sruzeni nezavislych", "strana zelen\u00fdch", "republikani miroslava sladk", "strana venkova - spojene obcanske sily", "strana za \u017eivotn\u00ed jistoty", "obcansk\u00e1 demokratick\u00e1 aliance", "cesk\u00e1 strana n\u00e1rodne soci\u00e1ln\u00ed", "nadeje", "prav\u00fd blok", "volba pro budoucnost", "strana zdrav\u00e9ho rozumu", "cesta zmeny", "republik\u00e1ni", "humansticka aliance", "ceske socialne demokrat.hnuti", "narodne demokraticka strana", "demokraticka liga", "cesk\u00e1 pravice"], "Percent": [0.2918885323102115, 0.2508530995452128, 0.24218166388774345, 0.07819531348046686, 0.02711392389933724, 0.027075078736157675, 0.018968391989529734, 0.010631622353299747, 0.010341777674190675, 0.006254071271910166, 0.006140523871846819, 0.005746096061100454, 0.0043865153498156345, 0.0036633976967806324, 0.003445267165079991, 0.0032002438281011885, 0.002501030890868996, 0.0023456502381507312, 0.0017988298641614525, 0.001709187179900915, 0.0008814863952286187, 0.0006782963109047337]}, "1992-6": {"Total Votes": 0, "Parties": [], "Percent": []}}