{"1990-6": {"Total Votes": 869316.0, "Parties": ["obcansk\u00e9 f\u00f3rum", "komunistick\u00e1 strana ceskoslovenska", "krestansk\u00e1 a demokratick\u00e1 unie", "spojenectv\u00ed zemedel.a venkova", "ceskoslovensk\u00e1 soci\u00e1ln\u00ed demokracie", "strana zelen\u00fdch", "cs.strana socialistick\u00e1", "hnut\u00ed za samospr\u00e1vnou demokracii - spolecnost pro moravu a slezsko", "svobodn\u00fd blok", "v\u0161elid.dem.str.,sdru\u017e.pro rep.", "strana pr\u00e1tel piva", "volebn\u00ed seskup.z\u00e1jm.svazu v cr", "cs.demokratick\u00e9 f\u00f3rum"], "Percent": [0.5257604829544147, 0.127616424867367, 0.09149377211508819, 0.0649326597002701, 0.0525919228450874, 0.04359749504207906, 0.02751703638262726, 0.016861532515218863, 0.01397420500715505, 0.011666643660072976, 0.010491006722526676, 0.00996300539734688, 0.0035338127907458276]}, "2006-6": {"Total Votes": 333849.0, "Parties": ["ceskoslovensk\u00e1 soci\u00e1ln\u00ed demokracie", "obcansk\u00e1 demokratick\u00e1 strana", "komunistick\u00e1 strana cech a moravy", "krestansk\u00e1 a demokratick\u00e1 unie - ceskoslovensk\u00e1 strana lidov\u00e1", "strana zelen\u00fdch", "snk evrop\u0161t\u00ed demokrat\u00e9", "hnut\u00ed nez\u00c1visl\u00cd", "moravan\u00e9", "nez.demokrate", "strana zdrav\u00e9ho rozumu", "prav\u00fd blok", "pr\u00e1vo a spravedlnost", "unie svobody - demokratick\u00e1 unie", "koalice pro ceskou republiku", "strana rovnost \u0161anc\u00ed", "n\u00e1rodn\u00ed strana", "koruna cesk\u00e1 (monarchistick\u00e1 strana cech, moravy a slezska), kc", "4 vize", "balb\u00ednovy poetick\u00e9 strany", "cesk\u00e1 pravice"], "Percent": [0.35445366018768965, 0.3029842833137137, 0.14685082177870834, 0.08269906454714557, 0.055108746768748745, 0.01144529412998092, 0.009869731525330314, 0.007937720346623774, 0.007895785220264252, 0.004873460756210143, 0.0032769305883797763, 0.0032140278988404937, 0.0022884597527624766, 0.0017912289687852891, 0.0016414606603584255, 0.0014317850285608163, 0.001009438398797061, 0.0005571381073479327, 0.000548152008842321, 0.0001228100129100282]}, "1996-5": {"Total Votes": 755852.0, "Parties": ["obcansk\u00e1 demokratick\u00e1 strana", "ceskoslovensk\u00e1 soci\u00e1ln\u00ed demokracie", "krestansk\u00e1 a demokratick\u00e1 unie - ceskoslovensk\u00e1 strana lidov\u00e1", "komunistick\u00e1 strana cech a moravy", "sdru\u017een\u00ed pro republiku-republik\u00e1nsk\u00e1 strana ceskoslovenska", "obcansk\u00e1 demokratick\u00e1 aliance", "hnut\u00ed duchodcu za \u017eivotn\u00ed jistoty", "demokratick\u00e9 unie", "svobodn\u00e9 demokrat\u00e9-liber\u00e1ln\u00ed strana n\u00e1rodne soci\u00e1ln\u00ed", "koalice lev\u00fd blok", "hnut\u00ed nez\u00c1visl\u00cd", "ceskomoravsk\u00e9 unie stredu", "strana demokratick\u00e9 levice", "cesk\u00e1 pravice"], "Percent": [0.2966903573715489, 0.24780644888152706, 0.10788355392325481, 0.09561792520228828, 0.07471171605023205, 0.06442531077512528, 0.036075845535898564, 0.02686107862385758, 0.024213734963987658, 0.013534395622423437, 0.005548705302096177, 0.004646412260601282, 0.0014500193159507416, 0.0005344961712081201]}, "1998-6": {"Total Votes": 744252.0, "Parties": ["ceskoslovensk\u00e1 soci\u00e1ln\u00ed demokracie", "obcansk\u00e1 demokratick\u00e1 strana", "krestansk\u00e1 a demokratick\u00e1 unie - ceskoslovensk\u00e1 strana lidov\u00e1", "komunistick\u00e1 strana cech a moravy", "unie svobody", "sdru\u017een\u00ed pro republiku-republik\u00e1nsk\u00e1 strana ceskoslovenska", "hnut\u00ed duchodcu za \u017eivotn\u00ed jistoty", "demokratick\u00e9 unie", "strana zelen\u00fdch", "hnut\u00ed nez\u00c1visl\u00cd", "cesk\u00e1 strana n\u00e1rodne soci\u00e1ln\u00ed", "obcansk\u00e1 koalice-politick\u00fd klub"], "Percent": [0.2994429306202738, 0.27732004751078937, 0.11556703912115789, 0.1000198857376265, 0.09068299446961513, 0.03683295442941369, 0.032780563572553385, 0.018044963265130626, 0.012482331253392667, 0.010293556483556645, 0.003912653241106507, 0.0026200802953838215]}, "2002-7": {"Total Votes": 298763.0, "Parties": ["ceskoslovensk\u00e1 soci\u00e1ln\u00ed demokracie", "komunistick\u00e1 strana cech a moravy", "obcansk\u00e1 demokratick\u00e1 strana", "koalice ku-csl, us-deu", "sruzeni nezavislych", "strana zelen\u00fdch", "republikani miroslava sladk", "strana za \u017eivotn\u00ed jistoty", "moravsk\u00e1 demokratick\u00e1 strana", "nadeje", "strana venkova - spojene obcanske sily", "cesk\u00e1 strana n\u00e1rodne soci\u00e1ln\u00ed", "prav\u00fd blok", "akce za zrus.senatu a proti vytunelov\u00e1n\u00ed duchodov\u00fdch fondu", "obcansk\u00e1 demokratick\u00e1 aliance", "volba pro budoucnost", "cesta zmeny", "strana zdrav\u00e9ho rozumu", "humansticka aliance", "republik\u00e1ni", "narodne demokraticka strana", "demokraticka liga", "cesk\u00e1 pravice"], "Percent": [0.31921623494207785, 0.21021344677888493, 0.20347566465727016, 0.13949183801206977, 0.03176096102931086, 0.025618968881688832, 0.00974350906906143, 0.009258174539685303, 0.0063629030368553, 0.006312696016575011, 0.0057838487362893, 0.005723600311952953, 0.005690128965099427, 0.004183918356690755, 0.003886023369694373, 0.0035278799583616446, 0.0023697713572296436, 0.0019279495787631, 0.0016668730733055968, 0.0012518283723218738, 0.0011045544461663593, 0.0009104206344159083, 0.0005188058762296536]}, "1992-6": {"Total Votes": 808106.0, "Parties": ["koalice ods-kds", "koalice lev\u00fd blok", "liber\u00e1lne soci\u00e1ln\u00ed unie", "krestansk\u00e1 a demokratick\u00e1 unie - ceskoslovensk\u00e1 strana lidov\u00e1", "ceskoslovensk\u00e1 soci\u00e1ln\u00ed demokracie", "sdru\u017een\u00ed pro republiku-republik\u00e1nsk\u00e1 strana ceskoslovenska", "obcansk\u00e1 demokratick\u00e1 aliance", "obcansk\u00e1 hnut\u00ed", "klub anga\u017eovan\u00fdch nestran\u00edku", "hnut\u00ed duchodcu za \u017eivotn\u00ed jistoty", "strana ceskoslovensk\u00fdch podnikatelu, \u017eivnostn\u00edku a roln\u00edku", "nez\u00e1visl\u00e1 iniciativa", "strana pr\u00e1tel piva", "hnut\u00ed za soci\u00e1ln\u00ed spravedlnost", "hnut\u00ed za samospr\u00e1vnou demokracii - spolecnost pro moravu a slezsko", "demokrat\u00e9 92 za spolecn\u00fd st\u00e1t", "r\u00f3msk\u00e1 obcan.iniciativa", "str.republ.a n\u00e1r.dem.jednoty", "n\u00e1r.soc.strana-cs.str.n\u00e1r.soc."], "Percent": [0.3034106911717027, 0.1254538389765699, 0.09150532232157663, 0.07244222911350738, 0.07203510430562327, 0.05457328617780341, 0.05320589130633852, 0.052365655000705356, 0.03774999814380787, 0.0357391233328301, 0.034532598446243436, 0.01720566361343685, 0.016961883713275238, 0.013066355156377999, 0.008133833927727303, 0.005696034926111178, 0.0023833506990419574, 0.0022695042482050623, 0.001269635419115809]}}