{"2004-5": {"Total Votes": 81469.0, "Parties": ["lakas-christian muslim democrats", "independent"], "Percent": [0.9752789404558789, 0.024721059544121078]}, "1992-5": {"Total Votes": 79939.0, "Parties": ["lakas-national union of christian democrats-united muslim democrats of the philippines", "nationalist people's coalition", "kilusang bagong lipunan"], "Percent": [0.39694016687724387, 0.3904477163837426, 0.2126121167390135]}, "2010-5": {"Total Votes": 113916.0, "Parties": ["partido demokratiko sosyalista ng pilipinas", "lakas-kabalikat ng malayang pilipino-demokratikong kristiyano at muslim", "partido nacionalista", "pwersa ng masang pilipino"], "Percent": [0.4085115348151269, 0.3990133080515468, 0.09874820042838584, 0.09372695670494048]}, "1998-5": {"Total Votes": 79396.0, "Parties": ["lakas-national union of christian democrats-united muslim democrats of the philippines", "laban ng makabayang masang pilipino", "kilusang bagong lipunan", "independent", "partido liberal ng pilipinas"], "Percent": [0.6212781500327472, 0.3638848304700489, 0.011184442541185955, 0.0019396443145750415, 0.001712932641442894]}, "2001-5": {"Total Votes": 70954.0, "Parties": ["partido demokratiko sosyalista ng pilipinas", "lakas-national union of christian democrats-united muslim democrats of the philippines", "partido isang bansa isang diwa"], "Percent": [0.7449897116441638, 0.23353158384305325, 0.02147870451278293]}, "1995-5": {"Total Votes": 74065.0, "Parties": ["lakas-national union of christian democrats-united muslim democrats of the philippines", "independent", "nationalist people's coalition"], "Percent": [0.7402011746438939, 0.17172753662323634, 0.08807128873286978]}, "2007-5": {"Total Votes": 128000.0, "Parties": ["lakas-christian muslim democrats", "partido liberal ng pilipinas", "nationalist people's coalition", "partido demokratiko sosyalista ng pilipinas"], "Percent": [0.47175, 0.2664296875, 0.2616640625, 0.00015625]}}