{"2004-5": {"Total Votes": 0, "Parties": [], "Percent": []}, "1992-5": {"Total Votes": 0, "Parties": [], "Percent": []}, "2010-5": {"Total Votes": 104393.0, "Parties": ["lakas-kabalikat ng malayang pilipino-demokratikong kristiyano at muslim", "partido nacionalista", "partido liberal ng pilipinas", "pwersa ng masang pilipino", "independent", "laban ng demokratikong pilipino", "partido demokratiko pilipino-lakas ng bayan"], "Percent": [0.25882961501250085, 0.17209008266837814, 0.1593880815763509, 0.14747157376452444, 0.13201076700545056, 0.09362696732539538, 0.03658291264739973]}, "1998-5": {"Total Votes": 0, "Parties": [], "Percent": []}, "2001-5": {"Total Votes": 0, "Parties": [], "Percent": []}, "1995-5": {"Total Votes": 0, "Parties": [], "Percent": []}, "2007-5": {"Total Votes": 86339.0, "Parties": ["lakas-christian muslim democrats", "npc / uno", "kilusang bagong lipunan", "independent"], "Percent": [0.5500179524896049, 0.43856194767138834, 0.006034352957527884, 0.005385746881478822]}}