{"2004-5": {"Total Votes": 7732.0, "Parties": ["partido liberal ng pilipinas", "lakas-christian muslim democrats", "independent"], "Percent": [0.5239265390584583, 0.46262286601138125, 0.013450594930160372]}, "1992-5": {"Total Votes": 5704.0, "Parties": ["laban ng demokratikong pilipino", "nationalist people's coalition", "partido liberal ng pilipinas"], "Percent": [0.5887096774193549, 0.2547335203366059, 0.15655680224403928]}, "2010-5": {"Total Votes": 8298.0, "Parties": ["partido liberal ng pilipinas", "lakas-kabalikat ng malayang pilipino-demokratikong kristiyano at muslim", "independent"], "Percent": [0.37069173294769825, 0.3600867678958785, 0.26922149915642324]}, "1998-5": {"Total Votes": 6663.0, "Parties": ["partido liberal ng pilipinas", "lakas-national union of christian democrats-united muslim democrats of the philippines"], "Percent": [0.6543598979438692, 0.3456401020561309]}, "2001-5": {"Total Votes": 6504.0, "Parties": ["partido liberal ng pilipinas", "lakas-national union of christian democrats-united muslim democrats of the philippines"], "Percent": [0.7433886838868389, 0.2566113161131611]}, "1995-5": {"Total Votes": 6290.0, "Parties": ["partido liberal ng pilipinas", "lakas-national union of christian democrats-united muslim democrats of the philippines"], "Percent": [0.5332273449920508, 0.4667726550079491]}, "2007-5": {"Total Votes": 8002.0, "Parties": ["kabalikat ng malayang pilipino", "partido liberal ng pilipinas", "pwersa ng masang pilipino"], "Percent": [0.5536115971007248, 0.4316420894776306, 0.01474631342164459]}}