{"2004-5": {"Total Votes": 579262.0, "Parties": ["lakas-christian muslim democrats", "partido liberal ng pilipinas", "independent", "pwersa ng masang pilipino", "nationalist people's coalition", "reporma / lm", "dgipp"], "Percent": [0.7516512389903014, 0.14243986313619744, 0.07043790202015668, 0.022975786431701027, 0.010093878072443902, 0.001327551263504252, 0.0010737800856952468]}, "1992-5": {"Total Votes": 561918.0, "Parties": ["laban ng demokratikong pilipino", "partido nacionalista", "lakas-national union of christian democrats-united muslim democrats of the philippines", "nationalist people's coalition", "independent", "lp / pdp-laban"], "Percent": [0.40592933488516114, 0.3553169679561787, 0.13077886809107378, 0.053719581860698536, 0.040602009545876803, 0.013653237661011038]}, "2010-5": {"Total Votes": 983336.0, "Parties": ["partido liberal ng pilipinas", "nationalist people's coalition", "lakas-kabalikat ng malayang pilipino-demokratikong kristiyano at muslim", "pwersa ng masang pilipino", "partido nacionalista", "independent", "partido ng manggagawa at magsasaka"], "Percent": [0.3465824499458985, 0.30597679735105804, 0.21907160929733072, 0.06837744168829372, 0.03663345997705769, 0.014419282930758153, 0.008938958809603229]}, "1998-5": {"Total Votes": 688192.0, "Parties": ["lakas-national union of christian democrats-united muslim democrats of the philippines", "laban ng makabayang masang pilipino", "partido liberal ng pilipinas", "independent", "partido para sa demokratikong reporma"], "Percent": [0.6102090695619826, 0.14932751325211568, 0.1081950967171952, 0.0850082535106482, 0.04726006695805822]}, "2001-5": {"Total Votes": 721675.0, "Parties": ["lakas-national union of christian democrats-united muslim democrats of the philippines", "laban ng demokratikong pilipino", "partido para sa demokratikong reporma", "reporma / lm", "nationalist people's coalition", "independent"], "Percent": [0.5762663248692278, 0.18116326601309454, 0.10027644022586345, 0.07234835625454672, 0.04054318079467904, 0.029402431842588422]}, "1995-5": {"Total Votes": 389303.0, "Parties": ["lakas-national union of christian democrats-united muslim democrats of the philippines", "laban ng demokratikong pilipino", "nationalist people's coalition", "lapiang manggagawa", "independent"], "Percent": [0.38214449927177546, 0.29952761730580035, 0.21410572227801994, 0.07973480810576851, 0.024487353038635716]}, "2007-5": {"Total Votes": 769784.0, "Parties": ["lakas-christian muslim democrats", "partido liberal ng pilipinas", "kabalikat ng malayang pilipino", "nagkakaisang oposisyon", "nationalist people's coalition", "laban ng demokratikong pilipino", "independent"], "Percent": [0.3007038338027291, 0.19403105286677821, 0.13480924519085874, 0.12683817798239505, 0.12629257038338026, 0.11715494216559451, 0.00017017760826413644]}}