{"2004-5": {"Total Votes": 166271.0, "Parties": ["lakas-christian muslim democrats", "nationalist people's coalition", "aksyon demokratiko"], "Percent": [0.5017110620613336, 0.49436161447275834, 0.0039273234659080655]}, "1992-5": {"Total Votes": 117198.0, "Parties": ["nationalist people's coalition", "laban ng demokratikong pilipino", "partido liberal ng pilipinas", "lakas-national union of christian democrats-united muslim democrats of the philippines", "kilusang bagong lipunan", "partido demokratiko pilipino-lakas ng bayan"], "Percent": [0.3460212631614874, 0.3112851755149405, 0.221701735524497, 0.05663065922626666, 0.047458147749961606, 0.016903018822846807]}, "2010-5": {"Total Votes": 0, "Parties": [], "Percent": []}, "1998-5": {"Total Votes": 148104.0, "Parties": ["laban ng makabayang masang pilipino", "lakas-national union of christian democrats-united muslim democrats of the philippines", "aksyon demokratiko", "partido liberal ng pilipinas"], "Percent": [0.4451804137633015, 0.39525603629881706, 0.10600658996380921, 0.053556959974072275]}, "2001-5": {"Total Votes": 128107.0, "Parties": ["lakas-national union of christian democrats-united muslim democrats of the philippines", "aksyon demokratiko", "nationalist people's coalition"], "Percent": [0.43942953936943335, 0.32100509730147453, 0.2395653633290921]}, "1995-5": {"Total Votes": 130367.0, "Parties": ["nationalist people's coalition", "laban ng demokratikong pilipino", "lakas-national union of christian democrats-united muslim democrats of the philippines", "independent", "partido nacionalista", "partido ng masang pilipino"], "Percent": [0.3314872628809438, 0.28696679374381556, 0.27098882385879863, 0.05696226805863447, 0.0476654368053265, 0.005929414652481073]}, "2007-5": {"Total Votes": 161957.0, "Parties": ["lp / uno", "kabalikat ng malayang pilipino"], "Percent": [0.5054119303271856, 0.4945880696728144]}}