{"2004-5": {"Total Votes": 363308.0, "Parties": ["unknown", "partido liberal ng pilipinas", "lakas-christian muslim democrats"], "Percent": [0.6725505631585321, 0.24979906855890868, 0.07765036828255915]}, "1992-5": {"Total Votes": 191604.0, "Parties": ["lakas-nucd-umdp / lp / pdp-laban / np", "nationalist people's coalition", "lakas-nucd-umdp / lp", "laban ng demokratikong pilipino", "independent", "kilusang bagong lipunan"], "Percent": [0.4166614475689443, 0.3063819126949333, 0.23636249765140602, 0.029211289952193065, 0.00935262311851527, 0.0020302290140080583]}, "2010-5": {"Total Votes": 323077.0, "Parties": ["partido liberal ng pilipinas", "lakas-kabalikat ng malayang pilipino-demokratikong kristiyano at muslim", "ugyon kita capiz", "independent"], "Percent": [0.38835633610563425, 0.33783587194384, 0.14194449001321666, 0.13186330193730905]}, "1998-5": {"Total Votes": 317193.0, "Parties": ["lakas-national union of christian democrats-united muslim democrats of the philippines", "partido liberal ng pilipinas", "laban ng makabayang masang pilipino"], "Percent": [0.7355805455984212, 0.24856790660575737, 0.015851547795821472]}, "2001-5": {"Total Votes": 206658.0, "Parties": ["partido liberal ng pilipinas", "lakas-national union of christian democrats-united muslim democrats of the philippines", "nationalist people's coalition"], "Percent": [0.6530790000871004, 0.2081022752567043, 0.13881872465619527]}, "1995-5": {"Total Votes": 203379.0, "Parties": ["lakas-national union of christian democrats-united muslim democrats of the philippines", "independent"], "Percent": [0.9994837225082236, 0.0005162774917764371]}, "2007-5": {"Total Votes": 239112.0, "Parties": ["lakas-christian muslim democrats", "partido liberal ng pilipinas", "kabalikat ng malayang pilipino"], "Percent": [0.4369835056375255, 0.2834863996788116, 0.27953009468366286]}}