{"2004-5": {"Total Votes": 310530.0, "Parties": ["nationalist people's coalition", "unknown"], "Percent": [0.6792193990918751, 0.3207806009081248]}, "1992-5": {"Total Votes": 283801.0, "Parties": ["nationalist people's coalition", "laban ng demokratikong pilipino", "lakas-national union of christian democrats-united muslim democrats of the philippines", "npc / ppp", "partido demokratiko pilipino-lakas ng bayan", "unknown", "lp / pdp-laban", "independent", "kilusang bagong lipunan"], "Percent": [0.32536883238607334, 0.23755377888027177, 0.16174361612538363, 0.11173322151789458, 0.07174040965324294, 0.033981557499797393, 0.027677844686946135, 0.022114086983484906, 0.008086652266905331]}, "2010-5": {"Total Votes": 538253.0, "Parties": ["partido liberal ng pilipinas", "lakas-kabalikat ng malayang pilipino-demokratikong kristiyano at muslim", "independent", "partido demokratiko pilipino-lakas ng bayan", "nationalist people's coalition", "partido nacionalista"], "Percent": [0.3530217202690928, 0.2623747568522609, 0.16473294157208596, 0.1198599914909903, 0.08142639242140777, 0.018584197394162224]}, "1998-5": {"Total Votes": 408875.0, "Parties": ["laban ng makabayang masang pilipino", "lakas-national union of christian democrats-united muslim democrats of the philippines", "partido para sa demokratikong reporma", "kilusang bagong lipunan", "partido demokratiko pilipino-lakas ng bayan", "partido reporma ng pilipinas", "independent"], "Percent": [0.4546108223784775, 0.33921369611739527, 0.1889428309385509, 0.009098135126872516, 0.003707734637725466, 0.0030693977376948945, 0.0013573830632833996]}, "2001-5": {"Total Votes": 262119.0, "Parties": ["lakas-national union of christian democrats-united muslim democrats of the philippines", "nationalist people's coalition"], "Percent": [0.9758392180650773, 0.024160781934922687]}, "1995-5": {"Total Votes": 0, "Parties": [], "Percent": []}, "2007-5": {"Total Votes": 367069.0, "Parties": ["lakas-christian muslim democrats", "nationalist people's coalition", "partido demokratiko pilipino-lakas ng bayan", "partido demokratiko sosyalista ng pilipinas", "partido liberal ng pilipinas", "laban ng demokratikong pilipino", "kabalikat ng malayang pilipino", "independent"], "Percent": [0.31300927073656454, 0.2570415916353601, 0.13420909965156413, 0.10412211328115423, 0.05891807807251498, 0.054763545818361126, 0.04391272485554487, 0.034023575948936034]}}