{"2004-5": {"Total Votes": 256507.0, "Parties": ["nationalist people's coalition", "kabalikat ng malayang pilipino", "independent", "lakas-christian muslim democrats"], "Percent": [0.8340045300907968, 0.0872529794508532, 0.062497319761254076, 0.016245170697095985]}, "1992-5": {"Total Votes": 171912.0, "Parties": ["laban ng demokratikong pilipino", "lakas-national union of christian democrats-united muslim democrats of the philippines", "kbl / npc / ppp / np", "nationalist people's coalition", "lakas-nucd-umdp / pdp-laban", "lp / pdp-laban", "kilusang bagong lipunan"], "Percent": [0.29175392061054495, 0.2709293126715994, 0.17003466890036764, 0.12281865140304342, 0.07763855926287869, 0.03940969798501559, 0.02741518916655033]}, "2010-5": {"Total Votes": 323188.0, "Parties": ["partido nacionalista", "lakas-kabalikat ng malayang pilipino-demokratikong kristiyano at muslim", "nationalist people's coalition", "partido ng manggagawa at magsasaka", "pwersa ng masang pilipino"], "Percent": [0.47113754223547905, 0.2630666980209661, 0.23153087367105216, 0.02751958612324715, 0.006745299949255542]}, "1998-5": {"Total Votes": 140831.0, "Parties": ["partido para sa demokratikong reporma", "laban ng makabayang masang pilipino", "lakas-national union of christian democrats-united muslim democrats of the philippines", "partido demokratiko pilipino-lakas ng bayan"], "Percent": [0.407033962692873, 0.29891856196434025, 0.290979968898893, 0.003067506443893745]}, "2001-5": {"Total Votes": 183483.0, "Parties": ["nationalist people's coalition", "unknown", "lakas-national union of christian democrats-united muslim democrats of the philippines", "partido demokratiko pilipino-lakas ng bayan"], "Percent": [0.718497081473488, 0.18166805644119619, 0.07108015456472806, 0.028754707520587737]}, "1995-5": {"Total Votes": 293696.0, "Parties": ["unknown", "lakas-national union of christian democrats-united muslim democrats of the philippines"], "Percent": [0.6481872412290259, 0.35181275877097407]}, "2007-5": {"Total Votes": 389886.0, "Parties": ["kabalikat ng malayang pilipino", "lakas-christian muslim democrats", "nationalist people's coalition", "partido demokratiko sosyalista ng pilipinas", "pwersa ng masang pilipino", "independent"], "Percent": [0.5770763761714963, 0.2274023688975752, 0.10572321140025547, 0.07433967877789918, 0.013893804855778355, 0.001564559896995532]}}