{"2004-5": {"Total Votes": 399820.0, "Parties": ["lakas-christian muslim democrats", "aksyon demokratiko", "lakas-cmd / npc", "independent", "laban ng demokratikong pilipino", "lakas-cmd / knp"], "Percent": [0.3420914411485168, 0.2579560802361062, 0.2244635085788605, 0.11539442749237157, 0.059684357961082485, 0.00041018458306237807]}, "1992-5": {"Total Votes": 272920.0, "Parties": ["laban ng demokratikong pilipino", "nationalist people's coalition", "lp / pdp-laban", "lakas-national union of christian democrats-united muslim democrats of the philippines", "partido ng masang pilipino", "independent", "kilusang bagong lipunan", "npc / ppp"], "Percent": [0.37414626996922173, 0.33486003224388095, 0.13631467096585081, 0.0670489520738678, 0.05501245786311007, 0.020870584786750697, 0.010134838047779569, 0.0016121940495383263]}, "2010-5": {"Total Votes": 533017.0, "Parties": ["partido liberal ng pilipinas", "partido nacionalista", "lakas-kabalikat ng malayang pilipino-demokratikong kristiyano at muslim", "nationalist people's coalition", "independent"], "Percent": [0.3369367205924014, 0.26471575953487414, 0.24217426461069722, 0.1288908233696111, 0.02728243189241619]}, "1998-5": {"Total Votes": 358123.0, "Parties": ["laban ng makabayang masang pilipino", "lakas-national union of christian democrats-united muslim democrats of the philippines", "partido para sa demokratikong reporma", "partido liberal ng pilipinas", "partido reporma ng pilipinas", "independent"], "Percent": [0.45755508582246884, 0.3911728651887759, 0.06466214121963683, 0.04926519659446615, 0.037152039941584315, 0.00019267123306796827]}, "2001-5": {"Total Votes": 225606.0, "Parties": ["lakas-national union of christian democrats-united muslim democrats of the philippines", "nationalist people's coalition", "aksyon demokratiko", "independent"], "Percent": [0.5628485058021506, 0.30349370140865045, 0.13306383695469093, 0.0005939558345079475]}, "1995-5": {"Total Votes": 304760.0, "Parties": ["nationalist people's coalition", "lakas-national union of christian democrats-united muslim democrats of the philippines", "laban ng demokratikong pilipino", "partido demokratiko pilipino-lakas ng bayan", "independent"], "Percent": [0.3685030843942775, 0.23730148313426958, 0.19011353195957476, 0.1324452027825174, 0.07163669772936081]}, "2007-5": {"Total Votes": 393124.0, "Parties": ["lakas-christian muslim democrats", "nationalist people's coalition", "nagkakaisang oposisyon", "partido nacionalista", "independent"], "Percent": [0.34756463609446386, 0.2405144432799829, 0.2071102247636878, 0.15865223186577262, 0.04615846399609284]}}