{"2004-5": {"Total Votes": 138782.0, "Parties": ["laban ng demokratikong pilipino"], "Percent": [1.0]}, "1992-5": {"Total Votes": 43126.0, "Parties": ["laban ng demokratikong pilipino", "lakas-national union of christian democrats-united muslim democrats of the philippines", "lp / pdp-laban"], "Percent": [0.4188888373602931, 0.30675230719287666, 0.2743588554468302]}, "2010-5": {"Total Votes": 77273.0, "Parties": ["partido liberal ng pilipinas", "partido nacionalista", "independent", "nationalist people's coalition", "lakas-kabalikat ng malayang pilipino-demokratikong kristiyano at muslim", "pwersa ng masang pilipino"], "Percent": [0.2887683925821438, 0.22971801275995496, 0.22439920800279528, 0.13725363322247097, 0.07870795750132646, 0.04115279593130848]}, "1998-5": {"Total Votes": 54571.0, "Parties": ["laban ng makabayang masang pilipino", "lakas-national union of christian democrats-united muslim democrats of the philippines"], "Percent": [0.6081435194517234, 0.39185648054827654]}, "2001-5": {"Total Votes": 57617.0, "Parties": ["partido liberal ng pilipinas", "nationalist people's coalition", "laban ng demokratikong pilipino"], "Percent": [0.4007844906885121, 0.3461131263342416, 0.2531023829772463]}, "1995-5": {"Total Votes": 52519.0, "Parties": ["nationalist people's coalition", "lakas-national union of christian democrats-united muslim democrats of the philippines"], "Percent": [0.6645214112987681, 0.33547858870123193]}, "2007-5": {"Total Votes": 68681.0, "Parties": ["lakas-christian muslim democrats", "partido liberal ng pilipinas", "independent"], "Percent": [0.6764461787102692, 0.23427148701969977, 0.08928233427003102]}}