{"2004-5": {"Total Votes": 76386.0, "Parties": ["lakas-cmd / lp", "kabalikat ng malayang pilipino"], "Percent": [0.652724321210693, 0.34727567878930693]}, "1992-5": {"Total Votes": 0, "Parties": [], "Percent": []}, "2010-5": {"Total Votes": 95024.0, "Parties": ["lakas-kabalikat ng malayang pilipino-demokratikong kristiyano at muslim", "partido liberal ng pilipinas"], "Percent": [0.7498631924566426, 0.2501368075433575]}, "1998-5": {"Total Votes": 61767.0, "Parties": ["lakas-national union of christian democrats-united muslim democrats of the philippines", "laban ng makabayang masang pilipino", "kilusang bagong lipunan", "partido demokratiko pilipino-lakas ng bayan"], "Percent": [0.44761765991548885, 0.3504136513024754, 0.1995887771787524, 0.0023799116032833067]}, "2001-5": {"Total Votes": 47500.0, "Parties": ["partido liberal ng pilipinas", "nationalist people's coalition", "partido demokratiko pilipino-lakas ng bayan"], "Percent": [0.6776631578947369, 0.23305263157894737, 0.08928421052631579]}, "1995-5": {"Total Votes": 0, "Parties": [], "Percent": []}, "2007-5": {"Total Votes": 110476.0, "Parties": ["partido liberal ng pilipinas", "kabalikat ng malayang pilipino", "nationalist people's coalition", "nagkakaisang oposisyon"], "Percent": [0.509486223252109, 0.21624606249321118, 0.17687099460516312, 0.09739671964951664]}}