{"2004-5": {"Total Votes": 224190.0, "Parties": ["nationalist people's coalition", "lakas-christian muslim democrats", "npc / ina", "reporma / lm", "fpj", "independent", "laban ng demokratikong pilipino"], "Percent": [0.29353227173379726, 0.2826040412150408, 0.2290735536821446, 0.1298541415763415, 0.05838351398367456, 0.005981533520674428, 0.0005709442883268656]}, "1992-5": {"Total Votes": 158070.0, "Parties": ["laban ng demokratikong pilipino", "lakas-national union of christian democrats-united muslim democrats of the philippines", "independent", "lp / pdp-laban / npc", "lapiang manggagawa", "partido nacionalista", "prrp"], "Percent": [0.360144239893718, 0.32362244575188204, 0.1951350667425824, 0.0886126399696337, 0.02881002087682672, 0.0035364079205415324, 0.00013917884481558804]}, "2010-5": {"Total Votes": 311776.0, "Parties": ["lakas-kabalikat ng malayang pilipino-demokratikong kristiyano at muslim", "nationalist people's coalition", "independent", "pwersa ng masang pilipino", "partido liberal ng pilipinas"], "Percent": [0.36254233808888436, 0.36244290772862564, 0.172813173560505, 0.09386867494611516, 0.008332905675869855]}, "1998-5": {"Total Votes": 190961.0, "Parties": ["lakas-national union of christian democrats-united muslim democrats of the philippines", "partido para sa demokratikong reporma", "laban ng makabayang masang pilipino", "independent"], "Percent": [0.5468236969852482, 0.20972345138536141, 0.16190740517697333, 0.08154544645241699]}, "2001-5": {"Total Votes": 176368.0, "Parties": ["nationalist people's coalition", "reporma / lm", "pwersa ng masang pilipino"], "Percent": [0.5688446883788442, 0.34012405878617435, 0.0910312528349814]}, "1995-5": {"Total Votes": 164641.0, "Parties": ["lakas-national union of christian democrats-united muslim democrats of the philippines", "partido liberal ng pilipinas", "independent nacionalista and allies", "independent", "laban ng demokratikong pilipino"], "Percent": [0.42553798871484017, 0.2691067231127119, 0.18936959809524967, 0.0834725250696971, 0.03251316500750117]}, "2007-5": {"Total Votes": 252793.0, "Parties": ["nationalist people's coalition", "kabalikat ng malayang pilipino", "independent", "lakas-christian muslim democrats", "partido demokratiko sosyalista ng pilipinas", "partido demokratiko pilipino-lakas ng bayan", "pwersa ng masang pilipino"], "Percent": [0.2900752789831997, 0.2468857919325298, 0.23574624297350005, 0.19131858872674481, 0.01848152440929931, 0.014157828737346367, 0.003334744237379991]}}