{"2004-5": {"Total Votes": 71038.0, "Parties": ["laban ng demokratikong pilipino", "lakas-christian muslim democrats", "unknown"], "Percent": [0.6850418086094766, 0.2656606323376221, 0.049297559052901264]}, "1992-5": {"Total Votes": 44873.0, "Parties": ["laban ng demokratikong pilipino", "nationalist people's coalition", "lp / pdp-laban", "partido nacionalista", "lakas-national union of christian democrats-united muslim democrats of the philippines", "partido sambayanang pilipino", "independent"], "Percent": [0.2941635281795289, 0.22216031912285783, 0.1865487041205179, 0.16742807478884852, 0.11675172152519332, 0.012724801105341741, 0.00022285115771176431]}, "2010-5": {"Total Votes": 74961.0, "Parties": ["laban ng demokratikong pilipino", "independent"], "Percent": [0.8062859353530503, 0.19371406464694974]}, "1998-5": {"Total Votes": 59431.0, "Parties": ["laban ng makabayang masang pilipino", "lakas-national union of christian democrats-united muslim democrats of the philippines"], "Percent": [0.6279887600747085, 0.3720112399252915]}, "2001-5": {"Total Votes": 48969.0, "Parties": ["laban ng demokratikong pilipino", "lakas-national union of christian democrats-united muslim democrats of the philippines"], "Percent": [0.6942351283465049, 0.3057648716534951]}, "1995-5": {"Total Votes": 102478.0, "Parties": ["lakas-national union of christian democrats-united muslim democrats of the philippines"], "Percent": [1.0]}, "2007-5": {"Total Votes": 0, "Parties": [], "Percent": []}}