{"2004-5": {"Total Votes": 245930.0, "Parties": ["laban ng demokratikong pilipino", "lakas-christian muslim democrats", "independent"], "Percent": [0.8124263001667141, 0.1872443378197048, 0.0003293620135811003]}, "1992-5": {"Total Votes": 101894.0, "Parties": ["nationalist people's coalition", "laban ng demokratikong pilipino", "lakas-national union of christian democrats-united muslim democrats of the philippines", "kilusang bagong lipunan", "partido reporma ng pilipinas"], "Percent": [0.4542367558443088, 0.4291518637014937, 0.04766718354368265, 0.0360374506840442, 0.03290674622647065]}, "2010-5": {"Total Votes": 169917.0, "Parties": ["partido nacionalista", "partido liberal ng pilipinas", "independent"], "Percent": [0.637464173684799, 0.3500120647139486, 0.012523761601252377]}, "1998-5": {"Total Votes": 131300.0, "Parties": ["laban ng makabayang masang pilipino", "lakas-national union of christian democrats-united muslim democrats of the philippines", "independent", "partido liberal ng pilipinas"], "Percent": [0.753038842345773, 0.24287128712871286, 0.00214013709063214, 0.0019497334348819498]}, "2001-5": {"Total Votes": 114352.0, "Parties": ["laban ng demokratikong pilipino", "lakas-national union of christian democrats-united muslim democrats of the philippines", "independent"], "Percent": [0.7892035119630614, 0.20889009374562753, 0.0019063942913110396]}, "1995-5": {"Total Votes": 114743.0, "Parties": ["laban ng demokratikong pilipino", "nationalist people's coalition", "independent"], "Percent": [0.5174084693619654, 0.478181675570623, 0.00440985506741152]}, "2007-5": {"Total Votes": 146302.0, "Parties": ["partido nacionalista", "lakas-christian muslim democrats", "independent"], "Percent": [0.609287637899687, 0.3446842831950349, 0.04602807890527812]}}