{"2004-5": {"Total Votes": 1205182.0, "Parties": ["lakas-christian muslim democrats", "unknown", "laban ng demokratikong pilipino", "aksyon demokratiko", "kabalikat ng malayang pilipino", "koalisyon ng nagkakaisang pilipino", "partido liberal ng pilipinas", "nationalist people's coalition", "lakas-cmd / kabatak", "independent", "partido demokratiko pilipino-lakas ng bayan", "kasangga ng bayan, tao, kalikasan at kaunlaran", "partido isang bansa isang diwa", "dgipp"], "Percent": [0.31311868248944974, 0.19875919155778962, 0.15061791497051896, 0.08406697079777163, 0.05094915124852512, 0.049536916415943814, 0.04322334717909826, 0.03273032620799182, 0.029320052904872457, 0.01862706213667313, 0.013966355289076672, 0.013079352330187474, 0.001508485855248419, 0.0004961906168528903]}, "1992-5": {"Total Votes": 533549.0, "Parties": ["laban ng demokratikong pilipino", "independent", "lakas-national union of christian democrats-united muslim democrats of the philippines", "npc / ppp", "partido reporma ng pilipinas", "kilusang bagong lipunan", "partido nacionalista", "partido ng masang pilipino", "lp / pdp-laban", "partido demokratiko pilipino-lakas ng bayan", "independent / np", "independent / kbl"], "Percent": [0.33768969672888527, 0.24290927356250316, 0.17339925667558181, 0.11301679883197233, 0.056767044826248385, 0.03885116456033092, 0.01958020725369179, 0.008066738012816068, 0.006066921688542196, 0.001898607250693001, 0.001117048293596277, 0.0006372423151388158]}, "2010-5": {"Total Votes": 1177893.0, "Parties": ["partido liberal ng pilipinas", "independent", "lakas-kabalikat ng malayang pilipino-demokratikong kristiyano at muslim", "nationalist people's coalition", "partido nacionalista", "pwersa ng masang pilipino", "ang kapatiran", "bagumbayan-volunteers for a new philippines", "buklod", "philippine grren republican party"], "Percent": [0.3207405086879708, 0.3033161755779175, 0.15231774023616745, 0.08971867563522323, 0.06673781065003358, 0.039654705478341414, 0.024355353160261585, 0.0019135863783892085, 0.000743700828513286, 0.0005017433671819087]}, "1998-5": {"Total Votes": 808809.0, "Parties": ["lakas-national union of christian democrats-united muslim democrats of the philippines", "laban ng makabayang masang pilipino", "partido para sa demokratikong reporma", "partido liberal ng pilipinas", "independent", "aksyon demokratiko", "partido reporma ng pilipinas", "kilusang bagong lipunan", "partido demokratiko pilipino-lakas ng bayan"], "Percent": [0.5258855922720939, 0.20812948421691646, 0.12232183370857642, 0.0974482232517195, 0.017114052885168193, 0.012102981049914132, 0.010114872608984322, 0.00516932922358678, 0.0017136307830402482]}, "2001-5": {"Total Votes": 578395.0, "Parties": ["lakas-national union of christian democrats-united muslim democrats of the philippines", "independent", "laban ng demokratikong pilipino", "aksyon demokratiko", "nationalist people's coalition", "partido nacionalista", "akbayan", "partido demokratiko pilipino-lakas ng bayan", "partido isang bansa isang diwa", "rizalist party"], "Percent": [0.3502053095203105, 0.295502208698208, 0.17968862109803854, 0.09287424683823339, 0.04971861789953232, 0.015667493667822163, 0.008941986013018785, 0.0061860839045980685, 0.0006172252526387677, 0.0005982071075994778]}, "1995-5": {"Total Votes": 671451.0, "Parties": ["lakas-national union of christian democrats-united muslim democrats of the philippines", "independent", "partido ng masang pilipino", "nationalist people's coalition", "partido reporma ng pilipinas", "partido liberal ng pilipinas", "partido demokratiko pilipino-lakas ng bayan", "partido nacionalista"], "Percent": [0.6263286524258657, 0.10246168372673509, 0.0770882759873766, 0.06258237756738765, 0.0624513181155438, 0.04417746045504437, 0.023976433127659354, 0.000933798594387379]}, "2007-5": {"Total Votes": 865650.0, "Parties": ["lakas-christian muslim democrats", "kabalikat ng malayang pilipino", "independent", "partido liberal ng pilipinas", "pwersa ng masang pilipino", "nationalist people's coalition", "pdp-laban / uno", "partido demokratiko pilipino-lakas ng bayan", "ang kapatiran", "kilusang bagong lipunan", "nagkakaisang oposisyon"], "Percent": [0.45611159244498356, 0.23078495927915438, 0.1309305146421764, 0.048419107029399874, 0.036206318951077225, 0.034516259458210595, 0.023055507422168314, 0.01679893721480968, 0.013691445734419222, 0.005161439380812106, 0.004323918442788656]}}