{"2004-5": {"Total Votes": 475200.0, "Parties": ["nationalist people's coalition", "lakas-christian muslim democrats", "independent"], "Percent": [0.5622769360269361, 0.4172348484848485, 0.02048821548821549]}, "1992-5": {"Total Votes": 319324.0, "Parties": ["partido liberal ng pilipinas", "laban ng demokratikong pilipino", "nationalist people's coalition", "lakas-national union of christian democrats-united muslim democrats of the philippines", "independent", "partido nacionalista", "partido reporma ng pilipinas", "kbl / np", "partido ng masang pilipino", "npc / ppp"], "Percent": [0.1932425999924841, 0.190048352143904, 0.1364131728275983, 0.13115205872405455, 0.09525434981398202, 0.07538738084202878, 0.059942253009482534, 0.042452180230737435, 0.041590985957835926, 0.034516666457892295]}, "2010-5": {"Total Votes": 550660.0, "Parties": ["nationalist people's coalition", "partido liberal ng pilipinas", "aksyon demokratiko", "independent"], "Percent": [0.7824701267569825, 0.09737950822649184, 0.07205535175970654, 0.04809501325681909]}, "1998-5": {"Total Votes": 440815.0, "Parties": ["lakas-national union of christian democrats-united muslim democrats of the philippines", "nationalist people's coalition", "laban ng makabayang masang pilipino", "partido liberal ng pilipinas", "kabalikat ng malayang pilipino", "independent"], "Percent": [0.3795946145208307, 0.33633383618978485, 0.13156312738904075, 0.0689994668965439, 0.057402765332395675, 0.026106189671404104]}, "2001-5": {"Total Votes": 451248.0, "Parties": ["nationalist people's coalition", "lakas-national union of christian democrats-united muslim democrats of the philippines"], "Percent": [0.7572399212849698, 0.2427600787150303]}, "1995-5": {"Total Votes": 320860.0, "Parties": ["nationalist people's coalition", "lakas-national union of christian democrats-united muslim democrats of the philippines", "independent", "lapiang manggagawa"], "Percent": [0.5543227575889796, 0.3644050364645017, 0.07664401919840429, 0.004628186748114442]}, "2007-5": {"Total Votes": 421086.0, "Parties": ["nationalist people's coalition", "kabalikat ng malayang pilipino", "independent", "lakas-christian muslim democrats"], "Percent": [0.7333585063383727, 0.17464840911357776, 0.06756814522449096, 0.024424939323558607]}}