{"2000-5": {"Total Votes": 183407.0, "Parties": ["Nieuwe Front voor Democratie en Ontwikkeling (2005)", "Millenium Combinatie", "Democratisch Nationaal Platform", "Democratisch Alternatief '91", "Politieke Vleugel van de FAL", "Basispartij voor Vernieuwing en Democratie", "Partij voor Democratie en Ontwikkeling door Eenheid", "Hernieuwde Progressieve Partij", "Naya Kadam", "Algemene Bevrijdings- en Ontwikkelingspartij", "Democraten van de 21ste Eeuw", "Nationale Partij voor Leiderschap en Ontwikkeling", "Pendawa Lima", "Progressieve Arbeiders en Landbouw Unie", "Nationale Nervormings Partij", "Amazone Partij Suriname", "Progressieve Surinaamse Volkspartij"], "Percent": [0.4754507734164999, 0.15079577115377277, 0.09947820966484376, 0.06108272857633569, 0.04460026062254985, 0.03197805972509228, 0.024939069937352443, 0.02456285746999842, 0.02349419596852901, 0.017349392335079906, 0.012665819734252237, 0.010321307256538736, 0.007813224140845225, 0.006799086185369152, 0.004307360133473641, 0.0033313886601929045, 0.0010304950192740734]}, "2010-5": {"Total Votes": 237575.0, "Parties": ["Mega Combinatie", "Nieuwe Front voor Democratie en Ontwikkeling (2010)", "Volksalliantie", "Partij voor Democratie en Ontwikkeling door Eenheid", "Alliance of Basispartij voor Vernieuwing en Democratie", "A Combinatie", "Democratische Unie Suriname", "Permanente Vooruitgang van Republiek Suriname", "Nationale Unie"], "Percent": [0.40215931811007055, 0.31648952962222454, 0.1298284752183521, 0.05086814690097864, 0.05069136062296117, 0.04704198674102915, 0.0011954119751657372, 0.001098600441965695, 0.0006271703672524466]}, "2005-5": {"Total Votes": 211042.0, "Parties": ["Nieuwe Front voor Democratie en Ontwikkeling (2005)", "Nationale Democratische Partij", "Volksalliantie Voor Vooruitgang", "A Combinatie", "A1 Combinatie", "Alliance of Unie van Progressieve Surinamers and Partij voor Democratie en Ontwikkeling door Eenheid", "Nieuw Suriname", "Progressieve Arbeiders en Landbouw Unie", "Progressieve Politeke Partij", "Nationale Unie"], "Percent": [0.4107713156622852, 0.2316079263843216, 0.1438197136115086, 0.07518408657992247, 0.061130012035519, 0.048772282294519576, 0.016394840837368866, 0.009277774092360762, 0.0017532055230712368, 0.0012888429791226392]}}