{"2003-11": {"Total Votes": 1514897.0, "Parties": ["Guatemalan Republican Front", "National Unity of Hope", "PP-MR-PSN", "National Advancement Party", "Unionist Party", "Guatemalan National Revolutionary Unit", "PP-MR", "Guatemalan Christian Democracy", "Authentic Integral Development", "Democratic Union", "Social Participative Democracy", "New Nation Alliance", "MR-PSN", "Transparency", "Reform Movement", "National Social and Political Change Movement", "PP-PSN", "National Union", "Populist Party", "Progressive Liberator Party", "National Solidarity Party"], "Percent": [0.24849676248616243, 0.16266254405415018, 0.14291268647307376, 0.11682312394836085, 0.05725603786924128, 0.044826149896659645, 0.0431507884694471, 0.040363800311176284, 0.033223380863517456, 0.026277694127059464, 0.015455836271376866, 0.015232718792102697, 0.010645608249273714, 0.00960461338295607, 0.008530612972367098, 0.00824478495897741, 0.005939017636182526, 0.0037613118251603904, 0.003750089940108139, 0.0018931980194032993, 0.0009492394532433558]}, "2011-9": {"Total Votes": 3929151.0, "Parties": ["Populist Party", "UNE-GANA", "Democratic Freedom Revival", "National Center Union", "Renovation and Order Compromise", "National Unity of Hope", "VIVA-EG", "National Advancement Party", "Unionist", "Guatemalan Republican Front", "Victory", "Social Action Center", "Guatemalan National Revolutionary Unit", "Grand National Alliance", "WINAQ-URNG-MAIZ-ANN", "National Development Action", "URNG-MAIZ", "Vision with Values", "National Convergence Front", "WINAQ-ANN", "URNG-MAIZ-ANN", "People", "Integral Movement of Opportunity", "URNG-ANN"], "Percent": [0.27065363484376137, 0.19168899337286857, 0.1015883584010897, 0.09376631236620836, 0.07936370987014751, 0.05129759584195161, 0.042398217833827204, 0.0334102710738274, 0.02772634597143251, 0.025316410593535347, 0.01799396358144546, 0.012303675781358369, 0.00978786511386302, 0.009607673515219954, 0.009150322805104716, 0.007672395385160815, 0.005060380728559427, 0.0033620494605577644, 0.0026639342697697284, 0.0019149174974441045, 0.0012481067793016862, 0.0011004921928426778, 0.0005199596554064733, 0.0004044130653161459]}, "1995-11": {"Total Votes": 1224604.0, "Parties": ["National Advancement Party", "Guatemalan Republican Front", "National Center Union", "New Guatemala Democratic Front Democratic Votes", "Guatemalan Christian Democracy", "Democratic Union", "National Liberation Movement Party", "Authentic Integral Development", "Progressive Liberator Party", "UCN-DCG-PSD", "Guatemalan Reformer Party", "DCG-PSD", "Populist Party", "FUN-PID", "DCG-UCN", "National Historic Change", "Village Party", "Guatemalan Democrat Party", "Social Democratic Party", "Popular Alliance 5", "Authentic Nationalist Center", "Social Reformist Union", "Patriotic Movement Liberty", "UD-PSG", "Guatemalan Labor Party", "UCN-PSD", "Shirtless Movement", "Popular Democratic Force", "National Accord Party", "PCN-MPL"], "Percent": [0.26417274482199954, 0.1986013437813367, 0.07663701898736243, 0.07339025513553768, 0.0630318045670274, 0.0521507360746821, 0.04072908466737003, 0.03845814647020588, 0.036372574317901946, 0.0306107117076214, 0.023254047839138203, 0.016779301717126518, 0.013038500609176518, 0.011488611828803433, 0.010657322693703434, 0.009236455213277109, 0.008038516940986637, 0.006590701973862572, 0.005372348938922296, 0.004440619171585263, 0.003852674007270922, 0.0023583133813053036, 0.0021019039624237713, 0.002038209902956384, 0.0019418522232493114, 0.0018626429441680739, 0.001540089694301178, 0.0009325463578430252, 0.0002123135315579567, 0.00010860653729695477]}, "1984-7": {"Total Votes": 1000114.0, "Parties": ["National Center Union", "Guatemalan Christian Democracy", "Revolutionary Party", "National Renovator Party", "United Front of the Revolution", "Concord Emergence Movement", "Democratic Alliance", "Civic Democratic Front", "Democratic Party of Cooperation Party", "PNR-DCG", "Populist Party", "Popular Democratic Strength Alliance-National Democratic Coordinator", "Rural Social Action Organization", "National Progressive Alliance", "United Zacapa Committee"], "Percent": [0.27870822726209216, 0.17917857364260475, 0.17917857364260475, 0.12600663524358224, 0.045484814731120655, 0.04373801386641923, 0.03674281131950958, 0.027884821130391133, 0.018541886224970352, 0.014760317323825083, 0.014684325986837499, 0.013374475309814681, 0.012220606850819007, 0.006765228763920913, 0.00273068870148803]}, "2007-9": {"Total Votes": 3138642.0, "Parties": ["National Unity of Hope", "Grand National Alliance", "Populist Party", "Guatemalan Republican Front", "Unionist Party", "National Advancement Party", "Social Action Center", "Encounter for Guatemala", "National Center Union", "URNG-MAIZ", "Authentic Integral Development", "Democratic Union", "New Nation Alliance", "The Front for Democracy Democratic Votes", "Guatemalan Christian Democracy", "National Welfare"], "Percent": [0.2217350688609915, 0.172081747456384, 0.15927652787415703, 0.09571368763943133, 0.06704237055388923, 0.0513304798699565, 0.04714969085356023, 0.046103059858371875, 0.04460942025245314, 0.031917944129977234, 0.015277945047571528, 0.015107807771641366, 0.014735035088423592, 0.008234452989541338, 0.006686649831360188, 0.0029981119222899583]}, "1990-11": {"Total Votes": 283001.0, "Parties": ["PID-FUN-FRG", "PSD-AP5", "PID-FIR-FRG", "MLN-FAN", "PSD-AP5-PR", "PID-FUN", "PNR-MEC"], "Percent": [0.7115063197656545, 0.21596743474404684, 0.042130593178115974, 0.015480510669573606, 0.012204903869597633, 0.0015794997190822647, 0.0011307380539291381]}, "1999-11": {"Total Votes": 2338086.0, "Parties": ["Guatemalan Republican Front", "National Advancement Party", "DIA-URNG", "Democratic Institutional Party", "Progressive Liberator Party", "Democratic Reconciliatory Action", "Guatemalan Christian Democracy", "New Guatemala Democratic Front Democratic Votes", "Anticommunist Unification Party", "The Green Organization-Democratic Union Coalition", "Unity National Front", "National Center Union", "National Liberation Movement Party", "Democratic Alliance", "UCN-DCG", "DCG-FDNG", "National Union", "National Reconciliatory Alliance", "MLN-DCG", "Authentic Integral Development"], "Percent": [0.3763073727826949, 0.2521506907786968, 0.09896299793934014, 0.0470063975405524, 0.038587973239649874, 0.032930354144372787, 0.02904854654619206, 0.022900782948103715, 0.022832778606090617, 0.020699837388359538, 0.02025845071567085, 0.017137521887561024, 0.009276818731218613, 0.003357447074230802, 0.0027714977122312865, 0.002477239930438829, 0.0013780502513594452, 0.0008823456451131395, 0.0007822637832825653, 0.0002506323548406688]}}