{"2006-4": {"Total Votes": 227167.0, "Parties": ["hungarian socialist party", "fidesz - mpp", "alliance of free democrats", "hungarian democratic forum", "party of hungarian justice and life", "workers' party", "center party", "live chain for hungary", "independent small holders party"], "Percent": [0.43304265144145054, 0.428979561291913, 0.0613909590741613, 0.05267050231767819, 0.013734389237873458, 0.003785761136080505, 0.003182680583007215, 0.002535579551607408, 0.0006779153662283694]}, "2010-4": {"Total Votes": 442206.0, "Parties": ["fidesz - mpp - kdnp", "fidesz - mpp", "hungarian socialist party", "movement for a better hungary", "politics can be different", "hungarian democratic forum", "civil movement", "independent", "mdf - afd", "workers' party"], "Percent": [0.2738904492476357, 0.27139161386322214, 0.18784457922325792, 0.1644663346946898, 0.04787813824326219, 0.02889151210069515, 0.017396869332392595, 0.005418289213624419, 0.0022591280986689463, 0.0005630859825511188]}, "1994-5": {"Total Votes": 239124.0, "Parties": ["magyar szocialista p\u00e1rt", "szabad demokrat\u00e1k sz\u00f6vets\u00e9ge", "f\u00fcggetlen kisgazdap\u00e1rt", "magyar demokrata f\u00f3rum", "fiatal demokrat\u00e1k sz\u00f6vets\u00e9ge", "kereszt\u00e9nydemokrata n\u00e9pp\u00e1rt", "munk\u00e1sp\u00e1rt", "k\u00f6zt\u00e1rsas\u00e1g p\u00e1rt", "agr\u00e1rsz\u00f6vets\u00e9g", "magyar igazs\u00e1g \u00e9s \u00c9let p\u00e1rtja", "v\u00e1llalkoz\u00f3k part", "magyar szoci\u00e1ldemokrata p\u00e1rt", "piac p\u00e1rt", "egyes\u00fclt kisgazdap\u00e1rt", "independent"], "Percent": [0.33091617738077317, 0.18323965808534484, 0.10398370719793915, 0.10295077031163748, 0.0975978989980094, 0.05443619210116926, 0.03014753851558187, 0.027203459293086433, 0.02384536892992757, 0.014235292149679665, 0.012913802044127733, 0.011730315652130275, 0.002655526003245178, 0.0023753366454224586, 0.001768956691925528]}, "1998-5": {"Total Votes": 357314.0, "Parties": ["hungarian socialist party", "fidesz - mpp", "independent small holders party", "hungarian democratic forum", "alliance of free democrats", "party of hungarian justice and life", "workers' party", "christian democratic people's party", "hungarian democratic people's party", "new union", "union for hungary", "social democratic party of hungary", "social green party of hungary"], "Percent": [0.34388800886615134, 0.21518888148799095, 0.12424086377807754, 0.11080450248241043, 0.07983454328685695, 0.041227044000514954, 0.03529668582815115, 0.019915256609032955, 0.01496722770448401, 0.007116989538613097, 0.006761559860514841, 0.0004561813978741387, 0.00030225515932765017]}, "2002-4": {"Total Votes": 465012.0, "Parties": ["hungarian socialist party", "federation of young democrats", "fidesz - mdf", "alliance of free democrats", "center of solidarity for hungary", "party of hungarian justice and life", "workers' party", "independent small holders party", "independent", "smallholders' party", "democratic party of hungarian roma"], "Percent": [0.429031938960715, 0.21684386639484574, 0.20889568441244527, 0.05080944147677909, 0.03502275210102104, 0.03460125760195436, 0.018057598513586747, 0.005378355827376498, 0.0005978340343905104, 0.00039353823127145107, 0.00036773244561430675]}, "1990-3": {"Total Votes": 213791.0, "Parties": ["magyar demokrata f\u00f3rum", "szabad demokrat\u00e1k sz\u00f6vets\u00e9ge", "f\u00fcggetlen kisgazdap\u00e1rt", "magyar szocialista p\u00e1rt", "fiatal demokrat\u00e1k sz\u00f6vets\u00e9ge", "agr\u00e1rsz\u00f6vets\u00e9g", "magyar szoci\u00e1ldemokrata p\u00e1rt", "magyar szocialista munk\u00e1sp\u00e1rt", "v\u00e1llalkoz\u00f3k part", "hazafias v\u00e1laszt\u00e1si koal\u00edci\u00f3", "fidesz + szdsz", "independent", "magyar n\u00e9pp\u00e1rt", "kereszt\u00e9nydemokrata n\u00e9pp\u00e1rt"], "Percent": [0.23026694294895483, 0.22490189016375806, 0.12645527641481635, 0.10111276901272738, 0.07645784902077263, 0.04985710343279184, 0.043958819594837946, 0.03843473298688906, 0.037162462404872046, 0.03323806895519456, 0.012961256554298356, 0.010711395708893266, 0.008274436248485671, 0.0062069965527080185]}}