{"2006-4": {"Total Votes": 0, "Parties": [], "Percent": []}, "2010-4": {"Total Votes": 0, "Parties": [], "Percent": []}, "1994-5": {"Total Votes": 151727.0, "Parties": ["magyar szocialista p\u00e1rt", "szabad demokrat\u00e1k sz\u00f6vets\u00e9ge", "magyar demokrata f\u00f3rum", "kereszt\u00e9nydemokrata n\u00e9pp\u00e1rt", "fiatal demokrat\u00e1k sz\u00f6vets\u00e9ge", "f\u00fcggetlen kisgazdap\u00e1rt", "munk\u00e1sp\u00e1rt", "k\u00f6zt\u00e1rsas\u00e1g p\u00e1rt", "agr\u00e1rsz\u00f6vets\u00e9g", "v\u00e1llalkoz\u00f3k part", "egyes\u00fclt kisgazdap\u00e1rt", "piac p\u00e1rt", "nemzeti demokrata sz\u00f6vets\u00e9g", "magyarsagert valasztasi szovetseg", "magyar munkanelkuliek partja"], "Percent": [0.3743302114982831, 0.17438557409030694, 0.10998701615401345, 0.100140383715489, 0.07847647419378226, 0.052119925919579244, 0.04073764063086992, 0.018579422251807524, 0.015620159892438392, 0.010406849143527519, 0.009497320845993133, 0.008699835889459358, 0.004376281083788647, 0.0013906555853605489, 0.0012522491053009682]}, "1998-5": {"Total Votes": 0, "Parties": [], "Percent": []}, "2002-4": {"Total Votes": 0, "Parties": [], "Percent": []}, "1990-3": {"Total Votes": 137928.0, "Parties": ["magyar demokrata f\u00f3rum", "szabad demokrat\u00e1k sz\u00f6vets\u00e9ge", "independent", "magyar szocialista p\u00e1rt", "f\u00fcggetlen kisgazdap\u00e1rt", "kereszt\u00e9nydemokrata n\u00e9pp\u00e1rt", "magyarosz\u00e1gi z\u00f6ld p\u00e1rt", "fiatal demokrat\u00e1k sz\u00f6vets\u00e9ge", "magyar szocialista munk\u00e1sp\u00e1rt", "hazafias v\u00e1laszt\u00e1si koal\u00edci\u00f3", "magyar szoci\u00e1ldemokrata p\u00e1rt", "agr\u00e1rsz\u00f6vets\u00e9g", "v\u00e1llalkoz\u00f3k part"], "Percent": [0.26476857490864797, 0.18580708775593063, 0.10078446725827968, 0.09660837538425845, 0.08934371556174235, 0.0658096978133519, 0.05324517139377066, 0.04794530479670553, 0.029667652688359143, 0.028058117278580125, 0.02024244533379734, 0.01233977147497245, 0.005379618351603735]}}