{"2006-4": {"Total Votes": 614906.0, "Parties": ["hungarian socialist party", "fidesz - mpp", "alliance of free democrats", "hungarian democratic forum", "mdf - fidesz - mpp - kdnp", "party of hungarian justice and life", "independent", "center party", "live chain for hungary", "workers' party"], "Percent": [0.40527820512403523, 0.39244372310564546, 0.08092131155005805, 0.04004189258195562, 0.037324404055253974, 0.031139718916387223, 0.006433503657469597, 0.0039436922066136935, 0.0012717390950811995, 0.001201809707500008]}, "2010-4": {"Total Votes": 1252995.0, "Parties": ["fidesz - mpp - kdnp", "fidesz - mpp", "hungarian socialist party", "movement for a better hungary", "politics can be different", "hungarian democratic forum", "civil movement", "independent", "unity party"], "Percent": [0.26802980059776776, 0.2649284314781783, 0.1850095171967965, 0.16650585197865914, 0.07498673179062965, 0.02134805007202742, 0.014468533393988004, 0.004175595273724157, 0.000547488218229123]}, "1994-5": {"Total Votes": 553369.0, "Parties": ["magyar szocialista p\u00e1rt", "szabad demokrat\u00e1k sz\u00f6vets\u00e9ge", "magyar demokrata f\u00f3rum", "f\u00fcggetlen kisgazdap\u00e1rt", "kereszt\u00e9nydemokrata n\u00e9pp\u00e1rt", "fiatal demokrat\u00e1k sz\u00f6vets\u00e9ge", "k\u00f6zt\u00e1rsas\u00e1g p\u00e1rt", "munk\u00e1sp\u00e1rt", "magyar igazs\u00e1g \u00e9s \u00c9let p\u00e1rtja", "agr\u00e1rsz\u00f6vets\u00e9g", "magyar szoci\u00e1ldemokrata p\u00e1rt", "egyes\u00fclt kisgazdap\u00e1rt", "v\u00e1llalkoz\u00f3k part", "independent", "f\u00fcggetlen magyar demokrata p\u00e1rt", "z\u00f6ld alternat\u00edva"], "Percent": [0.2978283929891266, 0.1997925434926785, 0.11847067689010407, 0.09674376410677143, 0.08073997639911162, 0.07133214907231883, 0.029867954294512344, 0.027377753361680905, 0.022709981946946792, 0.017987997159219254, 0.01451291995034055, 0.011744423702809518, 0.007897081332709277, 0.0019480672028971626, 0.0005511692920998466, 0.0004951488066733048]}, "1998-5": {"Total Votes": 860170.0, "Parties": ["hungarian socialist party", "fidesz - mpp", "independent small holders party", "hungarian democratic forum", "alliance of free democrats", "party of hungarian justice and life", "christian democratic people's party", "workers' party", "independent", "hungarian democratic people's party", "new union", "social coalition", "union for hungary", "forum of national minorities", "women's party", "democratic party of hungarian roma", "hungarian welfare alliance", "association of independents", "social green party of hungary"], "Percent": [0.277781136287013, 0.2020914470395387, 0.1503877140565237, 0.0986874687561761, 0.09767836590441423, 0.07651975772231072, 0.032125045049234455, 0.027185323831335664, 0.016525803038934164, 0.0155341386005092, 0.001420649406512666, 0.0009591127335294186, 0.0007731029912691678, 0.0006870734854738017, 0.0005347780089982213, 0.0003371426578467047, 0.0002929653440598951, 0.00024181266493832616, 0.00023716242138181986]}, "2002-4": {"Total Votes": 3741201.0, "Parties": ["hungarian socialist party", "fidesz - mdf", "alliance of free democrats", "federation of young democrats", "party of hungarian justice and life", "independent small holders party", "center of solidarity for hungary", "workers' party", "new left party", "independent", "green party of hungary", "pest 1601", "smallholders' party"], "Percent": [0.4264122670768024, 0.33959442435731196, 0.07187985890092514, 0.06510395993158347, 0.06276059479295552, 0.013387946811732384, 0.012036776425538217, 0.006355178457399106, 0.0011119423949688882, 0.0006038167957294997, 0.0002900138217647221, 0.0002456430435039443, 0.00021757718978477768]}, "1990-3": {"Total Votes": 489328.0, "Parties": ["magyar demokrata f\u00f3rum", "szabad demokrat\u00e1k sz\u00f6vets\u00e9ge", "f\u00fcggetlen kisgazdap\u00e1rt", "magyar szocialista p\u00e1rt", "kereszt\u00e9nydemokrata n\u00e9pp\u00e1rt", "fiatal demokrat\u00e1k sz\u00f6vets\u00e9ge", "magyar szoci\u00e1ldemokrata p\u00e1rt", "v\u00e1llalkoz\u00f3k part", "agr\u00e1rsz\u00f6vets\u00e9g", "hazafias v\u00e1laszt\u00e1si koal\u00edci\u00f3", "magyar n\u00e9pp\u00e1rt", "independent", "magyar szocialista munk\u00e1sp\u00e1rt", "nemzeti kisgazdap\u00e1rt", "mcszdp"], "Percent": [0.2595559624628061, 0.22041248405977176, 0.11808643690939412, 0.09423944675146324, 0.09315632867933166, 0.08945737828205212, 0.02823055292155773, 0.027429454271981166, 0.023732547493705652, 0.01648383088644018, 0.013293741621162083, 0.00785362783245594, 0.0045082235228721835, 0.00230724585554066, 0.0012527384494653894]}}