{"2006-4": {"Total Votes": 0, "Parties": [], "Percent": []}, "2010-4": {"Total Votes": 0, "Parties": [], "Percent": []}, "1994-5": {"Total Votes": 33733.0, "Parties": ["magyar szocialista p\u00e1rt", "munk\u00e1sp\u00e1rt", "szabad demokrat\u00e1k sz\u00f6vets\u00e9ge", "magyar demokrata f\u00f3rum", "fiatal demokrat\u00e1k sz\u00f6vets\u00e9ge", "kereszt\u00e9nydemokrata n\u00e9pp\u00e1rt", "f\u00fcggetlen kisgazdap\u00e1rt", "agr\u00e1rsz\u00f6vets\u00e9g", "v\u00e1llalkoz\u00f3k part", "independent"], "Percent": [0.365428512139448, 0.18243263273352503, 0.15489283490943587, 0.08140396644235615, 0.059170545163489754, 0.0514036699967391, 0.04603800432810601, 0.02187768653840453, 0.020751193193608634, 0.016600954554886905]}, "1998-5": {"Total Votes": 0, "Parties": [], "Percent": []}, "2002-4": {"Total Votes": 0, "Parties": [], "Percent": []}, "1990-3": {"Total Votes": 28166.0, "Parties": ["szabad demokrat\u00e1k sz\u00f6vets\u00e9ge", "magyar demokrata f\u00f3rum", "magyar szocialista munk\u00e1sp\u00e1rt", "magyar szocialista p\u00e1rt", "independent", "f\u00fcggetlen kisgazdap\u00e1rt", "magyar szoci\u00e1ldemokrata p\u00e1rt", "v\u00e1llalkoz\u00f3k part", "agr\u00e1rsz\u00f6vets\u00e9g", "hazafias v\u00e1laszt\u00e1si koal\u00edci\u00f3"], "Percent": [0.19946034225662146, 0.19580345096925372, 0.13910388411560037, 0.1342398636654122, 0.11599091102747994, 0.06582404317261947, 0.044060214442945396, 0.04164595611730455, 0.0329830291841227, 0.030888305048640204]}}