{"2006-4": {"Total Votes": 0, "Parties": [], "Percent": []}, "2010-4": {"Total Votes": 0, "Parties": [], "Percent": []}, "1994-5": {"Total Votes": 66721.0, "Parties": ["magyar szocialista p\u00e1rt", "szabad demokrat\u00e1k sz\u00f6vets\u00e9ge", "fiatal demokrat\u00e1k sz\u00f6vets\u00e9ge", "magyar demokrata f\u00f3rum", "kereszt\u00e9nydemokrata n\u00e9pp\u00e1rt", "f\u00fcggetlen kisgazdap\u00e1rt", "k\u00f6zt\u00e1rsas\u00e1g p\u00e1rt", "munk\u00e1sp\u00e1rt", "egyes\u00fclt kisgazdap\u00e1rt", "independent", "agr\u00e1rsz\u00f6vets\u00e9g", "magyar szoci\u00e1ldemokrata p\u00e1rt", "v\u00e1llalkoz\u00f3k part", "magyarosz\u00e1gi z\u00f6ld p\u00e1rt"], "Percent": [0.2676218881611486, 0.1817418803675005, 0.11513616402631854, 0.110175207206127, 0.09206996298017116, 0.0917402317111554, 0.03159425068569116, 0.025284393219526087, 0.021882166034681735, 0.020698131023216076, 0.019199352527689933, 0.01199022796420917, 0.007763672606825437, 0.0031024714857391224]}, "1998-5": {"Total Votes": 0, "Parties": [], "Percent": []}, "2002-4": {"Total Votes": 0, "Parties": [], "Percent": []}, "1990-3": {"Total Votes": 67984.0, "Parties": ["szabad demokrat\u00e1k sz\u00f6vets\u00e9ge", "magyar demokrata f\u00f3rum", "fiatal demokrat\u00e1k sz\u00f6vets\u00e9ge", "magyar szocialista p\u00e1rt", "f\u00fcggetlen kisgazdap\u00e1rt", "kereszt\u00e9nydemokrata n\u00e9pp\u00e1rt", "independent", "agr\u00e1rsz\u00f6vets\u00e9g", "magyar szoci\u00e1ldemokrata p\u00e1rt", "magyarosz\u00e1gi z\u00f6ld p\u00e1rt", "magyar szocialista munk\u00e1sp\u00e1rt", "hazafias v\u00e1laszt\u00e1si koal\u00edci\u00f3", "v\u00e1llalkoz\u00f3k part"], "Percent": [0.20022358201929866, 0.16400917863026593, 0.15160920216521534, 0.14140091786302658, 0.1253971522711226, 0.056719228053659684, 0.05236526241468581, 0.04562838314897623, 0.023755589550482466, 0.012370557778300777, 0.009399270416568604, 0.00885502471169687, 0.0082666509767004]}}