{"2006-4": {"Total Votes": 287626.0, "Parties": ["fidesz - mpp", "hungarian socialist party", "mszp - szdsz", "mdf - nyup", "alliance of free democrats", "hungarian democratic forum", "party of hungarian justice and life", "union of hungarians one for another", "center party", "mcf - roma unity party", "christian democratic party", "hungarian provincial party", "workers' party", "workers' party of hungary", "independent small holders party", "social green party of hungary", "social democratic party"], "Percent": [0.42364042193682067, 0.369208625089526, 0.08308011097744988, 0.04753395033828652, 0.03180519146391494, 0.017682685153637013, 0.016045141955177904, 0.0031429703851529414, 0.0021277631368513275, 0.0020443214452100992, 0.0016201595127005208, 0.0005840918414885997, 0.00045197582972332127, 0.00043806888111644983, 0.00022598791486166063, 0.00022251117770994276, 0.00014602296037214993]}, "2010-4": {"Total Votes": 552887.0, "Parties": ["fidesz - mpp", "fidesz - mpp - kdnp", "movement for a better hungary", "hungarian socialist party", "civil movement", "politics can be different", "hungarian democratic forum", "social democratic party of hungary", "independent", "workers' party", "unity party", "mesz"], "Percent": [0.26945831607543674, 0.26145848970947044, 0.23231510236268896, 0.15425756076739008, 0.02468135441781051, 0.021664463081967924, 0.012226729874278105, 0.01060614555958089, 0.009486567779672881, 0.002134251664444995, 0.0010490389537102518, 0.0006619797535481934]}, "1994-5": {"Total Votes": 330649.0, "Parties": ["magyar szocialista p\u00e1rt", "szabad demokrat\u00e1k sz\u00f6vets\u00e9ge", "magyar demokrata f\u00f3rum", "f\u00fcggetlen kisgazdap\u00e1rt", "kereszt\u00e9nydemokrata n\u00e9pp\u00e1rt", "fiatal demokrat\u00e1k sz\u00f6vets\u00e9ge", "munk\u00e1sp\u00e1rt", "agr\u00e1rsz\u00f6vets\u00e9g", "magyar szoci\u00e1ldemokrata p\u00e1rt", "magyar igazs\u00e1g \u00e9s \u00c9let p\u00e1rtja", "k\u00f6zt\u00e1rsas\u00e1g p\u00e1rt", "v\u00e1llalkoz\u00f3k part", "nemzeti demokrata sz\u00f6vets\u00e9g", "kiegyez\u00e9s f\u00fcggetlen kisgazdap\u00e1rt", "egyes\u00fclt kisgazdap\u00e1rt", "magyarosz\u00e1gi z\u00f6ld p\u00e1rt", "independent", "demokrata koalicio"], "Percent": [0.31704012411953464, 0.16064769589504277, 0.11913842171003089, 0.09022861100441859, 0.08371112569522364, 0.08281591657618803, 0.03996080435749087, 0.01941938430178225, 0.01615912946961884, 0.01498870403358244, 0.012405904750959477, 0.01112962688530738, 0.010476366176821947, 0.007908688669858369, 0.006783628560800123, 0.004717994005728129, 0.0019990987421707007, 0.00046877504544093584]}, "1998-5": {"Total Votes": 428196.0, "Parties": ["hungarian socialist party", "independent small holders party", "fidesz - mpp", "hungarian democratic forum", "alliance of free democrats", "christian democratic people's party", "workers' party", "party of hungarian justice and life", "social democratic party of hungary", "entrepreneurs party", "independent", "hungarian democratic people's party", "new union", "green party of hungary", "union for hungary", "forum of national minorities"], "Percent": [0.3081275864323815, 0.19446234901773957, 0.17959766088426796, 0.09138104979962448, 0.06499827181944717, 0.03935347364291119, 0.03351269045016768, 0.026863866080019432, 0.01393754262066904, 0.013510168240712196, 0.009834281497258266, 0.0085007800166279, 0.007057515717101514, 0.005756709544227409, 0.002489514147726742, 0.0006165400891180675]}, "2002-4": {"Total Votes": 2079766.0, "Parties": ["fidesz - mdf", "hungarian socialist party", "mszp - mszdp", "federation of young democrats", "center of solidarity for hungary", "alliance of free democrats", "party of hungarian justice and life", "independent small holders party", "workers' party", "hungarian roma party", "independent", "social democratic party", "smallholders' party", "new left party"], "Percent": [0.4473724447846536, 0.22402712612861253, 0.07974166324480735, 0.062067559523523316, 0.05401088391674834, 0.04841794701903964, 0.04141235119720199, 0.028584465752397144, 0.011630635369555997, 0.0009246232508849553, 0.0007164267518557376, 0.0006116072673560391, 0.0004462040441088084, 3.6061749254483434e-05]}, "1990-3": {"Total Votes": 279551.0, "Parties": ["magyar demokrata f\u00f3rum", "szabad demokrat\u00e1k sz\u00f6vets\u00e9ge", "f\u00fcggetlen kisgazdap\u00e1rt", "kereszt\u00e9nydemokrata n\u00e9pp\u00e1rt", "magyar szocialista p\u00e1rt", "fiatal demokrat\u00e1k sz\u00f6vets\u00e9ge", "agr\u00e1rsz\u00f6vets\u00e9g", "magyar szocialista munk\u00e1sp\u00e1rt", "v\u00e1llalkoz\u00f3k part", "hazafias v\u00e1laszt\u00e1si koal\u00edci\u00f3", "magyar n\u00e9pp\u00e1rt", "independent", "magyar szoci\u00e1ldemokrata p\u00e1rt", "magyar sz\u00f6vetkezeti \u00e9s agr\u00e1rp\u00e1rt"], "Percent": [0.22952162574986318, 0.15479107568923023, 0.14146613676931938, 0.10499694152408684, 0.09968485178017608, 0.06480391771090069, 0.049457880672936244, 0.04556234819406835, 0.04084049064392544, 0.038726386240793276, 0.010427435423232255, 0.008982260839703668, 0.00828113653680366, 0.002457512224960741]}}