{"2006-4": {"Total Votes": 201894.0, "Parties": ["fidesz - mpp", "hungarian socialist party", "hungarian democratic forum", "alliance of free democrats", "party of hungarian justice and life", "workers' party", "social green party of hungary", "christian democratic party"], "Percent": [0.4932687449849921, 0.3936867861352987, 0.05038287418150119, 0.04973401884157033, 0.00922266139657444, 0.0024220630627953283, 0.0009212755208178549, 0.00036157587645001835]}, "2010-4": {"Total Votes": 379489.0, "Parties": ["fidesz - mpp - kdnp", "fidesz - mpp", "hungarian socialist party", "movement for a better hungary", "politics can be different", "hungarian democratic forum"], "Percent": [0.2996555894900774, 0.2847197151959609, 0.19949721862820793, 0.14448113120538408, 0.05455494098643175, 0.0170914044939379]}, "1994-5": {"Total Votes": 253640.0, "Parties": ["magyar szocialista p\u00e1rt", "szabad demokrat\u00e1k sz\u00f6vets\u00e9ge", "magyar demokrata f\u00f3rum", "f\u00fcggetlen kisgazdap\u00e1rt", "fiatal demokrat\u00e1k sz\u00f6vets\u00e9ge", "kereszt\u00e9nydemokrata n\u00e9pp\u00e1rt", "asz + szdsz", "agr\u00e1rsz\u00f6vets\u00e9g", "munk\u00e1sp\u00e1rt", "magyar szoci\u00e1ldemokrata p\u00e1rt", "nemzeti demokrata sz\u00f6vets\u00e9g", "k\u00f6zt\u00e1rsas\u00e1g p\u00e1rt", "egyes\u00fclt kisgazdap\u00e1rt", "v\u00e1llalkoz\u00f3k part", "konzervat\u00edv p\u00e1rt"], "Percent": [0.29639646743415865, 0.19789071124428323, 0.12136098407191294, 0.10031540766440625, 0.08426115754612837, 0.08010566156757609, 0.027223624034064028, 0.02021763128844031, 0.018857435735688377, 0.011275824002523261, 0.010290175051253745, 0.01025863428481312, 0.009663302318246334, 0.009020659202018609, 0.002862324554486674]}, "1998-5": {"Total Votes": 356684.0, "Parties": ["hungarian socialist party", "fidesz - mpp", "hungarian democratic forum", "independent small holders party", "alliance of free democrats", "party of hungarian justice and life", "workers' party", "hungarian democratic people's party", "christian democratic people's party", "new union", "forum of national minorities", "entrepreneurs party", "union for hungary", "social democratic party of hungary"], "Percent": [0.2759193011180765, 0.23985937132027227, 0.13946518486952036, 0.12712933577059807, 0.08837514438550649, 0.04049522826928037, 0.028490204214374627, 0.024374516378643282, 0.022950286528131345, 0.0064454811541869, 0.004090455417119916, 0.0008466878245169394, 0.000832669814177255, 0.0007261329355956532]}, "2002-4": {"Total Votes": 424302.0, "Parties": ["hungarian socialist party", "fidesz - mdf", "federation of young democrats", "alliance of free democrats", "center of solidarity for hungary", "party of hungarian justice and life", "workers' party", "independent small holders party", "smallholders' party", "new left party", "green party of hungary"], "Percent": [0.3611814226659313, 0.24096987523037836, 0.24016384556283024, 0.0591064854749683, 0.038724776220710716, 0.03224825713760482, 0.016521251372842927, 0.007200060334384471, 0.0021282011397542318, 0.0011571946396670297, 0.0005986302209275469]}, "1990-3": {"Total Votes": 236598.0, "Parties": ["magyar demokrata f\u00f3rum", "szabad demokrat\u00e1k sz\u00f6vets\u00e9ge", "f\u00fcggetlen kisgazdap\u00e1rt", "fiatal demokrat\u00e1k sz\u00f6vets\u00e9ge", "magyar szocialista p\u00e1rt", "kereszt\u00e9nydemokrata n\u00e9pp\u00e1rt", "magyar szoci\u00e1ldemokrata p\u00e1rt", "magyar szocialista munk\u00e1sp\u00e1rt", "v\u00e1llalkoz\u00f3k part", "hazafias v\u00e1laszt\u00e1si koal\u00edci\u00f3", "agr\u00e1rsz\u00f6vets\u00e9g", "magyar n\u00e9pp\u00e1rt"], "Percent": [0.28151970853515246, 0.18017058470485803, 0.11196628881055631, 0.10246494053204169, 0.09281566200897726, 0.07117135394212969, 0.05551188091192656, 0.030963913473486673, 0.027464306545279333, 0.02678382742035013, 0.016073677714942645, 0.0030938554002992416]}}