{"1990-6": {"Total Votes": 43519.0, "Parties": ["Other Parties", "Partido Izquierda Democratica", "Partido Social Cristiano", "Partido Roldosista Ecuatoriano", "Partido Conservador Ecuatoriano", "Partido Movimiento Popular Democr\u00e1tica", "Partido Socialista Ecuatoriana", "Democracia Popular", "Frente Radical Alfarista"], "Percent": [0.4407959741722006, 0.23403570854109698, 0.21170063650359613, 0.07189963004664629, 0.020772536133642775, 0.013166662836921804, 0.007628851765895356, 0.0, 0.0]}, "1984-1": {"Total Votes": 22725.0, "Parties": ["Other Parties", "Partido Izquierda Democratica", "Partido Social Cristiano", "Democracia Popular", "Partido Dem\u00f3crata", "Frente Radical Alfarista", "Partido Movimiento Popular Democr\u00e1tica", "Concentraci\u00f3n de Fuerzas Populares", "Partido Roldosista Ecuatoriano"], "Percent": [0.3181078107810781, 0.26253025302530253, 0.12928492849284928, 0.10451045104510451, 0.07515951595159516, 0.03586358635863587, 0.02921892189218922, 0.02305830583058306, 0.022266226622662266]}, "1996-5": {"Total Votes": 46195.0, "Parties": ["Partido Social Cristiano", "Democracia Popular", "Partido Roldosista Ecuatoriano", "Movimiento Unidad Plurinacional Pachakutik-Nuevo Pais", "Partido Izquierda Democratica", "PLR/FRA Alliance", "Other Parties", "Partido Movimiento Popular Democr\u00e1tica", "Partido Acci\u00f3n Popular Revolucionaria Ecuatoriana"], "Percent": [0.277714038315835, 0.14880398311505574, 0.14161705812317352, 0.1328715228920879, 0.12276220370169932, 0.06351336724753762, 0.04855503842407187, 0.042342244831691744, 0.02182054334884728]}, "1998-5": {"Total Votes": 45225.0, "Parties": ["Partido Social Cristiano", "Democracia Popular", "Partido Izquierda Democratica", "Movimiento Ciudadano Nuevo Pa\u00eds", "Partido Roldosista Ecuatoriano", "Partido Movimiento Popular Democr\u00e1tica", "Partido Conservador Ecuatoriano", "Other Parties", "Frente Radical Alfarista"], "Percent": [0.2188391376451078, 0.19915975677169706, 0.18640132669983417, 0.14733001658374792, 0.1082808181315644, 0.047606412382531785, 0.03546710889994472, 0.032216694306246546, 0.024698728579325594]}, "1988-1": {"Total Votes": 38960.0, "Parties": ["Partido Izquierda Democratica", "Other Parties", "Concentraci\u00f3n de Fuerzas Populares", "Partido Social Cristiano", "Frente Radical Alfarista", "Frente Amplio de Izquierda", "Democracia Popular", "Partido Roldosista Ecuatoriano", "Partido Conservador Ecuatoriano"], "Percent": [0.2752566735112936, 0.16042094455852157, 0.14910164271047227, 0.09581622176591376, 0.08590862422997947, 0.08177618069815196, 0.07271560574948666, 0.045867556468172484, 0.03313655030800822]}, "2013-2": {"Total Votes": 847236.0, "Parties": ["Movimiento Alianza Pa\u00eds, Patria Altiva I Soberana", "Partido Sociedad Patri\u00f3tica", "Movimiento Creo, Creando Oportunidades", "Alianza Unidad Plurinacional de las Izquierdas", "Partido Social Cristiano", "Movimiento Suma, Sociedad Unida M\u00e1s Acci\u00f3n", "Partido Roldosista Ecuatoriano", "Partido Renovador Institucional Acci\u00f3n Nacional", "Partido Avanza", "Movimiento Ruptura", "Partido Socialista - Frente Amplio", "Movimiento Suma, SociedadUnida M\u00e1s Acci\u00f3n"], "Percent": [0.33305241986884415, 0.23605937424755322, 0.15231293287820633, 0.07434764339570084, 0.04366551940663522, 0.04241793313787422, 0.03438357199174728, 0.02596324990911623, 0.021910069921485868, 0.019696991157127412, 0.013096705050304757, 0.003093589035404539]}, "1979-4": {"Total Votes": 20365.0, "Parties": ["Concentraci\u00f3n de Fuerzas Populares", "Partido Conservador Ecuatoriano", "Partido Izquierda Democratica", "Partido Liberal Radical", "Other Parties", "Partido Social Cristiano", "Coalici\u00f3n Institucionalista Democrata", "Partido Movimiento Popular Democr\u00e1tica", "Partido Nacionalista Revolucionario"], "Percent": [0.31220230788116865, 0.18502332433095997, 0.1587036582371716, 0.11274245028234717, 0.09236435060152222, 0.047090596611834026, 0.035403879204517555, 0.03211392094279401, 0.024355511907684754]}, "2006-10": {"Total Votes": 42605.0, "Parties": ["Partido Sociedad Patri\u00f3tica", "Movimiento Unidad Plurinacional Pachakutik-Nuevo Pais", "Partido Social Cristiano", "Partido Union Democrata Cristiana", "Partido Renovador Institucional Acci\u00f3n Nacional", "PS-FA/MPAIS Alliance", "Movimiento Desarrollo Social", "ID/RED Alliance", "Movimiento de la Renovaci\u00f3n Democr\u00e1tica", "Partido Roldosista Ecuatoriano", "Partido Movimiento Popular Democr\u00e1tica"], "Percent": [0.2753197981457576, 0.17608261941086728, 0.12646403004342213, 0.09029456636545007, 0.08545945311583149, 0.07778429761765052, 0.05154324609787583, 0.04464264757657552, 0.03839924891444666, 0.018894495951179438, 0.015115596760943551]}, "1992-5": {"Total Votes": 44426.0, "Parties": ["Partido Social Cristiano", "Partido Izquierda Democratica", "Partido Unidad Republicana", "Other Parties", "Democracia Popular", "Partido Roldosista Ecuatoriano", "Partido Conservador Ecuatoriano", "Partido Movimiento Popular Democr\u00e1tica", "Partido Socialista Ecuatoriana"], "Percent": [0.2868590465042993, 0.1877279070814388, 0.16569126187367758, 0.1270652320713096, 0.10388061045333813, 0.05496781164183136, 0.03149056858596318, 0.025750686534911988, 0.01656687525323009]}}