{"1990-6": {"Total Votes": 114488.0, "Parties": ["Partido Roldosista Ecuatoriano", "Other Parties", "Partido Izquierda Democratica", "Partido Movimiento Popular Democr\u00e1tica", "Democracia Popular", "Partido Conservador Ecuatoriano", "Partido Social Cristiano", "Frente Radical Alfarista", "Partido Socialista Ecuatoriana"], "Percent": [0.21281706379707918, 0.1710572287051918, 0.13794458807909998, 0.10421179512263294, 0.09850814059115366, 0.09283942421913213, 0.0814583187757669, 0.07545768988889666, 0.025705750821046747]}, "1984-1": {"Total Votes": 95017.0, "Parties": ["Other Parties", "Partido Izquierda Democratica", "Democracia Popular", "Partido Social Cristiano", "Partido Movimiento Popular Democr\u00e1tica", "Partido Dem\u00f3crata", "Concentraci\u00f3n de Fuerzas Populares", "Frente Radical Alfarista", "Partido Roldosista Ecuatoriano"], "Percent": [0.31685908837365945, 0.19096582716776997, 0.10899102265910311, 0.09737204921224622, 0.09494090531168106, 0.09122578064977846, 0.06330446130692402, 0.028731700643042823, 0.007609164675794857]}, "1996-5": {"Total Votes": 116262.0, "Parties": ["Other Parties", "Partido Social Cristiano", "Democracia Popular", "Partido Roldosista Ecuatoriano", "Movimiento Unidad Plurinacional Pachakutik-Nuevo Pais", "Partido Izquierda Democratica", "PLR/FRA Alliance", "Partido Movimiento Popular Democr\u00e1tica", "Partido Acci\u00f3n Popular Revolucionaria Ecuatoriana"], "Percent": [0.2368787738039944, 0.21448108582339886, 0.14125853675319536, 0.13991673977739932, 0.09917255853159244, 0.06831122808828335, 0.05151296210283669, 0.034585677177409645, 0.013882437941889869]}, "1998-5": {"Total Votes": 113715.0, "Parties": ["Democracia Popular", "Partido Social Cristiano", "Partido Izquierda Democratica", "Other Parties", "Partido Roldosista Ecuatoriano", "Movimiento Ciudadano Nuevo Pa\u00eds", "Partido Conservador Ecuatoriano", "Partido Movimiento Popular Democr\u00e1tica", "Frente Radical Alfarista"], "Percent": [0.26386140790572926, 0.18029283735654927, 0.13835465857626522, 0.12471529701446599, 0.11465505869938003, 0.08590775183572967, 0.04082135162467573, 0.03594952293013235, 0.015442114057072506]}, "1988-1": {"Total Votes": 112558.0, "Parties": ["Partido Izquierda Democratica", "Democracia Popular", "Partido Social Cristiano", "Other Parties", "Partido Roldosista Ecuatoriano", "Frente Amplio de Izquierda", "Concentraci\u00f3n de Fuerzas Populares", "Partido Conservador Ecuatoriano", "Frente Radical Alfarista"], "Percent": [0.26851045683114483, 0.17199132891487057, 0.14738179427495157, 0.10266706942198689, 0.08998027683505393, 0.06925318502460953, 0.06709429805078271, 0.06143499351445477, 0.021686597132145206]}, "2013-2": {"Total Votes": 2460798.0, "Parties": ["Movimiento Alianza Pa\u00eds, Patria Altiva I Soberana", "Movimiento Creo, Creando Oportunidades", "Alianza Unidad Plurinacional de las Izquierdas", "Partido Sociedad Patri\u00f3tica", "Partido Social Cristiano", "Partido Renovador Institucional Acci\u00f3n Nacional", "Partido Avanza", "Movimiento Suma, Sociedad Unida M\u00e1s Acci\u00f3n", "Partido Roldosista Ecuatoriano", "Movimiento Ruptura", "Partido Socialista - Frente Amplio", "Movimiento Suma, SociedadUnida M\u00e1s Acci\u00f3n"], "Percent": [0.44548922747824077, 0.19613149880648473, 0.08453802384429765, 0.05716478963328157, 0.04272069466896511, 0.03670923009527804, 0.034672086046883974, 0.034257586360196976, 0.03389875967064343, 0.022914111601196035, 0.008945065787602234, 0.0025589260069294596]}, "1979-4": {"Total Votes": 70422.0, "Parties": ["Partido Conservador Ecuatoriano", "Concentraci\u00f3n de Fuerzas Populares", "Partido Liberal Radical", "Partido Nacionalista Revolucionario", "Partido Movimiento Popular Democr\u00e1tica", "Other Parties", "Partido Social Cristiano", "Partido Izquierda Democratica", "Coalici\u00f3n Institucionalista Democrata"], "Percent": [0.3754934537502485, 0.17933316293203827, 0.14133367413592343, 0.08734486382096504, 0.06512169492488143, 0.062480474851608875, 0.04081111016443725, 0.03291585016046122, 0.015165715259435972]}, "2006-10": {"Total Votes": 167048.0, "Parties": ["Acci\u00f3n Regional por la Equidad", "ID/RED Alliance", "Partido Union Democrata Cristiana", "Partido Social Cristiano", "PRE/PS-FA Alliance", "Partido Renovador Institucional Acci\u00f3n Nacional", "Concentraci\u00f3n de Fuerzas Populares", "Movimiento Unidad Plurinacional Pachakutik-Nuevo Pais", "Partido Sociedad Patri\u00f3tica", "Partido Movimiento Popular Democr\u00e1tica", "Movimiento Alianza Tercera Republica Alba", "Movimiento de la Renovaci\u00f3n Democr\u00e1tica"], "Percent": [0.20861069872132562, 0.1636715195632393, 0.12529332886356018, 0.11739140845744936, 0.11688855897706049, 0.10652626789904698, 0.05856999185862746, 0.04332287725683636, 0.023418418658110243, 0.014923854221541114, 0.010889085771754226, 0.010493989751448687]}, "1992-5": {"Total Votes": 81495.0, "Parties": ["Partido Roldosista Ecuatoriano", "Partido Social Cristiano", "Partido Izquierda Democratica", "Other Parties", "Partido Unidad Republicana", "Partido Movimiento Popular Democr\u00e1tica", "Democracia Popular", "Partido Conservador Ecuatoriano", "Partido Socialista Ecuatoriana"], "Percent": [0.24698447757531136, 0.2152892815510154, 0.12091539358242837, 0.10254616847659366, 0.10207988220136205, 0.09083992882998956, 0.09000552181115405, 0.019019571752868274, 0.012319774219277256]}}