{"1990-6": {"Total Votes": 122963.0, "Parties": ["Partido Social Cristiano", "Partido Roldosista Ecuatoriano", "Partido Izquierda Democratica", "Other Parties", "Frente Radical Alfarista", "Partido Movimiento Popular Democr\u00e1tica", "Democracia Popular", "Partido Socialista Ecuatoriana", "Partido Conservador Ecuatoriano"], "Percent": [0.35008905117799666, 0.2076966241877638, 0.1511267617088067, 0.11618129030684027, 0.04969787659702512, 0.04837227458666428, 0.03407529094117743, 0.021632523604661565, 0.02112830688906419]}, "1984-1": {"Total Votes": 98324.0, "Parties": ["Partido Izquierda Democratica", "Other Parties", "Concentraci\u00f3n de Fuerzas Populares", "Partido Social Cristiano", "Partido Movimiento Popular Democr\u00e1tica", "Frente Radical Alfarista", "Democracia Popular", "Partido Roldosista Ecuatoriano", "Partido Dem\u00f3crata"], "Percent": [0.2814673935153167, 0.18567186037996827, 0.11753996989544771, 0.10693218339367805, 0.10328098938204304, 0.09375127130710711, 0.05614092185020951, 0.028273870062243196, 0.026941540213986412]}, "1996-5": {"Total Votes": 165119.0, "Parties": ["Partido Social Cristiano", "Partido Roldosista Ecuatoriano", "Partido Izquierda Democratica", "Other Parties", "Movimiento Unidad Plurinacional Pachakutik-Nuevo Pais", "Partido Movimiento Popular Democr\u00e1tica", "Democracia Popular", "PLR/FRA Alliance", "Partido Acci\u00f3n Popular Revolucionaria Ecuatoriana"], "Percent": [0.31384032122287564, 0.3124473864303926, 0.10751034102677463, 0.0712516427546194, 0.049976077858998665, 0.04844990582549555, 0.047638369902918504, 0.037524452061846306, 0.011361502916078707]}, "1998-5": {"Total Votes": 158099.0, "Parties": ["Partido Roldosista Ecuatoriano", "Partido Social Cristiano", "Democracia Popular", "Partido Izquierda Democratica", "Partido Conservador Ecuatoriano", "Movimiento Ciudadano Nuevo Pa\u00eds", "Partido Movimiento Popular Democr\u00e1tica", "Other Parties", "Frente Radical Alfarista"], "Percent": [0.2953023105775495, 0.2666620282228224, 0.12256244505025332, 0.09305561705007621, 0.06557283727284803, 0.05600920941941442, 0.04942472754413374, 0.033896482583697554, 0.0175143422792048]}, "1988-1": {"Total Votes": 117511.0, "Parties": ["Partido Izquierda Democratica", "Partido Roldosista Ecuatoriano", "Concentraci\u00f3n de Fuerzas Populares", "Frente Amplio de Izquierda", "Partido Social Cristiano", "Other Parties", "Frente Radical Alfarista", "Partido Conservador Ecuatoriano", "Democracia Popular"], "Percent": [0.27432325484422737, 0.15378134812911132, 0.1270774650883747, 0.08554943792496021, 0.0805201215205385, 0.07402711235543906, 0.07401009267217537, 0.06761069176502625, 0.06310047570014722]}, "2013-2": {"Total Votes": 3730142.0, "Parties": ["Movimiento Alianza Pa\u00eds, Patria Altiva I Soberana", "Partido Social Cristiano", "Movimiento Creo, Creando Oportunidades", "Partido Roldosista Ecuatoriano", "Alianza Unidad Plurinacional de las Izquierdas", "Partido Renovador Institucional Acci\u00f3n Nacional", "Partido Sociedad Patri\u00f3tica", "Movimiento Suma, Sociedad Unida M\u00e1s Acci\u00f3n", "Partido Avanza", "Movimiento Ruptura", "Partido Socialista - Frente Amplio", "Movimiento Suma, SociedadUnida M\u00e1s Acci\u00f3n"], "Percent": [0.5411957507247714, 0.13884940573307933, 0.09830027918508197, 0.07404517039833873, 0.038403095646224725, 0.026905946207945976, 0.025636557535879338, 0.02063889256762879, 0.013548009700434996, 0.01118000333499368, 0.009768260832965609, 0.0015286281326555397]}, "1979-4": {"Total Votes": 65038.0, "Parties": ["Concentraci\u00f3n de Fuerzas Populares", "Partido Izquierda Democratica", "Partido Nacionalista Revolucionario", "Coalici\u00f3n Institucionalista Democrata", "Partido Liberal Radical", "Partido Movimiento Popular Democr\u00e1tica", "Partido Social Cristiano", "Other Parties", "Partido Conservador Ecuatoriano"], "Percent": [0.34630523693840526, 0.12426581383191365, 0.11877671515114241, 0.09522125526615209, 0.07235769857621697, 0.06765275684984164, 0.06408561148866816, 0.06228666318152465, 0.04904824871613518]}, "2006-10": {"Total Votes": 163734.0, "Parties": ["Partido Social Cristiano", "ID/RED Alliance", "Partido Roldosista Ecuatoriano", "Partido Renovador Institucional Acci\u00f3n Nacional", "Concentraci\u00f3n de Fuerzas Populares", "Partido Sociedad Patri\u00f3tica", "Partido Movimiento Popular Democr\u00e1tica", "Movimiento de la Renovaci\u00f3n Democr\u00e1tica", "Movimiento Ciudadano Nuevo Pa\u00eds", "Movimiento Unidad Plurinacional Pachakutik-Nuevo Pais", "Movimiento Alianza Tercera Republica Alba"], "Percent": [0.24559346256733483, 0.19500531349628056, 0.15996066791258995, 0.10657529896050912, 0.09520930289371786, 0.05785603478813197, 0.04257515238130138, 0.04191554594647416, 0.026194925916425423, 0.019885912516642845, 0.009228382620591936]}, "1992-5": {"Total Votes": 95805.0, "Parties": ["Partido Izquierda Democratica", "Partido Unidad Republicana", "Partido Roldosista Ecuatoriano", "Partido Social Cristiano", "Democracia Popular", "Partido Socialista Ecuatoriana", "Other Parties", "Partido Conservador Ecuatoriano", "Partido Movimiento Popular Democr\u00e1tica"], "Percent": [0.17499086686498616, 0.172757162987318, 0.15409425395334272, 0.1380512499347633, 0.11744689734356245, 0.09925369239601274, 0.06592557799697302, 0.041240018788163454, 0.03624027973487814]}}