{"1990-6": {"Total Votes": 850462.0, "Parties": ["Partido Social Cristiano", "Partido Roldosista Ecuatoriano", "Partido Socialista Ecuatoriana", "Other Parties", "Partido Izquierda Democratica", "Democracia Popular", "Partido Conservador Ecuatoriano", "Frente Radical Alfarista", "Partido Movimiento Popular Democr\u00e1tica"], "Percent": [0.43384536875251334, 0.25236518504060146, 0.10538977638036738, 0.07467823371297012, 0.05743819241776822, 0.0295439419985843, 0.019257768130733648, 0.015657372110688073, 0.01182416145577345]}, "1984-1": {"Total Votes": 508860.0, "Parties": ["Partido Social Cristiano", "Concentraci\u00f3n de Fuerzas Populares", "Other Parties", "Partido Roldosista Ecuatoriano", "Frente Radical Alfarista", "Partido Izquierda Democratica", "Partido Dem\u00f3crata", "Democracia Popular", "Partido Movimiento Popular Democr\u00e1tica"], "Percent": [0.18568565027708997, 0.17066187163463428, 0.16178320166647014, 0.14023700035373188, 0.13945092952875054, 0.09275242699367213, 0.05081358330385568, 0.02958574067523484, 0.029029595566560547]}, "1996-5": {"Total Votes": 1011646.0, "Parties": ["Partido Social Cristiano", "Partido Roldosista Ecuatoriano", "Other Parties", "PLR/FRA Alliance", "Democracia Popular", "Movimiento Unidad Plurinacional Pachakutik-Nuevo Pais", "Partido Movimiento Popular Democr\u00e1tica", "Partido Izquierda Democratica", "Partido Acci\u00f3n Popular Revolucionaria Ecuatoriana"], "Percent": [0.5043503359870943, 0.26555830794566476, 0.060123798245631375, 0.043590346820923526, 0.04005353651376074, 0.027092480966662252, 0.02594089236748823, 0.018001356205629242, 0.015288944947145543]}, "1998-5": {"Total Votes": 964409.0, "Parties": ["Partido Social Cristiano", "Partido Roldosista Ecuatoriano", "Democracia Popular", "Movimiento Ciudadano Nuevo Pa\u00eds", "Partido Izquierda Democratica", "Partido Conservador Ecuatoriano", "Other Parties", "Partido Movimiento Popular Democr\u00e1tica", "Frente Radical Alfarista"], "Percent": [0.3735593508563276, 0.2607991007964463, 0.18284151226295067, 0.0602462233347055, 0.038897397266097686, 0.029058210779866218, 0.027651131418309036, 0.02141518795448819, 0.005531885330808816]}, "1988-1": {"Total Votes": 799274.0, "Parties": ["Partido Roldosista Ecuatoriano", "Partido Social Cristiano", "Partido Izquierda Democratica", "Concentraci\u00f3n de Fuerzas Populares", "Other Parties", "Partido Conservador Ecuatoriano", "Frente Radical Alfarista", "Democracia Popular", "Frente Amplio de Izquierda"], "Percent": [0.35908837269822363, 0.13799648180724006, 0.10820945007594392, 0.09753851620345463, 0.08652352009448575, 0.07569494316091853, 0.06503902291329382, 0.0453136221120667, 0.024596070934372945]}, "2013-2": {"Total Votes": 23210246.0, "Parties": ["Movimiento Alianza Pa\u00eds, Patria Altiva I Soberana", "Partido Social Cristiano", "Partido Roldosista Ecuatoriano", "Movimiento Creo, Creando Oportunidades", "Partido Renovador Institucional Acci\u00f3n Nacional", "Partido Sociedad Patri\u00f3tica", "Alianza Unidad Plurinacional de las Izquierdas", "Movimiento Suma, Sociedad Unida M\u00e1s Acci\u00f3n", "Partido Avanza", "Movimiento Ruptura", "Partido Socialista - Frente Amplio", "Movimiento Suma, SociedadUnida M\u00e1s Acci\u00f3n"], "Percent": [0.5323054309721663, 0.2048725377576782, 0.07217166073983017, 0.06569960525192194, 0.03487851873694057, 0.027470324959071958, 0.01756719855532768, 0.017297016153986478, 0.013578572153005185, 0.008358765348717115, 0.004543036726107944, 0.001257332645246414]}, "1979-4": {"Total Votes": 386915.0, "Parties": ["Concentraci\u00f3n de Fuerzas Populares", "Partido Nacionalista Revolucionario", "Partido Izquierda Democratica", "Partido Social Cristiano", "Coalici\u00f3n Institucionalista Democrata", "Other Parties", "Partido Liberal Radical", "Partido Movimiento Popular Democr\u00e1tica", "Partido Conservador Ecuatoriano"], "Percent": [0.4711319023558146, 0.13567837897212567, 0.11804401483529975, 0.09946112195184989, 0.0639752917307419, 0.043986405282814056, 0.04231420337800292, 0.0183864673119419, 0.007022214181409353]}, "2006-10": {"Total Votes": 2174610.0, "Parties": ["Partido Renovador Institucional Acci\u00f3n Nacional", "Partido Social Cristiano", "Partido Roldosista Ecuatoriano", "Movimiento Red \u00c9tica y Democracia", "Partido Sociedad Patri\u00f3tica", "Partido Movimiento Popular Democr\u00e1tica", "Partido Izquierda Democratica", "Concentraci\u00f3n de Fuerzas Populares", "Partido Socialista - Frente Amplio", "Movimiento de la Renovaci\u00f3n Democr\u00e1tica", "Partido Union Democrata Cristiana", "Movimiento Unidad Plurinacional Pachakutik-Nuevo Pais", "Integraci\u00f3n Nacional Alfarista", "Movimiento Compromiso Civico Cristiano con la Comunidad", "Movimiento Ciudadano Nuevo Pa\u00eds", "Alianza Politica Independiente Ecuatoriana", "Movimiento Revolucionario de Participaci\u00f3n Popular"], "Percent": [0.23563259618966162, 0.21135651909997658, 0.19358689604112922, 0.08762306804438498, 0.08672543582527441, 0.03870579092342994, 0.026303567076395307, 0.017470259034953393, 0.016107256013722, 0.014153342438414247, 0.013035440837667445, 0.011574949071327733, 0.011415840081669817, 0.011028184364092872, 0.009834407089087237, 0.007815654301231025, 0.007630793567582233]}, "1992-5": {"Total Votes": 289138.0, "Parties": ["Partido Social Cristiano", "Partido Unidad Republicana", "Other Parties", "Partido Roldosista Ecuatoriano", "Partido Izquierda Democratica", "Partido Conservador Ecuatoriano", "Democracia Popular", "Partido Movimiento Popular Democr\u00e1tica", "Partido Socialista Ecuatoriana"], "Percent": [0.2537750140071523, 0.18274318837371775, 0.18155344506775312, 0.16555762300354848, 0.08866700329946255, 0.06088788052763732, 0.03336123235271739, 0.01950279797190269, 0.013951815396108432]}}