{"1989-6": {"Total Votes": 185611.0, "Parties": ["nea demokratia", "panellenio sosialistiko kinima (pasok)", "synaspismos tis aristeras kai tis proodou", "others", "dimokratiki ananeosi", "ethniki politiki enosi"], "Percent": [0.46153514608509194, 0.4048466955083481, 0.11287585326300704, 0.012186777723303037, 0.0065459482466017635, 0.0020095791736481137]}, "1993-10": {"Total Votes": 194369.0, "Parties": ["panellenio sosialistiko kinima (pasok)", "nea demokratia", "kommounistiko komma elladas", "politiki anixi", "synaspismos tis aristeras kai tis proodou", "others"], "Percent": [0.49026336504277945, 0.40572313486204076, 0.04262510997124027, 0.039965220791381345, 0.01654584836059248, 0.004877320971965694]}, "1928-8": {"Total Votes": 3388.0, "Parties": ["komma fileleftheron", "anexartitoi vasilofrones", "laikon komma", "anexartitoi dimokratikoi"], "Percent": [0.34386068476977566, 0.3332349468713105, 0.2730224321133412, 0.04988193624557261]}, "1961-10": {"Total Votes": 129896.0, "Parties": ["ethniki rizospastiki enosis", "cu + prog", "pandimokratikon agrotikon metopon ellados", "others"], "Percent": [0.5625962308308186, 0.27792233787029624, 0.10222793619510993, 0.05725349510377533]}, "1951-9": {"Total Votes": 97360.0, "Parties": ["ellenikos synagermos", "komma fileleftheron", "ethniki proodeftiki enosis kentrou", "dimokratiki parataksis", "laikon komma", "komma georgiou papandreou", "others"], "Percent": [0.39914749383730486, 0.22655094494658998, 0.1880341002465078, 0.08277526705012325, 0.06901191454396056, 0.034346754313886604, 0.00013352506162695151]}, "1926-11": {"Total Votes": 55245.0, "Parties": ["komma ton eleftherofronon", "komma fileleftheron", "laikon komma", "agrotikon komma", "anexartitoi dimokratikoi", "others", "enieon metopon", "anexartitoi vasilofrones"], "Percent": [0.3365372431894289, 0.256258484930763, 0.18428817087519234, 0.09193592180287809, 0.08420671553986786, 0.03298036021359399, 0.01225450266992488, 0.001538600778350982]}, "1977-11": {"Total Votes": 140656.0, "Parties": ["nea demokratia", "panellenio sosialistiko kinima (pasok)", "enosis dimokratikou kentrou", "kommounistiko komma elladas", "ethniki parataxi", "simmachia proodeftikon kai aristeron dinameon", "others", "komma neofileleftheron"], "Percent": [0.4924425548856785, 0.2600315663747014, 0.10339409623478557, 0.07578773745876465, 0.04813872141963372, 0.012527016266636333, 0.004166192697076555, 0.0035121146627232398]}, "1985-6": {"Total Votes": 181027.0, "Parties": ["panellenio sosialistiko kinima (pasok)", "nea demokratia", "kommounistiko komma elladas", "others", "ethniki politiki enosi"], "Percent": [0.46273760267805353, 0.4167223673816613, 0.09902390251178, 0.01663287796847984, 0.0048832494600253]}, "1964-2": {"Total Votes": 131812.0, "Parties": ["enosi kentrou", "gr + prog", "pandimokratikon agrotikon metopon ellados"], "Percent": [0.530073134464237, 0.3738202895032319, 0.09610657603253119]}, "1952-11": {"Total Votes": 3478.0, "Parties": ["ellenikos synagermos", "kk + l + sp-dpu"], "Percent": [0.843588269120184, 0.156411730879816]}, "1989-11": {"Total Votes": 191766.0, "Parties": ["nea demokratia", "panellenio sosialistiko kinima (pasok)", "synaspismos tis aristeras kai tis proodou", "others", "ikologi enallaktiki"], "Percent": [0.4794019794958439, 0.4180615959033405, 0.09374445939321882, 0.005428490973373799, 0.003363474234222959]}, "1936-1": {"Total Votes": 72069.0, "Parties": ["geniki laiki rizospastiki enosi", "laikon komma", "dimokratikos synaspismos", "komma fileleftheron", "komma ton eleftherofronon", "pallaikon metopon", "others"], "Percent": [0.25482523692572395, 0.2253812318750087, 0.22103817175207094, 0.20860564181548238, 0.06500714592959525, 0.01864879490488282, 0.006493776797235982]}, "1932-9": {"Total Votes": 70772.0, "Parties": ["laikon komma", "komma fileleftheron", "proodeftikon komma", "agrotikon-ergatikon komma", "agrotikon komma", "enieon metopon", "others"], "Percent": [0.4131860057649918, 0.27445882552421863, 0.2160035042107048, 0.039351721019612276, 0.0390973831458769, 0.01448312892104222, 0.0034194314135533826]}, "1996-9": {"Total Votes": 182957.0, "Parties": ["panellenio sosialistiko kinima (pasok)", "nea demokratia", "kommounistiko komma elladas", "dimokratiko kinoniko kinima", "synaspismos tis aristeras kai tis proodou", "politiki anixi", "others"], "Percent": [0.43969894565389683, 0.3929447903059189, 0.05108304137037665, 0.04923561273960548, 0.028137759145591586, 0.027153921413228244, 0.011745929371382347]}, "1981-10": {"Total Votes": 159264.0, "Parties": ["panellenio sosialistiko kinima (pasok)", "nea demokratia", "kommounistiko komma elladas", "others", "komma proodeftikon", "enosis dimokratikou kentrou"], "Percent": [0.48324794052642156, 0.3990732368896926, 0.09345489250552541, 0.012206148282097649, 0.010749447458308218, 0.001268334337954591]}, "2000-4": {"Total Votes": 1916871.0, "Parties": ["pan-hellenic socialist movement", "new democracy", "communist party", "coalition of left", "democratic social movement", "front line", "greek ecologists", "national alliance", "democratic regional union", "union of centrists", "radical left front", "hellinism party", "communist party of greece - marxist-leninist", "ecologist alternative", "marxist-leninist communist party of greece", "liberal party", "fighting socialist party", "self reliant movement of working politics", "christian faith", "organization for the reconstruction of the communist party of greece", "loipa", "olympic party", "greek workers party", "national patriotic party", "panhellenic democratic party of peace"], "Percent": [0.44173029901333993, 0.3927024823266668, 0.06739107639481216, 0.044668629240047976, 0.029612321329917347, 0.0047661005878851526, 0.003597529515549038, 0.0034123318679243416, 0.003087844721945295, 0.001843107856501559, 0.0016636487275356558, 0.0013788095286537277, 0.0010595392178190395, 0.0010037190817744125, 0.0008962522778006448, 0.00036674351064834305, 0.00023945273312601627, 0.00020241320360107697, 0.0001398111818687851, 0.0001262474104934552, 0.00010120660180053849, 4.173468115486123e-06, 3.6517846010503572e-06, 2.0867340577430614e-06, 5.216835144357653e-07]}, "1974-11": {"Total Votes": 134076.0, "Parties": ["nea demokratia", "panellenio sosialistiko kinima (pasok)", "enosi kentrou-nees dinamis", "enomeni aristera", "ethniki dimokratiki enosi", "others"], "Percent": [0.5988394641844924, 0.15835048778304842, 0.15526268683433275, 0.07028849309346938, 0.014558906888630329, 0.002699961216026731]}, "1956-2": {"Total Votes": 196020.0, "Parties": ["ethniki rizospastiki enosis", "dimokratiki enosis", "proodeftikon komma", "others"], "Percent": [0.48874604632180385, 0.4884297520661157, 0.0181410060197939, 0.004683195592286501]}, "1963-11": {"Total Votes": 134726.0, "Parties": ["enosi kentrou", "ethniki rizospastiki enosis", "pandimokratikon agrotikon metopon ellados", "komma proodeftikon"], "Percent": [0.44887401095556906, 0.428187580719386, 0.10708400754123183, 0.01585440078381307]}, "1958-5": {"Total Votes": 108554.0, "Parties": ["ethniki rizospastiki enosis", "komma fileleftheron", "eniaia dimokratiki aristera", "proodeftiki agrotiki dimokratiki enosis"], "Percent": [0.4926488199421486, 0.27758534922711275, 0.1712327505204783, 0.05853308031026033]}, "1990-4": {"Total Votes": 185887.0, "Parties": ["nea demokratia", "panellenio sosialistiko kinima (pasok)", "synaspismos tis aristeras kai tis proodou", "others", "dimokratiki ananeosi", "ikologi enallaktiki"], "Percent": [0.4797000328156353, 0.40642971267490463, 0.09704282709387961, 0.0077681602263740875, 0.0049169656834528504, 0.004142301505753496]}, "1946-3": {"Total Votes": 65230.0, "Parties": ["inomeni parataksis ethnikofronon", "ethnikon komma ellados", "ethniki politiki enosis", "komma fileleftheron", "others"], "Percent": [0.5207573202514181, 0.2886401962287291, 0.142971025601717, 0.03864786141346006, 0.008983596504675763]}}