{"1989-6": {"Total Votes": 0, "Parties": [], "Percent": []}, "1993-10": {"Total Votes": 0, "Parties": [], "Percent": []}, "1928-8": {"Total Votes": 11444.0, "Parties": ["komma fileleftheron", "laikon komma", "anexartitoi dimokratikoi"], "Percent": [0.8277700104858441, 0.1696959105207969, 0.0025340789933589653]}, "1961-10": {"Total Votes": 0, "Parties": [], "Percent": []}, "1951-9": {"Total Votes": 0, "Parties": [], "Percent": []}, "1926-11": {"Total Votes": 0, "Parties": [], "Percent": []}, "1977-11": {"Total Votes": 0, "Parties": [], "Percent": []}, "1985-6": {"Total Votes": 0, "Parties": [], "Percent": []}, "1964-2": {"Total Votes": 0, "Parties": [], "Percent": []}, "1952-11": {"Total Votes": 0, "Parties": [], "Percent": []}, "1989-11": {"Total Votes": 0, "Parties": [], "Percent": []}, "1936-1": {"Total Votes": 0, "Parties": [], "Percent": []}, "1932-9": {"Total Votes": 0, "Parties": [], "Percent": []}, "1996-9": {"Total Votes": 0, "Parties": [], "Percent": []}, "1981-10": {"Total Votes": 0, "Parties": [], "Percent": []}, "2000-4": {"Total Votes": 198001.0, "Parties": ["pan-hellenic socialist movement", "new democracy", "communist party", "democratic social movement", "coalition of left", "union of centrists", "greek ecologists", "democratic regional union", "front line", "national alliance", "ecologist alternative", "communist party of greece - marxist-leninist", "radical left front", "marxist-leninist communist party of greece", "hellinism party", "organization for the reconstruction of the communist party of greece", "fighting socialist party", "liberal party", "self reliant movement of working politics", "national patriotic party", "loipa"], "Percent": [0.455477497588396, 0.43468467330973076, 0.041348276018807986, 0.02709582274836996, 0.026742289180357676, 0.0029999848485613707, 0.0026868551168933493, 0.0014393866697642941, 0.001348478037989707, 0.0013282761198175766, 0.0009040358382028374, 0.0008383796041434135, 0.0008383796041434135, 0.0006111080247069459, 0.0005353508315614567, 0.00039393740435654366, 0.0003181802112110545, 0.0002373725385225327, 0.00012626198857581527, 2.5252397715163054e-05, 2.0201918172130444e-05]}, "1974-11": {"Total Votes": 0, "Parties": [], "Percent": []}, "1956-2": {"Total Votes": 0, "Parties": [], "Percent": []}, "1963-11": {"Total Votes": 0, "Parties": [], "Percent": []}, "1958-5": {"Total Votes": 0, "Parties": [], "Percent": []}, "1990-4": {"Total Votes": 0, "Parties": [], "Percent": []}, "1946-3": {"Total Votes": 0, "Parties": [], "Percent": []}}