{"1989-6": {"Total Votes": 209020.0, "Parties": ["nea demokratia", "panellenio sosialistiko kinima (pasok)", "synaspismos tis aristeras kai tis proodou", "others", "dimokratiki ananeosi", "ethniki politiki enosi"], "Percent": [0.4722753803463784, 0.4159219213472395, 0.08753707779159889, 0.012252416036742896, 0.009180939623002584, 0.0028322648550377955]}, "1993-10": {"Total Votes": 218431.0, "Parties": ["panellenio sosialistiko kinima (pasok)", "nea demokratia", "politiki anixi", "kommounistiko komma elladas", "synaspismos tis aristeras kai tis proodou", "others"], "Percent": [0.48371797043459946, 0.41829227536384483, 0.04025069701644912, 0.02914879298268103, 0.020400034793596148, 0.008190229408829333]}, "1928-8": {"Total Votes": 0, "Parties": [], "Percent": []}, "1961-10": {"Total Votes": 161509.0, "Parties": ["ethniki rizospastiki enosis", "cu + prog", "pandimokratikon agrotikon metopon ellados", "others"], "Percent": [0.6282002860521705, 0.25236983697502924, 0.09686147521190769, 0.02256840176089258]}, "1951-9": {"Total Votes": 55584.0, "Parties": ["ellenikos synagermos", "ethniki proodeftiki enosis kentrou", "komma fileleftheron", "laikon komma", "dimokratiki parataksis", "komma georgiou papandreou", "others"], "Percent": [0.43906519861830745, 0.26065054691997697, 0.18843552101324124, 0.07538140472078296, 0.030242515831894072, 0.005037420840529648, 0.001187392055267703]}, "1926-11": {"Total Votes": 39278.0, "Parties": ["komma fileleftheron", "laikon komma", "anexartitoi dimokratikoi", "komma ton eleftherofronon", "dimokratiki enosis", "agrotikon komma", "enieon metopon", "others"], "Percent": [0.3785325118386883, 0.3031722592800041, 0.08905748765212078, 0.08462752685981975, 0.05539996944854626, 0.05438158765721269, 0.02724171291817302, 0.007586944345435104]}, "1977-11": {"Total Votes": 167813.0, "Parties": ["nea demokratia", "panellenio sosialistiko kinima (pasok)", "enosis dimokratikou kentrou", "ethniki parataxi", "kommounistiko komma elladas", "simmachia proodeftikon kai aristeron dinameon", "others", "komma neofileleftheron"], "Percent": [0.46973118888286364, 0.26580181511563467, 0.12388789903046843, 0.05817785272893042, 0.05536519816700733, 0.020683737255159016, 0.004064047481422774, 0.002288261338513703]}, "1985-6": {"Total Votes": 204858.0, "Parties": ["panellenio sosialistiko kinima (pasok)", "nea demokratia", "kommounistiko komma elladas", "others", "ethniki politiki enosi"], "Percent": [0.4795516894629451, 0.4316258090970331, 0.0642933153696707, 0.01847133136123559, 0.006057854709115583]}, "1964-2": {"Total Votes": 157756.0, "Parties": ["enosi kentrou", "gr + prog", "pandimokratikon agrotikon metopon ellados", "others"], "Percent": [0.4937498415274221, 0.4205418494383732, 0.0853913638783945, 0.0003169451558102386]}, "1952-11": {"Total Votes": 0, "Parties": [], "Percent": []}, "1989-11": {"Total Votes": 214040.0, "Parties": ["nea demokratia", "panellenio sosialistiko kinima (pasok)", "others", "synaspismos tis aristeras kai tis proodou", "ikologi enallaktiki"], "Percent": [0.4883199401980938, 0.3960287796673519, 0.05691459540272846, 0.0544571108204074, 0.004279573911418426]}, "1936-1": {"Total Votes": 51516.0, "Parties": ["komma fileleftheron", "laikon komma", "geniki laiki rizospastiki enosi", "ethnikon metarrythmistikon komma", "dimokratikos synaspismos", "pallaikon metopon", "others", "komma ton eleftherofronon"], "Percent": [0.3789890519450268, 0.2679167637238916, 0.17813883065455394, 0.11658513859771721, 0.02803012656262132, 0.015490333100395992, 0.011899215777622487, 0.0029505396381706655]}, "1932-9": {"Total Votes": 46606.0, "Parties": ["laikon komma", "komma fileleftheron", "proodeftikon komma", "agrotikon-ergatikon komma", "enieon metopon", "agrotikon komma", "ethnikon rizospastikon komma", "others"], "Percent": [0.43887053169119855, 0.3531519546839463, 0.08597605458524653, 0.06087199073080719, 0.023215894949148178, 0.022250354031669743, 0.014461657297343689, 0.0012015620306398318]}, "1996-9": {"Total Votes": 214863.0, "Parties": ["panellenio sosialistiko kinima (pasok)", "nea demokratia", "dimokratiko kinoniko kinima", "synaspismos tis aristeras kai tis proodou", "kommounistiko komma elladas", "politiki anixi", "others"], "Percent": [0.412751381112616, 0.4052628884451953, 0.056221871611212726, 0.03666987801529347, 0.03598106700548721, 0.02997258718346109, 0.023140326626734244]}, "1981-10": {"Total Votes": 183522.0, "Parties": ["panellenio sosialistiko kinima (pasok)", "nea demokratia", "kommounistiko komma elladas", "komma proodeftikon", "others", "enosis dimokratikou kentrou"], "Percent": [0.48226370680354397, 0.41568313335730867, 0.06872200608101481, 0.01604167347783917, 0.014505072961279846, 0.002784407319013524]}, "2000-4": {"Total Votes": 589704.0, "Parties": ["new democracy", "pan-hellenic socialist movement", "communist party", "democratic social movement", "coalition of left", "union of centrists", "greek ecologists", "front line", "national alliance", "democratic regional union", "communist party of greece - marxist-leninist", "radical left front", "marxist-leninist communist party of greece", "hellinism party", "fighting socialist party", "liberal party", "organization for the reconstruction of the communist party of greece", "self reliant movement of working politics", "loipa", "christian faith", "ecologist alternative", "national patriotic party", "olympic party"], "Percent": [0.46145184702833963, 0.41810806777637594, 0.059389117252045084, 0.028570265760449312, 0.02074260985172222, 0.00297437358403538, 0.001726289799628288, 0.0015177105802232982, 0.000995414648705113, 0.0009835442866251544, 0.0009072348161111337, 0.000863144899814144, 0.0005596027837694844, 0.000429028800889938, 0.000249277603679134, 0.00020857921940498962, 0.00014414011097092777, 0.00011700785478816492, 3.561108623987627e-05, 1.356612809138144e-05, 8.478830057113398e-06, 3.3915320228453596e-06, 1.6957660114226798e-06]}, "1974-11": {"Total Votes": 162561.0, "Parties": ["nea demokratia", "enosi kentrou-nees dinamis", "panellenio sosialistiko kinima (pasok)", "enomeni aristera", "ethniki dimokratiki enosi", "others"], "Percent": [0.601177404174433, 0.19457926562951755, 0.1335068066756479, 0.05959609008310726, 0.009645609955647418, 0.0014948234816468894]}, "1956-2": {"Total Votes": 109720.0, "Parties": ["ethniki rizospastiki enosis", "dimokratiki enosis", "proodeftikon komma", "others"], "Percent": [0.5157400656215823, 0.4558421436383522, 0.027087130878600072, 0.0013306598614655487]}, "1963-11": {"Total Votes": 161614.0, "Parties": ["ethniki rizospastiki enosis", "enosi kentrou", "pandimokratikon agrotikon metopon ellados", "komma proodeftikon"], "Percent": [0.4576398084324378, 0.3404408033957454, 0.10099991337384137, 0.10091947479797542]}, "1958-5": {"Total Votes": 139107.0, "Parties": ["ethniki rizospastiki enosis", "eniaia dimokratiki aristera", "komma fileleftheron", "proodeftiki agrotiki dimokratiki enosis", "enosis laikon kommaton", "others"], "Percent": [0.4900256636977291, 0.19061585685838958, 0.17804999029524035, 0.13389692826385444, 0.00564313801605958, 0.0017684228687269512]}, "1990-4": {"Total Votes": 210047.0, "Parties": ["nea demokratia", "panellenio sosialistiko kinima (pasok)", "others", "synaspismos tis aristeras kai tis proodou", "dimokratiki ananeosi", "ikologi enallaktiki"], "Percent": [0.493713311782601, 0.3824858246011607, 0.05811556461172976, 0.05341661628111803, 0.007141258861112037, 0.005127423862278442]}, "1946-3": {"Total Votes": 42134.0, "Parties": ["inomeni parataksis ethnikofronon", "ethniki politiki enosis", "komma fileleftheron", "ethnikon komma ellados"], "Percent": [0.6648787202734134, 0.21714055157355105, 0.1129966298001614, 0.004984098352874163]}}