{"1989-6": {"Total Votes": 291182.0, "Parties": ["nea demokratia", "panellenio sosialistiko kinima (pasok)", "synaspismos tis aristeras kai tis proodou", "others", "dimokratiki ananeosi", "ethniki politiki enosi"], "Percent": [0.4072058025564767, 0.4013022783001696, 0.16167551565687438, 0.01818106888475249, 0.008297216174076694, 0.0033381184276500605]}, "1993-10": {"Total Votes": 297484.0, "Parties": ["panellenio sosialistiko kinima (pasok)", "nea demokratia", "kommounistiko komma elladas", "politiki anixi", "synaspismos tis aristeras kai tis proodou", "others"], "Percent": [0.4955493404687311, 0.35305764343628565, 0.06010743434941039, 0.05064474055747536, 0.030065482513345253, 0.010575358674752256]}, "1928-8": {"Total Votes": 109805.0, "Parties": ["komma fileleftheron", "laikon komma", "syntiritiko dimokratikon komma", "anexartitoi dimokratikoi", "proodeftikon enosis", "komma ton eleftherofronon", "anexartitoi vasilofrones", "agrotikon-ergatikon komma", "enieon metopon", "proodeftikon komma", "agrotikon komma", "others"], "Percent": [0.4618004644597241, 0.22645599016438234, 0.06682755794362734, 0.05691908383042667, 0.04989754564910523, 0.04883202039979964, 0.04864077227812941, 0.025508856609444016, 0.009589727243750283, 0.003214789854742498, 0.0018305177359865215, 0.0004826738308820181]}, "1961-10": {"Total Votes": 184662.0, "Parties": ["ethniki rizospastiki enosis", "cu + prog", "pandimokratikon agrotikon metopon ellados", "others"], "Percent": [0.4218247392533385, 0.30698790222135575, 0.270385894228374, 0.0008014642969316914]}, "1951-9": {"Total Votes": 109064.0, "Parties": ["ellenikos synagermos", "ethniki proodeftiki enosis kentrou", "dimokratiki parataksis", "komma fileleftheron", "laikon komma", "komma georgiou papandreou", "synagermos agroton kai ergazomenon", "others"], "Percent": [0.3287886011882931, 0.3171073864886672, 0.16218917332942126, 0.11149416856157852, 0.04567960096823883, 0.021271913738722215, 0.007344311596860559, 0.006124844128218294]}, "1926-11": {"Total Votes": 62719.0, "Parties": ["komma fileleftheron", "laikon komma", "dimokratiki enosis", "enieon metopon", "komma ton eleftherofronon", "anexartitoi dimokratikoi", "others", "anexartitoi vasilofrones"], "Percent": [0.5605797286308775, 0.20118305457676303, 0.08236738468406703, 0.07887561982812226, 0.04821505444920997, 0.012021875348777883, 0.011049283311277285, 0.005707999170905149]}, "1977-11": {"Total Votes": 231387.0, "Parties": ["nea demokratia", "panellenio sosialistiko kinima (pasok)", "kommounistiko komma elladas", "enosis dimokratikou kentrou", "simmachia proodeftikon kai aristeron dinameon", "ethniki parataxi", "others", "komma neofileleftheron"], "Percent": [0.4085277046679373, 0.24692830625748205, 0.13420805836110067, 0.12372778073098314, 0.038675465778112, 0.03496739229083743, 0.010078353580797538, 0.0028869383327498953]}, "1985-6": {"Total Votes": 292618.0, "Parties": ["panellenio sosialistiko kinima (pasok)", "nea demokratia", "kommounistiko komma elladas", "others", "ethniki politiki enosi"], "Percent": [0.47478282265615923, 0.36889391630043267, 0.1246437334682077, 0.02643036313555557, 0.005249164439644861]}, "1964-2": {"Total Votes": 187109.0, "Parties": ["enosi kentrou", "gr + prog", "pandimokratikon agrotikon metopon ellados", "others"], "Percent": [0.48422042766515777, 0.2815791864635052, 0.22987670288441497, 0.004323682986922061]}, "1952-11": {"Total Votes": 189681.0, "Parties": ["ellenikos synagermos", "kk + l + sp-dpu", "eniaia dimokratiki aristera", "others", "synagermos agroton kai ergazomenon"], "Percent": [0.481719307679736, 0.29702500514020913, 0.1290218841106911, 0.09173296218387712, 0.0005008408854866855]}, "1989-11": {"Total Votes": 292523.0, "Parties": ["panellenio sosialistiko kinima (pasok)", "nea demokratia", "synaspismos tis aristeras kai tis proodou", "others", "ikologi enallaktiki"], "Percent": [0.42836973502938236, 0.42162838477658166, 0.13251265712439705, 0.011455509481305743, 0.0060337135883332255]}, "1936-1": {"Total Votes": 76408.0, "Parties": ["komma fileleftheron", "geniki laiki rizospastiki enosi", "laikon komma", "pallaikon metopon", "dimokratikos synaspismos", "komma ton eleftherofronon", "ethnikon enotikon komma", "others"], "Percent": [0.5339493246780441, 0.15917181446968903, 0.14662077269395873, 0.06568683907444248, 0.05166998220081667, 0.025376923882315987, 0.014932991309810491, 0.0025913516909224165]}, "1932-9": {"Total Votes": 69788.0, "Parties": ["komma fileleftheron", "laikon komma", "enieon metopon", "syntiritiko dimokratikon komma", "proodeftikon komma", "agrotikon komma", "agrotikon-ergatikon komma", "ethnikon rizospastikon komma", "others"], "Percent": [0.4884364074052846, 0.2800624749240557, 0.06184444317074569, 0.0378288530979538, 0.03689746088152691, 0.035306929558090214, 0.03447584111881699, 0.01557574368086204, 0.009571846162664068]}, "1996-9": {"Total Votes": 301221.0, "Parties": ["panellenio sosialistiko kinima (pasok)", "nea demokratia", "kommounistiko komma elladas", "synaspismos tis aristeras kai tis proodou", "dimokratiko kinoniko kinima", "others", "politiki anixi"], "Percent": [0.4148515541745097, 0.35240238894366593, 0.07370004083380641, 0.054289043592578204, 0.04735725596820939, 0.02955969205334289, 0.02784002443388741]}, "1981-10": {"Total Votes": 256711.0, "Parties": ["panellenio sosialistiko kinima (pasok)", "nea demokratia", "kommounistiko komma elladas", "komma proodeftikon", "others", "enosis dimokratikou kentrou"], "Percent": [0.49127228673488865, 0.29879124774551924, 0.15208931444308968, 0.02679667018553938, 0.026344800183864345, 0.004705680707098644]}, "2000-4": {"Total Votes": 628543.0, "Parties": ["pan-hellenic socialist movement", "new democracy", "communist party", "coalition of left", "democratic social movement", "union of centrists", "national alliance", "greek ecologists", "front line", "democratic regional union", "marxist-leninist communist party of greece", "hellinism party", "radical left front", "communist party of greece - marxist-leninist", "ecologist alternative", "fighting socialist party", "liberal party", "organization for the reconstruction of the communist party of greece", "greek workers party", "self reliant movement of working politics", "loipa", "christian faith", "national patriotic party"], "Percent": [0.43469897843106997, 0.4098271717289032, 0.07448177769858227, 0.03310036067540327, 0.027376010869582513, 0.004394289650827389, 0.002983089462455234, 0.0026951218930128884, 0.0022305554273931933, 0.0017787168101466408, 0.0010866400548570265, 0.0010643663202040275, 0.0009577705900789605, 0.0009545886279856748, 0.000922769007052819, 0.0003468338681681285, 0.00028319462630241684, 0.0002784216831624885, 0.0002418291190897043, 0.00021319146025013406, 6.204826081906886e-05, 2.0682753606356287e-05, 1.5909810466427914e-06]}, "1974-11": {"Total Votes": 222470.0, "Parties": ["nea demokratia", "enosi kentrou-nees dinamis", "enomeni aristera", "panellenio sosialistiko kinima (pasok)", "ethniki dimokratiki enosi", "others"], "Percent": [0.49121229828740953, 0.22137816334786714, 0.15747741268485638, 0.12045219580168112, 0.009421495033038161, 5.843484514766036e-05]}, "1956-2": {"Total Votes": 205574.0, "Parties": ["dimokratiki enosis", "ethniki rizospastiki enosis", "proodeftikon komma", "others"], "Percent": [0.5505170887369025, 0.42604123089495755, 0.02335412065728156, 8.755971085837704e-05]}, "1963-11": {"Total Votes": 187995.0, "Parties": ["enosi kentrou", "ethniki rizospastiki enosis", "pandimokratikon agrotikon metopon ellados", "komma proodeftikon", "others"], "Percent": [0.3847921487273598, 0.31279023378281334, 0.2529694938695178, 0.04774063139977127, 0.0017074922205377804]}, "1958-5": {"Total Votes": 150766.0, "Parties": ["eniaia dimokratiki aristera", "ethniki rizospastiki enosis", "proodeftiki agrotiki dimokratiki enosis", "komma fileleftheron", "enosis laikon kommaton", "others"],