{"1961-4": {"Total Votes": 3996.0, "Parties": ["People\u2019s Political Party", "St. Vincent Labour Party", "Independent"], "Percent": [0.5508008008008008, 0.2957957957957958, 0.15340340340340342]}, "1966-8": {"Total Votes": 4928.0, "Parties": ["People\u2019s Political Party", "St. Vincent Labour Party", "Independent"], "Percent": [0.5696022727272727, 0.42471590909090906, 0.005681818181818182]}, "1979-12": {"Total Votes": 4651.0, "Parties": ["New Democratic Party", "St. Vincent Labour Party", "United People\u2019s Movement", "People\u2019s Political Party"], "Percent": [0.504192646742636, 0.35497742420984735, 0.10062352182326381, 0.04020640722425285]}, "2010-12": {"Total Votes": 9015.0, "Parties": ["New Democratic Party", "United Labour Party", "SVG Green Party"], "Percent": [0.6359400998336107, 0.3617304492512479, 0.002329450915141431]}, "1957-9": {"Total Votes": 4317.0, "Parties": ["People\u2019s Political Party", "Independent", "Popular Labour Movement", "St. Vincent Labour Party"], "Percent": [0.5401899467222608, 0.2283993514014362, 0.20454018994672227, 0.026870511929580728]}, "1972-4": {"Total Votes": 5054.0, "Parties": ["People\u2019s Political Party", "St. Vincent Labour Party", "Independent"], "Percent": [0.42659279778393355, 0.3102493074792244, 0.2631578947368421]}, "2001-3": {"Total Votes": 8289.0, "Parties": ["New Democratic Party", "United Labour Party", "People\u2019s Working Party"], "Percent": [0.5907829653757992, 0.4046326456749909, 0.004584388949209796]}, "1989-5": {"Total Votes": 5553.0, "Parties": ["New Democratic Party", "St. Vincent Labour Party", "Movement for National Unity"], "Percent": [0.788762830902215, 0.18584548892490546, 0.025391680172879523]}, "1984-7": {"Total Votes": 6114.0, "Parties": ["New Democratic Party", "St. Vincent Labour Party", "United People\u2019s Movement", "People\u2019s Democratic Party", "Movement for National Unity"], "Percent": [0.6947988223748773, 0.25793261367353615, 0.02649656526005888, 0.017337258750408896, 0.0034347399411187437]}, "1954-0": {"Total Votes": 3144.0, "Parties": ["Independent", "People\u2019s Political Party"], "Percent": [0.8266539440203563, 0.17334605597964375]}, "1998-6": {"Total Votes": 6568.0, "Parties": ["New Democratic Party", "United Labour Party"], "Percent": [0.6428136419001218, 0.3571863580998782]}, "1994-2": {"Total Votes": 5887.0, "Parties": ["New Democratic Party", "Movement for National Unity", "St. Vincent Labour Party"], "Percent": [0.758280958043146, 0.21301172074061492, 0.02870732121623917]}, "2005-12": {"Total Votes": 8802.0, "Parties": ["New Democratic Party", "United Labour Party"], "Percent": [0.5922517609634174, 0.4077482390365826]}, "1974-12": {"Total Votes": 4489.0, "Parties": ["St. Vincent Labour Party", "Junta-Mitchell/Sylvester Faction from PPP", "Democratic Freedom Party"], "Percent": [0.6050345288482958, 0.3780351971485854, 0.016930274003118733]}, "1951-0": {"Total Votes": 3632.0, "Parties": ["Eighth Army of Liberation", "Independent", "Workers\u2019 Association"], "Percent": [0.6737334801762115, 0.25, 0.07626651982378854]}, "1967-5": {"Total Votes": 4761.0, "Parties": ["People\u2019s Political Party", "St. Vincent Labour Party"], "Percent": [0.5549254358328082, 0.44507456416719177]}}