{"2005-11": {"Total Votes": 178875.0, "Parties": ["Zimbabwe African National Union-Patriotic Front", "Movement for Democratic Change", "Zimbabwe African National Union-Ndonga", "Independent"], "Percent": [0.5860684835779175, 0.41124248777078964, 0.0014199860237596087, 0.0012690426275331936]}, "2008-3": {"Total Votes": 192111.0, "Parties": ["Movement for Democratic Change-Tsvangirai", "Zimbabwe African National Union-Patriotic Front", "Movement for Democratic Change", "Independent", "United People's Party", "Federal Democratic Union", "Peace Action is Freedom for All", "Zimbabwe People's Progress Democratic Party"], "Percent": [0.4272998422786826, 0.3832784171650764, 0.14254779788767952, 0.04214750847166482, 0.003461540463586156, 0.0007651826287927292, 0.00034875670836131197, 0.00015095439615638875]}, "2013-7": {"Total Votes": 93086.0, "Parties": ["Zimbabwe African National Union-Patriotic Front", "Movement for Democratic Change-Tsvangirai", "Movement for Democratic Change", "Independent", "Zimbabwe African People's Union", "Freedom Front Candidate", "Alliance Khumbul' Ekhaya", "People's Democratic Union", "Freezim Congress", "Zimbabwe African National Union-Ndonga"], "Percent": [0.6311690264916313, 0.2915046301269794, 0.04756891476698966, 0.01831639559117375, 0.0077562683969662465, 0.0014932428077261888, 0.0008809058290183272, 0.0006015942246954429, 0.00042971016049674494, 0.00027931160432288424]}}