{"2004-12": {"Total Votes": 37833.0, "Parties": ["wudangji tuanjie lianmeng", "minzhu jinbu dang", "independent"], "Percent": [0.5986836888430735, 0.3947083234213517, 0.006607987735574763]}, "1986-12": {"Total Votes": 0, "Parties": [], "Percent": []}, "1989-12": {"Total Votes": 51452.0, "Parties": ["zhongguo guomin dang"], "Percent": [1.0]}, "1998-12": {"Total Votes": 35590.0, "Parties": ["zhongguo guomin dang", "minzhu jinbu dang", "independent"], "Percent": [0.6277606069120539, 0.311295307670694, 0.06094408541725204]}, "1992-12": {"Total Votes": 84142.0, "Parties": ["zhongguo guomin dang", "minzhu jinbu dang"], "Percent": [0.9448075871740629, 0.05519241282593711]}, "2001-12": {"Total Votes": 40022.0, "Parties": ["independent", "minzhu jinbu dang", "qinmin dang", "xin dang"], "Percent": [0.5635900254859827, 0.2902653540552696, 0.13789915546449452, 0.00824546499425316]}, "1995-12": {"Total Votes": 39566.0, "Parties": ["zhongguo guomin dang", "minzhu jinbu dang", "xin dang", "quanguo minzhu feizhengdang lianmeng"], "Percent": [0.6585199413637972, 0.2765505737249153, 0.051862710407926, 0.013066774503361472]}}