{"2004-12": {"Total Votes": 1019433.0, "Parties": ["minzhu jinbu dang", "zhongguo guomin dang", "wudangji tuanjie lianmeng", "taiwan tuanjie lianmeng", "qinmin dang", "independent"], "Percent": [0.6674769209943174, 0.2262983442756905, 0.049075319319661026, 0.03667038441957441, 0.011030641542896884, 0.009448389447859742]}, "1986-12": {"Total Votes": 0, "Parties": [], "Percent": []}, "1989-12": {"Total Votes": 602445.0, "Parties": ["zhongguo guomin dang", "minzhu jinbu dang", "independent"], "Percent": [0.722789632248587, 0.22226095328204235, 0.05494941446937065]}, "1998-12": {"Total Votes": 1266136.0, "Parties": ["zhongguo guomin dang", "minzhu jinbu dang", "independent", "minzhu lianmeng", "xin dang", "jianguo dang"], "Percent": [0.4802201343299614, 0.4227729090713794, 0.07922687610177737, 0.014220431296479999, 0.002146688823317558, 0.0014129603770842943]}, "1992-12": {"Total Votes": 1195925.0, "Parties": ["zhongguo guomin dang", "minzhu jinbu dang", "independent", "zhongxing dang"], "Percent": [0.7331262411940548, 0.23306311014486694, 0.03306979952756235, 0.0007408491335158977]}, "2001-12": {"Total Votes": 1003594.0, "Parties": ["minzhu jinbu dang", "zhongguo guomin dang", "independent", "taiwan tuanjie lianmeng", "qinmin dang", "xin dang"], "Percent": [0.6869192123508112, 0.15300808892839135, 0.09949142780845639, 0.030347929541228825, 0.029742106867916708, 0.0004912345031955153]}, "1995-12": {"Total Votes": 1112404.0, "Parties": ["zhongguo guomin dang", "minzhu jinbu dang", "xin dang", "independent"], "Percent": [0.5207289797591522, 0.45461810637142624, 0.01576046112743212, 0.008892452741989422]}}