{"2004-12": {"Total Votes": 10071999.0, "Parties": ["minzhu jinbu dang", "zhongguo guomin dang", "qinmin dang", "taiwan tuanjie lianmeng", "independent", "wudangji tuanjie lianmeng", "jianguo dang"], "Percent": [0.4659627150479266, 0.3640126453547107, 0.12698819767555578, 0.03131126204440648, 0.011421764438221248, 0.00018377682523598344, 0.00011963861394346843]}, "1986-12": {"Total Votes": 5879763.0, "Parties": ["zhongguo guomin dang", "independent", "minzhu jinbu dang", "zhongguo minzhu shehui dang"], "Percent": [0.9502469742402884, 0.037534335992794265, 0.012018001405838977, 0.00020068836107849924]}, "1989-12": {"Total Votes": 18779982.0, "Parties": ["zhongguo guomin dang", "minzhu jinbu dang", "independent", "qingnian zhongguo dang", "zhongguo tuanjie dang", "laodong dang", "zhongguo qingnian dang", "zhonghua gonghe dang", "zhongyi zhigong dang", "dagong dang"], "Percent": [0.837962411252577, 0.15354247943368635, 0.007975673246119192, 0.00017390857989107764, 8.892447287755653e-05, 8.359965414237351e-05, 6.954213268149033e-05, 3.9190665890947074e-05, 3.285413159607927e-05, 3.1416430537579856e-05]}, "1998-12": {"Total Votes": 10764736.0, "Parties": ["zhongguo guomin dang", "minzhu jinbu dang", "xin dang", "independent", "minzhu lianmeng", "xin guojia lianxian", "quanguo minzhu feizhengdang lianmeng", "jianguo dang", "lu dang", "zhongguo qingnian dang", "guojia minzhu dang"], "Percent": [0.49453196065374944, 0.3649509843994316, 0.09954233898536852, 0.02386914086885178, 0.007054422885986243, 0.004688828411583897, 0.0033031929440722, 0.0012087616454318994, 0.0007514350560942693, 6.716374651454527e-05, 3.1770402915594026e-05]}, "1992-12": {"Total Votes": 21079862.0, "Parties": ["zhongguo guomin dang", "minzhu jinbu dang", "independent", "zhonghua shehui minzhu dang", "zhenli dang", "zhongguo tuanjie dang", "zhongguo minzhu datong dang", "zhongguo zhongyi dang"], "Percent": [0.7503016860357054, 0.21781394963591322, 0.030949253842363862, 0.000651901800875167, 0.0002174587290941468, 5.194531159644214e-05, 9.535166786196229e-06, 4.269477665460998e-06]}, "2001-12": {"Total Votes": 10242432.0, "Parties": ["minzhu jinbu dang", "zhongguo guomin dang", "qinmin dang", "xin dang", "taiwan tuanjie lianmeng", "independent", "quanguo minzhu feizhengdang lianmeng", "huixing dang", "lu dang", "jianguo dang", "da zhonghua tongyi zhenxian"], "Percent": [0.396171338994489, 0.27527915245129286, 0.22653115978705063, 0.03904521894799985, 0.034604964914582786, 0.02559841256451592, 0.002224471687974106, 0.0003147689923643135, 0.00010202654994438821, 9.607093315337607e-05, 3.241417663304965e-05]}, "1995-12": {"Total Votes": 17315444.0, "Parties": ["zhongguo guomin dang", "minzhu jinbu dang", "xin dang", "independent", "laodong dang"], "Percent": [0.5106412518212066, 0.34414918843548, 0.12873392100139042, 0.01640593218400868, 6.970655791442599e-05]}}