{"2004-12": {"Total Votes": 103207.0, "Parties": ["zhongguo guomin dang", "minzhu jinbu dang", "taiwan tuanjie lianmeng", "wudangji tuanjie lianmeng"], "Percent": [0.4583797610627186, 0.3022372513492302, 0.23458680128285872, 0.004796186305192477]}, "1986-12": {"Total Votes": 0, "Parties": [], "Percent": []}, "1989-12": {"Total Votes": 125615.0, "Parties": ["independent", "zhongguo guomin dang"], "Percent": [0.5142140667913864, 0.48578593320861363]}, "1998-12": {"Total Votes": 104286.0, "Parties": ["zhongguo guomin dang", "minzhu jinbu dang", "independent", "xin dang"], "Percent": [0.3919701589858658, 0.33896208503538344, 0.25024451987802776, 0.018823236100723013]}, "1992-12": {"Total Votes": 116079.0, "Parties": ["minzhu jinbu dang", "zhongguo guomin dang"], "Percent": [0.5009088637910388, 0.4990911362089611]}, "2001-12": {"Total Votes": 119970.0, "Parties": ["minzhu jinbu dang", "zhongguo guomin dang", "taiwan tuanjie lianmeng", "qinmin dang", "independent", "xin dang"], "Percent": [0.31710427606901725, 0.3061598733016587, 0.1402183879303159, 0.1175043760940235, 0.11421188630490955, 0.004801200300075019]}, "1995-12": {"Total Votes": 129626.0, "Parties": ["zhongguo guomin dang", "minzhu jinbu dang", "xin dang"], "Percent": [0.5170953358122599, 0.4539829972382084, 0.02892166694953173]}}