{"2011-6": {"Total Votes": 166539.0, "Parties": ["justice and development party", "republican people's party", "nationalist movement party", "felicity party", "people's voice party", "democrat party", "great union party", "rights and equality party", "democratic left party", "true path party", "labour party", "nationalist and conservative party", "national party", "communist party of turkey", "liberal democrat party", "indpendents"], "Percent": [0.48986723830454126, 0.25407862422615723, 0.18634073700454548, 0.017515416809275906, 0.012117281837887822, 0.008922834891526909, 0.008316370339680195, 0.006292820300350068, 0.004269270261019941, 0.003620773512510583, 0.0025639639964212587, 0.001723320063168387, 0.0016812878665057433, 0.0011348693098913768, 0.0008646623313458109, 0.0006905289451720018]}, "1965-10": {"Total Votes": 51761.0, "Parties": ["justice party", "republican people's party", "turkey union party", "new turkey party", "independents"], "Percent": [0.5205463572960337, 0.36658874442147565, 0.04314058847394757, 0.04147910589053534, 0.028245203918007767]}, "1950-5": {"Total Votes": 64870.0, "Parties": ["democrat party", "independents", "republican people's party", "national party"], "Percent": [0.4591182364729459, 0.3147679975335286, 0.22320024664714044, 0.002913519346385078]}, "1961-10": {"Total Votes": 67788.0, "Parties": ["republican people's party", "justice party", "new turkey party"], "Percent": [0.43658169587537615, 0.362896087803151, 0.20052221632147282]}, "1983-11": {"Total Votes": 105550.0, "Parties": ["motherland party", "people's party", "nationalist democracy party"], "Percent": [0.5308479393652298, 0.31277119848413076, 0.1563808621506395]}, "1969-10": {"Total Votes": 53140.0, "Parties": ["justice party", "republican people's party", "trust party", "nationalist movement party", "independents", "turkey union party", "national party"], "Percent": [0.5003010914565299, 0.28530297327813325, 0.13343996989085435, 0.036977794505080916, 0.01842303349642454, 0.017312758750470454, 0.008242378622506586]}, "1991-10": {"Total Votes": 133963.0, "Parties": ["true path party", "motherland party", "social democratic people's party", "welfare party", "democratic left party", "socialist party"], "Percent": [0.388174346647955, 0.21249150884945844, 0.16373177668460695, 0.1223397505281309, 0.10854489672521517, 0.004717720564633518]}, "1954-5": {"Total Votes": 64282.0, "Parties": ["democrat party", "republican people's party", "peasant's party"], "Percent": [0.5715908030241748, 0.396845151053172, 0.03156404592265331]}, "1999-4": {"Total Votes": 151256.0, "Parties": ["nationalist movement party", "democratic left party", "true path party", "virtue party", "motherland party", "republican people's party", "great union party", "people's democracy party", "freedom and solidarity party", "democratic society party", "liberal democrat party", "national party", "democrat party", "worker's party", "peace party", "changing turkey party", "democracy and peace party", "labour party", "rebirth party", "socialist rule party"], "Percent": [0.2399706457925636, 0.23246019992595335, 0.1883627756915428, 0.10322896281800391, 0.09600941450256519, 0.0729822288041466, 0.013639128365155762, 0.008945099698524356, 0.008528587295710583, 0.007351774475062146, 0.006439413973660549, 0.004429576347384567, 0.004105622256307188, 0.002829639815941186, 0.0028230285079600148, 0.0019106680065584176, 0.0018114983868408527, 0.001421431215951764, 0.001414819907970593, 0.001335484212196541]}, "2002-11": {"Total Votes": 149596.0, "Parties": ["justice and development party", "true path party", "republican people's party", "nationalist movement party", "youth party", "motherland party", "felicity party", "great union party", "democratic left party", "new turkey party", "democratic people's party", "new party", "worker's party", "freedom and solidarity party", "national party", "great turkey party", "liberal democrat party", "communist party of turkey", "indpendents"], "Percent": [0.27255407898606915, 0.20057354474718575, 0.1962552474665098, 0.12699537420786652, 0.06161929463354635, 0.052915853365063235, 0.020040642797935774, 0.013115323939142758, 0.011517687638706918, 0.009030990133426028, 0.008422685098532046, 0.00806171288002353, 0.004284873927110351, 0.004004117757159282, 0.004004117757159282, 0.0026404449316826655, 0.002052193908928046, 0.0017045910318457713, 0.00020722479210674082]}, "1957-10": {"Total Votes": 62324.0, "Parties": ["freedom party", "democrat party", "republican people's party", "republican nation party"], "Percent": [0.360021821449201, 0.3282844490084077, 0.3083563314293049, 0.0033373981130864513]}, "1987-10": {"Total Votes": 135718.0, "Parties": ["motherland party", "true path party", "social democratic people's party", "democratic left party", "welfare party", "nationalist work party", "reformist democracy party"], "Percent": [0.4132318483915177, 0.2532678053021707, 0.18590017536362163, 0.07346114737912436, 0.03553692214739386, 0.0279550243888062, 0.010647077027365566]}, "2007-7": {"Total Votes": 157991.0, "Parties": ["justice and development party", "republican people's party", "nationalist movement party", "democrat party", "youth party", "felicity party", "bright turkey party", "people's ascent party", "worker's party", "great turkey party", "freedom and solidarity party", "liberal democrat party", "labour party", "communist party of turkey", "indpendents"], "Percent": [0.4144476584109221, 0.21313239361735795, 0.18632073978897531, 0.09685994771854092, 0.025691336848301487, 0.02512168414656531, 0.011734845655765202, 0.006069966010722129, 0.00503826167313328, 0.004778753220120133, 0.0031267603850852264, 0.0027596508661885803, 0.00229126975587217, 0.0017785823243096125, 0.000848149578140527]}, "1995-12": {"Total Votes": 144602.0, "Parties": ["true path party", "motherland party", "democratic left party", "welfare party", "republican people's party", "nationalist movement party", "people's democracy party", "national party", "new democracy movement", "rebirth party", "worker's party", "new party"], "Percent": [0.2630807319400838, 0.21617266704471583, 0.1634417227977483, 0.13349746199914247, 0.1027786614293025, 0.08961148531832201, 0.009840804414876695, 0.00746186083180039, 0.00521431238848702, 0.004737140565137412, 0.002468845520808841, 0.0016943057495746947]}, "1973-10": {"Total Votes": 58306.0, "Parties": ["republican people's party", "justice party", "democratic party", "republican trust party", "national salvation party", "nationalist movement party", "independents"], "Percent": [0.30775563406853496, 0.25638870785167905, 0.14259252907076458, 0.1258704078482489, 0.09307789935855658, 0.07326861729496106, 0.001046204507254828]}, "1977-6": {"Total Votes": 86322.0, "Parties": ["justice party", "republican people's party", "national salvation party", "nationalist movement party", "republican trust party", "democratic party"], "Percent": [0.43228840851694816, 0.3983109751859317, 0.06831398716433817, 0.06665739904080072, 0.017851764324274228, 0.016577465767706957]}}