{"2011-6": {"Total Votes": 504033.0, "Parties": ["justice and development party", "republican people's party", "nationalist movement party", "democrat party", "felicity party", "people's voice party", "great union party", "indpendents", "rights and equality party", "democratic left party", "labour party", "communist party of turkey", "national party", "nationalist and conservative party", "liberal democrat party", "true path party"], "Percent": [0.44095128691970564, 0.35527832503030554, 0.1460400410290596, 0.010713584229604015, 0.00903313870321983, 0.008336755728295567, 0.007186037422152914, 0.005620663726382995, 0.005160376403925933, 0.005033400590834331, 0.002509756305638718, 0.0015812456724063702, 0.001095166387915077, 0.001029694484289719, 0.0004305273662637169, 0.0]}, "1965-10": {"Total Votes": 137186.0, "Parties": ["justice party", "republican people's party", "national party", "turkey union party", "republican peasant's nation party", "new turkey party", "independents"], "Percent": [0.5956220022451271, 0.26878107095476217, 0.06295102998848279, 0.027451780793958568, 0.022589768635283485, 0.019185631186855803, 0.0034187161955301563]}, "1950-5": {"Total Votes": 107899.0, "Parties": ["democrat party", "republican people's party", "national party", "independents"], "Percent": [0.6058258185896069, 0.3460921787968378, 0.03796142688996191, 0.01012057572359336]}, "1961-10": {"Total Votes": 146506.0, "Parties": ["justice party", "republican people's party", "republican peasant's nation party", "new turkey party", "independents"], "Percent": [0.3743259661720339, 0.35238829809018063, 0.24689091231758425, 0.018019739805878256, 0.008375083614322962]}, "1983-11": {"Total Votes": 257674.0, "Parties": ["motherland party", "people's party", "nationalist democracy party", "indpendents"], "Percent": [0.5105870208092396, 0.2928273710191948, 0.17642447433578864, 0.02016113383577699]}, "1969-10": {"Total Votes": 127718.0, "Parties": ["justice party", "republican people's party", "trust party", "turkey union party", "union party", "nationalist movement party", "national party", "new turkey party", "independents"], "Percent": [0.5778198844328912, 0.2627507477411172, 0.048724533738392396, 0.02875084169811616, 0.025102178236427127, 0.02377895050032102, 0.021954618769476502, 0.0069214989273242615, 0.004196745955934168]}, "1991-10": {"Total Votes": 344589.0, "Parties": ["true path party", "motherland party", "social democratic people's party", "democratic left party", "welfare party", "socialist party"], "Percent": [0.3407392574922589, 0.226049003305387, 0.195531488236711, 0.1325898389095415, 0.1015847865137889, 0.003505625542312726]}, "1954-5": {"Total Votes": 127774.0, "Parties": ["democrat party", "republican people's party", "republican nation party", "independents", "peasant's party"], "Percent": [0.630785605835303, 0.26839576126598524, 0.06861333291592969, 0.019064911484339538, 0.013140388498442563]}, "1999-4": {"Total Votes": 392510.0, "Parties": ["democratic left party", "nationalist movement party", "true path party", "motherland party", "virtue party", "republican people's party", "great union party", "people's democracy party", "democratic society party", "freedom and solidarity party", "liberal democrat party", "democrat party", "national party", "peace party", "labour party", "worker's party", "socialist rule party", "rebirth party", "changing turkey party", "indpendents"], "Percent": [0.36230924052890373, 0.17393696975873227, 0.13521948485388907, 0.11370410944944077, 0.09730452727319049, 0.06985554508165397, 0.0095080380117704, 0.008537362105424065, 0.006376907594710963, 0.005398588570991822, 0.004517082367328221, 0.0028381442511018827, 0.0028254057221472066, 0.001648365646735115, 0.0015056941224427403, 0.0013630225981503656, 0.0011770400754120914, 0.0009681282005553998, 0.0007311915619984204, 0.0002751522254210084]}, "2002-11": {"Total Votes": 403564.0, "Parties": ["justice and development party", "republican people's party", "true path party", "youth party", "nationalist movement party", "motherland party", "felicity party", "democratic left party", "democratic people's party", "new turkey party", "new party", "worker's party", "great turkey party", "great union party", "indpendents", "liberal democrat party", "freedom and solidarity party", "national party", "communist party of turkey"], "Percent": [0.29588863228632883, 0.2258947775321882, 0.1404312574957132, 0.11428670545440128, 0.08856092218334638, 0.037300155613483855, 0.018569545350923273, 0.014342210900873219, 0.012389608587485505, 0.010300720579635448, 0.009183177885044256, 0.0059073653745130884, 0.005548066725476009, 0.005510897899713553, 0.005297796632008802, 0.0034071423615585138, 0.0029462489221040527, 0.002210306172007414, 0.0020244620431951314]}, "1957-10": {"Total Votes": 131942.0, "Parties": ["democrat party", "republican people's party", "freedom party", "republican nation party"], "Percent": [0.5205014324475906, 0.37116308681087146, 0.0596853162753331, 0.04865016446620485]}, "1987-10": {"Total Votes": 341722.0, "Parties": ["motherland party", "social democratic people's party", "true path party", "democratic left party", "welfare party", "nationalist work party", "reformist democracy party", "indpendents"], "Percent": [0.4143631372870345, 0.27630354498686066, 0.19486014947823085, 0.05909774612111599, 0.028739735808639772, 0.015974973809119695, 0.01000228255716635, 0.0006584299518321911]}, "2007-7": {"Total Votes": 437282.0, "Parties": ["justice and development party", "republican people's party", "nationalist movement party", "democrat party", "youth party", "felicity party", "great turkey party", "people's ascent party", "worker's party", "labour party", "indpendents", "freedom and solidarity party", "communist party of turkey", "liberal democrat party"], "Percent": [0.44477934147758197, 0.25376759162279716, 0.15612808210719856, 0.07069351128104975, 0.03284836787244844, 0.01603770564532727, 0.007098394171267054, 0.005156855301613147, 0.00475436903417017, 0.0023989096281118363, 0.0017768853966090533, 0.0016419610228639641, 0.0014864549649882684, 0.001431570473973317]}, "1995-12": {"Total Votes": 387587.0, "Parties": ["democratic left party", "true path party", "motherland party", "welfare party", "republican people's party", "nationalist movement party", "people's democracy party", "new democracy movement", "national party", "rebirth party", "worker's party", "new party"], "Percent": [0.24813783744036821, 0.23093653811918358, 0.1578484314489392, 0.14468751531914126, 0.1096373201371563, 0.08869750533428623, 0.0073738283275754865, 0.003983621741699283, 0.0033798863222966715, 0.00266262800351921, 0.0018602275102106108, 0.0007946602956239502]}, "1973-10": {"Total Votes": 148918.0, "Parties": ["justice party", "republican people's party", "national salvation party", "democratic party", "republican trust party", "nationalist movement party", "turkey union party", "national party"], "Percent": [0.40594152486603363, 0.3188869042023127, 0.09166118266428504, 0.08148108354933588, 0.04153292415960461, 0.03853127224378517, 0.01567305496984918, 0.006292053344793779]}, "1977-6": {"Total Votes": 200779.0, "Parties": ["justice party", "republican people's party", "nationalist movement party", "national salvation party", "democratic party", "republican trust party", "independents"], "Percent": [0.46083006688946554, 0.4158652050264221, 0.05089177653041404, 0.04209105533945283, 0.015325307925629672, 0.013880933762993142, 0.0011156545256226997]}}