{"2011-6": {"Total Votes": 202890.0, "Parties": ["justice and development party", "indpendents", "nationalist movement party", "republican people's party", "great union party", "people's voice party", "democratic left party", "felicity party", "democrat party", "communist party of turkey", "nationalist and conservative party", "true path party", "national party", "labour party", "liberal democrat party", "rights and equality party"], "Percent": [0.4761989255261472, 0.4341909409039381, 0.022204150032037063, 0.022194292473754252, 0.017428163044013997, 0.005623737000345014, 0.0052343634481738874, 0.005190004435901227, 0.004391542214993346, 0.003395928828429198, 0.0013948444970180887, 0.001345556705604022, 0.001207550889644635, 0.0, 0.0, 0.0]}, "1965-10": {"Total Votes": 70678.0, "Parties": ["new turkey party", "justice party", "republican people's party", "republican peasant's nation party", "turkey union party", "national party"], "Percent": [0.4282803701293189, 0.20863635077393247, 0.18638048614844788, 0.1181838761708028, 0.049039305017119894, 0.009479611760378053]}, "1950-5": {"Total Votes": 53227.0, "Parties": ["democrat party", "republican people's party", "independents"], "Percent": [0.6409341123865707, 0.3506491066563962, 0.008416780957033085]}, "1961-10": {"Total Votes": 67238.0, "Parties": ["republican peasant's nation party", "republican people's party", "new turkey party", "justice party"], "Percent": [0.3434664921621702, 0.32361164817513904, 0.22270144858562121, 0.11022041107706951]}, "1983-11": {"Total Votes": 92483.0, "Parties": ["people's party", "motherland party", "nationalist democracy party"], "Percent": [0.33690516094849865, 0.33342343998356455, 0.3296713990679368]}, "1969-10": {"Total Votes": 78128.0, "Parties": ["justice party", "trust party", "republican people's party", "national party", "turkey union party", "nationalist movement party", "new turkey party", "independents"], "Percent": [0.3616117141101782, 0.3112328486586115, 0.26032920335859105, 0.029989248412860946, 0.016511365963547, 0.015474605775138235, 0.00481261519557649, 3.839852549662093e-05]}, "1991-10": {"Total Votes": 122822.0, "Parties": ["true path party", "motherland party", "welfare party", "social democratic people's party", "indpendents", "democratic left party", "socialist party"], "Percent": [0.2818550422562733, 0.2658318542280699, 0.22228102457214505, 0.1534578495709238, 0.04479653482275162, 0.025272345345296446, 0.006505349204539903]}, "1954-5": {"Total Votes": 60667.0, "Parties": ["democrat party", "republican people's party", "independents"], "Percent": [0.6959632089933572, 0.2836632765754034, 0.02037351443123939]}, "1999-4": {"Total Votes": 143978.0, "Parties": ["people's democracy party", "virtue party", "true path party", "indpendents", "motherland party", "nationalist movement party", "republican people's party", "democratic left party", "great union party", "democratic society party", "democrat party", "democracy and peace party", "national party", "rebirth party", "liberal democrat party", "labour party", "worker's party", "socialist rule party"], "Percent": [0.3372668046507105, 0.1279084304546528, 0.1267138034977566, 0.12143521926961064, 0.09213213129783716, 0.07668532692494687, 0.04127713956298879, 0.027538929558682576, 0.016808123463306894, 0.008133187014682798, 0.006431538151662059, 0.003708899970828877, 0.003458861770548278, 0.003021294920057231, 0.0020211421189348373, 0.0018752865021044883, 0.0018058314464709886, 0.0017780494242175889]}, "2002-11": {"Total Votes": 148151.0, "Parties": ["democratic people's party", "justice and development party", "republican people's party", "true path party", "felicity party", "nationalist movement party", "motherland party", "indpendents", "great union party", "youth party", "democratic left party", "new turkey party", "new party", "great turkey party", "national party", "freedom and solidarity party", "worker's party", "liberal democrat party", "communist party of turkey"], "Percent": [0.3506355002666199, 0.17697484323426774, 0.09605065102496776, 0.07796099925076443, 0.07215611099486335, 0.05288523195928478, 0.05113026574238446, 0.049422548615939144, 0.015369454138007844, 0.014694467131507719, 0.014336724018062652, 0.007640852913581414, 0.006999615257406295, 0.0039959230784807395, 0.0029429433483405443, 0.002227457121450412, 0.0020114612793703723, 0.0015322205047552835, 0.001032730119945191]}, "1957-10": {"Total Votes": 57980.0, "Parties": ["democrat party", "republican people's party", "republican nation party", "independents"], "Percent": [0.5015350120731287, 0.41441876509141085, 0.08366678164884443, 0.0003794411866160745]}, "1987-10": {"Total Votes": 127668.0, "Parties": ["motherland party", "true path party", "social democratic people's party", "welfare party", "democratic left party", "reformist democracy party", "nationalist work party"], "Percent": [0.36659930444590655, 0.1720713099602093, 0.15263025973619074, 0.14063821787762007, 0.13604818748629258, 0.0209684494156719, 0.011044271078108845]}, "2007-7": {"Total Votes": 163672.0, "Parties": ["justice and development party", "indpendents", "nationalist movement party", "democrat party", "republican people's party", "felicity party", "great turkey party", "communist party of turkey", "people's ascent party", "youth party", "worker's party", "liberal democrat party"], "Percent": [0.6301505449924238, 0.24360305977809277, 0.038742118383107677, 0.03023730387604477, 0.025722176059435945, 0.009396842465418642, 0.00800381250305489, 0.004881714648809815, 0.004881714648809815, 0.0022545090180360722, 0.0013380419375336038, 0.0007881616892321228]}, "1995-12": {"Total Votes": 128599.0, "Parties": ["welfare party", "motherland party", "people's democracy party", "true path party", "indpendents", "nationalist movement party", "republican people's party", "democratic left party", "new democracy movement", "national party", "rebirth party", "worker's party", "new party"], "Percent": [0.3070708170359023, 0.1840527531318284, 0.17913825146385276, 0.1361052574281293, 0.05632236642586645, 0.05486045770184838, 0.036493285328812824, 0.016578667019183663, 0.010435539934214108, 0.00800939354116284, 0.007045155872129644, 0.0022161914167295235, 0.001671863700339816]}, "1973-10": {"Total Votes": 81656.0, "Parties": ["independents", "republican trust party", "republican people's party", "justice party", "national salvation party", "democratic party", "nationalist movement party"], "Percent": [0.21087244048202214, 0.18336680709317135, 0.15477123542666799, 0.1545507984716371, 0.14772949936318214, 0.08703585774468502, 0.06167336141863427]}, "1977-6": {"Total Votes": 95362.0, "Parties": ["independents", "justice party", "republican people's party", "republican trust party", "nationalist movement party", "national salvation party", "democratic party"], "Percent": [0.42129988884461317, 0.21026194920408547, 0.12341393846605567, 0.10163377445942828, 0.0644806107254462, 0.06341100228602588, 0.015498836014345336]}}