{"2011-6": {"Total Votes": 118593.0, "Parties": ["indpendents", "justice and development party", "nationalist movement party", "republican people's party", "great union party", "democratic left party", "people's voice party", "democrat party", "communist party of turkey", "felicity party", "nationalist and conservative party", "true path party", "national party", "liberal democrat party", "labour party", "rights and equality party"], "Percent": [0.7981921361294512, 0.16473990876358638, 0.010337878289612372, 0.009005590549189244, 0.007201099558995894, 0.0020405926150784616, 0.0020405926150784616, 0.001922541802635906, 0.0014924995573094534, 0.0014250419501994215, 0.000649279468434056, 0.0004553388479927146, 0.0003457202364389129, 0.00015177961599757153, 0.0, 0.0]}, "1965-10": {"Total Votes": 24879.0, "Parties": ["new turkey party", "republican people's party", "justice party", "national party", "republican peasant's nation party"], "Percent": [0.5510671650789822, 0.375336629285743, 0.055187105591060735, 0.010169219020057076, 0.008239881024156919]}, "1950-5": {"Total Votes": 12384.0, "Parties": ["republican people's party"], "Percent": [1.0]}, "1961-10": {"Total Votes": 21430.0, "Parties": ["republican people's party", "independents", "new turkey party", "justice party"], "Percent": [0.4127858142790481, 0.30289314045730287, 0.253196453569762, 0.031124591693887073]}, "1983-11": {"Total Votes": 38145.0, "Parties": ["people's party", "nationalist democracy party", "motherland party"], "Percent": [0.5108664307248656, 0.3279853191768253, 0.16114825009830908]}, "1969-10": {"Total Votes": 27971.0, "Parties": ["trust party", "republican people's party", "justice party", "turkey union party", "national party", "nationalist movement party", "new turkey party"], "Percent": [0.36963283400664976, 0.33845768832004575, 0.27707268242107896, 0.005505702334560795, 0.004576168174180401, 0.002431089342533338, 0.002323835400950985]}, "1991-10": {"Total Votes": 48393.0, "Parties": ["motherland party", "true path party", "social democratic people's party", "welfare party", "democratic left party", "socialist party"], "Percent": [0.43008286322402, 0.2960965428884343, 0.19039943793523856, 0.06345959126319922, 0.010497385985576426, 0.009464178703531502]}, "1954-5": {"Total Votes": 18019.0, "Parties": ["democrat party", "republican people's party", "independents"], "Percent": [0.5439258560408458, 0.2380265275542483, 0.21804761640490594]}, "1999-4": {"Total Votes": 60986.0, "Parties": ["people's democracy party", "true path party", "virtue party", "motherland party", "republican people's party", "democratic left party", "nationalist movement party", "great union party", "peace party", "democratic society party", "national party", "liberal democrat party", "socialist rule party", "democracy and peace party", "rebirth party", "worker's party", "labour party", "indpendents"], "Percent": [0.46077788344866033, 0.18113993375528809, 0.09918669858656085, 0.09434952284130785, 0.05843964188502279, 0.04792903289279507, 0.02041452136555931, 0.0075099203095792474, 0.006886826484766996, 0.00623093824812252, 0.004804381333420785, 0.0031482635358934838, 0.002639950152494015, 0.002623552946577903, 0.0018364870626045322, 0.0010658183845472732, 0.0009674351490506018, 4.9191617748335684e-05]}, "2002-11": {"Total Votes": 75129.0, "Parties": ["democratic people's party", "indpendents", "republican people's party", "justice and development party", "motherland party", "nationalist movement party", "felicity party", "true path party", "new turkey party", "youth party", "great union party", "democratic left party", "new party", "great turkey party", "national party", "freedom and solidarity party", "worker's party", "liberal democrat party", "communist party of turkey"], "Percent": [0.4509709965525962, 0.23212075230603363, 0.0814731994303132, 0.06808289741644372, 0.05469259540257424, 0.039851455496545944, 0.019659518960720893, 0.01509403825420277, 0.011034354244033595, 0.006854876279465985, 0.004951483448468634, 0.004605412024650934, 0.003101332374981698, 0.0021429807397942207, 0.001836840634109332, 0.0012644917408723662, 0.0008784889989218544, 0.0008385576807890428, 0.000545728014481758]}, "1957-10": {"Total Votes": 19269.0, "Parties": ["democrat party", "republican people's party", "freedom party"], "Percent": [0.6781877627276973, 0.30655456951580257, 0.015257667756500079]}, "1987-10": {"Total Votes": 57728.0, "Parties": ["motherland party", "social democratic people's party", "democratic left party", "true path party", "welfare party", "reformist democracy party", "nationalist work party"], "Percent": [0.35953090354767187, 0.31459603658536583, 0.17932372505543237, 0.11032774390243902, 0.028062638580931262, 0.004486557649667405, 0.0036723946784922397]}, "2007-7": {"Total Votes": 88124.0, "Parties": ["indpendents", "justice and development party", "republican people's party", "democrat party", "nationalist movement party", "great turkey party", "felicity party", "people's ascent party", "communist party of turkey", "youth party", "bright turkey party", "worker's party"], "Percent": [0.5623893604466433, 0.3349030910989061, 0.0353819617811266, 0.019926467250692206, 0.0185307067314239, 0.006672416140892379, 0.0051631791566429126, 0.004470972720257819, 0.0041532386183105625, 0.003744723344378376, 0.003313512777449957, 0.0013503699332758387]}, "1995-12": {"Total Votes": 51560.0, "Parties": ["people's democracy party", "true path party", "motherland party", "welfare party", "republican people's party", "nationalist movement party", "democratic left party", "new democracy movement", "rebirth party", "national party", "worker's party", "new party"], "Percent": [0.5421062839410395, 0.190166795965865, 0.1224010861132661, 0.05983320403413499, 0.026667959658650115, 0.021722265321955005, 0.019530643910007757, 0.005294802172226532, 0.004887509697439876, 0.0040923196276183085, 0.002404965089216447, 0.0008921644685802948]}, "1973-10": {"Total Votes": 32161.0, "Parties": ["republican people's party", "justice party", "democratic party", "republican trust party", "national salvation party"], "Percent": [0.35362706383507975, 0.3299648642766083, 0.2565840614408756, 0.03846273436771245, 0.02136127607972389]}, "1977-6": {"Total Votes": 39941.0, "Parties": ["justice party", "republican people's party", "national salvation party", "democratic party", "republican trust party", "independents"], "Percent": [0.4340402093087304, 0.364963320898325, 0.18457224405998848, 0.00866277759695551, 0.006534638591923087, 0.0012268095440775143]}}