{"2011-6": {"Total Votes": 0, "Parties": [], "Percent": []}, "1965-10": {"Total Votes": 150094.0, "Parties": ["justice party", "republican people's party", "new turkey party", "turkey union party", "republican peasant's nation party", "independents"], "Percent": [0.5319666342425413, 0.3616067264514238, 0.03852918837528482, 0.0347249057257452, 0.03060748597545538, 0.0025650592295494825]}, "1950-5": {"Total Votes": 122295.0, "Parties": ["democrat party", "republican people's party"], "Percent": [0.5002984586450795, 0.49970154135492045]}, "1961-10": {"Total Votes": 155253.0, "Parties": ["republican people's party", "new turkey party", "justice party", "republican peasant's nation party"], "Percent": [0.40508073918056337, 0.27965321121008935, 0.24612728900568748, 0.06913876060365984]}, "1983-11": {"Total Votes": 0, "Parties": [], "Percent": []}, "1969-10": {"Total Votes": 143962.0, "Parties": ["republican people's party", "justice party", "independents", "trust party", "nationalist movement party", "union party", "turkey union party", "national party", "new turkey party"], "Percent": [0.33009405259721314, 0.30050985676775815, 0.1688362206693433, 0.07300537641877718, 0.053430766452258235, 0.03521762687375835, 0.01640710743112766, 0.012670010141565135, 0.00982898264819883]}, "1991-10": {"Total Votes": 0, "Parties": [], "Percent": []}, "1954-5": {"Total Votes": 140146.0, "Parties": ["democrat party", "republican people's party"], "Percent": [0.5520029112496967, 0.44799708875030325]}, "1999-4": {"Total Votes": 0, "Parties": [], "Percent": []}, "2002-11": {"Total Votes": 0, "Parties": [], "Percent": []}, "1957-10": {"Total Votes": 141796.0, "Parties": ["republican people's party", "democrat party", "republican nation party", "freedom party"], "Percent": [0.5136745747411775, 0.4307244209991819, 0.04333690654179243, 0.012264097717848177]}, "1987-10": {"Total Votes": 0, "Parties": [], "Percent": []}, "2007-7": {"Total Votes": 0, "Parties": [], "Percent": []}, "1995-12": {"Total Votes": 0, "Parties": [], "Percent": []}, "1973-10": {"Total Votes": 167935.0, "Parties": ["republican people's party", "democratic party", "independents", "justice party", "national salvation party", "nationalist movement party", "republican trust party", "turkey union party"], "Percent": [0.2988537231667014, 0.21425551552684075, 0.16303331646172625, 0.15764432667401077, 0.07254592550689255, 0.05051954625301456, 0.03398934111412154, 0.009158305296692173]}, "1977-6": {"Total Votes": 217097.0, "Parties": ["republican people's party", "justice party", "nationalist movement party", "national salvation party", "democratic party", "republican trust party", "independents"], "Percent": [0.47411525723524506, 0.29642049406486504, 0.09616438734759117, 0.07934701999567013, 0.02852641906613173, 0.017904439029558215, 0.007521983260938659]}}