{"2011-6": {"Total Votes": 2989046.0, "Parties": ["justice and development party", "republican people's party", "nationalist movement party", "great union party", "indpendents", "people's voice party", "felicity party", "democrat party", "rights and equality party", "democratic left party", "communist party of turkey", "national party", "true path party", "nationalist and conservative party", "liberal democrat party", "labour party"], "Percent": [0.49242166229626444, 0.31303900977101057, 0.14616135047771095, 0.01109450975327914, 0.009987133018361042, 0.007463919926290864, 0.006783100695004359, 0.004356908525328817, 0.002244863411269014, 0.0016429991375174553, 0.0014349059867261997, 0.0014228620101530722, 0.0010461531873380335, 0.0005928312913217127, 0.0003077905124243655, 0.0]}, "1965-10": {"Total Votes": 470296.0, "Parties": ["justice party", "republican people's party", "national party", "turkey union party", "republican peasant's nation party", "new turkey party", "independents"], "Percent": [0.4652835660945447, 0.30176527123343594, 0.14206584789154064, 0.04308775749740589, 0.025279823770561517, 0.015575297259598211, 0.006942436252913059]}, "1950-5": {"Total Votes": 299153.0, "Parties": ["democrat party", "republican people's party", "national party"], "Percent": [0.49097284667043284, 0.4214599218460119, 0.08756723148355523]}, "1961-10": {"Total Votes": 467584.0, "Parties": ["republican people's party", "republican peasant's nation party", "justice party", "new turkey party", "independents"], "Percent": [0.3874106042978374, 0.3561606042978374, 0.19832586230495483, 0.050570592663564194, 0.007532336435806187]}, "1983-11": {"Total Votes": 1118666.0, "Parties": ["motherland party", "people's party", "nationalist democracy party", "indpendents"], "Percent": [0.5141418439462717, 0.297270141400561, 0.1800975447541983, 0.00849046989896895]}, "1969-10": {"Total Votes": 486484.0, "Parties": ["justice party", "republican people's party", "national party", "union party", "trust party", "nationalist movement party", "turkey union party", "independents", "new turkey party"], "Percent": [0.4230992180626701, 0.3402085166213072, 0.07572910928211411, 0.04333544371449009, 0.03807936129451328, 0.0349775121072841, 0.025209462181695595, 0.0113302801325429, 0.008031096603382639]}, "1991-10": {"Total Votes": 1587685.0, "Parties": ["social democratic people's party", "motherland party", "true path party", "welfare party", "democratic left party", "socialist party", "indpendents"], "Percent": [0.24647332436849878, 0.23626663979315796, 0.23257069254921472, 0.17637440676204663, 0.1041932121296101, 0.003755152942806665, 0.00036657145466512564]}, "1954-5": {"Total Votes": 362802.0, "Parties": ["democrat party", "republican people's party", "republican nation party", "peasant's party", "independents"], "Percent": [0.5010694538618861, 0.3918418310814163, 0.0983346288057949, 0.008175258129778777, 0.0005788281211239188]}, "1999-4": {"Total Votes": 1999128.0, "Parties": ["democratic left party", "nationalist movement party", "virtue party", "republican people's party", "motherland party", "true path party", "great union party", "people's democracy party", "freedom and solidarity party", "democratic society party", "liberal democrat party", "national party", "democrat party", "peace party", "worker's party", "labour party", "rebirth party", "democracy and peace party", "changing turkey party", "socialist rule party", "indpendents"], "Percent": [0.23129034258936895, 0.2156190098883113, 0.17066140837405108, 0.1344291110924363, 0.1081061342745437, 0.07321392126967358, 0.015990471845724736, 0.015659827684870602, 0.015509262038248676, 0.0032374115114189787, 0.0025926303868486662, 0.0020418902641551715, 0.0019938693270265834, 0.0019438475175176378, 0.0019053307241957494, 0.0017167485023470233, 0.0011525024910861135, 0.001074468468252158, 0.0008748814483114638, 0.0008513711978422592, 0.00013555910376924338]}, "2002-11": {"Total Votes": 2152251.0, "Parties": ["justice and development party", "republican people's party", "nationalist movement party", "youth party", "true path party", "motherland party", "democratic people's party", "great union party", "felicity party", "new turkey party", "democratic left party", "worker's party", "new party", "great turkey party", "liberal democrat party", "freedom and solidarity party", "communist party of turkey", "national party", "indpendents"], "Percent": [0.38111725816366215, 0.28035066541960024, 0.08587567156432963, 0.06791168873890638, 0.054180948225834254, 0.02940781535239152, 0.024490173311570072, 0.011765356364104373, 0.011160872965095613, 0.01101172679208884, 0.009397138159071595, 0.007261699495086772, 0.006375650423672704, 0.006199091091141321, 0.004558018558244369, 0.0044720620410909325, 0.0028793110097288838, 0.0011467064018090827, 0.0004381459225712986]}, "1957-10": {"Total Votes": 390365.0, "Parties": ["republican people's party", "democrat party", "republican nation party", "freedom party", "independents"], "Percent": [0.45814558169917896, 0.3735888207190706, 0.13384908995427355, 0.03435758841084626, 5.891921663058932e-05]}, "1987-10": {"Total Votes": 1644545.0, "Parties": ["motherland party", "social democratic people's party", "true path party", "democratic left party", "nationalist work party", "welfare party", "reformist democracy party", "indpendents"], "Percent": [0.39641116539833204, 0.29578515638064024, 0.14465156015797684, 0.061032686852594484, 0.05024186021057496, 0.04230835884697591, 0.009075458561486612, 0.0004937535914189031]}, "2007-7": {"Total Votes": 2459587.0, "Parties": ["justice and development party", "republican people's party", "nationalist movement party", "democrat party", "youth party", "indpendents", "felicity party", "bright turkey party", "great turkey party", "worker's party", "people's ascent party", "communist party of turkey", "freedom and solidarity party", "liberal democrat party"], "Percent": [0.475178149827593, 0.2796684971907885, 0.15159780890043734, 0.028380374428715063, 0.018675899653071835, 0.012490308332252528, 0.012064220537838262, 0.005750558935300926, 0.004906921365253597, 0.00354775008975084, 0.0032688414762315787, 0.0021259666765192694, 0.0016474310524490494, 0.000697271533798154]}, "1995-12": {"Total Votes": 1848322.0, "Parties": ["motherland party", "welfare party", "republican people's party", "democratic left party", "true path party", "nationalist movement party", "people's democracy party", "national party", "new democracy movement", "worker's party", "indpendents", "rebirth party", "new party"], "Percent": [0.21614902598140368, 0.20881967535959645, 0.16863998805402955, 0.141591670715384, 0.1310026066886614, 0.09208893255612388, 0.0252564217706655, 0.003978202932173074, 0.003956020650081533, 0.0027186821343900035, 0.0023583553082201043, 0.00230858043133177, 0.0011318374179390821]}, "1973-10": {"Total Votes": 641881.0, "Parties": ["republican people's party", "justice party", "democratic party", "national salvation party", "nationalist movement party", "republican trust party", "turkey union party", "independents", "national party"], "Percent": [0.419091700798123, 0.27811229807394205, 0.09435237995827887, 0.09322132918718579, 0.0465631479978376, 0.030348304436492123, 0.016518638189944864, 0.012760932322346354, 0.009031269035849323]}, "1977-6": {"Total Votes": 908226.0, "Parties": ["republican people's party", "justice party", "nationalist movement party", "national salvation party", "democratic party", "republican trust party", "turkey union party", "independents"], "Percent": [0.5070423000442621, 0.3051333038252593, 0.08497664678174816, 0.06080314811511672, 0.014578970432469451, 0.012882256178528251, 0.011434378667864606, 0.0031489959547513504]}}