{"2011-6": {"Total Votes": 0, "Parties": [], "Percent": []}, "1965-10": {"Total Votes": 233871.0, "Parties": ["justice party", "republican people's party", "national party", "turkey union party", "republican peasant's nation party", "independents"], "Percent": [0.559599095227711, 0.31227043968683593, 0.077046747993552, 0.025018065514749586, 0.017026480410140633, 0.009039171167010874]}, "1950-5": {"Total Votes": 170898.0, "Parties": ["democrat party", "republican people's party", "national party"], "Percent": [0.5754075530433358, 0.41941977085747056, 0.005172676099193671]}, "1961-10": {"Total Votes": 242675.0, "Parties": ["justice party", "republican people's party", "republican peasant's nation party"], "Percent": [0.5826187287524467, 0.36765220974554447, 0.04972906150200886]}, "1983-11": {"Total Votes": 0, "Parties": [], "Percent": []}, "1969-10": {"Total Votes": 229454.0, "Parties": ["justice party", "republican people's party", "trust party", "union party", "independents", "nationalist movement party", "national party", "turkey union party"], "Percent": [0.49714975550655033, 0.36691885955354886, 0.03422036660942934, 0.029243334175913255, 0.020383170482972623, 0.0177116110418646, 0.01731501738910631, 0.017057885240614676]}, "1991-10": {"Total Votes": 0, "Parties": [], "Percent": []}, "1954-5": {"Total Votes": 200784.0, "Parties": ["democrat party", "republican people's party", "republican nation party"], "Percent": [0.6031257470714798, 0.37517431667861983, 0.02169993624990039]}, "1999-4": {"Total Votes": 0, "Parties": [], "Percent": []}, "2002-11": {"Total Votes": 0, "Parties": [], "Percent": []}, "1957-10": {"Total Votes": 211870.0, "Parties": ["democrat party", "republican people's party", "republican nation party", "freedom party"], "Percent": [0.48243262377873225, 0.4473214707131732, 0.049332137631566526, 0.020913767876528058]}, "1987-10": {"Total Votes": 0, "Parties": [], "Percent": []}, "2007-7": {"Total Votes": 0, "Parties": [], "Percent": []}, "1995-12": {"Total Votes": 0, "Parties": [], "Percent": []}, "1973-10": {"Total Votes": 245003.0, "Parties": ["justice party", "republican people's party", "national salvation party", "democratic party", "republican trust party", "nationalist movement party", "turkey union party", "independents", "national party"], "Percent": [0.3829422496867385, 0.3073268490589911, 0.13416978567609375, 0.10269670167304074, 0.02645273731342065, 0.01915894907409297, 0.013310041101537532, 0.007085627522928291, 0.00685705889315641]}, "1977-6": {"Total Votes": 322534.0, "Parties": ["justice party", "republican people's party", "national salvation party", "nationalist movement party", "democratic party", "republican trust party", "independents", "turkey union party"], "Percent": [0.4405923096479751, 0.4120650846112348, 0.06186944632193815, 0.03741621038402153, 0.018109718665319005, 0.017260195824316198, 0.006383823100820378, 0.006303211444374857]}}