{"2011-6": {"Total Votes": 0, "Parties": [], "Percent": []}, "1965-10": {"Total Votes": 77070.0, "Parties": ["justice party", "republican people's party", "national party", "independents", "republican peasant's nation party"], "Percent": [0.34698326196963797, 0.2694044375243285, 0.1512910341248216, 0.15064227325807708, 0.08167899312313481]}, "1950-5": {"Total Votes": 88066.0, "Parties": ["republican people's party", "national party", "democrat party"], "Percent": [0.628483183067245, 0.2633933640678582, 0.10812345286489679]}, "1961-10": {"Total Votes": 92988.0, "Parties": ["republican people's party", "republican peasant's nation party", "justice party"], "Percent": [0.37222007140706326, 0.3655095281111541, 0.2622704004817826]}, "1983-11": {"Total Votes": 0, "Parties": [], "Percent": []}, "1969-10": {"Total Votes": 66727.0, "Parties": ["justice party", "republican people's party", "national party", "trust party", "turkey union party", "nationalist movement party", "new turkey party"], "Percent": [0.3719184138354789, 0.2693362506931227, 0.2030212657544922, 0.05856699686783461, 0.046368036926581445, 0.0370914322538103, 0.013697603668679845]}, "1991-10": {"Total Votes": 0, "Parties": [], "Percent": []}, "1954-5": {"Total Votes": 89177.0, "Parties": ["republican people's party", "democrat party", "republican nation party"], "Percent": [0.41475941105890535, 0.3467261737892057, 0.23851441515188895]}, "1999-4": {"Total Votes": 0, "Parties": [], "Percent": []}, "2002-11": {"Total Votes": 0, "Parties": [], "Percent": []}, "1957-10": {"Total Votes": 83643.0, "Parties": ["democrat party", "republican people's party", "republican nation party"], "Percent": [0.37918295613500236, 0.37145965591860647, 0.2493573879463912]}, "1987-10": {"Total Votes": 0, "Parties": [], "Percent": []}, "2007-7": {"Total Votes": 0, "Parties": [], "Percent": []}, "1995-12": {"Total Votes": 0, "Parties": [], "Percent": []}, "1973-10": {"Total Votes": 71865.0, "Parties": ["republican people's party", "justice party", "democratic party", "national party", "national salvation party", "nationalist movement party", "republican trust party", "independents"], "Percent": [0.3079245808112433, 0.24683782091421416, 0.1345856814861198, 0.13331941835385794, 0.07658804703263063, 0.04525151325401795, 0.04386001530647742, 0.01163292284143881]}, "1977-6": {"Total Votes": 95038.0, "Parties": ["republican people's party", "justice party", "national salvation party", "nationalist movement party", "democratic party", "republican trust party"], "Percent": [0.4418127485847766, 0.3807634840800522, 0.07727435341652812, 0.04106778341295061, 0.03135587870115112, 0.02772575180454134]}}