{"2011-6": {"Total Votes": 0, "Parties": [], "Percent": []}, "1965-10": {"Total Votes": 40908.0, "Parties": ["republican people's party", "justice party", "new turkey party", "independents", "turkey union party"], "Percent": [0.3350200449789772, 0.26852938300576906, 0.2179524787327662, 0.12014764838173463, 0.05835044490075291]}, "1950-5": {"Total Votes": 22298.0, "Parties": ["democrat party", "republican people's party"], "Percent": [0.58700331868329, 0.41299668131671]}, "1961-10": {"Total Votes": 44011.0, "Parties": ["new turkey party", "republican people's party", "independents", "republican peasant's nation party"], "Percent": [0.3541614596350912, 0.3514121469632592, 0.2231487582649792, 0.07127763513667038]}, "1983-11": {"Total Votes": 0, "Parties": [], "Percent": []}, "1969-10": {"Total Votes": 42787.0, "Parties": ["justice party", "republican people's party", "independents", "turkey union party", "new turkey party", "union party", "trust party", "national party"], "Percent": [0.23306144389651062, 0.1888424054035104, 0.17561408839133383, 0.16797158015285016, 0.14922756912146212, 0.0693902353518592, 0.010774300605324047, 0.005118377077149601]}, "1991-10": {"Total Votes": 0, "Parties": [], "Percent": []}, "1954-5": {"Total Votes": 36591.0, "Parties": ["republican people's party", "democrat party"], "Percent": [0.5347489819901069, 0.46525101800989316]}, "1999-4": {"Total Votes": 0, "Parties": [], "Percent": []}, "2002-11": {"Total Votes": 0, "Parties": [], "Percent": []}, "1957-10": {"Total Votes": 37863.0, "Parties": ["republican people's party", "democrat party", "freedom party"], "Percent": [0.5352454903203655, 0.34804426484958934, 0.11671024483004516]}, "1987-10": {"Total Votes": 0, "Parties": [], "Percent": []}, "2007-7": {"Total Votes": 0, "Parties": [], "Percent": []}, "1995-12": {"Total Votes": 0, "Parties": [], "Percent": []}, "1973-10": {"Total Votes": 47176.0, "Parties": ["republican people's party", "justice party", "independents", "national salvation party", "democratic party", "turkey union party", "nationalist movement party", "republican trust party"], "Percent": [0.6995718161777175, 0.14344158046464303, 0.10617686959470918, 0.02583940986942513, 0.009114804137697134, 0.006020010174665084, 0.005087332541970494, 0.0047481770391724605]}, "1977-6": {"Total Votes": 48141.0, "Parties": ["republican people's party", "independents", "justice party", "nationalist movement party", "turkey union party", "national salvation party", "republican trust party", "democratic party"], "Percent": [0.6638416318730396, 0.17737479487339275, 0.08180137512723043, 0.04717392659063999, 0.010988554454622879, 0.010344612700193183, 0.004466047651689828, 0.004009056729191334]}}