{"2011-6": {"Total Votes": 342605.0, "Parties": ["justice and development party", "republican people's party", "nationalist movement party", "felicity party", "great union party", "people's voice party", "democrat party", "labour party", "true path party", "democratic left party", "communist party of turkey", "nationalist and conservative party", "national party", "indpendents", "liberal democrat party", "rights and equality party"], "Percent": [0.6122619342975146, 0.24011324995256927, 0.1083463463755637, 0.010271303687920492, 0.008400344419958844, 0.00706352796952759, 0.005487368835831351, 0.0021161395776477286, 0.0015469710015907532, 0.0012784401862202827, 0.0009311014141650005, 0.0007909983800586681, 0.0006975963573211132, 0.0006946775441105646, 0.0, 0.0]}, "1965-10": {"Total Votes": 144920.0, "Parties": ["justice party", "republican people's party", "national party", "new turkey party", "republican peasant's nation party", "independents"], "Percent": [0.5070797681479436, 0.24196798233508143, 0.12735302235716256, 0.06830665194590119, 0.041781672646977644, 0.013510902566933481]}, "1950-5": {"Total Votes": 136489.0, "Parties": ["democrat party", "republican people's party"], "Percent": [0.6549245726761863, 0.34507542732381363]}, "1961-10": {"Total Votes": 170709.0, "Parties": ["justice party", "republican people's party", "republican peasant's nation party", "independents"], "Percent": [0.5266447580385334, 0.29619410810209185, 0.1611045697649216, 0.016056564094453135]}, "1983-11": {"Total Votes": 219614.0, "Parties": ["motherland party", "people's party", "nationalist democracy party"], "Percent": [0.44799511870827907, 0.3213456337027694, 0.2306592475889515]}, "1969-10": {"Total Votes": 138550.0, "Parties": ["justice party", "republican people's party", "union party", "trust party", "national party", "nationalist movement party", "turkey union party", "new turkey party", "independents"], "Percent": [0.465896788163118, 0.1771201732226633, 0.16883435582822087, 0.06121977625405991, 0.049231324431613134, 0.03874413569108625, 0.02430169613857813, 0.007657885239985565, 0.0069938650306748465]}, "1991-10": {"Total Votes": 281537.0, "Parties": ["welfare party", "social democratic people's party", "true path party", "motherland party", "democratic left party", "socialist party", "indpendents"], "Percent": [0.2792812312413644, 0.23153617464134377, 0.21853255522364734, 0.20038218777638464, 0.06452082674746126, 0.004933632169128747, 0.0008133922006698941]}, "1954-5": {"Total Votes": 152810.0, "Parties": ["democrat party", "republican people's party", "independents"], "Percent": [0.6042274720240822, 0.3353576336627184, 0.0604148943131994]}, "1999-4": {"Total Votes": 325429.0, "Parties": ["nationalist movement party", "virtue party", "republican people's party", "true path party", "democratic left party", "motherland party", "great union party", "democratic society party", "people's democracy party", "freedom and solidarity party", "liberal democrat party", "peace party", "labour party", "democrat party", "national party", "worker's party", "socialist rule party", "rebirth party", "changing turkey party"], "Percent": [0.2975917942162499, 0.17894225775822067, 0.1519594135740822, 0.13917628730076298, 0.09438003374007849, 0.058667174713992916, 0.02311717763321646, 0.0094244827596803, 0.00760534555924641, 0.007276548801735555, 0.005749333956101024, 0.005746261089208398, 0.004852056823454578, 0.003948633957022884, 0.003715096073183398, 0.0031097412953363097, 0.0017976271321855151, 0.0016654938558026482, 0.001275239760439297]}, "2002-11": {"Total Votes": 317044.0, "Parties": ["justice and development party", "republican people's party", "nationalist movement party", "true path party", "youth party", "motherland party", "democratic people's party", "felicity party", "great union party", "democratic left party", "worker's party", "new party", "new turkey party", "great turkey party", "freedom and solidarity party", "liberal democrat party", "national party", "communist party of turkey"], "Percent": [0.4842640138277337, 0.22155599853648075, 0.08681444846772057, 0.07859161504396867, 0.030008453085376162, 0.02362448114457299, 0.019328547457135286, 0.01594100503400159, 0.010569510856537264, 0.006383971940803169, 0.004564035275860764, 0.0034632416951590316, 0.0033244596964459193, 0.0032708393787613077, 0.0024286849774794667, 0.002381372932463633, 0.0022110495704066313, 0.0012742710790931227]}, "1957-10": {"Total Votes": 156217.0, "Parties": ["democrat party", "republican people's party", "republican nation party", "freedom party"], "Percent": [0.45493128148664996, 0.3418770044233342, 0.17786796571435887, 0.02532374837565694]}, "1987-10": {"Total Votes": 284164.0, "Parties": ["motherland party", "social democratic people's party", "true path party", "democratic left party", "nationalist work party", "welfare party", "reformist democracy party", "indpendents"], "Percent": [0.39004940808828703, 0.24119170619782943, 0.15052223363972916, 0.07324291606255542, 0.0680804042735885, 0.06434312580059402, 0.011873425205163216, 0.0006967807322532059]}, "2007-7": {"Total Votes": 332352.0, "Parties": ["justice and development party", "republican people's party", "nationalist movement party", "democrat party", "felicity party", "bright turkey party", "youth party", "people's ascent party", "great turkey party", "labour party", "worker's party", "freedom and solidarity party", "communist party of turkey", "liberal democrat party", "indpendents"], "Percent": [0.5739848112844214, 0.2224960283073368, 0.10766596861159253, 0.038212497592913536, 0.016509604274985556, 0.00908976025418833, 0.007681614673599076, 0.006935417870209898, 0.00487134122857693, 0.0034662045060658577, 0.003237531292124013, 0.001645845368765646, 0.0016338099364529173, 0.0014923936067783555, 0.0010771711919892162]}, "1995-12": {"Total Votes": 302602.0, "Parties": ["welfare party", "republican people's party", "true path party", "motherland party", "nationalist movement party", "democratic left party", "indpendents", "people's democracy party", "national party", "rebirth party", "new democracy movement", "worker's party", "new party"], "Percent": [0.3042147771660465, 0.1916279469402053, 0.15681654450400195, 0.13562699519500862, 0.11518430149172841, 0.05333077772123119, 0.01707192946510598, 0.008701198273639963, 0.005690643155035327, 0.003773934078426448, 0.003757410724317751, 0.0026040806075306837, 0.001599460677721892]}, "1973-10": {"Total Votes": 153941.0, "Parties": ["republican people's party", "national salvation party", "justice party", "democratic party", "republican trust party", "nationalist movement party", "turkey union party", "national party"], "Percent": [0.3071046699709629, 0.21729104007379452, 0.19021573200122124, 0.17912706816247784, 0.040554498151889364, 0.028413483087676446, 0.02743908380483432, 0.009854424747143386]}, "1977-6": {"Total Votes": 207219.0, "Parties": ["justice party", "republican people's party", "nationalist movement party", "national salvation party", "republican trust party", "democratic party", "turkey union party", "independents"], "Percent": [0.3752262099517901, 0.3613761286368528, 0.12746900622047205, 0.0826179066591384, 0.02022980518195725, 0.018487686939904158, 0.00782746755847678, 0.006765788851408413]}}