{"2003-11": {"Total Votes": 0, "Parties": [], "Percent": []}, "2011-9": {"Total Votes": 286197.0, "Parties": ["UNE-GANA", "Populist Party", "National Center Union", "Democratic Freedom Revival", "Renovation and Order Compromise", "National Advancement Party", "National Development Action", "Guatemalan Republican Front", "Guatemalan National Revolutionary Unit", "Unionist", "WINAQ-ANN", "Social Action Center", "National Convergence Front"], "Percent": [0.2684898863370336, 0.22964251896420998, 0.146870861679193, 0.12150721356268585, 0.045706279241221955, 0.04546868066401814, 0.043180047310069636, 0.042149288776611914, 0.019870928067030752, 0.017872304741139843, 0.00904272232063928, 0.005559107887224534, 0.0046401604489215474]}, "1995-11": {"Total Votes": 66892.0, "Parties": ["Guatemalan Republican Front", "National Advancement Party", "Guatemalan Christian Democracy", "New Guatemala Democratic Front Democratic Votes", "National Center Union", "Guatemalan Reformer Party", "Democratic Union", "Progressive Liberator Party", "National Liberation Movement Party", "National Historic Change", "FUN-PID", "Social Democratic Party", "Populist Party", "Authentic Integral Development", "Patriotic Movement Liberty", "Popular Alliance 5", "Guatemalan Democrat Party", "Popular Democratic Force", "Shirtless Movement", "Village Party"], "Percent": [0.23428810620104049, 0.2089338037433475, 0.13746038390240986, 0.09763499372122227, 0.09250732524068649, 0.07743825868564252, 0.04898941577468158, 0.019075524726424684, 0.015427853853973569, 0.011152305208395623, 0.01062907373078993, 0.008087663696705136, 0.007684027985409316, 0.006727261854930336, 0.006652514500986665, 0.004096154996113138, 0.0040513065837469355, 0.003842013992704658, 0.0033187825150989654, 0.0020032290856903667]}, "1984-7": {"Total Votes": 35544.0, "Parties": ["Guatemalan Christian Democracy", "Revolutionary Party", "National Center Union", "National Renovator Party", "Democratic Alliance", "Concord Emergence Movement", "Civic Democratic Front", "Populist Party"], "Percent": [0.2694969615124916, 0.2694969615124916, 0.2179552104433941, 0.08237677245104659, 0.07281116362817916, 0.03896578888138645, 0.02838735088903894, 0.020509790681971642]}, "2007-9": {"Total Votes": 179123.0, "Parties": ["National Unity of Hope", "Guatemalan Republican Front", "Populist Party", "Grand National Alliance", "National Center Union", "National Advancement Party", "Unionist Party", "URNG-MAIZ", "Encounter for Guatemala", "Social Action Center", "New Nation Alliance", "Guatemalan Christian Democracy", "Authentic Integral Development", "The Front for Democracy Democratic Votes", "Democratic Union"], "Percent": [0.21166461035154616, 0.19353181891772692, 0.11407803576313483, 0.09470028974503554, 0.09236111498802499, 0.08640989710980723, 0.0697062912077176, 0.03708624799718629, 0.03083914405185264, 0.022258448105491758, 0.015799199432791993, 0.00919479910452594, 0.009016150913059741, 0.008290392635228306, 0.005063559676870084]}, "1990-11": {"Total Votes": 9815.0, "Parties": ["PID-FUN-FRG", "PSD-AP5"], "Percent": [0.7478349465104432, 0.2521650534895568]}, "1999-11": {"Total Votes": 102343.0, "Parties": ["Guatemalan Republican Front", "National Advancement Party", "DIA-URNG", "New Guatemala Democratic Front Democratic Votes", "Guatemalan Christian Democracy", "Progressive Liberator Party", "Unity National Front", "Democratic Institutional Party", "National Center Union", "Democratic Reconciliatory Action", "Anticommunist Unification Party", "The Green Organization-Democratic Union Coalition", "National Liberation Movement Party"], "Percent": [0.43149995603021213, 0.18923619592937474, 0.17784313533900706, 0.04715515472479798, 0.04521071299453797, 0.0283751697722365, 0.017324096420859268, 0.014168042758175937, 0.013542694664021965, 0.012858720186041058, 0.012008637620550502, 0.007699598409270786, 0.003077885150914083]}}