{"2003-11": {"Total Votes": 90923.0, "Parties": ["PP-MR-PSN", "Guatemalan Republican Front", "National Advancement Party", "National Unity of Hope", "Unionist Party", "Guatemalan Christian Democracy", "Authentic Integral Development", "Guatemalan National Revolutionary Unit", "Democratic Union", "National Union", "Social Participative Democracy", "New Nation Alliance", "Transparency"], "Percent": [0.296943567634152, 0.27708060666717993, 0.1669764526027518, 0.08918535464073997, 0.06210749755287441, 0.040825753659690066, 0.017641300880965213, 0.013626915081992454, 0.009975473752515866, 0.008369719432926762, 0.007390869197012857, 0.006258042519494517, 0.003618446377704211]}, "2011-9": {"Total Votes": 151083.0, "Parties": ["UNE-GANA", "Populist Party", "National Center Union", "Democratic Freedom Revival", "Renovation and Order Compromise", "Unionist", "Guatemalan Republican Front", "VIVA-EG", "Victory"], "Percent": [0.3458099190511176, 0.2973266350284281, 0.1982287881495602, 0.058160084192132804, 0.04488261419219899, 0.022193099157416785, 0.015263133509395498, 0.013125235797541749, 0.005010490922208323]}, "1995-11": {"Total Votes": 68332.0, "Parties": ["National Advancement Party", "Guatemalan Republican Front", "National Center Union", "Democratic Union", "Guatemalan Christian Democracy", "Populist Party", "Guatemalan Reformer Party", "FUN-PID", "Village Party", "Progressive Liberator Party", "New Guatemala Democratic Front Democratic Votes", "National Liberation Movement Party", "Authentic Integral Development", "Popular Alliance 5", "National Historic Change", "Guatemalan Democrat Party", "Shirtless Movement", "National Accord Party"], "Percent": [0.26950769771117483, 0.18803781537200726, 0.11808523093133524, 0.093104255692794, 0.06960135807527952, 0.06573786805596207, 0.047635075806357195, 0.03185915822747761, 0.02616636422174091, 0.021395539425159517, 0.02104431305976702, 0.01538078791781303, 0.014795410642158871, 0.004697652637124627, 0.004683018205233273, 0.004053737633905052, 0.0022829713750512205, 0.0019317450096587251]}, "1984-7": {"Total Votes": 28825.0, "Parties": ["Guatemalan Christian Democracy", "Revolutionary Party", "National Center Union", "Democratic Alliance", "National Renovator Party", "Concord Emergence Movement", "Civic Democratic Front", "United Front of the Revolution", "Popular Democratic Strength Alliance-National Democratic Coordinator", "Populist Party"], "Percent": [0.24055507372072854, 0.24055507372072854, 0.18456201214223764, 0.11465741543798785, 0.0984908933217693, 0.055403295750216824, 0.024492627927146574, 0.023972246313963573, 0.009436253252385082, 0.00787510841283608]}, "2007-9": {"Total Votes": 116165.0, "Parties": ["National Unity of Hope", "Grand National Alliance", "Populist Party", "Unionist Party", "National Center Union", "Guatemalan Republican Front", "National Advancement Party", "Authentic Integral Development", "Social Action Center", "Encounter for Guatemala", "URNG-MAIZ", "New Nation Alliance", "The Front for Democracy Democratic Votes"], "Percent": [0.27197520767873284, 0.24665777127361943, 0.18776739981922266, 0.09249774028321783, 0.06619033271639478, 0.035974691172039774, 0.035974691172039774, 0.022709077605130634, 0.01249085352731029, 0.012043214393319847, 0.008160805750441183, 0.0050101149227392075, 0.0025480996857917618]}, "1990-11": {"Total Votes": 7420.0, "Parties": ["PID-FUN-FRG", "PSD-AP5"], "Percent": [0.8489218328840971, 0.15107816711590297]}, "1999-11": {"Total Votes": 97926.0, "Parties": ["Guatemalan Republican Front", "National Advancement Party", "Progressive Liberator Party", "Democratic Institutional Party", "DIA-URNG", "Anticommunist Unification Party", "Democratic Reconciliatory Action", "UCN-DCG", "Unity National Front", "New Guatemala Democratic Front Democratic Votes", "National Liberation Movement Party"], "Percent": [0.4523824112084635, 0.30177889426709964, 0.08130629250658661, 0.06092355452076057, 0.030277964993975042, 0.01918795825419194, 0.015164511978432695, 0.013847190735861773, 0.009609296815963075, 0.009568449645650798, 0.0059534750730143166]}}