{"2003-11": {"Total Votes": 0, "Parties": [], "Percent": []}, "2011-9": {"Total Votes": 235292.0, "Parties": ["Populist Party", "UNE-GANA", "Democratic Freedom Revival", "Renovation and Order Compromise", "Guatemalan National Revolutionary Unit", "National Center Union", "Social Action Center", "Unionist", "Victory", "National Advancement Party", "Guatemalan Republican Front", "National Convergence Front"], "Percent": [0.24305968753718785, 0.21100589905309147, 0.17294680652125868, 0.15816092344831104, 0.044723152508372575, 0.033018547166924504, 0.032534042806385256, 0.028976760790847118, 0.02633323699913299, 0.02619298573687163, 0.01697890281012529, 0.006069054621491593]}, "1995-11": {"Total Votes": 94589.0, "Parties": ["National Advancement Party", "Guatemalan Republican Front", "New Guatemala Democratic Front Democratic Votes", "Democratic Union", "National Center Union", "Guatemalan Christian Democracy", "Progressive Liberator Party", "Authentic Integral Development", "Social Democratic Party", "FUN-PID", "Patriotic Movement Liberty", "National Liberation Movement Party", "Village Party", "Social Reformist Union", "Authentic Nationalist Center", "Guatemalan Democrat Party", "Popular Alliance 5", "Guatemalan Reformer Party", "Shirtless Movement", "National Historic Change"], "Percent": [0.2757297360158158, 0.17539037308777977, 0.14570404592500186, 0.11213777500555033, 0.07754601486430769, 0.07432153844527377, 0.039201175612386216, 0.01936800262186935, 0.013215067291122646, 0.01139667403186417, 0.0073687215215299876, 0.007125564283373331, 0.007093848121874637, 0.006522957214898139, 0.005550328262271511, 0.0052754548626161605, 0.004799712440135745, 0.004799712440135745, 0.004556555201979088, 0.002896742750214084]}, "1984-7": {"Total Votes": 75490.0, "Parties": ["National Center Union", "Rural Social Action Organization", "Guatemalan Christian Democracy", "Revolutionary Party", "National Renovator Party", "United Front of the Revolution", "Democratic Party of Cooperation Party", "Concord Emergence Movement", "Democratic Alliance", "Populist Party", "Civic Democratic Front"], "Percent": [0.27883163332891775, 0.16190223870711354, 0.13862763279904622, 0.13862763279904622, 0.11744601934030997, 0.04889389323089151, 0.041594913233540864, 0.03528944231023977, 0.016584978142800372, 0.011657173135514638, 0.01054444297257915]}, "2007-9": {"Total Votes": 169056.0, "Parties": ["National Unity of Hope", "Grand National Alliance", "Populist Party", "Social Action Center", "National Advancement Party", "Encounter for Guatemala", "URNG-MAIZ", "National Center Union", "Guatemalan Republican Front", "Unionist Party", "New Nation Alliance", "Democratic Union", "The Front for Democracy Democratic Votes", "Guatemalan Christian Democracy", "Authentic Integral Development"], "Percent": [0.21354462426651524, 0.21268692031042968, 0.18558939049782322, 0.07000047321597577, 0.06263013439333712, 0.052455990914253264, 0.04064333711906114, 0.03922368919174711, 0.03504164300586788, 0.031025222411508614, 0.022075525269733106, 0.015302621616505772, 0.008127484383872799, 0.00736442362294151, 0.004288519780427787]}, "1990-11": {"Total Votes": 15554.0, "Parties": ["PID-FUN-FRG", "PSD-AP5"], "Percent": [0.6701170117011701, 0.3298829882988299]}, "1999-11": {"Total Votes": 135027.0, "Parties": ["Guatemalan Republican Front", "National Advancement Party", "DIA-URNG", "Democratic Reconciliatory Action", "The Green Organization-Democratic Union Coalition", "Anticommunist Unification Party", "Guatemalan Christian Democracy", "Democratic Institutional Party", "National Center Union", "Progressive Liberator Party", "National Union", "Unity National Front", "National Liberation Movement Party"], "Percent": [0.34564938864079037, 0.23170180778659083, 0.1275374554718686, 0.08444237078510224, 0.07401482666429678, 0.028024024824664696, 0.02698719515356188, 0.02215112533048946, 0.021699363830937516, 0.017166936982973776, 0.015433950246987639, 0.0033845082835284794, 0.0018070459982077658]}}