{"2003-11": {"Total Votes": 143521.0, "Parties": ["Guatemalan Republican Front", "PP-MR", "National Unity of Hope", "National Advancement Party", "Unionist Party", "Guatemalan Christian Democracy", "Guatemalan National Revolutionary Unit", "Democratic Union", "Authentic Integral Development", "Progressive Liberator Party", "New Nation Alliance", "National Solidarity Party", "National Social and Political Change Movement", "Transparency", "Social Participative Democracy"], "Percent": [0.22603660788316693, 0.15968394869043553, 0.14843820764905485, 0.1333254366956752, 0.07055413493495725, 0.06981556705987277, 0.06341232293531956, 0.046083848356686476, 0.02631670626598198, 0.01436026783536904, 0.013419638937855784, 0.01001943966388194, 0.009253001302945214, 0.004731014973418524, 0.004549856815378934]}, "2011-9": {"Total Votes": 271371.0, "Parties": ["Populist Party", "UNE-GANA", "Democratic Freedom Revival", "Guatemalan National Revolutionary Unit", "Renovation and Order Compromise", "Guatemalan Republican Front", "VIVA-EG", "National Center Union", "National Advancement Party", "Unionist", "WINAQ-ANN", "Social Action Center", "National Convergence Front", "Victory", "Integral Movement of Opportunity", "National Development Action"], "Percent": [0.23450552933069488, 0.22430178611568663, 0.11779077351669855, 0.0819837049647899, 0.07836504269063385, 0.06794388493980566, 0.04418674066130869, 0.037059965876972856, 0.035490159228510045, 0.018590785308673367, 0.01818912116622631, 0.016357680076353038, 0.01045800767215362, 0.0071009798394080425, 0.004646775079135206, 0.003029063532949357]}, "1995-11": {"Total Votes": 89769.0, "Parties": ["National Advancement Party", "Guatemalan Christian Democracy", "Guatemalan Republican Front", "New Guatemala Democratic Front Democratic Votes", "National Center Union", "Democratic Union", "Guatemalan Reformer Party", "Progressive Liberator Party", "National Liberation Movement Party", "Social Democratic Party", "Authentic Integral Development", "Populist Party", "National Historic Change", "FUN-PID", "Authentic Nationalist Center", "Guatemalan Democrat Party", "Guatemalan Labor Party", "Village Party"], "Percent": [0.2348694983791732, 0.16981363276855038, 0.16788646414686584, 0.08567545589234592, 0.07354431930844724, 0.0554868607202932, 0.03765219619244951, 0.036838997872316724, 0.026958081297552606, 0.025164589112054273, 0.0165758780870902, 0.01587407679711259, 0.012977754013078012, 0.010905769252191737, 0.008154262607358888, 0.008076284686250264, 0.007062571711838162, 0.006483307155031247]}, "1984-7": {"Total Votes": 74634.0, "Parties": ["Guatemalan Christian Democracy", "Revolutionary Party", "National Center Union", "National Renovator Party", "Concord Emergence Movement", "Democratic Alliance", "Democratic Party of Cooperation Party", "United Front of the Revolution", "Populist Party", "Popular Democratic Strength Alliance-National Democratic Coordinator", "Civic Democratic Front"], "Percent": [0.22558083447222446, 0.22558083447222446, 0.15822547364471956, 0.15460781949245653, 0.06022724227563845, 0.04853016051665461, 0.04594420773374065, 0.04408178578127931, 0.014283034541897794, 0.013304928048878527, 0.009633679020285661]}, "2007-9": {"Total Votes": 191939.0, "Parties": ["National Unity of Hope", "Grand National Alliance", "Populist Party", "Guatemalan Republican Front", "Unionist Party", "National Advancement Party", "URNG-MAIZ", "Encounter for Guatemala", "Social Action Center", "National Center Union", "Authentic Integral Development", "The Front for Democracy Democratic Votes", "New Nation Alliance", "Guatemalan Christian Democracy", "Democratic Union"], "Percent": [0.23367840824428596, 0.19633842001886015, 0.1229348907725892, 0.0847769343385138, 0.0743517471696737, 0.05518419914660387, 0.0545433705500185, 0.034990283371279414, 0.0313797612783228, 0.026925221033765937, 0.02661783170694856, 0.02347099859851307, 0.015306946477787214, 0.011066015765425473, 0.008434971527412355]}, "1990-11": {"Total Votes": 14554.0, "Parties": ["PID-FUN-FRG", "PSD-AP5"], "Percent": [0.5364161055379965, 0.4635838944620036]}, "1999-11": {"Total Votes": 131152.0, "Parties": ["Guatemalan Republican Front", "National Advancement Party", "DIA-URNG", "Guatemalan Christian Democracy", "Progressive Liberator Party", "Democratic Institutional Party", "The Green Organization-Democratic Union Coalition", "National Center Union", "Democratic Reconciliatory Action", "National Liberation Movement Party", "Democratic Alliance", "Anticommunist Unification Party"], "Percent": [0.36198456752470415, 0.2273392704648042, 0.10464194217396608, 0.08895022569232647, 0.04394900573380505, 0.04147858972794925, 0.03887092838843479, 0.034189337562522876, 0.025855495913138953, 0.013671160180553862, 0.012024216176649994, 0.007045260461144321]}}