{"2003-11": {"Total Votes": 92208.0, "Parties": ["Guatemalan Republican Front", "National Unity of Hope", "National Advancement Party", "PP-PSN", "Social Participative Democracy", "Reform Movement", "Authentic Integral Development", "Guatemalan Christian Democracy", "Unionist Party", "Guatemalan National Revolutionary Unit", "New Nation Alliance", "National Social and Political Change Movement"], "Percent": [0.22096781190352247, 0.17817326045462434, 0.10335328821794204, 0.09757287870900573, 0.09571837584591358, 0.07941827173347216, 0.07886517438833941, 0.04715425993406212, 0.040202585458962346, 0.028088669095956968, 0.015291514836022905, 0.01519390942217595]}, "2011-9": {"Total Votes": 160483.0, "Parties": ["UNE-GANA", "Populist Party", "Democratic Freedom Revival", "National Center Union", "Renovation and Order Compromise", "National Advancement Party", "Unionist", "Victory", "URNG-MAIZ-ANN", "Guatemalan Republican Front", "Social Action Center", "National Development Action", "National Convergence Front"], "Percent": [0.26090613959110937, 0.22226653290379667, 0.14260077391374787, 0.11016743206445542, 0.08546076531470623, 0.06464236087311429, 0.02675672812696672, 0.02628938890723628, 0.020999108939887715, 0.020008349794059185, 0.009134923948330976, 0.0056205330159580765, 0.005146962606631232]}, "1995-11": {"Total Votes": 65264.0, "Parties": ["Guatemalan Republican Front", "National Advancement Party", "National Liberation Movement Party", "DCG-PSD", "National Center Union", "New Guatemala Democratic Front Democratic Votes", "Authentic Nationalist Center", "Progressive Liberator Party", "Authentic Integral Development", "Guatemalan Reformer Party", "Guatemalan Democrat Party", "National Historic Change", "Democratic Union", "Populist Party", "FUN-PID", "Village Party"], "Percent": [0.2940212061779848, 0.20818521696494238, 0.15282544741358176, 0.11246629075753861, 0.05440978180926698, 0.03688097572934543, 0.027993993625888697, 0.02739642069134592, 0.022033586663397893, 0.019934420201029663, 0.013085315028193184, 0.011093405246383917, 0.008105540573670017, 0.005929762196616818, 0.003432213777886737, 0.002206423142927188]}, "1984-7": {"Total Votes": 35305.0, "Parties": ["National Center Union", "Guatemalan Christian Democracy", "Revolutionary Party", "Democratic Alliance", "Concord Emergence Movement", "Civic Democratic Front", "National Renovator Party", "United Front of the Revolution", "Populist Party", "Popular Democratic Strength Alliance-National Democratic Coordinator"], "Percent": [0.2959920691120238, 0.1657555587027333, 0.1657555587027333, 0.11661237785016286, 0.07358731057923806, 0.06489165840532503, 0.06271066421186801, 0.026936694519189917, 0.013964027758107917, 0.01379408015861776]}, "2007-9": {"Total Votes": 123827.0, "Parties": ["National Unity of Hope", "Grand National Alliance", "Populist Party", "National Advancement Party", "National Center Union", "Guatemalan Republican Front", "Unionist Party", "URNG-MAIZ", "Encounter for Guatemala", "Democratic Union", "Social Action Center", "New Nation Alliance", "Guatemalan Christian Democracy", "Authentic Integral Development", "The Front for Democracy Democratic Votes"], "Percent": [0.2509065066584832, 0.21353985802773223, 0.15240617958926567, 0.0757993006371793, 0.05952659759180146, 0.05889668650617393, 0.04527284033369136, 0.04012856646773321, 0.03668020706307994, 0.01869543799009909, 0.017556752566080094, 0.011419157372786226, 0.009941289056506255, 0.004966606636678592, 0.004264013502709425]}, "1990-11": {"Total Votes": 9550.0, "Parties": ["PID-FUN-FRG", "PSD-AP5"], "Percent": [0.7602094240837697, 0.23979057591623038]}, "1999-11": {"Total Votes": 91464.0, "Parties": ["Guatemalan Republican Front", "National Advancement Party", "DIA-URNG", "Progressive Liberator Party", "Democratic Reconciliatory Action", "National Center Union", "National Liberation Movement Party", "Democratic Institutional Party", "New Guatemala Democratic Front Democratic Votes", "The Green Organization-Democratic Union Coalition", "Anticommunist Unification Party", "Unity National Front"], "Percent": [0.4949050992740313, 0.19686434006822356, 0.1083377066386775, 0.04514344441528908, 0.0412402693956092, 0.0387474853494271, 0.026130499431470305, 0.013469780460071723, 0.012835651185165749, 0.010080468818332897, 0.008877809848683636, 0.0033674451150179307]}}