{"2003-11": {"Total Votes": 31499.0, "Parties": ["Guatemalan Republican Front", "National Unity of Hope", "PP-MR", "Unionist Party", "Democratic Union"], "Percent": [0.2980094606177974, 0.2477538969491095, 0.24026159560620972, 0.18467252928664402, 0.029302517540239374]}, "2011-9": {"Total Votes": 67802.0, "Parties": ["National Unity of Hope", "Populist Party", "Grand National Alliance", "VIVA-EG", "National Center Union", "Democratic Freedom Revival", "Unionist", "Renovation and Order Compromise", "National Advancement Party", "Social Action Center"], "Percent": [0.27108344886581515, 0.25748502994011974, 0.23037668505353825, 0.07769682310256334, 0.0711335948792071, 0.043184566826937255, 0.02135630217397717, 0.013524674788354327, 0.011577829562549777, 0.0025810448069378484]}, "1995-11": {"Total Votes": 23673.0, "Parties": ["National Advancement Party", "Guatemalan Republican Front", "DCG-UCN", "Progressive Liberator Party", "Populist Party", "Guatemalan Reformer Party", "New Guatemala Democratic Front Democratic Votes", "FUN-PID", "Popular Alliance 5", "National Liberation Movement Party", "Social Reformist Union", "Democratic Union", "Authentic Integral Development", "National Historic Change", "Authentic Nationalist Center"], "Percent": [0.4290964389811177, 0.22895281544375448, 0.1043382756727073, 0.07742998352553541, 0.05246483335445444, 0.04198876357031217, 0.012630422844590884, 0.012419211760233176, 0.010814007519114602, 0.006589785831960461, 0.006167363663245047, 0.006125121446373506, 0.004181979470282601, 0.0038017995184387275, 0.0029991973978794407]}, "1984-7": {"Total Votes": 11333.0, "Parties": ["Guatemalan Christian Democracy", "Revolutionary Party", "National Center Union", "PNR-DCG", "Democratic Alliance", "United Front of the Revolution", "Concord Emergence Movement", "Civic Democratic Front", "Popular Democratic Strength Alliance-National Democratic Coordinator", "Populist Party"], "Percent": [0.2052413306273714, 0.2052413306273714, 0.1532692138004059, 0.14973969822641842, 0.09388511426806671, 0.08859084090708551, 0.055060442954204536, 0.03255978117003441, 0.011382687726109592, 0.005029559692932145]}, "2007-9": {"Total Votes": 48175.0, "Parties": ["Grand National Alliance", "National Advancement Party", "National Unity of Hope", "Populist Party", "Guatemalan Republican Front", "Unionist Party", "National Center Union", "The Front for Democracy Democratic Votes", "Social Action Center", "Authentic Integral Development"], "Percent": [0.29370005189413595, 0.28755578619615985, 0.17660612350804358, 0.14355993772703685, 0.027171769590036327, 0.021152049818370523, 0.019429164504411, 0.015339906590555267, 0.010690192008303063, 0.004795018162947587]}, "1990-11": {"Total Votes": 1092.0, "Parties": ["PSD-AP5", "PID-FUN"], "Percent": [0.5906593406593407, 0.40934065934065933]}, "1999-11": {"Total Votes": 41135.0, "Parties": ["Guatemalan Republican Front", "National Advancement Party", "Democratic Institutional Party", "Progressive Liberator Party", "Unity National Front", "Anticommunist Unification Party", "DIA-URNG", "National Center Union", "New Guatemala Democratic Front Democratic Votes", "National Liberation Movement Party"], "Percent": [0.357408532879543, 0.3192172116202747, 0.12288805153762003, 0.09262185486811718, 0.04626230703780236, 0.02829707062112556, 0.01859730156800778, 0.007317369636562538, 0.0055184149750820465, 0.0018718852558648354]}}