{"2004-10": {"Total Votes": 18140.0, "Parties": ["botswana democratic party", "botswana national front", "botswana congress party", "botswana alliance movement", "botswana peoples party", "new democratic front", "mels movement of botswana"], "Percent": [0.47260198456449837, 0.23235942668136714, 0.19553472987872106, 0.048235942668136716, 0.038313120176405736, 0.009592061742006615, 0.003362734288864388]}, "1979-10": {"Total Votes": 906.0, "Parties": ["botswana national front"], "Percent": [1.0]}, "2009-10": {"Total Votes": 211940.0, "Parties": ["botswana democratic party", "botswana national front", "botswana congress party", "botswana alliance movement", "botswana peoples party", "independent", "mels movement botswana", "botswana tlhoko tiro organisation"], "Percent": [0.5976880249127112, 0.2038407096348023, 0.14191752382749834, 0.02619137491742946, 0.016377276587713503, 0.01281966594319147, 0.0009766915164669246, 0.00018873266018684534]}, "1994-10": {"Total Votes": 91.0, "Parties": ["Independence Freedom Party"], "Percent": [1.0]}, "1974-10": {"Total Votes": 3715.0, "Parties": ["botswana democratic party", "botswana national front"], "Percent": [0.6613728129205922, 0.3386271870794078]}, "1999-10": {"Total Votes": 29499.0, "Parties": ["botswana democratic party", "botswana national front", "botswana alliance movement"], "Percent": [0.9017932811281739, 0.0936641920065087, 0.004542526865317469]}, "1984-9": {"Total Votes": 17411.0, "Parties": ["botswana democratic party", "botswana national front", "botswana progressive union"], "Percent": [0.6855436218482569, 0.3090000574349549, 0.005456320716788237]}, "1969-10": {"Total Votes": 3991.0, "Parties": ["botswana national front", "botswana democratic party", "botswana independence party"], "Percent": [0.5086444500125282, 0.47256326735154097, 0.018792282635930843]}, "1989-10": {"Total Votes": 10412.0, "Parties": ["Botswana Democratic Party", "Botswana National Front"], "Percent": [0.5710718401844026, 0.4289281598155974]}}