{"1997-6": {"Total Votes": 39952.0, "Parties": ["fianna f\u00e1il", "independents", "fine gael", "labour party", "progressive democratic party", "national party"], "Percent": [0.42285742891469763, 0.2935022026431718, 0.11316079295154186, 0.10327392871445736, 0.034791750100120145, 0.03241389667601122]}, "1989-6": {"Total Votes": 31634.0, "Parties": ["fianna f\u00e1il", "fine gael", "labour party", "others"], "Percent": [0.5081873933109945, 0.2612379085793766, 0.22807738509198963, 0.0024973130176392487]}, "1969-6": {"Total Votes": 28869.0, "Parties": ["fianna f\u00e1il", "fine gael", "labour party"], "Percent": [0.5320932488136063, 0.340919325227753, 0.12698742595864076]}, "1933-1": {"Total Votes": 69222.0, "Parties": ["fianna f\u00e1il", "cumann na ngaedheal", "national centre party", "labour party"], "Percent": [0.4986998353124729, 0.27878420155441913, 0.16325734593048452, 0.059258617202623445]}, "1982-11": {"Total Votes": 32211.0, "Parties": ["fianna f\u00e1il", "fine gael", "labour party"], "Percent": [0.4901431188103443, 0.28667225481978204, 0.22318462636987366]}, "1961-10": {"Total Votes": 25727.0, "Parties": ["fianna f\u00e1il", "fine gael", "labour party", "sinn f\u00e9in"], "Percent": [0.4614607221984685, 0.2755859602751973, 0.21930267812026275, 0.043650639406071445]}, "1938-6": {"Total Votes": 67890.0, "Parties": ["fianna f\u00e1il", "fine gael", "labour party"], "Percent": [0.5235380762998969, 0.38795109736338196, 0.08851082633672117]}, "1948-2": {"Total Votes": 28217.0, "Parties": ["fianna f\u00e1il", "fine gael", "clann na talmhan", "labour party"], "Percent": [0.39710103838111777, 0.2255377963638941, 0.22114328241840026, 0.15621788283658788]}, "1923-8": {"Total Votes": 54687.0, "Parties": ["cumann na ngaedheal", "republicans", "labour party", "farmers' party", "businessmen's party", "independent labour candidates"], "Percent": [0.3943350339203101, 0.29443926344469434, 0.15606999835427066, 0.12421599283193446, 0.018962459085340208, 0.01197725236345018]}, "1937-7": {"Total Votes": 67525.0, "Parties": ["fianna f\u00e1il", "fine gael", "labour party", "independent labour candidates"], "Percent": [0.4458200666419844, 0.39939281747500927, 0.09448352462051092, 0.06030359126249537]}, "1992-11": {"Total Votes": 31825.0, "Parties": ["fianna f\u00e1il", "fine gael", "labour party", "others"], "Percent": [0.4797800471327573, 0.28072270227808327, 0.2274941084053417, 0.012003142183817754]}, "1987-2": {"Total Votes": 33291.0, "Parties": ["fianna f\u00e1il", "fine gael", "labour party", "progressive democratic party", "others"], "Percent": [0.5136223003214082, 0.2360698086569944, 0.13691388062839807, 0.07341323480820643, 0.03998077558499294]}, "1944-5": {"Total Votes": 61261.0, "Parties": ["fianna f\u00e1il", "fine gael", "clann na talmhan", "labour party", "others"], "Percent": [0.5085617276897211, 0.2469597296812001, 0.12510406294379786, 0.10187558152821534, 0.01749889815706567]}, "2007-5": {"Total Votes": 74439.0, "Parties": ["fianna f\u00e1il", "non party / independent", "fine gael", "labour party", "sinn f\u00e9in", "progressive democratic party", "green party"], "Percent": [0.40959711978935776, 0.39664691895377424, 0.09485619097516088, 0.06127164523972649, 0.022461344187858515, 0.008517040798506159, 0.006649740055616008]}, "1977-6": {"Total Votes": 35310.0, "Parties": ["fianna f\u00e1il", "labour party", "fine gael"], "Percent": [0.548654772019258, 0.22625318606627018, 0.22509204191447182]}, "1981-6": {"Total Votes": 32346.0, "Parties": ["fianna f\u00e1il", "fine gael", "labour party", "others"], "Percent": [0.4565943238731219, 0.2932974710937983, 0.2319915909231435, 0.018116614109936313]}, "1957-3": {"Total Votes": 26981.0, "Parties": ["fianna f\u00e1il", "fine gael", "labour party", "sinn f\u00e9in", "clann na plobachta"], "Percent": [0.4641043697416701, 0.22656684333419813, 0.1579259478892554, 0.09443682591453245, 0.056966013120343946]}, "1922-6": {"Total Votes": 28636.0, "Parties": ["coalition republic", "coalition treaty", "labour party"], "Percent": [0.4018717698002514, 0.32508031848023466, 0.2730479117195139]}, "1982-2": {"Total Votes": 31709.0, "Parties": ["fianna f\u00e1il", "fine gael", "labour party", "others"], "Percent": [0.4915323725125359, 0.25812860702008894, 0.2448200826263837, 0.005518937840991517]}, "1954-4": {"Total Votes": 28235.0, "Parties": ["fianna f\u00e1il", "fine gael", "labour party", "clann na plobachta"], "Percent": [0.447210908446963, 0.2840092084292545, 0.16844342128563838, 0.10033646183814415]}, "1927-9": {"Total Votes": 58632.0, "Parties": ["cumann na ngaedheal", "fianna f\u00e1il", "labour party", "farmers' party"], "Percent": [0.3689964524491745, 0.3423215991267567, 0.18781552735707463, 0.10086642106699413]}, "1932-2": {"Total Votes": 64958.0, "Parties": ["fianna f\u00e1il", "cumann na ngaedheal", "independent labour candidates", "labour party"], "Percent": [0.5028018104005665, 0.35288955940761724, 0.09834046614735675, 0.0459681640444595]}, "1927-6": {"Total Votes": 59810.0, "Parties": ["fianna f\u00e1il", "cumann na ngaedheal", "labour party", "farmers' party", "independents", "national league"], "Percent": [0.2851028256144457, 0.26549072061528173, 0.20951345928774454, 0.11258986791506437, 0.07547232904196623, 0.05183079752549741]}, "2002-5": {"Total Votes": 58441.0, "Parties": ["fianna f\u00e1il", "non party / independent", "fine gael", "labour party", "progressive democratic party"], "Percent": [0.5980390479286802, 0.17795725603600213, 0.10451566537191355, 0.09474512756455228, 0.024742903098851833]}, "1965-4": {"Total Votes": 26766.0, "Parties": ["fianna f\u00e1il", "fine gael", "labour party"], "Percent": [0.44167974295748336, 0.35410595531644623, 0.20421430172607039]}, "1943-6": {"Total Votes": 65426.0, "Parties": ["fianna f\u00e1il", "fine gael", "independents", "labour party", "clann na talmhan", "others"], "Percent": [0.38877510469843796, 0.25142909546663406, 0.11787362822119647, 0.11302845963378473, 0.10906978876899093, 0.01982392321095589]}, "1951-5": {"Total Votes": 28436.0, "Parties": ["fianna f\u00e1il", "fine gael", "labour party", "clann na plobachta"], "Percent": [0.44327612885075257, 0.33225488816992543, 0.13300042200028134, 0.09146856097904066]}, "1973-2": {"Total Votes": 28352.0, "Parties": ["fianna f\u00e1il", "fine gael", "labour party"], "Percent": [0.5054317155756207, 0.30315321670428896, 0.1914150677200903]}, "2011-2": {"Total Votes": 80009.0, "Parties": ["non party / independent", "non-party / new vision", "fine gael", "labour party", "fianna f\u00e1il", "sinn f\u00e9in", "green party"], "Percent": [0.3966553762701696, 0.1983276881350848, 0.14279643540101739, 0.11947405916834355, 0.09971378219950255, 0.037920733917434286, 0.0051119249084478]}}