{"1997-6": {"Total Votes": 211881.0, "Parties": ["fianna f\u00e1il", "fine gael", "labour party", "independents", "democratic left", "progressive democratic party", "green party", "national party", "sinn f\u00e9in", "others", "workers' party"], "Percent": [0.39937040131016943, 0.3437401182739368, 0.07392828993633219, 0.038427230379316696, 0.03666208862521887, 0.03510461060689727, 0.02918147450691662, 0.021441280718894097, 0.015046181583058415, 0.004526125513849755, 0.0025721985454099233]}, "1989-6": {"Total Votes": 200692.0, "Parties": ["fianna f\u00e1il", "fine gael", "workers' party", "labour party", "progressive democratic party", "others"], "Percent": [0.40104239331911584, 0.3651715065872082, 0.07606680884140873, 0.07342096346640622, 0.06859266936400056, 0.015705658421860363]}, "1969-6": {"Total Votes": 160507.0, "Parties": ["fianna f\u00e1il", "fine gael", "labour party", "independents"], "Percent": [0.4665528606229012, 0.3427763275121957, 0.1715875320079498, 0.01908327985695328]}, "1933-1": {"Total Votes": 174232.0, "Parties": ["fianna f\u00e1il", "cumann na ngaedheal", "national centre party", "labour party", "independent labour candidates", "independents"], "Percent": [0.4006267505395105, 0.3170772303595206, 0.1474872583681528, 0.07679415951145599, 0.03282405069103265, 0.02519055053032738]}, "1982-11": {"Total Votes": 200041.0, "Parties": ["fine gael", "fianna f\u00e1il", "others", "labour party"], "Percent": [0.42780230052839163, 0.41363520478301946, 0.08103338815542814, 0.0775291065331607]}, "1961-10": {"Total Votes": 147618.0, "Parties": ["fianna f\u00e1il", "fine gael", "labour party", "independents", "sinn f\u00e9in"], "Percent": [0.39941606037204136, 0.33518270129658984, 0.20740018154967552, 0.031615385657575636, 0.026385671124117653]}, "1938-6": {"Total Votes": 164379.0, "Parties": ["fianna f\u00e1il", "fine gael", "labour party", "independent labour candidates"], "Percent": [0.42219504924594986, 0.3745490604030928, 0.1724064509456804, 0.03084943940527683]}, "1948-2": {"Total Votes": 163356.0, "Parties": ["fianna f\u00e1il", "fine gael", "labour party", "clann na talmhan", "clann na plobachta", "independents", "national labour"], "Percent": [0.35658316805014817, 0.20345135777075835, 0.17190063419770318, 0.11140086681848232, 0.08531673155562086, 0.03712750067337594, 0.03421974093391121]}, "1923-8": {"Total Votes": 123167.0, "Parties": ["cumann na ngaedheal", "republicans", "farmers' party", "labour party", "progressive association", "independent labour candidates", "independents"], "Percent": [0.35434004238148203, 0.2279750257780087, 0.17411319590474722, 0.10160189011667087, 0.05348835321149334, 0.05188889881218183, 0.036592593795415976]}, "1937-7": {"Total Votes": 161922.0, "Parties": ["fine gael", "fianna f\u00e1il", "labour party", "independents", "independent labour candidates"], "Percent": [0.400180333740937, 0.3371561616086758, 0.19525450525561688, 0.03686342807030546, 0.030545571324464865]}, "1992-11": {"Total Votes": 206615.0, "Parties": ["fianna f\u00e1il", "fine gael", "labour party", "others", "progressive democratic party", "democratic left"], "Percent": [0.3640490767853254, 0.30017665706749264, 0.16387483967766134, 0.06737168163008495, 0.057653122958158894, 0.04687462188127677]}, "1987-2": {"Total Votes": 208178.0, "Parties": ["fianna f\u00e1il", "fine gael", "progressive democratic party", "workers' party", "labour party", "others"], "Percent": [0.38998357175109766, 0.31424550144587804, 0.15820115478100472, 0.057465246087482824, 0.0454899172823257, 0.03461460865221109]}, "1944-5": {"Total Votes": 154867.0, "Parties": ["fianna f\u00e1il", "fine gael", "clann na talmhan", "labour party", "independents", "national labour", "others"], "Percent": [0.3951455119554198, 0.1754666907733733, 0.16375341421994355, 0.12755461137621313, 0.10042165212730923, 0.02469215520414291, 0.012965964343598054]}, "2007-5": {"Total Votes": 519852.0, "Parties": ["fianna f\u00e1il", "fine gael", "labour party", "non party / independent", "green party", "sinn f\u00e9in", "non-party / fathers rights responsibilities", "socialist party", "progressive democratic party", "workers' party"], "Percent": [0.5001000284696414, 0.3334064310611481, 0.07611397089940983, 0.028631225810422968, 0.024174188038133933, 0.023656733070181516, 0.007071243353877642, 0.0032701615075059823, 0.0030701045682232637, 0.0005059132214553373]}, "1977-6": {"Total Votes": 193369.0, "Parties": ["fianna f\u00e1il", "fine gael", "labour party", "others"], "Percent": [0.5386799331847401, 0.2911066406714623, 0.11386520073021011, 0.0563482254135875]}, "1981-6": {"Total Votes": 205958.0, "Parties": ["fine gael", "fianna f\u00e1il", "labour party", "others"], "Percent": [0.4153419629244798, 0.41199176531137416, 0.1074976451509531, 0.06516862661319298]}, "1957-3": {"Total Votes": 151357.0, "Parties": ["fianna f\u00e1il", "fine gael", "labour party", "independent farmers candidates", "sinn f\u00e9in"], "Percent": [0.4485289745436286, 0.2616066650369656, 0.18063915114596615, 0.06195947329822869, 0.04726573597521093]}, "1922-6": {"Total Votes": 108963.0, "Parties": ["coalition treaty", "coalition republic", "labour party", "farmers' party", "independents"], "Percent": [0.3345906408597414, 0.2774428016849756, 0.16127492818663217, 0.12261960481998477, 0.10407202444866606]}, "1982-2": {"Total Votes": 198581.0, "Parties": ["fianna f\u00e1il", "fine gael", "labour party", "others"], "Percent": [0.43138568140960115, 0.4130153438647202, 0.09238043921623922, 0.06321853550943947]}, "1954-4": {"Total Votes": 161383.0, "Parties": ["fianna f\u00e1il", "fine gael", "labour party", "farmers' party", "independent farmers candidates", "independents"], "Percent": [0.4021737109856676, 0.30431953799346895, 0.20224558968416748, 0.061567823128830176, 0.020026892547542183, 0.009666445660323578]}, "1927-9": {"Total Votes": 142327.0, "Parties": ["cumann na ngaedheal", "fianna f\u00e1il", "labour party", "farmers' party", "independents", "national league", "independent labour candidates"], "Percent": [0.3603462449148791, 0.3025919186099616, 0.13150702256072283, 0.11226963260660311, 0.06452043533553015, 0.01722793285883915, 0.011536813113464064]}, "1932-2": {"Total Votes": 157840.0, "Parties": ["fianna f\u00e1il", "cumann na ngaedheal", "labour party", "farmers' party", "independents", "independent labour candidates"], "Percent": [0.36120755195134313, 0.34334769386720726, 0.11608590978205777, 0.08530157121135326, 0.06336796756208819, 0.03068930562595033]}, "1927-6": {"Total Votes": 138095.0, "Parties": ["cumann na ngaedheal", "farmers' party", "labour party", "fianna f\u00e1il", "independents", "independent labour candidates", "sinn f\u00e9in", "national league"], "Percent": [0.21140519207791736, 0.1759006481045657, 0.1527571599261378, 0.14065679423585215, 0.1267750461638727, 0.0916832615228647, 0.06333321264347008, 0.03748868532531953]}, "2002-5": {"Total Votes": 464918.0, "Parties": ["fianna f\u00e1il", "fine gael", "non party / independent", "labour party", "sinn f\u00e9in", "green party", "progressive democratic party", "socialist party", "comhar criostai / christian solidarity", "workers' party", "socialist workers"], "Percent": [0.5229438309551362, 0.2657070709243351, 0.08521717808301679, 0.07294834788070154, 0.025727117470177537, 0.015579091366649603, 0.00672376634159142, 0.0020132582519928246, 0.0016884697946734693, 0.0009851199566375147, 0.00046674897508808006]}, "1965-4": {"Total Votes": 154869.0, "Parties": ["fianna f\u00e1il", "fine gael", "labour party", "others"], "Percent": [0.45707016898152636, 0.3137038400196295, 0.20727840949447598, 0.021947581504368208]}, "1943-6": {"Total Votes": 163169.0, "Parties": ["fianna f\u00e1il", "fine gael", "labour party", "clann na talmhan", "independents", "others"], "Percent": [0.35680184348742716, 0.26663765788844696, 0.18813009824170032, 0.11780423977593782, 0.05911662141705839, 0.011509539189429365]}, "1951-5": {"Total Votes": 166331.0,