{"1997-6": {"Total Votes": 67969.0, "Parties": ["fianna f\u00e1il", "independents", "fine gael", "labour party", "sinn f\u00e9in", "green party"], "Percent": [0.40009416057320246, 0.2804513822477894, 0.20828613044181907, 0.04868395886359958, 0.042386970530683105, 0.020097397342906324]}, "1989-6": {"Total Votes": 56655.0, "Parties": ["fianna f\u00e1il", "fine gael", "others", "workers' party"], "Percent": [0.4737445944753332, 0.31859500485394054, 0.15880328302885888, 0.04885711764186745]}, "1969-6": {"Total Votes": 56469.0, "Parties": ["fianna f\u00e1il", "fine gael", "independents", "labour party"], "Percent": [0.5262533425419256, 0.3570100409074005, 0.06876339230374187, 0.04797322424693194]}, "1933-1": {"Total Votes": 69574.0, "Parties": ["fianna f\u00e1il", "cumann na ngaedheal", "independents", "national centre party"], "Percent": [0.5088107626412165, 0.2597378330985713, 0.15500043119556156, 0.07645097306465058]}, "1982-11": {"Total Votes": 62429.0, "Parties": ["fianna f\u00e1il", "fine gael", "others", "labour party"], "Percent": [0.45068798154703743, 0.3806243893062519, 0.15968540261737335, 0.009002226529337328]}, "1961-10": {"Total Votes": 47123.0, "Parties": ["fianna f\u00e1il", "fine gael", "sinn f\u00e9in"], "Percent": [0.551853659571759, 0.407189695053371, 0.040956645374870024]}, "1938-6": {"Total Votes": 37472.0, "Parties": ["fianna f\u00e1il", "independents", "fine gael", "labour party"], "Percent": [0.5387222459436379, 0.20938300597779674, 0.20807536293766013, 0.04381938514090521]}, "1948-2": {"Total Votes": 60820.0, "Parties": ["fianna f\u00e1il", "fine gael", "independents", "clann na plobachta"], "Percent": [0.4646826701742848, 0.24011838211114764, 0.14870108516935218, 0.1464978625452154]}, "1923-8": {"Total Votes": 52730.0, "Parties": ["cumann na ngaedheal", "republicans", "independents", "farmers' party", "labour party", "ratepayers' association", "independent labour candidates"], "Percent": [0.36977052911056324, 0.24780959605537645, 0.14945951071496302, 0.14653897212213163, 0.04657690119476579, 0.02715721600606865, 0.012687274796131234]}, "1937-7": {"Total Votes": 63182.0, "Parties": ["fianna f\u00e1il", "fine gael", "independents"], "Percent": [0.5206546168212466, 0.3513025861796081, 0.12804279699914534]}, "1992-11": {"Total Votes": 61017.0, "Parties": ["fianna f\u00e1il", "fine gael", "others", "labour party", "democratic left"], "Percent": [0.4256846452627956, 0.29840864021502206, 0.18801317665568612, 0.05798384056902175, 0.029909697297474475]}, "1987-2": {"Total Votes": 60995.0, "Parties": ["fianna f\u00e1il", "fine gael", "others", "workers' party", "labour party"], "Percent": [0.45734896302975653, 0.2973522419870481, 0.1976719403229773, 0.04118370358226084, 0.0064431510779572095]}, "1944-5": {"Total Votes": 33012.0, "Parties": ["fianna f\u00e1il", "fine gael", "farmers' party", "independents"], "Percent": [0.55189022173755, 0.2423967042287653, 0.11774506240155096, 0.08796801163213377]}, "2007-5": {"Total Votes": 141612.0, "Parties": ["fianna f\u00e1il", "fine gael", "sinn f\u00e9in", "non party / independent", "labour party", "green party", "comhar criostai / christian solidarity"], "Percent": [0.6948139988136599, 0.126246363302545, 0.10730022879416998, 0.04860463802502613, 0.01280964889981075, 0.007831257238087167, 0.002393864926701127]}, "1977-6": {"Total Votes": 60823.0, "Parties": ["fianna f\u00e1il", "fine gael", "others"], "Percent": [0.3639577133650099, 0.36336583200434047, 0.2726764546306496]}, "1981-6": {"Total Votes": 67003.0, "Parties": ["fianna f\u00e1il", "fine gael", "others", "labour party"], "Percent": [0.42039908660806236, 0.37041625001865586, 0.20217005208721997, 0.007014611286061818]}, "1957-3": {"Total Votes": 53511.0, "Parties": ["fianna f\u00e1il", "fine gael", "independents"], "Percent": [0.5289566631159948, 0.29861150043916207, 0.1724318364448431]}, "1922-6": {"Total Votes": 0, "Parties": [], "Percent": []}, "1982-2": {"Total Votes": 63013.0, "Parties": ["fianna f\u00e1il", "fine gael", "others", "labour party"], "Percent": [0.41216891752495516, 0.360989002269373, 0.21901829781156268, 0.007823782394109153]}, "1954-4": {"Total Votes": 58175.0, "Parties": ["fianna f\u00e1il", "fine gael", "independents", "others"], "Percent": [0.5113021057155135, 0.3776192522561238, 0.09904598195100989, 0.012032660077352814]}, "1927-9": {"Total Votes": 54552.0, "Parties": ["cumann na ngaedheal", "fianna f\u00e1il", "independents", "farmers' party", "labour party", "others"], "Percent": [0.4037982108813609, 0.2955711981228919, 0.14543921396099135, 0.08481815515471476, 0.0673669159700836, 0.0030063059099574717]}, "1932-2": {"Total Votes": 64816.0, "Parties": ["fianna f\u00e1il", "cumann na ngaedheal", "independents", "labour party"], "Percent": [0.375, 0.3016076277462355, 0.2734201431745248, 0.04997222907923969]}, "1927-6": {"Total Votes": 51639.0, "Parties": ["cumann na ngaedheal", "fianna f\u00e1il", "independents", "national league", "farmers' party", "labour party"], "Percent": [0.2988245318460853, 0.2574798117701737, 0.1463428803811073, 0.11286043494258216, 0.09742636379480625, 0.08706597726524526]}, "2002-5": {"Total Votes": 138801.0, "Parties": ["fianna f\u00e1il", "fine gael", "non party / independent", "sinn f\u00e9in", "independent fianna fail", "labour party"], "Percent": [0.47479485018119466, 0.24056022651133635, 0.14420645384399247, 0.0811881758776954, 0.04412071959135741, 0.015129573994423672]}, "1965-4": {"Total Votes": 51056.0, "Parties": ["fianna f\u00e1il", "fine gael", "labour party"], "Percent": [0.5543324976496397, 0.42320197430272644, 0.02246552804763397]}, "1943-6": {"Total Votes": 60519.0, "Parties": ["fianna f\u00e1il", "fine gael", "independents", "labour party", "clann na talmhan"], "Percent": [0.4660519836745485, 0.21221434590789667, 0.11720286191113534, 0.10585105504056577, 0.0986797534658537]}, "1951-5": {"Total Votes": 60539.0, "Parties": ["fianna f\u00e1il", "fine gael", "independents"], "Percent": [0.544888419035663, 0.3557376236806026, 0.09937395728373445]}, "1973-2": {"Total Votes": 56710.0, "Parties": ["fianna f\u00e1il", "fine gael", "others", "sinn f\u00e9in"], "Percent": [0.45526362193616643, 0.3484570622465174, 0.15332392876035972, 0.042955387056956444]}, "2011-2": {"Total Votes": 141751.0, "Parties": ["non party / independent", "fine gael", "fianna f\u00e1il", "sinn f\u00e9in", "non-party / new vision", "labour party", "green party"], "Percent": [0.23346572510952304, 0.22971971979033656, 0.1841468490522113, 0.16606584785997983, 0.13699374254855345, 0.04443707628164881, 0.005171039357747036]}}