{"1997-6": {"Total Votes": 54253.0, "Parties": ["fine gael", "fianna f\u00e1il", "democratic left", "labour party", "progressive democratic party", "green party", "others", "independents"], "Percent": [0.30964186312277664, 0.25827143199454405, 0.13886789670617294, 0.08659428971669769, 0.08545149576981918, 0.050909627117394426, 0.03686432086704883, 0.03339907470554624]}, "1989-6": {"Total Votes": 52443.0, "Parties": ["fine gael", "fianna f\u00e1il", "workers' party", "progressive democratic party", "others", "labour party"], "Percent": [0.3274793585416548, 0.32620178098125585, 0.12831073737200388, 0.08981179566386362, 0.07123925023358695, 0.05695707720763495]}, "1969-6": {"Total Votes": 37536.0, "Parties": ["fine gael", "fianna f\u00e1il", "labour party", "others"], "Percent": [0.40297314578005117, 0.36082693947144073, 0.1818520886615516, 0.05434782608695652]}, "1933-1": {"Total Votes": 0, "Parties": [], "Percent": []}, "1982-11": {"Total Votes": 50178.0, "Parties": ["fine gael", "fianna f\u00e1il", "labour party", "others"], "Percent": [0.5252899677149349, 0.3005500418510104, 0.12216509227151341, 0.05199489816254135]}, "1961-10": {"Total Votes": 30333.0, "Parties": ["fine gael", "fianna f\u00e1il", "labour party", "independents"], "Percent": [0.447763162232552, 0.3897075792041671, 0.0964296310948472, 0.06609962746843372]}, "1938-6": {"Total Votes": 0, "Parties": [], "Percent": []}, "1948-2": {"Total Votes": 31024.0, "Parties": ["fine gael", "fianna f\u00e1il", "clann na plobachta", "labour party"], "Percent": [0.40787777204744713, 0.3151108818978855, 0.2285972150593089, 0.048414130995358434]}, "1923-8": {"Total Votes": 0, "Parties": [], "Percent": []}, "1937-7": {"Total Votes": 0, "Parties": [], "Percent": []}, "1992-11": {"Total Votes": 59370.0, "Parties": ["fianna f\u00e1il", "fine gael", "labour party", "democratic left", "progressive democratic party", "others"], "Percent": [0.3117736230419404, 0.215529728819269, 0.16968165740272864, 0.11866262422098703, 0.10943237325248442, 0.07491999326259054]}, "1987-2": {"Total Votes": 55702.0, "Parties": ["fine gael", "fianna f\u00e1il", "progressive democratic party", "labour party", "workers' party", "others"], "Percent": [0.3065778607590392, 0.2616782162220387, 0.19789235575024236, 0.1164051560087609, 0.07278015152059172, 0.044666259739327134]}, "1944-5": {"Total Votes": 0, "Parties": [], "Percent": []}, "2007-5": {"Total Votes": 116240.0, "Parties": ["fine gael", "fianna f\u00e1il", "labour party", "people before profit alliance", "green party", "progressive democratic party", "sinn f\u00e9in"], "Percent": [0.35698554714384034, 0.35221954576737785, 0.16159669649002065, 0.04501892635925671, 0.03900550584996559, 0.034058843771507225, 0.011114934618031659]}, "1977-6": {"Total Votes": 38055.0, "Parties": ["fianna f\u00e1il", "fine gael", "labour party", "others"], "Percent": [0.38988306398633554, 0.3754302982525292, 0.14557876757324925, 0.08910787018788595]}, "1981-6": {"Total Votes": 48170.0, "Parties": ["fine gael", "fianna f\u00e1il", "labour party", "others"], "Percent": [0.4342121652480797, 0.3742993564459207, 0.1603072451733444, 0.03118123313265518]}, "1957-3": {"Total Votes": 36049.0, "Parties": ["fianna f\u00e1il", "fine gael", "labour party", "clann na plobachta"], "Percent": [0.4526893949901523, 0.38922022802296874, 0.10871314044772393, 0.04937723653915504]}, "1922-6": {"Total Votes": 0, "Parties": [], "Percent": []}, "1982-2": {"Total Votes": 48511.0, "Parties": ["fine gael", "fianna f\u00e1il", "labour party", "others"], "Percent": [0.48195254684504546, 0.3261116035538332, 0.16029354167096121, 0.03164230793016017]}, "1954-4": {"Total Votes": 37367.0, "Parties": ["fine gael", "fianna f\u00e1il", "labour party"], "Percent": [0.47715899055316185, 0.38788235608959776, 0.13495865335724033]}, "1927-9": {"Total Votes": 0, "Parties": [], "Percent": []}, "1932-2": {"Total Votes": 0, "Parties": [], "Percent": []}, "1927-6": {"Total Votes": 0, "Parties": [], "Percent": []}, "2002-5": {"Total Votes": 104934.0, "Parties": ["fianna f\u00e1il", "labour party", "fine gael", "progressive democratic party", "non party / independent", "green party", "sinn f\u00e9in", "non party / independent health alliance", "socialist workers", "comhar criostai / christian solidarity"], "Percent": [0.3095850725217756, 0.2318409667028799, 0.23068786094116303, 0.06829054453275392, 0.06438332666247355, 0.047668058017420474, 0.020574837516915395, 0.016095831665618388, 0.00834810452284293, 0.0025253969161568223]}, "1965-4": {"Total Votes": 37737.0, "Parties": ["fianna f\u00e1il", "fine gael", "labour party", "others"], "Percent": [0.47497151336884225, 0.3787264488433103, 0.1275671092031693, 0.01873492858467817]}, "1943-6": {"Total Votes": 0, "Parties": [], "Percent": []}, "1951-5": {"Total Votes": 32695.0, "Parties": ["fine gael", "fianna f\u00e1il", "labour party"], "Percent": [0.44496100321150023, 0.4294234592445328, 0.12561553754396695]}, "1973-2": {"Total Votes": 42005.0, "Parties": ["fine gael", "fianna f\u00e1il", "labour party", "others"], "Percent": [0.42368765623140103, 0.375598143078205, 0.18664444708963218, 0.014069753600761814]}, "2011-2": {"Total Votes": 111876.0, "Parties": ["fine gael", "labour party", "fianna f\u00e1il", "non party / independent", "people before profit alliance", "non-party / new vision", "green party", "comhar criostai / christian solidarity"], "Percent": [0.35022703707676356, 0.3077871929636383, 0.15431370445850764, 0.08723944366977725, 0.055472129858057134, 0.021809860917444312, 0.019271336122135222, 0.0038792949336765707]}}