{"2004-3": {"Total Votes": 428937.0, "Parties": ["partido africano da independ\u00eancia de guin\u00e9 e cabo verde", "partido da renova\u00e7ao social", "partido unido social democr\u00e1tico", "plataforma unida", "uni\u00e3o eleitoral", "partido democr\u00e1tico socialista", "uni\u00e3o para a mudan\u00e7a", "resist\u00eancia da guin\u00e9-bissau - movimento bafat\u00e1", "partido da unidade nacional", "alian\u00e7a popular unida", "uni\u00e3o nacional para a democracia e o progresso", "f\u00f3rum c\u00edvico guineense-social democracia", "movimento democr\u00e1tico guineense", "partido do manifesto do povo", "partido socialista da guin\u00e9-bissau"], "Percent": [0.3387816858886037, 0.2649713128035119, 0.1759815544007628, 0.048258835213562834, 0.04278950055602571, 0.02049018853584559, 0.02009852262686595, 0.018459587305361857, 0.014594217798884219, 0.013561432098420048, 0.011754639958781826, 0.009812629826757777, 0.009796310413883624, 0.007931234656837717, 0.002718347915894409]}, "1994-7": {"Total Votes": 290968.0, "Parties": ["partido africano da independ\u00eancia de guin\u00e9 e cabo verde", "resist\u00eancia da guin\u00e9-bissau - movimento bafat\u00e1", "uni\u00e3o para a mudan\u00e7a", "partido da renova\u00e7ao social", "partido da converg\u00e8ncia democr\u00e0tica", "partido unido social democr\u00e1tico", "frente de liberta\u00e7\u00e3o para a independ\u00eancia da guin\u00e9", "f\u00f3rum c\u00edvico guineense-social democracia"], "Percent": [0.46390668389651096, 0.1978430617799896, 0.12646407852409888, 0.10295633884138462, 0.05296458717109785, 0.028477358334937176, 0.025690110252673835, 0.0016977811993071402]}}