{"1954-4": {"Total Votes": 737400.0, "Parties": ["parti socialiste belge-belgische socialistische partij", "parti social-chr\u00e9tien-christelijke volkspartij", "parti lib\u00e9ral-liberale partij", "parti communiste de belgique-kommunistische partij van belgi", "others"], "Percent": [0.552473555736371, 0.24100623813398428, 0.1201695145104421, 0.08528749660970979, 0.0010631950094928126]}, "1886-6": {"Total Votes": 69905.0, "Parties": ["parti lib\u00e9ral-liberale partij", "union catholique belge"], "Percent": [0.688906372934697, 0.3110936270653029]}, "1866-6": {"Total Votes": 25470.0, "Parties": ["parti lib\u00e9ral-liberale partij", "union catholique belge"], "Percent": [0.6521790341578327, 0.34782096584216726]}, "1876-6": {"Total Votes": 0, "Parties": [], "Percent": []}, "1910-5": {"Total Votes": 0, "Parties": [], "Percent": []}, "1968-3": {"Total Votes": 686937.0, "Parties": ["parti socialiste belge-belgische socialistische partij", "parti de la libert\u00e9 et du progr\u00e8s-partij voor vrijheid en vo", "parti social-chr\u00e9tien", "fdf + rw", "parti communiste de belgique-kommunistische partij van belgi", "others"], "Percent": [0.3896092363637423, 0.2420847908905766, 0.17410039057439036, 0.09555606991616407, 0.09371310615092797, 0.004936406104198784]}, "1987-12": {"Total Votes": 726621.0, "Parties": ["parti socialiste", "parti social-chr\u00e9tien", "parti r\u00e9formateur lib\u00e9ral", "ecolo", "others", "union d\u00e9mocratique pour le respect du travail-respect voor a"], "Percent": [0.47922231809980714, 0.22702894631451606, 0.1834849254287999, 0.06305763252094283, 0.043919732570349604, 0.003286445065584397]}, "1880-6": {"Total Votes": 0, "Parties": [], "Percent": []}, "1974-3": {"Total Votes": 672069.0, "Parties": ["parti socialiste belge-belgische socialistische partij", "parti social-chr\u00e9tien", "fdf + rw + pldp", "parti de la libert\u00e9 et du progr\u00e8s", "parti communiste de belgique-kommunistische partij van belgi", "others"], "Percent": [0.40522029732066206, 0.1905994771370202, 0.16803631769952196, 0.13610507254463455, 0.08708480825629511, 0.012954027041866236]}, "1991-11": {"Total Votes": 712187.0, "Parties": ["parti socialiste", "parti social-chr\u00e9tien", "parti r\u00e9formateur lib\u00e9ral", "ecolo", "others", "front d\u00e9mocratique des bruxellois francophones"], "Percent": [0.4292622583675355, 0.2085379261345686, 0.17474623940060685, 0.14518237485379543, 0.0400344291597572, 0.0022367720837364346]}, "1870-8": {"Total Votes": 25352.0, "Parties": ["union catholique belge", "parti lib\u00e9ral-liberale partij"], "Percent": [0.5030766803408016, 0.49692331965919845]}, "1921-11": {"Total Votes": 350649.0, "Parties": ["parti ouvrier belge-belgische werkliedenpartij", "union catholique belge", "parti lib\u00e9ral-liberale partij", "dissidences catholiques", "dissidences de gauche", "neutres"], "Percent": [0.5553929998374443, 0.24611220907517206, 0.18757218757218758, 0.004423226645448868, 0.00375874449948524, 0.002740632370262]}, "1872-6": {"Total Votes": 0, "Parties": [], "Percent": []}, "1868-6": {"Total Votes": 0, "Parties": [], "Percent": []}, "1958-6": {"Total Votes": 720982.0, "Parties": ["parti socialiste belge-belgische socialistische partij", "parti social-chr\u00e9tien-christelijke volkspartij", "parti lib\u00e9ral-liberale partij", "parti communiste de belgique-kommunistische partij van belgi", "others"], "Percent": [0.5367235243043516, 0.2816977400267968, 0.11061163801592827, 0.06135243320915085, 0.009614664443772522]}, "1892-6": {"Total Votes": 79110.0, "Parties": ["parti lib\u00e9ral-liberale partij", "union catholique belge", "others"], "Percent": [0.6260902540766022, 0.33985589685248385, 0.03405384907091392]}, "1925-4": {"Total Votes": 367416.0, "Parties": ["parti ouvrier belge-belgische werkliedenpartij", "union catholique belge", "parti lib\u00e9ral-liberale partij", "parti communiste de belgique-kommunistische partij van belgi", "neutres"], "Percent": [0.5792289938380473, 0.24070263679317178, 0.15250560672371372, 0.023178086964095197, 0.004384675680971978]}, "1852-6": {"Total Votes": 23355.0, "Parties": ["parti lib\u00e9ral-liberale partij", "union catholique belge"], "Percent": [0.571312352815243, 0.428687647184757]}, "1896-7": {"Total Votes": 0, "Parties": [], "Percent": []}, "1859-6": {"Total Votes": 0, "Parties": [], "Percent": []}, "1890-6": {"Total Votes": 69789.0, "Parties": ["parti lib\u00e9ral-liberale partij", "union catholique belge", "others"], "Percent": [0.7200991560274541, 0.2679791944289215, 0.011921649543624353]}, "1919-11": {"Total Votes": 320258.0, "Parties": ["parti ouvrier belge-belgische werkliedenpartij", "union catholique belge", "parti lib\u00e9ral-liberale partij", "neutres"], "Percent": [0.5812188922681089, 0.23159764939517513, 0.16924479638291626, 0.01793866195379975]}, "1894-10": {"Total Votes": 1920172.0, "Parties": ["parti ouvrier belge-belgische werkliedenpartij", "union catholique belge", "parti lib\u00e9ral-liberale partij", "others"], "Percent": [0.4241448161935493, 0.31621698472845144, 0.25943040519286814, 0.00020779388513112368]}, "1888-6": {"Total Votes": 0, "Parties": [], "Percent": []}, "1874-6": {"Total Votes": 34655.0, "Parties": ["parti lib\u00e9ral-liberale partij", "union catholique belge"], "Percent": [0.5904198528350888, 0.4095801471649113]}, "1870-6": {"Total Votes": 49688.0, "Parties": ["parti lib\u00e9ral-liberale partij", "union catholique belge"], "Percent": [0.7392730639188535, 0.26072693608114633]}, "1961-3": {"Total Votes": 703871.0, "Parties": ["parti socialiste belge-belgische socialistische partij", "parti social-chr\u00e9tien-christelijke volkspartij", "parti de la libert\u00e9 et du progr\u00e8s-partij voor vrijheid en vo", "parti communiste de belgique-kommunistische partij van belgi", "others"], "Percent": [0.49833137037894726, 0.24607349926335934, 0.11078308383212265, 0.08928766776866785, 0.055524378756902894]}, "1914-5": {"Total Votes": 539532.0, "Parties": ["parti ouvrier belge-belgische werkliedenpartij", "union catholique belge", "parti lib\u00e9ral-liberale partij"], "Percent": [0.43470637515476374, 0.33251410481676713, 0.2327795200284691]}, "1939-4": {"Total Votes": 375482.0, "Parties": ["parti ouvrier belge-belgische werkliedenpartij", "bloc catholique belge", "parti lib\u00e9ral-liberale partij", "parti communiste de belgique-kommunistische partij van belgi", "rex", "dissidences de gauche", "neutres"], "Percent": [0.44209575958368175, 0.21201815266777105, 0.1820193777597861, 0.09508045658646752, 0.03949590126823656, 0.0193111786983131, 0.009979173435743924]}, "1882-6": {"Total Votes": 47361.0, "Parties": ["parti lib\u00e9ral-liberale partij", "union catholique belge"], "Percent": [0.6703194611600262, 0.32968053883997384]}, "1861-6": {"Total Votes": 16402.0, "Parties": ["parti lib\u00e9ral-liberale partij", "union catholique belge"], "Percent": [0.651688818436776, 0.348311181563224]}, "1946-2": {"Total Votes": 362229.0, "Parties": ["parti socialiste belge-belgische socialistische partij", "parti communiste de belgique-kommunistische partij van belgi", "parti social-chr\u00e9tien-christelijke volkspartij", "parti lib\u00e9ral-liberale partij", "dissidences catholiques", "others"], "Percent": [0.4168964936545666, 0.25079162629165525, 0.2003042274362351, 0.10054689160724294, 0.02841572596340989, 0.0030450350468902267]}, "1857-12": {"Total Votes": 25783.0, "Parties": ["parti lib\u00e9ral-liberale partij", "union catholique belge"], "Percent": [0.7298995462126208, 0.27010045378737924]}, "1949-6": {"Total Votes": 739031.0, "Parties": ["parti socialiste belge-belgische socialistische partij", "parti social-chr\u00e9tien-christelijke volkspartij", "parti communiste de belgique-kommunistische partij van belgi", "parti lib\u00e9ral-liberale partij", "others"], "Percent": [0.42609985237425774, 0.25123438664954517, 0.15099907852309308, 0.14072616710259786, 0.030940515350506268]}, "1985-10": {"Total Votes": 722248.0,