{"1954-4": {"Total Votes": 586798.0, "Parties": ["parti socialiste belge-belgische socialistische partij", "parti social-chr\u00e9tien-christelijke volkspartij", "parti lib\u00e9ral-liberale partij", "parti communiste de belgique-kommunistische partij van belgi", "others"], "Percent": [0.4886127764579975, 0.3066046578209196, 0.12230273450148092, 0.07662943636481379, 0.005850394854788189]}, "1886-6": {"Total Votes": 35808.0, "Parties": ["parti lib\u00e9ral-liberale partij", "union catholique belge"], "Percent": [0.7315404378909741, 0.26845956210902594]}, "1866-6": {"Total Votes": 37987.0, "Parties": ["parti lib\u00e9ral-liberale partij", "union catholique belge"], "Percent": [0.7037144286203175, 0.2962855713796825]}, "1876-6": {"Total Votes": 0, "Parties": [], "Percent": []}, "1910-5": {"Total Votes": 0, "Parties": [], "Percent": []}, "1968-3": {"Total Votes": 542483.0, "Parties": ["parti socialiste belge-belgische socialistische partij", "parti de la libert\u00e9 et du progr\u00e8s-partij voor vrijheid en vo", "parti social-chr\u00e9tien", "fdf + rw", "parti communiste de belgique-kommunistische partij van belgi", "others"], "Percent": [0.35164235561298696, 0.26962135218983824, 0.20484328541170876, 0.09246557034966996, 0.07522447708038776, 0.006202959355408372]}, "1987-12": {"Total Votes": 585793.0, "Parties": ["parti socialiste", "parti social-chr\u00e9tien", "parti r\u00e9formateur lib\u00e9ral", "ecolo", "others", "union d\u00e9mocratique pour le respect du travail-respect voor a"], "Percent": [0.4627897567912215, 0.21664308040553576, 0.21256143381706505, 0.05994267599646974, 0.04542560255926582, 0.002637450430442153]}, "1880-6": {"Total Votes": 0, "Parties": [], "Percent": []}, "1974-3": {"Total Votes": 534052.0, "Parties": ["parti socialiste belge-belgische socialistische partij", "parti social-chr\u00e9tien", "fdf + rw + pldp", "parti de la libert\u00e9 et du progr\u00e8s", "parti communiste de belgique-kommunistische partij van belgi", "others"], "Percent": [0.3822193344468329, 0.22865938148345105, 0.1765652033884341, 0.13869810430444976, 0.05323826144270595, 0.020619714934126263]}, "1991-11": {"Total Votes": 579307.0, "Parties": ["parti socialiste", "parti social-chr\u00e9tien", "parti r\u00e9formateur lib\u00e9ral", "ecolo", "others", "front d\u00e9mocratique des bruxellois francophones"], "Percent": [0.42283970330066784, 0.2163930351264528, 0.1829703421501898, 0.12282779251761157, 0.03685783185771965, 0.01811129504735831]}, "1870-8": {"Total Votes": 46669.0, "Parties": ["parti lib\u00e9ral-liberale partij", "union catholique belge"], "Percent": [0.6332040540830103, 0.3667959459169899]}, "1921-11": {"Total Votes": 243484.0, "Parties": ["parti ouvrier belge-belgische werkliedenpartij", "union catholique belge", "parti lib\u00e9ral-liberale partij", "neutres", "others"], "Percent": [0.5097049498118973, 0.27754185079923116, 0.19443577401389822, 0.01446090913571323, 0.003856516239260075]}, "1872-6": {"Total Votes": 0, "Parties": [], "Percent": []}, "1868-6": {"Total Votes": 0, "Parties": [], "Percent": []}, "1958-6": {"Total Votes": 582892.0, "Parties": ["parti socialiste belge-belgische socialistische partij", "parti social-chr\u00e9tien-christelijke volkspartij", "parti lib\u00e9ral-liberale partij", "parti communiste de belgique-kommunistische partij van belgi", "others"], "Percent": [0.47532475998984375, 0.3414354631732808, 0.10822588060910084, 0.05269072143724738, 0.022323174790527235]}, "1892-6": {"Total Votes": 89990.0, "Parties": ["parti lib\u00e9ral-liberale partij", "union catholique belge", "others"], "Percent": [0.6065340593399267, 0.37305256139571064, 0.020413379264362708]}, "1925-4": {"Total Votes": 268737.0, "Parties": ["parti ouvrier belge-belgische werkliedenpartij", "union catholique belge", "parti lib\u00e9ral-liberale partij", "neutres", "parti communiste de belgique-kommunistische partij van belgi"], "Percent": [0.5059035413806063, 0.2531173600955581, 0.13789318180972476, 0.05726044422613931, 0.045825472487971516]}, "1852-6": {"Total Votes": 6232.0, "Parties": ["parti lib\u00e9ral-liberale partij", "union catholique belge"], "Percent": [0.8151476251604621, 0.18485237483953787]}, "1896-7": {"Total Votes": 0, "Parties": [], "Percent": []}, "1859-6": {"Total Votes": 0, "Parties": [], "Percent": []}, "1890-6": {"Total Votes": 19799.0, "Parties": ["parti lib\u00e9ral-liberale partij", "union catholique belge"], "Percent": [0.5172483458760544, 0.4827516541239456]}, "1919-11": {"Total Votes": 222490.0, "Parties": ["parti ouvrier belge-belgische werkliedenpartij", "union catholique belge", "parti lib\u00e9ral-liberale partij", "dissidences de gauche", "neutres"], "Percent": [0.5238797249314576, 0.24749426940536656, 0.18735224055013708, 0.021969526720302036, 0.019304238392736754]}, "1894-10": {"Total Votes": 1579375.0, "Parties": ["cartel lib\u00e9ral-socialiste", "parti lib\u00e9ral-liberale partij", "union catholique belge", "others", "parti ouvrier belge-belgische werkliedenpartij"], "Percent": [0.4263509299564701, 0.24801392956074397, 0.20425231499802138, 0.06891903442817571, 0.05246379105658884]}, "1888-6": {"Total Votes": 0, "Parties": [], "Percent": []}, "1874-6": {"Total Votes": 8544.0, "Parties": ["parti lib\u00e9ral-liberale partij", "union catholique belge"], "Percent": [0.524812734082397, 0.475187265917603]}, "1870-6": {"Total Votes": 22740.0, "Parties": ["parti lib\u00e9ral-liberale partij", "union catholique belge"], "Percent": [0.85, 0.15]}, "1961-3": {"Total Votes": 576057.0, "Parties": ["parti socialiste belge-belgische socialistische partij", "parti social-chr\u00e9tien-christelijke volkspartij", "parti de la libert\u00e9 et du progr\u00e8s-partij voor vrijheid en vo", "parti communiste de belgique-kommunistische partij van belgi", "others"], "Percent": [0.4682175548600226, 0.30568502769691197, 0.11848480271917536, 0.06177513683541733, 0.045837477888472845]}, "1914-5": {"Total Votes": 332894.0, "Parties": ["parti ouvrier belge-belgische werkliedenpartij", "union catholique belge", "parti lib\u00e9ral-liberale partij", "others"], "Percent": [0.4213503397477876, 0.33689102236748036, 0.2339873953871202, 0.007771242497611853]}, "1939-4": {"Total Votes": 287456.0, "Parties": ["parti ouvrier belge-belgische werkliedenpartij", "bloc catholique belge", "parti lib\u00e9ral-liberale partij", "parti communiste de belgique-kommunistische partij van belgi", "rex", "partis pro-allemands", "neutres"], "Percent": [0.3602499165089614, 0.21411972614939329, 0.1880983524435044, 0.12940763108093065, 0.0758237782478014, 0.028032116219525772, 0.0042684793498831124]}, "1882-6": {"Total Votes": 68503.0, "Parties": ["parti lib\u00e9ral-liberale partij", "union catholique belge", "others"], "Percent": [0.6050391953637068, 0.39402653898369416, 0.0009342656525991562]}, "1861-6": {"Total Votes": 0, "Parties": [], "Percent": []}, "1946-2": {"Total Votes": 272407.0, "Parties": ["parti socialiste belge-belgische socialistische partij", "parti social-chr\u00e9tien-christelijke volkspartij", "parti communiste de belgique-kommunistische partij van belgi", "parti lib\u00e9ral-liberale partij", "dissidences catholiques", "others"], "Percent": [0.37539050024412, 0.25480989842404933, 0.21713465513000765, 0.1004746574060138, 0.044290344961766766, 0.007899943834042444]}, "1857-12": {"Total Votes": 27444.0, "Parties": ["parti lib\u00e9ral-liberale partij", "union catholique belge"], "Percent": [0.7593280862847981, 0.24067191371520186]}, "1949-6": {"Total Votes": 581400.0, "Parties": ["parti socialiste belge-belgische socialistische partij", "parti social-chr\u00e9tien-christelijke volkspartij", "parti lib\u00e9ral-liberale partij", "parti communiste de belgique-kommunistische partij van belgi", "others"], "Percent": [0.372640178878569, 0.31863089095287234, 0.15050051599587203, 0.12980564155486757, 0.02842277261781906]}, "1985-10": {"Total Votes": 580419.0,