{"1954-4": {"Total Votes": 131739.0, "Parties": ["parti socialiste belge-belgische socialistische partij", "parti social-chr\u00e9tien-christelijke volkspartij", "parti lib\u00e9ral-liberale partij", "parti communiste de belgique-kommunistische partij van belgi", "others"], "Percent": [0.48567242805850963, 0.34767229142471096, 0.12029087817578697, 0.023189791937087728, 0.02317461040390469]}, "1886-6": {"Total Votes": 0, "Parties": [], "Percent": []}, "1866-6": {"Total Votes": 0, "Parties": [], "Percent": []}, "1876-6": {"Total Votes": 14662.0, "Parties": ["union catholique belge", "parti lib\u00e9ral-liberale partij"], "Percent": [0.544741508661847, 0.45525849133815305]}, "1910-5": {"Total Votes": 87118.0, "Parties": ["cartel lib\u00e9ral-socialiste", "union catholique belge", "others"], "Percent": [0.5210174705571753, 0.46839918271769326, 0.010583346725131431]}, "1968-3": {"Total Votes": 126470.0, "Parties": ["parti socialiste belge-belgische socialistische partij", "parti de la libert\u00e9 et du progr\u00e8s-partij voor vrijheid en vo", "parti social-chr\u00e9tien", "fdf + rw", "parti communiste de belgique-kommunistische partij van belgi", "others"], "Percent": [0.31213726575472445, 0.28179014786115286, 0.21285680398513482, 0.16322448011386098, 0.028718273108247015, 0.0012730291768798924]}, "1987-12": {"Total Votes": 162716.0, "Parties": ["parti socialiste", "parti social-chr\u00e9tien", "parti r\u00e9formateur lib\u00e9ral", "ecolo", "others", "union d\u00e9mocratique pour le respect du travail-respect voor a"], "Percent": [0.4444615157698075, 0.2214226013422159, 0.21150347845325598, 0.08650655129182133, 0.028067307455935494, 0.008038545686963789]}, "1880-6": {"Total Votes": 12427.0, "Parties": ["union catholique belge", "parti lib\u00e9ral-liberale partij"], "Percent": [0.5526675786593708, 0.4473324213406293]}, "1974-3": {"Total Votes": 131062.0, "Parties": ["parti socialiste belge-belgische socialistische partij", "parti social-chr\u00e9tien", "fdf + rw + pldp", "parti de la libert\u00e9 et du progr\u00e8s", "others"], "Percent": [0.3763257084433322, 0.22509194121865986, 0.22425264378691, 0.1532633410141765, 0.021066365536921455]}, "1991-11": {"Total Votes": 165441.0, "Parties": ["parti socialiste", "parti social-chr\u00e9tien", "parti r\u00e9formateur lib\u00e9ral", "ecolo", "others"], "Percent": [0.39730175712187427, 0.2324272701446437, 0.16660924438319402, 0.1526646961756759, 0.0509970321746121]}, "1870-8": {"Total Votes": 1680.0, "Parties": ["parti lib\u00e9ral-liberale partij", "union catholique belge"], "Percent": [0.6857142857142857, 0.3142857142857143]}, "1921-11": {"Total Votes": 57452.0, "Parties": ["union catholique belge", "parti ouvrier belge-belgische werkliedenpartij", "parti lib\u00e9ral-liberale partij", "dissidences de gauche"], "Percent": [0.4118046369142937, 0.34153728329736127, 0.178479426303697, 0.06817865348464805]}, "1872-6": {"Total Votes": 9096.0, "Parties": ["union catholique belge", "parti lib\u00e9ral-liberale partij"], "Percent": [0.7737467018469657, 0.2262532981530343]}, "1868-6": {"Total Votes": 0, "Parties": [], "Percent": []}, "1958-6": {"Total Votes": 131668.0, "Parties": ["parti socialiste belge-belgische socialistische partij", "parti social-chr\u00e9tien-christelijke volkspartij", "parti lib\u00e9ral-liberale partij", "others"], "Percent": [0.4766685906978157, 0.41889449220767383, 0.0994091199076465, 0.00502779718686393]}, "1892-6": {"Total Votes": 10822.0, "Parties": ["union catholique belge", "parti lib\u00e9ral-liberale partij"], "Percent": [0.735908334873406, 0.264091665126594]}, "1925-4": {"Total Votes": 60039.0, "Parties": ["parti ouvrier belge-belgische werkliedenpartij", "union catholique belge", "dissidences catholiques", "parti lib\u00e9ral-liberale partij", "parti communiste de belgique-kommunistische partij van belgi"], "Percent": [0.45873515548226984, 0.2565665650660404, 0.14299038958010626, 0.13457919019304118, 0.007128699678542281]}, "1852-6": {"Total Votes": 0, "Parties": [], "Percent": []}, "1896-7": {"Total Votes": 318792.0, "Parties": ["cartel lib\u00e9ral-socialiste", "union catholique belge", "parti lib\u00e9ral-liberale partij"], "Percent": [0.48346570804788075, 0.47613490928254154, 0.040399382669577655]}, "1859-6": {"Total Votes": 0, "Parties": [], "Percent": []}, "1890-6": {"Total Votes": 0, "Parties": [], "Percent": []}, "1919-11": {"Total Votes": 52558.0, "Parties": ["parti ouvrier belge-belgische werkliedenpartij", "union catholique belge", "parti lib\u00e9ral-liberale partij", "neutres"], "Percent": [0.4844742950645002, 0.3612770653373416, 0.1479318086685186, 0.006316830929639636]}, "1894-10": {"Total Votes": 299677.0, "Parties": ["union catholique belge", "cartel lib\u00e9ral-socialiste", "parti lib\u00e9ral-liberale partij", "parti ouvrier belge-belgische werkliedenpartij"], "Percent": [0.462941767302796, 0.4393263413608652, 0.09155857806905435, 0.0061733132672844426]}, "1888-6": {"Total Votes": 16525.0, "Parties": ["union catholique belge", "parti lib\u00e9ral-liberale partij"], "Percent": [0.5288350983358547, 0.4711649016641452]}, "1874-6": {"Total Votes": 0, "Parties": [], "Percent": []}, "1870-6": {"Total Votes": 0, "Parties": [], "Percent": []}, "1961-3": {"Total Votes": 129423.0, "Parties": ["parti socialiste belge-belgische socialistische partij", "parti social-chr\u00e9tien-christelijke volkspartij", "parti de la libert\u00e9 et du progr\u00e8s-partij voor vrijheid en vo", "parti communiste de belgique-kommunistische partij van belgi", "others"], "Percent": [0.4669571868987738, 0.3664495491527781, 0.11012725713358522, 0.02865796651290729, 0.027808040301955602]}, "1914-5": {"Total Votes": 0, "Parties": [], "Percent": []}, "1939-4": {"Total Votes": 61955.0, "Parties": ["parti ouvrier belge-belgische werkliedenpartij", "bloc catholique belge", "parti lib\u00e9ral-liberale partij", "parti communiste de belgique-kommunistische partij van belgi", "rex"], "Percent": [0.3423291098377855, 0.32221773868130094, 0.2190138003389557, 0.061141150835283674, 0.0552982003066742]}, "1882-6": {"Total Votes": 0, "Parties": [], "Percent": []}, "1861-6": {"Total Votes": 0, "Parties": [], "Percent": []}, "1946-2": {"Total Votes": 62693.0, "Parties": ["parti socialiste belge-belgische socialistische partij", "parti social-chr\u00e9tien-christelijke volkspartij", "parti communiste de belgique-kommunistische partij van belgi", "parti lib\u00e9ral-liberale partij", "dissidences catholiques"], "Percent": [0.3770915413204026, 0.3462587529708261, 0.15981050516006573, 0.08586285550220918, 0.03097634504649642]}, "1857-12": {"Total Votes": 7371.0, "Parties": ["parti lib\u00e9ral-liberale partij", "union catholique belge"], "Percent": [0.5071225071225072, 0.4928774928774929]}, "1949-6": {"Total Votes": 130681.0, "Parties": ["parti social-chr\u00e9tien-christelijke volkspartij", "parti socialiste belge-belgische socialistische partij", "parti lib\u00e9ral-liberale partij", "parti communiste de belgique-kommunistische partij van belgi", "others"], "Percent": [0.3898118318653821, 0.38432518881857347, 0.11199791859566426, 0.08382243784482825, 0.030042622875551917]}, "1985-10": {"Total Votes": 158140.0, "Parties": ["parti socialiste", "parti r\u00e9formateur lib\u00e9ral", "parti social-chr\u00e9tien", "ecolo", "others", "union d\u00e9mocratique pour le respect du travail-respect voor a"], "Percent": [0.3854685721512584, 0.2344378398887062, 0.23103579107120273, 0.07973947135449602, 0.04678133299607942, 0.02253699253825724]}, "1847-6": {"Total Votes": 0, "Parties": [], "Percent": []}, "1995-5": {"Total Votes": 260585.0, "Parties": ["parti socialiste", "prl + fdf", "parti social-chr\u00e9tien", "ecolo", "front national", "others"], "Percent": [0.31413550281098296, 0.2556632192950477, 0.22967553773240976, 0.11406258994186158, 0.06926722566532993, 0.017195924554368056]}, "1864-8": {"Total Votes": 10907.0, "Parties": ["union catholique belge", "parti lib\u00e9ral-liberale partij"],