{"2011-11": {"Total Votes": 129667.0, "Parties": ["new zealand national party", "new zealand labour party", "green party of aotearoa new zealand", "conservative party of new zealand", "new zealand first party", "act new zealand", "m?ori party", "united future new zealand", "mana party", "aotearoa legalise cannabis party", "independent", "libertarianz", "alliance", "new zealand democratic party for social credit"], "Percent": [0.43826879622417425, 0.34654152560019125, 0.1346448980850949, 0.02896650651283673, 0.026267284659936604, 0.011683774591839094, 0.003879167405739317, 0.0038251829686813143, 0.002082256857951522, 0.0019434397340880871, 0.0011722334904023383, 0.00033933074722172947, 0.00024678599797943966, 0.00013881712386343482]}, "1984-0": {"Total Votes": 61750.0, "Parties": ["labour", "national", "new zealand party", "social credit"], "Percent": [0.4170040485829959, 0.39643724696356275, 0.10706072874493927, 0.07949797570850202]}, "1972-0": {"Total Votes": 62930.0, "Parties": ["labour", "national", "social credit", "values", "new democrat", "liberal reform", "family man's party", "union movement optional"], "Percent": [0.5428889242014938, 0.39137136500873987, 0.04786270459240426, 0.006658191641506436, 0.00646750357540124, 0.003082790402034006, 0.0008898776418242492, 0.000778642936596218]}, "1960-0": {"Total Votes": 28124.0, "Parties": ["national", "labour", "social credit", "communist"], "Percent": [0.490435215474328, 0.4346110083914094, 0.0709002986772863, 0.004053477456976248]}, "1966-0": {"Total Votes": 44380.0, "Parties": ["national", "labour", "social credit"], "Percent": [0.4733213159080667, 0.39400630914826495, 0.13267237494366832]}, "1978-0": {"Total Votes": 90056.0, "Parties": ["labour", "national", "social credit", "values", "socialist unity"], "Percent": [0.4263791418672826, 0.4049036155281159, 0.1485520120813716, 0.019909833881140624, 0.0002553966420893666]}, "1987-0": {"Total Votes": 57524.0, "Parties": ["national", "labour", "democratic", "new zealand party", "wizard"], "Percent": [0.4824594951672345, 0.45805229121757873, 0.04950976983519922, 0.006884083165287532, 0.0030943606146999515]}, "2005-9": {"Total Votes": 278134.0, "Parties": ["new zealand labour party", "new zealand national party", "united future new zealand", "green party of aotearoa new zealand", "new zealand first party", "act new zealand", "jim anderton's progressive party", "m?ori party", "destiny new zealand", "aotearoa legalise cannabis party", "alliance", "new zealand democratic party for social credit", "libertarianz", "direct democracy party of new zealand", "christian heritage party of new zealand", "99 mp party", "new zealand family rights protection party", "republic of new zealand party", "one new zealand party"], "Percent": [0.42315934046179177, 0.3629976917600869, 0.08746503483932205, 0.06217506669447101, 0.027292599969798728, 0.014985582489016087, 0.008337707723615237, 0.006245191166847635, 0.0027612589615077627, 0.00118288307075007, 0.0007730086936512617, 0.0007730086936512616, 0.000521331444555502, 0.00047099599473635013, 0.0004242559341899948, 0.0001689832958214386, 0.00011145706745669352, 8.988473181991414e-05, 6.471700691033818e-05]}, "1999-11": {"Total Votes": 257051.0, "Parties": ["new zealand labour party", "new zealand national party", "united new zealand", "act new zealand", "alliance", "green party of aotearoa new zealand", "new zealand first party", "christian heritage party of new zealand", "future new zealand", "aotearoa legalise cannabis party", "south island party", "mcgillicuddy serious party", "no more parties/no more politics/new millennium partnership", "libertarianz", "asia pacific united party", "animals first", "natural law party", "mauri pacific", "independent", "one new zealand party", "mana m?ori movement", "mana wahine te ira tangata", "freedom movement", "people's choice party", "new zealand republican party"], "Percent": [0.38872052627688675, 0.290063061415828, 0.08509595372124597, 0.060917872328837476, 0.05321123045621297, 0.05063197575578387, 0.020443413952873166, 0.02019054584498796, 0.0097023547856262, 0.007768886329950088, 0.0037930216182780847, 0.0027659880724058648, 0.001443293354237097, 0.0012643405394260284, 0.0011048391175292062, 0.0007586043236556169, 0.0007352626521585211, 0.00042404036553057563, 0.00031122228662794544, 0.00022952643638810975, 0.00013615975039972612, 0.00013226947181687682, 7.780557165698636e-05, 4.27930644113425e-05, 3.501250724564386e-05]}, "2008-11": {"Total Votes": 208938.0, "Parties": ["new zealand national party", "new zealand labour party", "green party of aotearoa new zealand", "act new zealand", "new zealand first party", "united future new zealand", "independent", "kiwi party", "jim anderton's progressive party", "m?ori party", "bill and ben party", "new zealand pacific party", "aotearoa legalise cannabis party", "family party", "libertarianz", "alliance", "workers party", "new zealand democratic party for social credit", "republic of new zealand party", "residents action movement"], "Percent": [0.47139821382419667, 0.3564215221740421, 0.07643415750126831, 0.041509921603537885, 0.016569508658070817, 0.008892590146359208, 0.005925202691707588, 0.005523169552690272, 0.005015842020120801, 0.0037044482095166986, 0.002321262766945218, 0.0017469297112061952, 0.0016224908824627401, 0.0013401104633910539, 0.0007514190812585552, 0.0003110970718586375, 0.00024887765748691, 0.00013879715513693058, 7.657774076520308e-05, 4.786108797825192e-05]}, "1963-0": {"Total Votes": 51319.0, "Parties": ["national", "labour", "social credit", "communist"], "Percent": [0.5465227303727664, 0.4094779711218067, 0.04156355345973226, 0.002435745045694577]}, "2002-7": {"Total Votes": 249521.0, "Parties": ["new zealand labour party", "new zealand national party", "united future new zealand", "green party of aotearoa new zealand", "act new zealand", "new zealand first party", "jim anderton's progressive party", "alliance", "christian heritage party of new zealand", "outdoor recreation new zealand", "aotearoa legalise cannabis party", "independent", "one new zealand party", "mana m?ori movement", "no more parties/no more politics/new millennium partnership"], "Percent": [0.41982839119753457, 0.242188032269829, 0.13096693264294387, 0.06549749319696538, 0.05460061477791448, 0.036842590403212555, 0.012896710096544979, 0.01218334328573547, 0.01064038698145647, 0.008548378693576893, 0.004103863001510895, 0.00118226522016183, 0.00027652983115649586, 0.0001963762569082362, 4.80921445489558e-05]}, "1946-0": {"Total Votes": 26533.0, "Parties": ["national", "labour"], "Percent": [0.5506727471450646, 0.44932725285493536]}, "1957-0": {"Total Votes": 27763.0, "Parties": ["labour", "national", "social credit"], "Percent": [0.480315527860822, 0.456758995785758, 0.06292547635342002]}, "1975-0": {"Total Votes": 74759.0, "Parties": ["national", "labour", "social credit", "values", "socialist unity", "democratic independent"], "Percent": [0.4645193220883105, 0.44330448507871967, 0.05002742144758491, 0.041506708222421376, 0.0003477842132719806, 0.0002942789496916759]}, "1981-0": {"Total Votes": 94850.0, "Parties": ["labour", "national", "social credit", "socialist unity"], "Percent": [0.40459673168160254, 0.3941381128096995, 0.20069583552978384, 0.0005693199789140749]}, "1954-0": {"Total Votes": 30091.0, "Parties": ["national", "labour", "social credit", "independent"], "Percent": [0.4403642285068625, 0.43145791100329, 0.11674587085839619, 0.011431989631451265]}, "1949-0": {"Total Votes": 28719.0, "Parties": ["national", "labour"], "Percent": [0.5902016086911104, 0.40979839130888956]}, "1969-0": {"Total Votes": 47324.0, "Parties": ["national", "labour", "social credit", "country party", "democratic labour"], "Percent": [0.4632110557011242, 0.4138492097033218, 0.10368945989350012, 0.016756825289493703, 0.002493449412560223]}, "1951-0": {"Total Votes": 30124.0, "Parties": ["national", "labour"],