{"2011-11": {"Total Votes": 56764.0, "Parties": ["new zealand labour party", "new zealand national party", "green party of aotearoa new zealand", "new zealand first party", "conservative party of new zealand", "aotearoa legalise cannabis party", "united future new zealand", "act new zealand", "m?ori party", "mana party", "alliance", "new zealand democratic party for social credit", "libertarianz"], "Percent": [0.4344126559086745, 0.4135895990416461, 0.08290465788175605, 0.03172785568317948, 0.020065534493693186, 0.007029102952575576, 0.0047213022338101615, 0.001779296737368755, 0.0014798111479106476, 0.0011098583609329858, 0.0004932703826368825, 0.00038756958635755056, 0.00029948558945810727]}, "1984-0": {"Total Votes": 43517.0, "Parties": ["labour", "national", "new zealand party", "social credit", "values", "citizens democratic union", "equal rights"], "Percent": [0.4849369212032079, 0.374083691430935, 0.08589746535836569, 0.049360020221982215, 0.0022749729990578396, 0.0017464439184686445, 0.0017004848679826275]}, "1972-0": {"Total Votes": 32531.0, "Parties": ["labour", "national", "social credit", "new democrat", "values"], "Percent": [0.48544465279272075, 0.4170790937874643, 0.08493437029295134, 0.007131659032922443, 0.005410224093941164]}, "1960-0": {"Total Votes": 0, "Parties": [], "Percent": []}, "1966-0": {"Total Votes": 0, "Parties": [], "Percent": []}, "1978-0": {"Total Votes": 56455.0, "Parties": ["labour", "national", "social credit", "values", "potty"], "Percent": [0.4507483836684085, 0.4191125675316624, 0.11017624656806305, 0.019254273315029668, 0.0007085289168364184]}, "1987-0": {"Total Votes": 41678.0, "Parties": ["labour", "national", "democratic", "independent", "values", "wizard", "equal rights"], "Percent": [0.5265607754690724, 0.44128796967224915, 0.023873506406257496, 0.0025193147463889822, 0.002375353903738183, 0.002327366956187917, 0.0010557128461058593]}, "2005-9": {"Total Votes": 70120.0, "Parties": ["new zealand labour party", "new zealand national party", "green party of aotearoa new zealand", "united future new zealand", "jim anderton's progressive party", "new zealand first party", "act new zealand", "aotearoa legalise cannabis party", "alliance", "destiny new zealand", "m?ori party", "direct democracy party of new zealand", "christian heritage party of new zealand", "anti-capitalist alliance", "new zealand democratic party for social credit", "libertarianz", "new zealand family rights protection party", "republic of new zealand party", "99 mp party", "one new zealand party"], "Percent": [0.5684826012549915, 0.26878208784940105, 0.05199657729606389, 0.03395607529948659, 0.02641186537364518, 0.024158585282373076, 0.009669138619509413, 0.005704506560182544, 0.0037792355961209353, 0.0024244152880775814, 0.001383342840844267, 0.0010838562464346834, 0.0007701083856246435, 0.0006132344552196235, 0.00025670279520821447, 0.00018539646320593267, 9.982886480319452e-05, 8.556759840273816e-05, 8.556759840273816e-05, 7.13063320022818e-05]}, "1999-11": {"Total Votes": 64180.0, "Parties": ["new zealand labour party", "new zealand national party", "alliance", "green party of aotearoa new zealand", "act new zealand", "christian heritage party of new zealand", "new zealand first party", "aotearoa legalise cannabis party", "future new zealand", "united new zealand", "natural law party", "libertarianz", "south island party", "animals first", "mcgillicuddy serious party", "one new zealand party", "mana m?ori movement", "mauri pacific", "people's choice party", "new zealand republican party", "freedom movement", "no more parties/no more politics/new millennium partnership"], "Percent": [0.5179339358055469, 0.23077282642567779, 0.09024618261140542, 0.044624493611717046, 0.027952633219071363, 0.02391710813337488, 0.019429728887503897, 0.01771579931442817, 0.017528825179183548, 0.002228108444998442, 0.0021502025553131817, 0.0020411343097538172, 0.001137425989404799, 0.0011062636335306948, 0.0005609224057338735, 0.00028046120286693676, 0.00017139295730757246, 7.79058896852602e-05, 6.232471174820816e-05, 3.116235587410408e-05, 1.558117793705204e-05, 1.558117793705204e-05]}, "2008-11": {"Total Votes": 68380.0, "Parties": ["new zealand labour party", "new zealand national party", "green party of aotearoa new zealand", "new zealand first party", "jim anderton's progressive party", "act new zealand", "kiwi party", "aotearoa legalise cannabis party", "united future new zealand", "bill and ben party", "alliance", "m?ori party", "workers party", "independent", "family party", "new zealand democratic party for social credit", "new zealand pacific party", "libertarianz", "residents action movement", "republic of new zealand party"], "Percent": [0.4906990348054987, 0.35818952910207663, 0.06335185726820708, 0.01977186311787072, 0.018587306229891784, 0.009710441649605148, 0.009461830944720678, 0.0078093009651945015, 0.0077508043287510976, 0.0030710734132787364, 0.0026469727990640537, 0.002573852003509798, 0.0016964024568587306, 0.0016671541386370284, 0.0009944428195378765, 0.0009359461830944721, 0.0007897045919859608, 0.00020473822755191578, 7.312079555425563e-05, 1.4624159110851126e-05]}, "1963-0": {"Total Votes": 0, "Parties": [], "Percent": []}, "2002-7": {"Total Votes": 62423.0, "Parties": ["new zealand labour party", "new zealand national party", "united future new zealand", "green party of aotearoa new zealand", "new zealand first party", "act new zealand", "jim anderton's progressive party", "christian heritage party of new zealand", "alliance", "aotearoa legalise cannabis party", "outdoor recreation new zealand", "anti-capitalist alliance", "one new zealand party", "mana m?ori movement", "no more parties/no more politics/new millennium partnership"], "Percent": [0.5755250468577287, 0.14879131089502268, 0.06289348477324064, 0.05807154414238341, 0.04056197234993512, 0.032888518654982934, 0.03211957131185621, 0.01630809156881278, 0.012511414062124537, 0.011758486455312946, 0.006888486615510309, 0.00126555916889608, 0.00024029604472710378, 0.000128157890521122, 4.805920894542076e-05]}, "1946-0": {"Total Votes": 26253.0, "Parties": ["national", "labour", "independent progressive liberal", "independent liberal"], "Percent": [0.5091608578067268, 0.4830305107987658, 0.005789814497390774, 0.00201881689711652]}, "1957-0": {"Total Votes": 0, "Parties": [], "Percent": []}, "1975-0": {"Total Votes": 37215.0, "Parties": ["national", "labour", "social credit", "values", "independent"], "Percent": [0.466962246406019, 0.42216848045143085, 0.07343812978637645, 0.031035872632003223, 0.0063952707241703615]}, "1981-0": {"Total Votes": 58812.0, "Parties": ["labour", "national", "social credit", "values", "independent", "citizens democratic union"], "Percent": [0.4237570563830511, 0.4032850438685982, 0.16790790995035026, 0.001989389920424403, 0.0016833299326668026, 0.0013772699449092023]}, "1954-0": {"Total Votes": 12915.0, "Parties": ["national", "labour", "social credit"], "Percent": [0.50801393728223, 0.40286488579171503, 0.08912117692605498]}, "1949-0": {"Total Votes": 25546.0, "Parties": ["national", "labour", "independent"], "Percent": [0.5471306662491193, 0.4491896970171455, 0.0036796367337352228]}, "1969-0": {"Total Votes": 15618.0, "Parties": ["national", "labour", "social credit", "democratic labour"], "Percent": [0.450313740555769, 0.41849148418491483, 0.12639262389550518, 0.004802151363810988]}, "1951-0": {"Total Votes": 25071.0, "Parties": ["national", "labour"], "Percent": [0.5700610266842168, 0.4299389733157831]}}