{"2011-11": {"Total Votes": 230810.0, "Parties": ["new zealand national party", "new zealand labour party", "green party of aotearoa new zealand", "m?ori party", "new zealand first party", "conservative party of new zealand", "mana party", "act new zealand", "united future new zealand", "aotearoa legalise cannabis party", "nga iwi morehu movement", "pirate party of new zealand", "new zealand sovereignty party", "new zealand democratic party for social credit", "libertarianz", "alliance"], "Percent": [0.4781508600147307, 0.26586369741345695, 0.09561544127204193, 0.05646202504224254, 0.047095013214332127, 0.022945279667258785, 0.017291278540791127, 0.006537844980720073, 0.0046358476669121785, 0.002560547636584203, 0.0007711970885143624, 0.0005935618040812789, 0.0005112430137342403, 0.00045925219877821584, 0.00032927516138815476, 0.00017763528443308347]}, "1984-0": {"Total Votes": 77007.0, "Parties": ["labour", "national", "new zealand party", "social credit", "values", "independent", "mcgillicuddy serious", "apolitical"], "Percent": [0.3985351980988741, 0.3633176204760606, 0.1587388159517966, 0.07340891087823186, 0.0041814380510862646, 0.0011557390886542782, 0.0004155466386172686, 0.0002467308166790032]}, "1972-0": {"Total Votes": 63040.0, "Parties": ["labour", "national", "social credit", "values", "liberal reform", "new democrat", "independent national", "independent"], "Percent": [0.4454473350253807, 0.44468591370558375, 0.06334073604060914, 0.021589467005076142, 0.009755710659898477, 0.009232233502538071, 0.004933375634517767, 0.0010152284263959391]}, "1960-0": {"Total Votes": 58525.0, "Parties": ["national", "labour", "social credit", "communist"], "Percent": [0.5016488680051261, 0.40702263989747967, 0.08914139256727895, 0.0021870995301153354]}, "1966-0": {"Total Votes": 56937.0, "Parties": ["national", "labour", "social credit", "democracy's united independent", "communist"], "Percent": [0.4658657814777737, 0.36343678100356536, 0.16520013348086482, 0.0030560092734074505, 0.0024412947643887104]}, "1978-0": {"Total Votes": 70613.0, "Parties": ["national", "labour", "social credit", "independent labour island bay", "values", "no confidence", "christian realist", "socialist action", "tory", "independent national", "independent national country"], "Percent": [0.4063274467874187, 0.3194312661974424, 0.19081472250152237, 0.05143528811975132, 0.02944217070511096, 0.0009205103876056816, 0.0005381445342925523, 0.00046733604293826915, 0.0002973956636879895, 0.0001699403792502797, 0.00015577868097942305]}, "1987-0": {"Total Votes": 73926.0, "Parties": ["labour", "national", "democratic", "mcgillicuddy serious", "alternative national", "independent", "mana motuhake", "new zealand party", "independent british conservative"], "Percent": [0.49874198522847174, 0.43873603333062794, 0.034818602386169954, 0.006479452425398371, 0.00581662743824906, 0.005586667748829911, 0.005519032546059573, 0.002827151475800124, 0.0014744474203933664]}, "2005-9": {"Total Votes": 208279.0, "Parties": ["new zealand national party", "new zealand labour party", "new zealand first party", "green party of aotearoa new zealand", "united future new zealand", "act new zealand", "jim anderton's progressive party", "destiny new zealand", "m?ori party", "aotearoa legalise cannabis party", "independent", "alliance", "christian heritage party of new zealand", "libertarianz", "anti-capitalist alliance", "new zealand democratic party for social credit", "99 mp party", "one new zealand party", "republic of new zealand party", "new zealand family rights protection party", "direct democracy party of new zealand"], "Percent": [0.4690583304125716, 0.35782772146975933, 0.04692263742384013, 0.04658174852001402, 0.037872277089865035, 0.01726050153880132, 0.009588100576630386, 0.005603061278381402, 0.005228563609389328, 0.0008354178769823169, 0.0007922066074832316, 0.000724989077151321, 0.00041290768632459347, 0.0003841001733252032, 0.00028327387782733736, 0.00018724883449603656, 0.00011042879983099593, 9.122379116473577e-05, 9.122379116473575e-05, 7.682003466504064e-05, 6.721753033191057e-05]}, "1999-11": {"Total Votes": 191868.0, "Parties": ["new zealand national party", "new zealand labour party", "alliance", "act new zealand", "new zealand first party", "green party of aotearoa new zealand", "christian heritage party of new zealand", "future new zealand", "independent", "aotearoa legalise cannabis party", "new zealand equal rights party", "united new zealand", "mcgillicuddy serious party", "libertarianz", "natural law party", "mauri pacific", "animals first", "mana m?ori movement", "one new zealand party", "south island party", "people's choice party", "no more parties/no more politics/new millennium partnership", "new zealand republican party", "freedom movement"], "Percent": [0.3891321116600997, 0.3598150812016595, 0.05455313027706548, 0.052056622261137865, 0.03876102320345237, 0.038656784872933475, 0.02273959180269769, 0.01317572497758876, 0.009996455896762357, 0.004487460128838577, 0.00426855963474889, 0.002892613671899431, 0.002767527675276753, 0.0017303562866137138, 0.0016678132883023748, 0.0012091646340192214, 0.0008182708945733525, 0.0003648341568161444, 0.0003596222402901995, 0.0003231388246085851, 8.339066441511873e-05, 7.296683136322889e-05, 3.648341568161445e-05, 3.127149915566953e-05]}, "2008-11": {"Total Votes": 206573.0, "Parties": ["new zealand national party", "new zealand labour party", "green party of aotearoa new zealand", "new zealand first party", "act new zealand", "united future new zealand", "jim anderton's progressive party", "kiwi party", "m?ori party", "bill and ben party", "aotearoa legalise cannabis party", "family party", "residents action movement", "libertarianz", "alliance", "new zealand democratic party for social credit", "republic of new zealand party", "new zealand pacific party", "workers party"], "Percent": [0.5369094702599082, 0.3032487304730047, 0.07106930721827151, 0.024001200544117578, 0.023638132766624874, 0.010233670421594303, 0.00855871774142797, 0.007304923683153171, 0.005392766721691606, 0.0030400875235388944, 0.001907316057761663, 0.0016652708727665283, 0.0008374763400831667, 0.000672885614286475, 0.0004114768144917293, 0.00040663591079182664, 0.00030981783679377267, 0.0002226815701955241, 0.00016943162949659442]}, "1963-0": {"Total Votes": 58671.0, "Parties": ["national", "labour", "social credit", "liberal", "communist"], "Percent": [0.5134563924255595, 0.39310732729968806, 0.08341429326242948, 0.007226738934056007, 0.002795248078266946]}, "2002-7": {"Total Votes": 187487.0, "Parties": ["new zealand labour party", "new zealand national party", "new zealand first party", "united future new zealand", "act new zealand", "green party of aotearoa new zealand", "christian heritage party of new zealand", "jim anderton's progressive party", "alliance", "outdoor recreation new zealand", "new zealand equal rights party", "aotearoa legalise cannabis party", "independent", "mana m?ori movement", "one new zealand party", "no more parties/no more politics/new millennium partnership"], "Percent": [0.3871735106967416, 0.3107362110439657, 0.08014955703595449, 0.06320438217049715, 0.054371769776037804, 0.05407841610351651, 0.013179580450911263, 0.01144612693146725, 0.01021404150687781, 0.007019153327964072, 0.004298964728221157, 0.002336161973896857, 0.001237419127726189, 0.00026668515683754074, 0.00026668515683754074, 2.133481254700326e-05]}, "1946-0": {"Total Votes": 38916.0, "Parties": ["labour", "national", "communist"], "Percent": [0.6243961352657005, 0.36188200226128064, 0.01372186247301881]}, "1957-0": {"Total Votes": 59352.0, "Parties": ["labour", "national", "social credit", "communist"], "Percent": [0.47892236150424583, 0.44630341016309477, 0.0730051219840949, 0.0017691063485644966]}, "1975-0": {"Total Votes": 75811.0,