{"2007-5": {"Total Votes": 4789.0, "Parties": ["seychelles people's progressive front", "seychelles national party\u00ca"], "Percent": [0.8032992273961161, 0.1967007726038839]}}