{"2007-5": {"Total Votes": 8688.0, "Parties": ["seychelles national party\u00ca", "seychelles people's progressive front"], "Percent": [0.5658379373848987, 0.43416206261510126]}}