{"2009-4": {"Total Votes": 17680729.0, "Parties": ["african national congress", "democratic alliance", "congress of the people", "inthaka freedom party", "independent democrats", "united democratic movement", "freedom front plus", "african christian democratic party", "united christian democratic party", "pan africanist congress of azania", "minority front", "azanian people's organization", "african people's convention", "movement democratic party", "al jama-ah", "christian democratic alliance", "national democratic convention", "new vision party", "united independent front", "great kongress of south africa", "south african democratic congress", "keep it straight and simple", "pan africanist movement", "alliance of free democrats", "women forward", "a party"], "Percent": [0.658951788696043, 0.16661241739523297, 0.07415005342822685, 0.04548794339871394, 0.009214269389005398, 0.008465714281351183, 0.00830259883514984, 0.008068558711578012, 0.0037377418091754018, 0.0027447963259885945, 0.002458835266351291, 0.002163089542292063, 0.002028592825556005, 0.0016824532517861679, 0.0014675299870271186, 0.0006582307777015301, 0.0006125313045632903, 0.0005257701761052952, 0.000501789264458496, 0.0004677974533742359, 0.0003413320796897006, 0.0003076796211287442, 0.0003068877985743688, 0.0002928612276111466, 0.0002877143810077062, 0.00016102277230763508]}}