{"1998-5": {"Total Votes": 3935.0, "Parties": ["Asociacion Nacional Republicana", "Alianza Democratica"], "Percent": [0.5174078780177891, 0.4825921219822109]}, "2003-4": {"Total Votes": 4071.0, "Parties": ["Asociacion Nacional Republicana", "Partido Encuentro Nacional", "Partido Liberal Radical Autentico", "Partido Union Nacional de Ciudadanos Eticos", "Partido Patria Querida", "Partido Patria Libre"], "Percent": [0.5887988209285188, 0.23409481699828052, 0.10587079341685089, 0.035863424220093344, 0.0253009088676001, 0.010071235568656349]}, "2008-4": {"Total Votes": 4905.0, "Parties": ["Asociacion Nacional Republicana", "Alianza Patriotica Caazape\u00f1a", "Partido Union Nacional de Ciudadanos Eticos", "Partido Patria Querida", "Partido del Movimiento Al Socialismo", "Movimiento Alianza Revolucionaria Nacional", "Movimiento Esperanza de Renovacion Social"], "Percent": [0.5480122324159021, 0.3953109072375127, 0.0273190621814475, 0.017737003058103974, 0.009378185524974516, 0.0014271151885830785, 0.0008154943934760449]}}