{"1998-5": {"Total Votes": 92775.0, "Parties": ["Asociacion Nacional Republicana", "Alianza Democratica", "Partido Revolucionario Febrerista"], "Percent": [0.5250336836432229, 0.46909188897871196, 0.005874427378065212]}, "2003-4": {"Total Votes": 81754.0, "Parties": ["Asociacion Nacional Republicana", "Partido Liberal Radical Autentico", "Partido Union Nacional de Ciudadanos Eticos", "Partido Patria Querida", "Partido Patria Libre", "Movimiento Fuerza Ciudadana", "Partido Encuentro Nacional", "Partido Frente Amplio", "Partido Independiente en Acci\u00f3n"], "Percent": [0.3847640482422878, 0.3765931942167967, 0.12043447415416983, 0.0918120214301441, 0.013944271839909974, 0.006091445066908042, 0.004195513369376422, 0.001467818088411576, 0.0006972135919954987]}, "2008-4": {"Total Votes": 96318.0, "Parties": ["Partido Liberal Radical Autentico", "Asociacion Nacional Republicana", "Partido Union Nacional de Ciudadanos Eticos", "Movimiento Popular Tekojoja", "Partido Patria Querida", "Alianza Cordillerana", "Movimiento Alianza Revolucionaria Nacional", "Partido Humanista Paraguayo", "Partido Encuentro Nacional", "Partido del Movimiento Al Socialismo", "Movimiento Esperanza de Renovacion Social", "Partido Blanco"], "Percent": [0.35368259307709876, 0.3463319421084325, 0.22150584522103864, 0.03437571378143234, 0.013870719906974813, 0.009821632508980669, 0.004640877094624058, 0.004609730268485641, 0.004381320210137253, 0.0027513029755601237, 0.0026474802217654023, 0.0013808426254697979]}}