{"1998-5": {"Total Votes": 36956.0, "Parties": ["Asociacion Nacional Republicana", "Alianza Democratica"], "Percent": [0.5816917415304687, 0.41830825846953135]}, "2003-4": {"Total Votes": 36442.0, "Parties": ["Asociacion Nacional Republicana", "Partido Liberal Radical Autentico", "Partido Union Nacional de Ciudadanos Eticos", "Partido Patria Querida", "Partido Patria Libre", "Partido Encuentro Nacional", "Partido Pais Solidario", "Partido Revolucionario Febrerista"], "Percent": [0.4215191262828604, 0.2750946709840294, 0.16596235113330773, 0.11689808462762746, 0.006448603259974754, 0.006119312880742001, 0.005488172987212557, 0.002469677844245651]}, "2008-4": {"Total Votes": 41691.0, "Parties": ["Asociacion Nacional Republicana", "Partido Liberal Radical Autentico", "Partido Union Nacional de Ciudadanos Eticos", "Partido Patria Querida", "Movimiento Popular Tekojoja", "Alianza Democratica Tricolor", "Movimiento Resistencia Ciudadana Nacional", "Partido Encuentro Nacional", "Partido de la Unidad Popular", "Partido del Movimiento Al Socialismo", "Movimiento Esperanza de Renovacion Social"], "Percent": [0.42117003669856806, 0.37089539708810054, 0.11201458348324578, 0.02508934782087261, 0.018445227986855675, 0.016694250557674317, 0.015039217097215226, 0.008107265357031494, 0.006068456021683337, 0.003909716725432348, 0.0025665011633206206]}}