{"1998-5": {"Total Votes": 79237.0, "Parties": ["Asociacion Nacional Republicana", "Alianza Democratica"], "Percent": [0.6185241743125055, 0.3814758256874945]}, "2003-4": {"Total Votes": 71968.0, "Parties": ["Asociacion Nacional Republicana", "Partido Liberal Radical Autentico", "Partido Union Nacional de Ciudadanos Eticos", "Partido Patria Querida", "Partido Pais Solidario", "Partido Encuentro Nacional", "Partido Patria Libre", "Partido Revolucionario Febrerista"], "Percent": [0.4752667852378835, 0.27009226322810137, 0.16540684748777235, 0.05660849266340596, 0.019981102712316585, 0.007781236104935527, 0.0029040684748777236, 0.001959204090706981]}, "2008-4": {"Total Votes": 83148.0, "Parties": ["Asociacion Nacional Republicana", "Partido Liberal Radical Autentico", "Partido Union Nacional de Ciudadanos Eticos", "Partido Patria Querida", "Movimiento Popular Tekojoja", "Alianza Democratica Tricolor", "Partido Democratico Progresista", "Partido del Movimiento Al Socialismo", "Movimiento Politico O\u00f1ondivepa", "Partido Frente Amplio", "Movimiento Fuerza Republicana", "Movimiento Esperanza de Renovacion Social", "Partido Blanco"], "Percent": [0.45933756674844856, 0.2787439264925194, 0.21025159955741568, 0.01769134555250878, 0.01764323856256314, 0.005400009621397989, 0.0029585798816568047, 0.002092654062635301, 0.0016957713955837784, 0.0012988887285322558, 0.001118487516236109, 0.001010246788858421, 0.0007576850916438158]}}