{"1998-5": {"Total Votes": 81115.0, "Parties": ["Asociacion Nacional Republicana", "Alianza Democratica"], "Percent": [0.5696603587499229, 0.43033964125007707]}, "2003-4": {"Total Votes": 73697.0, "Parties": ["Asociacion Nacional Republicana", "Partido Liberal Radical Autentico", "Partido Union Nacional de Ciudadanos Eticos", "Partido Patria Querida", "Partido Patria Libre", "Partido Encuentro Nacional", "Partido Frente Amplio", "Partido Revolucionario Febrerista", "Movimiento Fuerza Ciudadana"], "Percent": [0.39439868651369797, 0.32508785975005766, 0.18688684749718443, 0.056108118376596065, 0.01586224676716827, 0.011085932941639415, 0.008724914175610948, 0.0010719567960703964, 0.0007734371819748429]}, "2008-4": {"Total Votes": 94980.0, "Parties": ["Asociacion Nacional Republicana", "Partido Liberal Radical Autentico", "Partido Union Nacional de Ciudadanos Eticos", "Movimiento Popular Tekojoja", "Partido Patria Querida", "Partido de la Unidad Popular", "Partido Encuentro Nacional", "Movimiento Politico O\u00f1ondivepa", "Alianza Democratica Tricolor", "Partido Frente Amplio", "Movimiento Esperanza de Renovacion Social", "Partido Blanco", "Partido del Movimiento Al Socialismo"], "Percent": [0.40552747946936196, 0.3165403242787955, 0.15207412086755107, 0.0498210149505159, 0.02715308485997052, 0.025100021057064645, 0.009096651926721416, 0.0043377553169088225, 0.004127184670456938, 0.002242577384712571, 0.002200463255422194, 0.0009265108443882923, 0.0008528111181301326]}}