{"1998-5": {"Total Votes": 29345.0, "Parties": ["Asociacion Nacional Republicana", "Alianza Democratica", "Partido Revolucionario Febrerista"], "Percent": [0.5721928778326801, 0.4138013290168683, 0.014005793150451525]}, "2003-4": {"Total Votes": 28244.0, "Parties": ["Asociacion Nacional Republicana", "Partido Liberal Radical Autentico", "Partido Encuentro Nacional", "Partido Patria Querida", "Partido Union Nacional de Ciudadanos Eticos"], "Percent": [0.4830406458008781, 0.18223339470329983, 0.15436906953689278, 0.13956946608129162, 0.04078742387763773]}, "2008-4": {"Total Votes": 32495.0, "Parties": ["Asociacion Nacional Republicana", "Alianza Patriotica Caazape\u00f1a", "Partido Union Nacional de Ciudadanos Eticos", "Partido de la Unidad Popular", "Partido Patria Querida", "Partido del Movimiento Al Socialismo"], "Percent": [0.49146022464994615, 0.3747038005847053, 0.08170487767348823, 0.03782120326204031, 0.011878750577011848, 0.0024311432528081245]}}