{"1998-5": {"Total Votes": 647836.0, "Parties": ["Asociacion Nacional Republicana", "Alianza Democratica", "Movimiento de Renovacion Nacional", "Partido Revolucionario Febrerista", "Partido Democrata Cristiano", "Partido Blanco"], "Percent": [0.49780036922924936, 0.43182533851159866, 0.026029735920819468, 0.016498002580900104, 0.014276761402577196, 0.01356979235485524]}, "2003-4": {"Total Votes": 612222.0, "Parties": ["Asociacion Nacional Republicana", "Partido Patria Querida", "Partido Liberal Radical Autentico", "Partido Union Nacional de Ciudadanos Eticos", "Partido Pais Solidario", "Partido Encuentro Nacional", "Partido Patria Libre", "Movimiento Fuerza Ciudadana", "Partido Revolucionario Febrerista", "Partido Humanista Paraguayo", "Partido Democrata Cristiano", "Partido Independiente en Acci\u00f3n", "Partido Frente Amplio", "Movimiento Fuerza Democratica Independiente"], "Percent": [0.30640192609870276, 0.24659192253790294, 0.20609680802061997, 0.10710003887478725, 0.07162924560045213, 0.020644472103256664, 0.01222269046195661, 0.008830130246871234, 0.006280401553684775, 0.004682941808690312, 0.002925409410311946, 0.0026853004302360905, 0.002319420079644312, 0.0015892927728830392]}, "2008-4": {"Total Votes": 723941.0, "Parties": ["Partido Liberal Radical Autentico", "Asociacion Nacional Republicana", "Partido Union Nacional de Ciudadanos Eticos", "Partido Patria Querida", "Movimiento Popular Tekojoja", "Partido Democratico Progresista", "Partido del Movimiento Al Socialismo", "Movimiento Teta Pyahu", "Partido Pais Solidario", "Partido Encuentro Nacional", "Partido Humanista Paraguayo", "Alianza Democratica Tricolor", "Movimiento Resistencia Ciudadana Nacional", "Movimiento Alianza Revolucionaria Nacional", "Partido Frente Amplio", "Partido de la Unidad Popular", "Movimiento Esperanza de Renovacion Social", "Movimiento Politico O\u00f1ondivepa", "Movimiento Nacional Vida Util de Pensionados Y Jubilados del Ips", "Partido de los Trabajadores", "Partido Blanco"], "Percent": [0.2570789608545448, 0.2543770832153449, 0.19840014586824065, 0.10530830551108447, 0.0419965162906922, 0.03915512451981584, 0.03696019426997504, 0.010169337003982369, 0.009935892565830641, 0.00911262105613579, 0.008369466572552184, 0.004394004483790806, 0.004079061691491434, 0.004058341770945422, 0.0036522313282436, 0.003493378604057513, 0.0026839203747266696, 0.0023883161749369075, 0.001786057151066178, 0.0016437803633169, 0.0009572603292257242]}}