{"1969-10": {"Total Votes": 439985.0, "Parties": ["australian labor party", "liberal party of australia", "country party", "democratic labor party", "independent", "australia party", "council for the defense of government schools", "communist party of australia"], "Percent": [0.448649385774515, 0.36348966442037794, 0.09825789515551667, 0.050781276634430716, 0.020184779026557725, 0.00979124288328011, 0.006286577951521074, 0.002559178153800698]}, "1914-9": {"Total Votes": 113728.0, "Parties": ["australian labor party", "commonwealth liberal party", "independent"], "Percent": [0.5595983398987057, 0.43592606921778276, 0.004475590883511536]}, "1919-12": {"Total Votes": 157851.0, "Parties": ["nationalist party", "australian labor party", "victorian farmers' union", "independent", "socialist", "independent nationalist"], "Percent": [0.43157154531805314, 0.35654509632501535, 0.18509860564709757, 0.015102850156159923, 0.00989540769459807, 0.001786494859075964]}, "1966-11": {"Total Votes": 326339.0, "Parties": ["liberal party of australia", "australian labor party", "country party", "democratic labor party", "independent", "liberal reform", "communist party of australia", "independent liberal"], "Percent": [0.38525888723076307, 0.3517875583365764, 0.14854185371653403, 0.06921023843304049, 0.03669190626924762, 0.00319912728788162, 0.002993819310594198, 0.0023166094153625524]}, "1903-12": {"Total Votes": 73491.0, "Parties": ["free trade party", "protectionist party", "australian labor party", "independent protectionist"], "Percent": [0.44254398497775244, 0.3355921133199984, 0.1193887686927651, 0.10247513300948416]}, "1983-3": {"Total Votes": 589582.0, "Parties": ["australian labor party", "liberal party of australia", "national party of australia", "australian democrats", "socialist workers party", "independent", "progress party", "communist party of australia", "socialist labor league", "socialist party of australia"], "Percent": [0.45528357378617396, 0.3533401630307574, 0.13040425250431661, 0.0478559386141368, 0.004752519581669726, 0.0035601493939774282, 0.0020573898117649454, 0.0011940663046022435, 0.001168624550953048, 0.00038332242164787933]}, "1980-10": {"Total Votes": 547466.0, "Parties": ["australian labor party", "liberal party of australia", "national country party of australia", "australian democrats", "democratic labor party", "communist party of australia", "progress party", "independent", "socialist labor league"], "Percent": [0.4196698973086913, 0.3738716194247679, 0.11567658996175105, 0.06824350735936113, 0.010175974398410129, 0.004721754410319545, 0.003974676052942101, 0.0021864371486083156, 0.001479543935148484]}, "1917-5": {"Total Votes": 144861.0, "Parties": ["nationalist party", "australian labor party"], "Percent": [0.5467586168810101, 0.45324138311898987]}, "1954-5": {"Total Votes": 272081.0, "Parties": ["australian labor party", "liberal party of australia", "country party", "communist party of australia", "independent"], "Percent": [0.5021335558160989, 0.4360282415898207, 0.03007927786210724, 0.02121794612633738, 0.010540978605635822]}, "1913-5": {"Total Votes": 163860.0, "Parties": ["commonwealth liberal party", "australian labor party", "independent"], "Percent": [0.5282131087513732, 0.4665263029415354, 0.005260588307091419]}, "1951-4": {"Total Votes": 301285.0, "Parties": ["australian labor party", "liberal party of australia", "country party", "communist party of australia"], "Percent": [0.47273511791161194, 0.41615413976799376, 0.09304811059296016, 0.018062631727434157]}, "1929-10": {"Total Votes": 298448.0, "Parties": ["country party", "australian labor party", "nationalist party", "country progressive party"], "Percent": [0.3824753390875462, 0.3586286388248539, 0.1652716721170857, 0.09362434997051412]}, "1984-12": {"Total Votes": 641212.0, "Parties": ["australian labor party", "liberal party of australia", "national party of australia", "australian democrats", "independent", "democratic labor party", "nuclear disarmament party", "socialist workers party", "pensioner party of australia"], "Percent": [0.44173533870233245, 0.32249240500801607, 0.1629492274006101, 0.05506915029662576, 0.009113990380716516, 0.0037803409792705064, 0.0031237718570457196, 0.0008749056474301791, 0.0008608697279526896]}, "1943-8": {"Total Votes": 316200.0, "Parties": ["australian labor party", "independent country", "united australia party", "country party", "country - national party (qld)", "independent", "one parliament for australia", "state labor party (nsw)", "protestant labor", "progressive"], "Percent": [0.4438583175205566, 0.13502530044275773, 0.10091714104996838, 0.08200189753320683, 0.08095192915876027, 0.061094244149272614, 0.04467425679949399, 0.03836495888678052, 0.008086654016445288, 0.005025300442757748]}, "1958-11": {"Total Votes": 287824.0, "Parties": ["liberal party of australia", "australian labor party", "country party", "democratic labor party", "queesland labor party", "independent", "communist party of australia", "australian national party"], "Percent": [0.40564025237645235, 0.35595711267997104, 0.1298779809883818, 0.08079590305186503, 0.013306743009616989, 0.007018177775307132, 0.004641725498916004, 0.0027621046194896883]}, "1928-11": {"Total Votes": 212665.0, "Parties": ["australian labor party", "country party", "nationalist party", "country progressive party"], "Percent": [0.420440599064256, 0.28369031105259446, 0.17254367197235088, 0.12332541791079868]}, "1931-12": {"Total Votes": 404666.0, "Parties": ["country party", "australian labor party", "united australia party", "independent", "australian labor party (nsw)", "independent united australia", "communist party of australia"], "Percent": [0.583748078662403, 0.182679048894644, 0.09754464175394029, 0.051813100186326504, 0.04782215456697622, 0.03506842680136211, 0.0013245491343478325]}, "1975-12": {"Total Votes": 552418.0, "Parties": ["australian labor party", "liberal party of australia", "national country party of australia", "workers party", "democratic labor party", "independent", "australia party"], "Percent": [0.3954288238254366, 0.39218852390762066, 0.17412358033228462, 0.012541227838339808, 0.011851532716167828, 0.008274531242645967, 0.005591780137504571]}, "1972-12": {"Total Votes": 473021.0, "Parties": ["australian labor party", "liberal party of australia", "country party", "democratic labor party", "australia party", "independent", "communist party of australia", "defense of government schools"], "Percent": [0.45752725566095376, 0.3161466404239981, 0.12768989114648188, 0.050424822576587494, 0.039767790436365406, 0.005555778707499244, 0.0014629371634663154, 0.0014248838846478275]}, "1949-12": {"Total Votes": 297441.0, "Parties": ["australian labor party", "liberal party of australia", "country party", "communist party of australia", "lang labor", "independent"], "Percent": [0.46017193325735184, 0.3872263743061649, 0.12724204127877461, 0.015273617288806855, 0.006455061676097109, 0.0036309721928046235]}, "1934-9": {"Total Votes": 375800.0, "Parties": ["country party", "united australia party", "australian labor party", "australian labor party (nsw)", "united country party", "independent", "communist party of australia", "social credit"], "Percent": [0.37964874933475246, 0.21965141032464078, 0.20891697711548698, 0.10913251729643426, 0.04387440127727515, 0.025260777009047365, 0.007104843001596594, 0.006410324640766365]}, "1922-12": {"Total Votes": 126927.0, "Parties": ["nationalist party", "australian labor party", "country party", "united country party", "independent"], "Percent": [0.3491376933197822, 0.3335618111197775, 0.2578805139962341, 0.04335562961387254, 0.016064351950333657]}, "1961-12": {"Total Votes": 304539.0, "Parties": ["australian labor party", "liberal party of australia", "country party", "democratic labor party", "queesland labor party", "communist party of australia"],