{"2013-3": {"Total Votes": 2294568.0, "Parties": ["The National Alliance", "Orange Democratic Movement", "United Republican Party", "Wiper Democratic Movement - Kenya", "Alliance Party of Kenya", "United Democratic forum Party", "Grand National Union", "National Rainbow Coalition (Narc)", "Federal Party of Kenya", "Democratic Party of Kenya", "Kenya National Congress", "New forum for Restoration of Democracy-Kenya", "forum for Restoration of Democracy-Kenya", "Kenya African National Union", "National Rainbow Coalition-Kenya (Narc-K)", "Independent", "The Independent Party", "Agano Party", "National Vision Party", "Mazingira Greens Party of Kenya", "Sisi Kwa Sisi Party", "Peoples Democratic Party", "Safina", "Muungano Party", "The Labour Party of Kenya", "National Agenda Party of Kenya", "Kenya African Democratic Union-Asili", "Shirikisho Party of Kenya", "New Democrats", "Mwangaza Party", "Party of Independent Candidates of Kenya", "Chama Cha Uzalendo", "Kenya National Democratic Alliance (Kenda)", "Restore And Build Kenya", "Progressive Party of Kenya", "Mkenya Solidarity Movement", "forum for Restoration of Democracy-People", "United Democratic Movement", "Kenya Social Congress", "Maendeleo Democratic Party", "Republican Congress Party of Kenya", "Saba Saba Asili", "Chama Cha Mwananchi", "Unity Party of Kenya", "Farmers Party", "Mzalendo Saba Saba Party", "Peoples Patriotic Party of Kenya", "Peoples Party of Kenya"], "Percent": [0.29674038860473956, 0.1950755000505542, 0.1038361033536596, 0.049145634385208886, 0.041711555290581924, 0.03786507961411472, 0.0337767283427643, 0.031231586947957087, 0.031199772680521997, 0.021295947646790155, 0.016926933522998663, 0.015887086370942157, 0.014504691079105085, 0.011673221277382061, 0.0110901049783663, 0.009455810418344542, 0.007622349827941469, 0.006339319645353722, 0.005445905285875163, 0.005291192067526437, 0.005290756255643765, 0.005163934997786076, 0.004491041450939784, 0.004338507292004421, 0.0041689764696448296, 0.004002496330463947, 0.003819455339741511, 0.003467319338542157, 0.002919939613905537, 0.0028327772373710433, 0.002241380512584504, 0.0020727213139902587, 0.001955487917551365, 0.0015737167083302826, 0.000877725131702351, 0.0008415527454405361, 0.000705579438046726, 0.000596626467378609, 0.000507285031430753, 0.0004824437541184223, 0.00046762615010755834, 0.00032467985259098883, 0.00027368986231831005, 0.00017170988177295246, 0.00013248681233243032, 7.67028913503544e-05, 4.6631871445954096e-05, 4.1837940736556945e-05]}, "1992-12": {"Total Votes": 220421.0, "Parties": ["kenya african national union", "forum for the restoration of democracy-asili", "forum for the restoration of democracy-kenya", "democratic party", "party of independent candidates of kenya"], "Percent": [0.30365527785465085, 0.26705259480720983, 0.22624432336301895, 0.19908720131021998, 0.00396060266490035]}, "1961-2": {"Total Votes": 24949.0, "Parties": ["independent", "kenya african national union", "kenya coalition", "kenya indian congress", "new kenya party", "kenya african democratic union", "coast people's party"], "Percent": [0.5399013988536615, 0.16381418092909536, 0.12705920076956992, 0.07022325544109985, 0.05054310794019801, 0.036754980159525434, 0.011703875906849974]}, "1963-5": {"Total Votes": 222298.0, "Parties": ["kenya african national union", "kenya african democratic union", "independent", "african people's party", "baluhya political union"], "Percent": [0.4650829067288054, 0.2999397205552906, 0.13428820772116706, 0.08021214765764874, 0.020477017337088052]}, "1997-12": {"Total Votes": 267395.0, "Parties": ["kenya african national union", "democratic party", "national democratic party", "social democratic party", "forum for the restoration of democracy-kenya", "safina", "party of independent candidates of kenya", "forum for the restoration of democracy-people", "united patriotic party of kenya"], "Percent": [0.36388862918154785, 0.26484040464481384, 0.24450718973802799, 0.06678883299986911, 0.025669889115353693, 0.01640270012528282, 0.012146823986985546, 0.004955216066119411, 0.0008003141419996634]}}