{"2013-3": {"Total Votes": 1805094.0, "Parties": ["The National Alliance", "Orange Democratic Movement", "United Republican Party", "Wiper Democratic Movement - Kenya", "forum for Restoration of Democracy-Kenya", "National Rainbow Coalition (Narc)", "United Democratic forum Party", "Kenya African National Union", "Democratic Party of Kenya", "National Rainbow Coalition-Kenya (Narc-K)", "Federal Party of Kenya", "Mwangaza Party", "Grand National Union", "Party of Independent Candidates of Kenya", "The Independent Party", "Chama Cha Uzalendo", "Muungano Party", "Kenya National Congress", "Alliance Party of Kenya", "Saba Saba Asili", "Progressive Party of Kenya", "National Vision Party", "Farmers Party", "Independent", "Kenya Social Congress", "Republican Congress Party of Kenya", "forum for Restoration of Democracy-People", "Chama Cha Mwananchi", "Mzalendo Saba Saba Party", "Agano Party", "Kenya African Democratic Union-Asili", "Peoples Democratic Party", "Party of Democratic Unity", "Party of Action", "The Labour Party of Kenya", "United Democratic Movement", "National Labour Party", "National Agenda Party of Kenya", "Restore And Build Kenya", "New Democrats", "Safina"], "Percent": [0.31621788117405525, 0.17734201099776523, 0.1523693502942229, 0.08676778051447737, 0.0503397606994428, 0.039651674649630445, 0.02803565908479004, 0.014682337872709122, 0.014357701039391855, 0.01146810083020607, 0.011357857263943042, 0.010253759638002232, 0.008743588976529755, 0.008678218419650167, 0.008339177904308584, 0.006280559350371781, 0.006042898596970573, 0.005910495519900902, 0.005724355629125132, 0.005606356234079777, 0.0048274494292264, 0.004513338363542286, 0.0040502045876835225, 0.0037582530328060474, 0.0033139548411329272, 0.0018857743696450158, 0.0014996448938393236, 0.0013212608318458761, 0.0010426049834523852, 0.000936793319350682, 0.0008764086524025896, 0.0007755828782323801, 0.0006758650796025026, 0.000546231941383662, 0.0005268423694278525, 0.00042712457079797505, 0.0003080172002122881, 0.00023599879009070996, 0.00014625277132382025, 8.309816552489788e-05, 7.977423890390196e-05]}, "1992-12": {"Total Votes": 1401614.0, "Parties": ["kenya african national union", "forum for the restoration of democracy-asili", "forum for the restoration of democracy-kenya", "democratic party", "party of independent candidates of kenya", "kenya national congress", "kenya social congress", "kenya national democratic alliance"], "Percent": [0.31824168422975224, 0.21992788314043668, 0.21871214185931362, 0.21700910521727101, 0.014747997665548433, 0.010578518764795443, 0.0004252240631158079, 0.0003574450597668117]}, "1961-2": {"Total Votes": 144672.0, "Parties": ["kenya african national union", "kenya african democratic union", "new kenya party", "independent", "kenya coalition"], "Percent": [0.5986783897367839, 0.1854747290422473, 0.13830596107055962, 0.06336402344614024, 0.014176896704268967]}, "1963-5": {"Total Votes": 511678.0, "Parties": ["kenya african national union", "kenya african democratic union", "independent", "baluhya political union", "african people's party", "coast people's party"], "Percent": [0.5247186707265115, 0.33189036855209725, 0.10502894398430263, 0.018955280469357683, 0.014176884681381651, 0.005229851586349228]}, "1997-12": {"Total Votes": 1436370.0, "Parties": ["kenya african national union", "democratic party", "national democratic party", "social democratic party", "forum for the restoration of democracy-kenya", "safina", "forum for the restoration of democracy-asili", "labour party of democracy", "liberal party of kenya", "forum for the restoration of democracy-people", "united patriotic party of kenya", "kenya national congress", "kenya social congress", "kenya national democratic alliance", "party of independent candidates of kenya"], "Percent": [0.3628890884660638, 0.19255484311145465, 0.1319277066494009, 0.13133245612202987, 0.06482800392656488, 0.05376539471027661, 0.014305506241428043, 0.013914242152091732, 0.010406789337009267, 0.007713193675724222, 0.00632775677576112, 0.005557760187138411, 0.002115750120094405, 0.0015518285678481172, 0.0008096799571141141]}}