{"1950-5": {"Total Votes": 755663.0, "Parties": ["independent", "minju gungmin-dang", "daehan gungmin-dang", "nonong cheongnyeon-yeonmaeng", "gungmin-hoe", "hanguk dongnip-dang", "yeoja gungmin-dang", "sahoe-dang", "daehan nodong chongyeonmaeng", "unknown", "daehan cheongnyeon-dan", "yudo-hoe", "minjok jaju-yeonmaeng", "joseon minju-dang", "sinsahoe", "daehan nonong-dang", "dongno-dang", "sinsaeng-hoe"], "Percent": [0.6178587544977062, 0.1251139727629909, 0.09362771499994046, 0.0574303624763949, 0.046720561943617726, 0.01693876767818459, 0.011976238084966447, 0.007985040950794204, 0.006702723303906636, 0.005277484804734386, 0.0018209175254048431, 0.00164226646004899, 0.001470232100817428, 0.001363041461603916, 0.0012571741636152624, 0.0011089599464311473, 0.0009713324590458974, 0.0007344543797962849]}, "2012-4": {"Total Votes": 766076.0, "Parties": ["min ju tong hap-dang", "tonghap jinbo-dang", "saenuri-dang", "gidok-dang", "jinbo shin-dang", "jayu seonjin-dang", "gungmin saenggak", "gaja, daegukmin joongsim-dang", "hannara-dang", "jeongtong minju-dang", "hankuk  gidok-dang", "changjo hanguk-dang", "cheongnyeon-dang", "noksaek-dang", "hankuk munhwa yesul-dang", "bul gyo yeonhap-dang", "chinbak yeonhap", "gungmin haeng bok-dang", "dae hanguk-dang", "mi rae yeonhap"], "Percent": [0.6557560868634443, 0.14159822263065283, 0.09641210532636449, 0.018708326589006834, 0.015332682397046769, 0.014108260799189637, 0.012932137281418553, 0.009082649763208873, 0.005734417995081428, 0.005097405479351918, 0.004199322260454576, 0.0039043123658749263, 0.0030884664184754516, 0.003083245004412095, 0.002250429461306711, 0.002160360068713809, 0.002157749361682131, 0.0021146726956594386, 0.0013510408888935301, 0.0009281063497616424]}, "1960-7": {"Total Votes": 972956.0, "Parties": ["minju-dang", "independent", "jayu-dang", "sahoe daejung-dang", "hanguk dongnip-dang", "others", "hanguk sahoe-dang"], "Percent": [0.4907128379906184, 0.4022196276090593, 0.04207178947454972, 0.0374405420183441, 0.015561854801244866, 0.010191622231632263, 0.0018017258745513672]}, "2004-4": {"Total Votes": 852929.0, "Parties": ["yeollin uri party", "saecheonnyeon minju-dang", "minju nodong-dang", "hannara-dang", "jayu minju yeonhap", "gidok-dang", "tong hap21", "noksaek sahmin-dang", "minju hwahap-dang", "gaja, heemang 2080", "rohnyeon gwonik boho-dang", "sahoe-dang", "gonghwa-dang", "guguk chong yeonhap"], "Percent": [0.6726362921181013, 0.13580497321582452, 0.11149228130360206, 0.03411186628664285, 0.009502549450188703, 0.007735696640634801, 0.006948995754629049, 0.0049687605885132295, 0.004735446912931792, 0.0032687363192012465, 0.003009629171947489, 0.0025617607092735736, 0.0023976204349951753, 0.0008253910935142316]}, "1973-2": {"Total Votes": 850539.0, "Parties": ["independent", "minju gonghwa-dang", "sinmin-dang", "minju tongil-dang"], "Percent": [0.3310524267552693, 0.29371139947727265, 0.2779425752375846, 0.09729359852987342]}, "1967-6": {"Total Votes": 884278.0, "Parties": ["minju gonghwa-dang", "sinmin-dang", "jayu-dang", "daejung-dang", "hanguk dongnip-dang", "jeongui-dang", "minju-dang", "tongil sahoe-dang", "minjung-dang", "tonhan-dang"], "Percent": [0.5946195653403116, 0.32010860837881294, 0.03697705925059767, 0.01939096076120858, 0.012238232772951493, 0.0053727447703097895, 0.0038517298858503773, 0.0036832308391704875, 0.0026089080583255493, 0.0011489599424615337]}, "2000-4": {"Total Votes": 848849.0, "Parties": ["saecheonnyeon minju-dang", "independent", "hannara-dang", "jayu minju yeonhap", "minju gungmin-dang"], "Percent": [0.6543708009316145, 0.2738520043022964, 0.0358626799348294, 0.033781037616819956, 0.0021334772144397884]}, "1985-2": {"Total Votes": 1086294.0, "Parties": ["minju jeongui-dang", "sinhan minju-dang", "minju hanguk-dang", "hanguk gungmin-dang", "sin minju-dang", "geunro nongmin-dang"], "Percent": [0.36800166437446946, 0.2645305966892941, 0.18879419383702756, 0.11848265754942953, 0.034694106751947444, 0.025496780797831894]}, "1954-5": {"Total Votes": 853206.0, "Parties": ["independent", "jayu-dang", "minju gungmin-dang", "gungmin-hoe", "yeoja gungmin-dang", "nongmin-hoe", "daehan nodong chongyeonmaeng"], "Percent": [0.4779431930858433, 0.3550561060283213, 0.10840641064408832, 0.031357022805746794, 0.016767345752373986, 0.00920527985035267, 0.0012646418332735588]}, "1988-4": {"Total Votes": 1027070.0, "Parties": ["pyunghwa minju-dang", "minju jeongui-dang", "independent", "sin minju gonghwa-dang", "tongil minju-dang", "sinhan minju-dang", "hankyoreh minju-dang"], "Percent": [0.6148996660402894, 0.287722355827743, 0.043385553078173836, 0.024726649595451136, 0.013094531044622078, 0.013020534140808318, 0.003150710272912265]}, "1978-12": {"Total Votes": 971772.0, "Parties": ["independent", "sinmin-dang", "minju gonghwa-dang", "minju tongil-dang"], "Percent": [0.31242204961657677, 0.31010257550124926, 0.2943324154225477, 0.08314295945962634]}, "1963-11": {"Total Votes": 753662.0, "Parties": ["minju gonghwa-dang", "minju-dang", "minjeong-dang", "jayu minju-dang", "gungminui-dang", "bosu-dang", "jeongmin-hoe", "sinmin-hoe", "chupung-hoe", "jayu-dang", "shinheung-dang"], "Percent": [0.3550650026139039, 0.20665629950826767, 0.2065023843579748, 0.07412075970395217, 0.052124161759515536, 0.04623690726081452, 0.029079348567394935, 0.017330049810127087, 0.0047209491788095985, 0.004410465168736118, 0.003753672070503754]}, "1958-5": {"Total Votes": 840712.0, "Parties": ["minju-dang", "jayu-dang", "independent", "gungmin-hoe"], "Percent": [0.38640105053811535, 0.37720408415723816, 0.22923069969264145, 0.007164165612005062]}, "2008-4": {"Total Votes": 660398.0, "Parties": ["tonghap minju-dang", "hannara-dang", "minju nodong-dang", "gidok-dang", "changjo hanguk-dang", "jinbo shin-dang", "chinbak yeondae", "pyunghwa tongil gajeong-dang", "jayu seonjin-dang", "gungmin shilhyang ahnbo-dang", "hanguk sahoe-dang", "munhwa yesul-dang", "shimin-dang", "jikneung yeonhap-dang", "shin mirae-dang"], "Percent": [0.6430410146608561, 0.09250633708763503, 0.07426884999651726, 0.0497790726198444, 0.029277799145363857, 0.024451921417084847, 0.02346009527587909, 0.02056335724820487, 0.016424943746044054, 0.014362551067689484, 0.005165067126187541, 0.002736228759021075, 0.001817086060224289, 0.0012780171956910833, 0.000867658593757098]}, "1971-5": {"Total Votes": 850719.0, "Parties": ["sinmin-dang", "minju gonghwa-dang", "tongil sahoe-dang", "gungmin-dang", "minjung-dang", "daejung-dang"], "Percent": [0.512301946941352, 0.47491592405953087, 0.004539689368639938, 0.003411232145984749, 0.003399477383248758, 0.0014317301012437714]}, "1948-5": {"Total Votes": 1015760.0, "Parties": ["hanguk minju-dang", "daehan dongnip chokseong gungmin-hoe", "independent", "daedong cheongnyeon-dan", "joseon minjok cheongnyeon-dan", "daehan dongnip chokseong nongmin chongyeonmaeng", "gidokgyodo-yeonmaeng", "joseon bulgyo jungang gyomuwon", "gidokgyo cheongnyeon-hoe"], "Percent": [0.3532999921241238, 0.3300760022052453, 0.16674903520516654, 0.06237201701189258, 0.04467787666377885, 0.027431676774041115, 0.00595022446247145, 0.00501791761833504, 0.004425257934945263]}, "1981-3": {"Total Votes": 989702.0, "Parties": ["minju jeongui-dang", "minju hanguk-dang", "mingwon-dang", "hanguk gungmin-dang", "independent", "minju sahoe-dang", "sahoe-dang", "minju nongmin-dang", "tongil minjok-dang", "sinjung-dang", "wonil minlip-dang"], "Percent": [0.37969712095155916, 0.22226993579885662, 0.11539736203422848, 0.11021196279284068, 0.07406977049657372, 0.021508494476115032, 0.019867596508848118, 0.019331071372999144, 0.017323396335462593, 0.016914182248798124, 0.0034091069837183315]}, "1996-4": {"Total Votes": 910490.0, "Parties": ["saejeongchi gungminhoeui", "sin hankuk-dang", "tonghap minju-dang", "independent", "mudangpa gungmin-yeonhap", "jayu minju yeonhap"], "Percent": [0.6370393963689881, 0.23445068040286002, 0.05830706542630891, 0.05692649013168734, 0.008260387264000704, 0.005015980406154927]},