{"1950-5": {"Total Votes": 0, "Parties": [], "Percent": []}, "2012-4": {"Total Votes": 841650.0, "Parties": ["min ju tong hap-dang", "saenuri-dang", "jayu seonjin-dang", "tonghap jinbo-dang", "independent", "gidok-dang", "jinbo shin-dang", "hannara-dang", "changjo hanguk-dang", "cheongnyeon-dang", "gungmin saenggak", "noksaek-dang", "hankuk  gidok-dang", "chinbak yeonhap", "bul gyo yeonhap-dang", "jeongtong minju-dang", "gungmin haeng bok-dang", "gaja, daegukmin joongsim-dang", "hankuk munhwa yesul-dang", "mi rae yeonhap", "dae hanguk-dang"], "Percent": [0.3724244044436523, 0.3432388760173469, 0.13756193191944394, 0.0941781025366839, 0.014981286758153627, 0.009199786134378898, 0.006822313313134914, 0.0033968989484940296, 0.0032721440028515418, 0.0027897582130339215, 0.002414305233767005, 0.0021802411928949087, 0.0017940949325729223, 0.0012285391789936435, 0.0009077407473415315, 0.0008673439078001544, 0.0008210063565615161, 0.000744965246836571, 0.0005429810491296858, 0.0003718885522485594, 0.0002613913146794986]}, "1960-7": {"Total Votes": 0, "Parties": [], "Percent": []}, "2004-4": {"Total Votes": 844273.0, "Parties": ["yeollin uri party", "hannara-dang", "minju nodong-dang", "jayu minju yeonhap", "saecheonnyeon minju-dang", "independent", "gidok-dang", "tong hap21", "noksaek sahmin-dang", "sahoe-dang", "rohnyeon gwonik boho-dang", "minju hwahap-dang", "gaja, heemang 2080", "gonghwa-dang", "guguk chong yeonhap"], "Percent": [0.46054771383190035, 0.2513724825974537, 0.11011485621357074, 0.10326754497656564, 0.045504238557907216, 0.012197476408697186, 0.007392158697482923, 0.0026413257323164427, 0.0025631519662478843, 0.001292236042133291, 0.0009522986048351659, 0.0007118550516242969, 0.0006810593255972891, 0.0005839343435121104, 0.00017766765015581453]}, "1973-2": {"Total Votes": 0, "Parties": [], "Percent": []}, "1967-6": {"Total Votes": 0, "Parties": [], "Percent": []}, "2000-4": {"Total Votes": 494751.0, "Parties": ["jayu minju yeonhap", "saecheonnyeon minju-dang", "hannara-dang", "independent", "minju nodong-dang", "hanguk sin-dang", "minju gungmin-dang"], "Percent": [0.3429664619172068, 0.2844764335999321, 0.2328161034540607, 0.09915694965750449, 0.02193426592366665, 0.009338030645718755, 0.009311754801910457]}, "1985-2": {"Total Votes": 0, "Parties": [], "Percent": []}, "1954-5": {"Total Votes": 0, "Parties": [], "Percent": []}, "1988-4": {"Total Votes": 0, "Parties": [], "Percent": []}, "1978-12": {"Total Votes": 0, "Parties": [], "Percent": []}, "1963-11": {"Total Votes": 0, "Parties": [], "Percent": []}, "1958-5": {"Total Votes": 0, "Parties": [], "Percent": []}, "2008-4": {"Total Votes": 679953.0, "Parties": ["jayu seonjin-dang", "hannara-dang", "tonghap minju-dang", "independent", "chinbak yeondae", "minju nodong-dang", "changjo hanguk-dang", "jinbo shin-dang", "gidok-dang", "pyunghwa tongil gajeong-dang", "munhwa yesul-dang", "hanguk sahoe-dang", "gungmin shilhyang ahnbo-dang", "shimin-dang", "jikneung yeonhap-dang", "shin mirae-dang"], "Percent": [0.2490730976993998, 0.22554058883481654, 0.19881668291778992, 0.14235101543783174, 0.06275433743214605, 0.03816734391935914, 0.026547423130716386, 0.02433109347263708, 0.020676429106129393, 0.008110854720840999, 0.0008103501271411407, 0.0007868190889664433, 0.0007721121901072574, 0.0005588621566490625, 0.0003544362625063791, 0.0003485535029627048]}, "1971-5": {"Total Votes": 0, "Parties": [], "Percent": []}, "1948-5": {"Total Votes": 0, "Parties": [], "Percent": []}, "1981-3": {"Total Votes": 0, "Parties": [], "Percent": []}, "1996-4": {"Total Votes": 519584.0, "Parties": ["jayu minju yeonhap", "sin hankuk-dang", "tonghap minju-dang", "saejeongchi gungminhoeui", "independent", "mudangpa gungmin-yeonhap", "21 segi handok-dang", "daehan minju-dang"], "Percent": [0.4977866908911744, 0.21446387879534395, 0.1264376886124284, 0.11433569932869374, 0.041152152491223754, 0.0025828354991685658, 0.0019111443000554289, 0.001329910081911683]}, "1992-3": {"Total Votes": 487398.0, "Parties": ["minju jayu-dang", "minju-dang", "independent", "tongil gungmin-dang", "sinjungchi gaehyeok-dang", "minjung-dang", "gongmyong minju-dang"], "Percent": [0.27615624192138666, 0.2545229976323251, 0.23842116709547434, 0.21308253214005804, 0.012669317477708155, 0.0043311626227436305, 0.0008165811103041046]}}