{"1950-5": {"Total Votes": 507863.0, "Parties": ["independent", "minju gungmin-dang", "gungmin-hoe", "daehan cheongnyeon-dan", "daehan gungmin-dang"], "Percent": [0.41199693618160804, 0.32360892602926383, 0.21781661589838203, 0.03622827416055117, 0.010349247730194954]}, "2012-4": {"Total Votes": 2784801.0, "Parties": ["saenuri-dang", "min ju tong hap-dang", "tonghap jinbo-dang", "independent", "jayu seonjin-dang", "jinbo shin-dang", "jeongtong minju-dang", "hannara-dang", "gidok-dang", "gungmin haeng bok-dang", "chinbak yeonhap", "gungmin saenggak", "noksaek-dang", "changjo hanguk-dang", "gaja, daegukmin joongsim-dang", "hankuk  gidok-dang", "cheongnyeon-dang", "bul gyo yeonhap-dang", "hankuk munhwa yesul-dang", "dae hanguk-dang", "mi rae yeonhap"], "Percent": [0.5116146539734796, 0.35529612349320466, 0.06300234738496575, 0.0348922598059969, 0.012155626200938597, 0.0044983465604903185, 0.0031341557260285385, 0.0030264281002484556, 0.002584744834550117, 0.001660082713271074, 0.0016539781478102026, 0.0015107004055226925, 0.0009120938982713666, 0.0008169344954989603, 0.0007724070768431927, 0.0006269747820400811, 0.0005145789591428615, 0.00047687429011983263, 0.00033718746869165875, 0.0003055873651295012, 0.00020791431775555956]}, "1960-7": {"Total Votes": 763808.0, "Parties": ["independent", "minju-dang", "jayu-dang", "sahoe daejung-dang", "others", "hanguk sahoe-dang", "hanguk dongnip-dang"], "Percent": [0.48435732540114784, 0.45567079684947004, 0.03715069755750136, 0.01844442582429092, 0.003231178516066865, 0.0008614730403452177, 0.00028410281117767814]}, "2004-4": {"Total Votes": 2560390.0, "Parties": ["hannara-dang", "yeollin uri party", "minju nodong-dang", "saecheonnyeon minju-dang", "jayu minju yeonhap", "independent", "gidok-dang", "noksaek sahmin-dang", "tong hap21", "rohnyeon gwonik boho-dang", "sahoe-dang", "minju hwahap-dang", "gonghwa-dang", "guguk chong yeonhap", "gaja, heemang 2080"], "Percent": [0.42489230156343366, 0.3977722143892141, 0.07996555212291875, 0.05985299114588011, 0.014355625510176185, 0.011347880596315406, 0.002801526329973168, 0.002740207546506587, 0.001839563503997438, 0.001595460066630474, 0.0010197665199442273, 0.0007170782576091923, 0.00041087490577607316, 0.0003483844258101305, 0.00034057311581438764]}, "1973-2": {"Total Votes": 713418.0, "Parties": ["minju gonghwa-dang", "sinmin-dang", "independent", "minju tongil-dang"], "Percent": [0.4646672778090824, 0.30388916455710396, 0.17441387797896885, 0.057029679654844706]}, "1967-6": {"Total Votes": 660370.0, "Parties": ["minju gonghwa-dang", "sinmin-dang", "jayu-dang", "hanguk dongnip-dang", "minju-dang", "daejung-dang", "minjung-dang", "tongil sahoe-dang", "tonhan-dang", "jamin-dang", "jeongui-dang"], "Percent": [0.5167799869769978, 0.2840468222360192, 0.12638520829232097, 0.028084255795993156, 0.01324257613156261, 0.012553568454048487, 0.005999666853430652, 0.004667080576040704, 0.003922043702772688, 0.0027590593152323696, 0.0015597316655814166]}, "2000-4": {"Total Votes": 689907.0, "Parties": ["hannara-dang", "saecheonnyeon minju-dang", "jayu minju yeonhap", "independent", "minju gungmin-dang", "hanguk sin-dang"], "Percent": [0.3857563410720575, 0.3646447999512978, 0.10186880260672816, 0.08089061279273874, 0.06533634243456002, 0.001503101142617773]}, "1985-2": {"Total Votes": 894781.0, "Parties": ["minju jeongui-dang", "minju hanguk-dang", "hanguk gungmin-dang", "sinhan minju-dang", "independent", "geunro nongmin-dang", "sin minju-dang"], "Percent": [0.46263610872381067, 0.17860906747014074, 0.17693491480038132, 0.11326682171391657, 0.0481603878490938, 0.011453081815550397, 0.008939617627106522]}, "1954-5": {"Total Votes": 743978.0, "Parties": ["jayu-dang", "independent", "gungmin-hoe", "minju gungmin-dang", "dongnip nonong-dang", "nongmin-hoe"], "Percent": [0.7030422942613894, 0.19239009755664824, 0.0784512445260478, 0.009392750860912553, 0.008567457639876448, 0.008156155155125555]}, "1988-4": {"Total Votes": 842768.0, "Parties": ["minju jeongui-dang", "tongil minju-dang", "sin minju gonghwa-dang", "independent", "pyunghwa minju-dang", "minjungui-dang", "hanguk gungmin-dang", "hankyoreh minju-dang", "sinhan minju-dang"], "Percent": [0.4362837696732671, 0.21608675222599819, 0.20211018928103583, 0.09426793613426232, 0.03987574279042394, 0.00673732272701384, 0.0019234237654965542, 0.0017300134793917187, 0.000984849923110512]}, "1978-12": {"Total Votes": 771325.0, "Parties": ["minju gonghwa-dang", "independent", "sinmin-dang", "minju tongil-dang"], "Percent": [0.3908897027841701, 0.3426998995235472, 0.2376948757009043, 0.028715521991378473]}, "1963-11": {"Total Votes": 542085.0, "Parties": ["minju gonghwa-dang", "minju-dang", "minjeong-dang", "gungminui-dang", "jayu minju-dang", "bosu-dang", "jayu-dang", "jeongmin-hoe", "sinmin-hoe", "shinheung-dang", "chupung-hoe"], "Percent": [0.3509431177767325, 0.1978674931053248, 0.14824796849202615, 0.1446710386747466, 0.07599915142459207, 0.047097779868470815, 0.020249591853676085, 0.007336487820175803, 0.004630270160583672, 0.001669479878616822, 0.0012876209450547423]}, "1958-5": {"Total Votes": 698072.0, "Parties": ["jayu-dang", "independent", "minju-dang", "nonong-dang", "dongnip nonong-dang"], "Percent": [0.4822654396681144, 0.31483142140065773, 0.16999535864495352, 0.018353407671414985, 0.014554372614859212]}, "2008-4": {"Total Votes": 2111295.0, "Parties": ["hannara-dang", "tonghap minju-dang", "independent", "minju nodong-dang", "chinbak yeondae", "jayu seonjin-dang", "jinbo shin-dang", "pyunghwa tongil gajeong-dang", "changjo hanguk-dang", "gidok-dang", "gungmin shilhyang ahnbo-dang", "hanguk sahoe-dang", "munhwa yesul-dang", "shimin-dang", "jikneung yeonhap-dang", "shin mirae-dang"], "Percent": [0.46608408583357613, 0.25015499965660887, 0.09282833521606407, 0.04737376823229344, 0.046808238545537215, 0.03929105122685367, 0.020023255869028252, 0.01650314143689063, 0.01094209951712101, 0.005537833415036743, 0.001979827546600546, 0.0009074998993508723, 0.00047032745305606276, 0.00043385694561868426, 0.00035049578576181915, 0.0003111834206020476]}, "1971-5": {"Total Votes": 658537.0, "Parties": ["minju gonghwa-dang", "sinmin-dang", "gungmin-dang", "tongil sahoe-dang", "daejung-dang", "minjung-dang"], "Percent": [0.54318739873386, 0.36185666105321346, 0.07793943240850552, 0.0125520661709213, 0.003374146023685837, 0.0010902956098138752]}, "1948-5": {"Total Votes": 605885.0, "Parties": ["daehan dongnip chokseong gungmin-hoe", "independent", "daedong cheongnyeon-dan", "daehan nodong chongyeonmaeng", "minjok tongil gunguk jeonseon"], "Percent": [0.5904899444614077, 0.2293190952078365, 0.14496810450828126, 0.02547017998465055, 0.009752675837824009]}, "1981-3": {"Total Votes": 825759.0, "Parties": ["minju jeongui-dang", "minju hanguk-dang", "hanguk gungmin-dang", "mingwon-dang", "minju sahoe-dang", "independent", "sinjung-dang", "wonil minlip-dang"], "Percent": [0.4588166765363745, 0.2237819993484782, 0.17333265516936536, 0.046668580057861925, 0.04112095659871706, 0.03306654847237511, 0.017014649552714534, 0.006197934264113379]}, "1996-4": {"Total Votes": 710803.0, "Parties": ["sin hankuk-dang", "jayu minju yeonhap", "independent", "tonghap minju-dang", "saejeongchi gungminhoeui", "mudangpa gungmin-yeonhap", "chinmin-dang", "daehan minju-dang"], "Percent": [0.37264052065058817, 0.23625392689676322, 0.17480792849776944, 0.14513303967484661, 0.06675830011972375, 0.0022115832375496445, 0.0017360647042851535, 0.0004586362184740357]}, "1992-3": {"Total Votes": 786953.0, "Parties": ["minju jayu-dang", "tongil gungmin-dang", "independent", "minju-dang", "minjung-dang", "sinjungchi gaehyeok-dang"], "Percent": [0.38832560521403436, 0.3190228641354693, 0.1396881389358704, 0.11713151865486249, 0.023292369429940542, 0.012539503629822871]}}