{"1950-5": {"Total Votes": 3515783.0, "Parties": ["independent", "gungmin-hoe", "daehan gungmin-dang", "minju gungmin-dang", "daehan cheongnyeon-dan", "dongno-dang", "ilmin gurakbu", "sahoe-dang", "daehan nodong chongyeonmaeng", "nonong cheongnyeon-yeonmaeng", "bulgyo", "joseon minju-dang", "daehan buin-hoe", "minjok jaju-yeonmaeng", "nongmin-hoe", "seonryang dongji-hoe", "yudo-hoe", "unknown", "jeonggyung yeongu-hoe", "sinsaeng-hoe", "daehan nongmin chongyeonmaeng", "daehan nonong-dang", "jaeil dongpo georyou mindan", "yeoja gungmin-dang", "singang-hoe", "hanguk dongnip-dang", "minbo-dan", "gidokgyo cheongnyeon-hoe", "uguk noin-hoe", "daehan gidokgyochimrye-hoe"], "Percent": [0.6222153073724969, 0.10752995847582177, 0.07802643109657223, 0.06833982643411156, 0.04245142547193612, 0.024134879769314548, 0.012708975497065664, 0.011647760968182623, 0.006401703404334112, 0.0033892876778800055, 0.0031358590675249296, 0.002574106536154251, 0.0024938968076243613, 0.002369031308246271, 0.002246441262159809, 0.0018069943452141387, 0.0017159762135490158, 0.0014167541056999255, 0.0011755560567873501, 0.001017127621357746, 0.0007853158172731366, 0.00046931224139828883, 0.00042351874390427396, 0.0003873959228996784, 0.00035098867023362933, 0.00027106337336519346, 0.0001601350253983252, 0.00013083856426861386, 0.0001285631109769858, 9.556903824837881e-05]}, "2012-4": {"Total Votes": 7614979.0, "Parties": ["saenuri-dang", "min ju tong hap-dang", "tonghap jinbo-dang", "independent", "jayu seonjin-dang", "jinbo shin-dang", "gidok-dang", "gungmin saenggak", "hannara-dang", "noksaek-dang", "changjo hanguk-dang", "chinbak yeonhap", "jeongtong minju-dang", "cheongnyeon-dang", "hankuk  gidok-dang", "gungmin haeng bok-dang", "gaja, daegukmin joongsim-dang", "bul gyo yeonhap-dang", "hankuk munhwa yesul-dang", "mi rae yeonhap", "dae hanguk-dang"], "Percent": [0.44485730032873366, 0.3579564697420702, 0.10315484783346088, 0.03054072768946572, 0.014300630375999724, 0.011494713248716773, 0.008048479188189487, 0.005040329067223954, 0.004217871119539528, 0.003637436163645363, 0.003249910472504258, 0.003231788295148286, 0.002244786229876668, 0.0019218700406133753, 0.0016034187356261916, 0.0011969829463745075, 0.0011172716300333855, 0.000822063987307122, 0.0005168760150224971, 0.0005149062131359785, 0.00033132067731243906]}, "1960-7": {"Total Votes": 4833632.0, "Parties": ["minju-dang", "independent", "sahoe daejung-dang", "jayu-dang", "others", "hanguk sahoe-dang", "hanguk dongnip-dang"], "Percent": [0.4799086897802729, 0.38547183567139576, 0.09491475561234285, 0.01940818001866919, 0.014487863370649648, 0.003787214252140006, 0.002021461294529662]}, "2004-4": {"Total Votes": 7007001.0, "Parties": ["yeollin uri party", "hannara-dang", "minju nodong-dang", "saecheonnyeon minju-dang", "independent", "jayu minju yeonhap", "gidok-dang", "noksaek sahmin-dang", "tong hap21", "rohnyeon gwonik boho-dang", "gonghwa-dang", "sahoe-dang", "gaja, heemang 2080", "minju hwahap-dang", "guguk chong yeonhap"], "Percent": [0.40251428535546085, 0.3810190693564907, 0.09626243809584158, 0.0630777703613857, 0.019858139024098897, 0.019022403450491873, 0.00794705181289399, 0.0032192089026389465, 0.0026840298724090375, 0.0010155557277642746, 0.0008782644672092955, 0.0008534321602066276, 0.0007983443986949623, 0.0006861708739587736, 0.00016383614045438268]}, "1973-2": {"Total Votes": 4427175.0, "Parties": ["minju gonghwa-dang", "sinmin-dang", "independent", "minju tongil-dang"], "Percent": [0.41055820020667816, 0.33805666141501073, 0.1960290704568941, 0.05535606792141715]}, "1967-6": {"Total Votes": 3878576.0, "Parties": ["minju gonghwa-dang", "sinmin-dang", "minju-dang", "jayu-dang", "minjung-dang", "hanguk dongnip-dang", "daejung-dang", "tonhan-dang", "jeongui-dang", "tongil sahoe-dang", "jamin-dang"], "Percent": [0.5583123806262916, 0.3186043021975077, 0.041868201112985795, 0.026376433000152626, 0.015566537822128534, 0.012434718308987628, 0.011106911402535365, 0.010264076300167896, 0.0035203641748930534, 0.001604712657428912, 0.0003413623969209318]}, "2000-4": {"Total Votes": 5907981.0, "Parties": ["hannara-dang", "saecheonnyeon minju-dang", "jayu minju yeonhap", "independent", "minju gungmin-dang", "minju nodong-dang", "hanguk sin-dang", "gonghwa-dang"], "Percent": [0.4517932606756861, 0.2886515714928671, 0.10753944537059279, 0.09256884881654158, 0.0443430674540084, 0.013115817400225221, 0.00143754693862421, 0.0005504418514548371]}, "1985-2": {"Total Votes": 5711989.0, "Parties": ["minju jeongui-dang", "sinhan minju-dang", "minju hanguk-dang", "hanguk gungmin-dang", "independent", "sin minju-dang", "geunro nongmin-dang", "sinjung sahoe-dang", "mingwon-dang"], "Percent": [0.39038152909608187, 0.21955854606862868, 0.19375912663697356, 0.11906430492075529, 0.03242565768246402, 0.016420724899855375, 0.014412667811510141, 0.008505618620764151, 0.005471824262966893]}, "1954-5": {"Total Votes": 3854788.0, "Parties": ["independent", "jayu-dang", "minju gungmin-dang", "gungmin-hoe", "joseon minju-dang", "daehan nodong chongyeonmaeng", "nongmin-hoe", "dongnip nonong-dang", "bulgyo", "daehan gungmin-dang"], "Percent": [0.45944939125056905, 0.42246836920733377, 0.0860145875726499, 0.02133943552797197, 0.003843272314845849, 0.0037747860582735032, 0.0020034824223796486, 0.0004962659425109759, 0.0003240126305259848, 0.00028639707293890093]}, "1988-4": {"Total Votes": 5710141.0, "Parties": ["minju jeongui-dang", "tongil minju-dang", "sin minju gonghwa-dang", "pyunghwa minju-dang", "independent", "hankyoreh minju-dang", "minjungui-dang", "minju hanguk-dang", "sinhan minju-dang", "hanguk gungmin-dang", "uri jeongui-dang", "jesamsedae-dang", "sahoe minju-dang"], "Percent": [0.4088179258620759, 0.2791906539610843, 0.15162357637053095, 0.07500270133434533, 0.06264276136088408, 0.009992047481839763, 0.0035128729745902945, 0.0032239133849759575, 0.0020409303377972626, 0.0018470647222196442, 0.0010469093495239434, 0.0009351783082063998, 0.0001234645519261258]}, "1978-12": {"Total Votes": 5224853.0, "Parties": ["independent", "minju gonghwa-dang", "sinmin-dang", "minju tongil-dang"], "Percent": [0.36925172823044017, 0.31421879237559414, 0.2812618843056446, 0.03526759508832114]}, "1963-11": {"Total Votes": 3236642.0, "Parties": ["minju gonghwa-dang", "minjeong-dang", "minju-dang", "gungminui-dang", "jayu minju-dang", "jayu-dang", "bosu-dang", "chupung-hoe", "sinmin-hoe", "jeongmin-hoe", "shinheung-dang", "hanguk dongnip-dang"], "Percent": [0.38409252552491147, 0.19726092660232422, 0.1563401204087446, 0.09971878261482117, 0.06688382589115509, 0.02806983286999304, 0.021086051531185715, 0.020006228677746873, 0.010234063575767727, 0.010167945667145148, 0.005778828798489299, 0.00036086783771575604]}, "1958-5": {"Total Votes": 4099898.0, "Parties": ["jayu-dang", "minju-dang", "independent", "gungmin-hoe", "nonong-dang", "gungmin-dang", "daehan bangong cheongnyeon-hoe", "nongmin-hoe", "tongil-dang", "minju hyuksin-dang"], "Percent": [0.4736325147601233, 0.2950770970399751, 0.20557877293532673, 0.008775096356055688, 0.005574772835812013, 0.004057905830827986, 0.0028495830871889984, 0.0024461584166240234, 0.0012622265236842478, 0.0007458722143819188]}, "2008-4": {"Total Votes": 5649955.0, "Parties": ["hannara-dang", "tonghap minju-dang", "chinbak yeondae", "jayu seonjin-dang", "minju nodong-dang", "independent", "changjo hanguk-dang", "jinbo shin-dang", "gidok-dang", "pyunghwa tongil gajeong-dang", "gungmin shilhyang ahnbo-dang", "munhwa yesul-dang", "jikneung yeonhap-dang", "hanguk sahoe-dang", "shimin-dang", "shin mirae-dang"], "Percent": [0.42526356404608545, 0.24493770304365253, 0.09934999482296764, 0.0452215991100814, 0.04200829918114392, 0.041172717304828084, 0.0366719734935942, 0.033380265860524554, 0.01666809735652762, 0.011186637769681353, 0.001158062320850343, 0.000912573639967044, 0.0006681469144444513, 0.0006559344277963276, 0.000444251325895516, 0.0003001793819596793]}, "1971-5": {"Total Votes": 3993339.0,