{"2003-11": {"Total Votes": 11371.0, "Parties": ["National Democratic Congress", "New National Party", "Grenada United Labour Party", "People\u2019s Labour Movement", "Independent"], "Percent": [0.46706534165860525, 0.4262597836601882, 0.09647348518160231, 0.008090757189341307, 0.0021106323102629498]}, "1962-9": {"Total Votes": 5235.0, "Parties": ["Grenada National Party", "Grenada United Labour Party"], "Percent": [0.5432664756446991, 0.4567335243553009]}, "1976-12": {"Total Votes": 9918.0, "Parties": ["grenada united labour party", "people\u2019s alliance"], "Percent": [0.5591853196208912, 0.4408146803791087]}, "1972-2": {"Total Votes": 8297.0, "Parties": ["Grenada United Labour Party", "Grenada National Party"], "Percent": [0.6393877305050019, 0.3606122694949982]}, "1995-6": {"Total Votes": 10592.0, "Parties": ["grenada united labour party", "new national party", "national democratic congress", "national party", "maurice bishop patriotic movement", "united republican party", "good old democracy"], "Percent": [0.31382175226586106, 0.2830438066465257, 0.24291918429003018, 0.1469033232628399, 0.012462235649546828, 0.0006608761329305136, 0.00018882175226586103]}, "2008-7": {"Total Votes": 13987.0, "Parties": ["National Democratic Congress", "New National Party", "United Labour Platform", "Independent"], "Percent": [0.5216272252806178, 0.4738685922642453, 0.004146707657110174, 0.00035747479802673913]}, "1957-9": {"Total Votes": 6183.0, "Parties": ["Grenada United Labour Party", "People\u2019s Democratic Movement", "Independent", "Grenada Federal Labour Party"], "Percent": [0.4174349021510594, 0.31877729257641924, 0.22707423580786026, 0.036713569464661165]}, "1990-3": {"Total Votes": 9503.0, "Parties": ["national party", "grenada united labour party", "national democratic congress", "new national party", "maurice bishop patriotic movement"], "Percent": [0.34757445017362937, 0.31853099021361675, 0.2180364095548774, 0.09965274123960854, 0.016205408818267916]}, "1954-9": {"Total Votes": 5410.0, "Parties": ["Grenada United Labour Party", "Independent"], "Percent": [0.5709796672828096, 0.4290203327171905]}, "1961-3": {"Total Votes": 5438.0, "Parties": ["Grenada United Labour Party", "Grenada National Party", "Independent", "People\u2019s Progressive Movement"], "Percent": [0.5384332475174696, 0.19198234645090106, 0.1765354909893343, 0.09304891504229496]}, "1951-10": {"Total Votes": 4477.0, "Parties": ["Grenada Mental and Manual Workers Union", "Independent", "Action Council"], "Percent": [0.6881840518204154, 0.16283225374134466, 0.1489836944382399]}, "1967-8": {"Total Votes": 6953.0, "Parties": ["Grenada United Labour Party", "Grenada National Party"], "Percent": [0.5985905364590824, 0.4014094635409176]}, "1999-1": {"Total Votes": 10195.0, "Parties": ["new national party", "national democratic congress", "grenada united labour party", "maurice bishop patriotic movement"], "Percent": [0.6261893084845513, 0.2807258460029426, 0.09033840117704757, 0.0027464443354585583]}, "2013-2": {"Total Votes": 13288.0, "Parties": ["New National Party", "National Democratic Congress", "Independent"], "Percent": [0.5719446116797109, 0.42767910897049966, 0.00037627934978928356]}, "1984-12": {"Total Votes": 10218.0, "Parties": ["new national party", "grenada united labour party", "maurice bishop patriotic movement", "christian democratic labour party", "grenada federated labour party"], "Percent": [0.536308475239773, 0.43873556468976316, 0.020454100606772364, 0.0035231943628890195, 0.0009786651008025053]}}