{"2003-11": {"Total Votes": 5397.0, "Parties": ["National Democratic Congress", "New National Party", "Grenada United Labour Party", "People\u2019s Labour Movement"], "Percent": [0.5241801000555865, 0.4345006485084306, 0.037428200852325365, 0.0038910505836575876]}, "1962-9": {"Total Votes": 2495.0, "Parties": ["Grenada United Labour Party", "Grenada National Party"], "Percent": [0.535871743486974, 0.464128256513026]}, "1976-12": {"Total Votes": 4279.0, "Parties": ["grenada united labour party", "people\u2019s alliance"], "Percent": [0.5307314793175976, 0.46926852068240243]}, "1972-2": {"Total Votes": 3666.0, "Parties": ["Grenada United Labour Party", "Grenada National Party"], "Percent": [0.6557555919258047, 0.3442444080741953]}, "1995-6": {"Total Votes": 5070.0, "Parties": ["national democratic congress", "grenada united labour party", "new national party", "national party", "maurice bishop patriotic movement", "united republican party"], "Percent": [0.34437869822485206, 0.32366863905325444, 0.2964497041420118, 0.01893491124260355, 0.013412228796844181, 0.003155818540433925]}, "2008-7": {"Total Votes": 6101.0, "Parties": ["National Democratic Congress", "New National Party", "United Labour Platform"], "Percent": [0.5613833797738076, 0.4314046877561056, 0.007211932470086871]}, "1957-9": {"Total Votes": 2528.0, "Parties": ["Grenada United Labour Party", "Grenada National Party", "People\u2019s Democratic Movement"], "Percent": [0.3888449367088608, 0.379746835443038, 0.23140822784810128]}, "1990-3": {"Total Votes": 4493.0, "Parties": ["national democratic congress", "grenada united labour party", "new national party", "national party", "maurice bishop patriotic movement"], "Percent": [0.3890496327620743, 0.3354106387714222, 0.14222123302915646, 0.1219675050077899, 0.01135099042955709]}, "1954-9": {"Total Votes": 2535.0, "Parties": ["Independent", "Grenada United Labour Party"], "Percent": [0.5838264299802761, 0.4161735700197239]}, "1961-3": {"Total Votes": 2343.0, "Parties": ["Grenada United Labour Party", "People\u2019s Progressive Movement", "Independent"], "Percent": [0.6427656850192062, 0.3508322663252241, 0.006402048655569782]}, "1951-10": {"Total Votes": 2183.0, "Parties": ["Grenada Mental and Manual Workers Union", "Independent", "Action Council"], "Percent": [0.7755382501145213, 0.1635364177737059, 0.06092533211177279]}, "1967-8": {"Total Votes": 3039.0, "Parties": ["Grenada United Labour Party", "Grenada National Party"], "Percent": [0.6666666666666666, 0.3333333333333333]}, "1999-1": {"Total Votes": 4422.0, "Parties": ["new national party", "national democratic congress"], "Percent": [0.6004070556309362, 0.3995929443690638]}, "2013-2": {"Total Votes": 5667.0, "Parties": ["New National Party", "National Democratic Congress", "Good Old Democracy"], "Percent": [0.5590259396506088, 0.43885653785071466, 0.0021175224986765486]}, "1984-12": {"Total Votes": 4723.0, "Parties": ["new national party", "grenada united labour party", "maurice bishop patriotic movement"], "Percent": [0.6047004022866822, 0.37179758627990683, 0.023502011433410967]}}