{"2003-11": {"Total Votes": 2138.0, "Parties": ["New National Party", "National Democratic Congress", "Grenada United Labour Party", "People\u2019s Labour Movement"], "Percent": [0.6637043966323667, 0.30823199251637046, 0.01824134705332086, 0.009822263797942002]}, "1962-9": {"Total Votes": 1102.0, "Parties": ["Grenada United Labour Party", "Grenada National Party"], "Percent": [0.5644283121597096, 0.4355716878402904]}, "1976-12": {"Total Votes": 1940.0, "Parties": ["grenada united labour party", "people\u2019s alliance"], "Percent": [0.5561855670103093, 0.4438144329896907]}, "1972-2": {"Total Votes": 1652.0, "Parties": ["Grenada United Labour Party", "Grenada National Party"], "Percent": [0.6277239709443099, 0.37227602905569007]}, "1995-6": {"Total Votes": 1826.0, "Parties": ["new national party", "national democratic congress", "grenada united labour party", "national party", "maurice bishop patriotic movement", "good old democracy"], "Percent": [0.34008762322015335, 0.2623220153340635, 0.23658269441401972, 0.12869660460021906, 0.029572836801752465, 0.002738225629791895]}, "2008-7": {"Total Votes": 2503.0, "Parties": ["New National Party", "National Democratic Congress", "United Labour Platform"], "Percent": [0.626847782660807, 0.36316420295645224, 0.00998801438274071]}, "1957-9": {"Total Votes": 0, "Parties": [], "Percent": []}, "1990-3": {"Total Votes": 1861.0, "Parties": ["new national party", "grenada united labour party", "national democratic congress", "national party", "maurice bishop patriotic movement"], "Percent": [0.3030628694250403, 0.26222461042450296, 0.23428264373992477, 0.1305749596990865, 0.06985491671144546]}, "1954-9": {"Total Votes": 0, "Parties": [], "Percent": []}, "1961-3": {"Total Votes": 1041.0, "Parties": ["Grenada United Labour Party", "Grenada National Party"], "Percent": [0.696445725264169, 0.3035542747358309]}, "1951-10": {"Total Votes": 0, "Parties": [], "Percent": []}, "1967-8": {"Total Votes": 1391.0, "Parties": ["Grenada United Labour Party", "Grenada National Party"], "Percent": [0.6599568655643422, 0.3400431344356578]}, "1999-1": {"Total Votes": 1952.0, "Parties": ["new national party", "national democratic congress"], "Percent": [0.6460040983606558, 0.35399590163934425]}, "2013-2": {"Total Votes": 2505.0, "Parties": ["New National Party", "National Democratic Congress"], "Percent": [0.6866267465069861, 0.313373253493014]}, "1984-12": {"Total Votes": 1819.0, "Parties": ["new national party", "grenada united labour party", "maurice bishop patriotic movement"], "Percent": [0.5112699285321606, 0.41231445849367787, 0.07641561297416163]}}