{"2006-5": {"Total Votes": 50383.0, "Parties": ["partido\u00a0reformista\u00a0social\u00a0cristiano", "partido de la liberacion dominicana", "partido revolucionario dominicano", "partido popular cristiano", "bloque institucional socialdemocrata", "partido democrata popular", "alianza\u00a0por\u00a0la\u00a0democracia", "partido revolucionario independiente", "partido\u00a0de\u00a0unidad\u00a0nacional", "partido\u00a0de\u00a0los\u00a0trabajadores\u00a0dominicanos", "union democrata cristiana", "partido\u00a0revolucionario\u00a0social\u00a0democrata", "partido liberal de la republica dominicana (la estructura)", "partido\u00a0verde\u00a0de\u00a0la\u00a0unidad\u00a0democratica", "partido\u00a0quiqueyano\u00a0democrata\u00a0cristiano", "partido nacional de veteranos y civiles", "partido\u00a0humanista\u00a0dominicano", "alianza social dominicana", "partido renacentista nacional", "movimiento independencia, unidad y cambio"], "Percent": [0.5890875890677411, 0.2459162812853542, 0.09775122561181351, 0.016374570787765715, 0.010975924418950837, 0.007780402119762619, 0.005239862652085029, 0.005061230970763948, 0.005041383006172717, 0.0034535458388742233, 0.0029771946886846755, 0.002679475219816208, 0.0017069249548458806, 0.0015084453089335688, 0.0014885973443423378, 0.000932854335787865, 0.0006946787606930909, 0.0005954389377369351, 0.0004961991147807792, 0.00023817557509477402]}, "2002-5": {"Total Votes": 48161.0, "Parties": ["partido\u00a0reformista\u00a0social\u00a0cristiano", "partido revolucionario dominicano", "partido de la liberacion dominicana", "partido popular cristiano", "partido quiqueyano democrata", "partido nacional de veteranos y civiles", "bloque institucional socialdemocrata", "partido renacentista nacional", "alianza\u00a0por\u00a0la\u00a0democracia", "alianza social dominicana", "partido\u00a0de\u00a0los\u00a0trabajadores\u00a0dominicanos", "partido democrata popular", "partido revolucionario independiente", "partido\u00a0de\u00a0unidad\u00a0nacional", "partido nueva alternativa", "fuerza de la revolucion", "union democrata cristiana"], "Percent": [0.4491601088017275, 0.3305579203089637, 0.17217250472373913, 0.009613587757729284, 0.007163472519258321, 0.005543904819252092, 0.005398559000020764, 0.005190922115404581, 0.0039035734307842447, 0.0026162247461639088, 0.002117896223085069, 0.0017026224538527024, 0.0016403313884678474, 0.0012042939307738627, 0.0009551296692344428, 0.0007890201615414962, 0.00026992795000103817]}, "1966-7": {"Total Votes": 26639.0, "Parties": ["partido reformista", "partido revolucionario dominicano", "union civica nacional", "partido revolucionario social cristiano", "partido vanguardia revolucionaria dominicana", "partido liberal evolucionista", "partido nacionalista revolucionario democratico", "partido accion revolucionaria", "partido democrata cristiano"], "Percent": [0.6371110026652652, 0.2979466196178535, 0.01910732384849281, 0.017418071248920756, 0.012725702916776155, 0.006757010398288224, 0.0037914336123728368, 0.0034160441458012687, 0.0017267915462292128]}, "1962-12": {"Total Votes": 20813.0, "Parties": ["partido revolucionario dominicano", "union civica nacional", "alianza social democrata", "partido nacional", "partido revolucionario dominicano autentico", "partido revolucionario social cristiano"], "Percent": [0.4772017489069332, 0.3275837217123913, 0.11142074664872915, 0.02969298034882045, 0.028155479748234277, 0.025945322634891653]}, "1970-5": {"Total Votes": 27548.0, "Parties": ["partido reformista", "movimiento de integracion democratica", "partido quiqueyano democrata", "movimiento de conciliacion nacional", "partido revolucionario social cristiano"], "Percent": [0.5225787715986642, 0.3647814723391898, 0.08320023232176564, 0.02236096994337157, 0.007078553797008857]}, "1998-5": {"Total Votes": 37135.0, "Parties": ["partido\u00a0reformista\u00a0social\u00a0cristiano", "partido revolucionario dominicano", "partido de la liberacion dominicana", "bloque institucional socialdemocrata", "partido quiqueyano democrata", "partido nacional de veteranos y civiles", "unidad democr\u00e1tica", "partido revolucionario independiente", "alianza social dominicana", "partido democrata popular"], "Percent": [0.4567119967685472, 0.3452268749158476, 0.18858220008078633, 0.0030429513935640233, 0.0014810825366904537, 0.0012925811229298504, 0.0012925811229298504, 0.0012656523495354786, 0.0006193617880705534, 0.00048471792109869397]}, "1994-5": {"Total Votes": 44595.0, "Parties": ["partido\u00a0reformista\u00a0social\u00a0cristiano", "partido revolucionario dominicano", "partido de la liberacion dominicana", "partido revolucionario independiente", "unidad democr\u00e1tica", "bloque institucional socialdemocrata", "partido popular cristiano", "movimiento de conciliacion nacional", "partido democrata institucional", "partido quiqueyano democrata", "partido renacentista nacional", "partido del pueblo dominicano", "movimiento independencia, unidad y cambio"], "Percent": [0.4897185783159547, 0.3712748065926673, 0.10617782262585491, 0.021414956833725754, 0.0052696490637963896, 0.0019508913555331315, 0.001457562507007512, 0.0008296894270658146, 0.0006502971185110438, 0.00042605673281758045, 0.00042605673281758045, 0.00035878461710954143, 4.484807713869268e-05]}, "1982-5": {"Total Votes": 30821.0, "Parties": ["partido revolucionario dominicano", "partido reformista", "partido de la liberacion dominicana", "partido nacional de veteranos y civiles", "partido quiqueyano democrata", "union civica nacional", "partido union patriotica", "movimiento de integracion democratica", "bloque socialista", "alianza social democrata"], "Percent": [0.45118587975730834, 0.39550955517342073, 0.1153109892605691, 0.01473021641088868, 0.007559780669024367, 0.004509912072937283, 0.004445021251743941, 0.0026605236689270302, 0.002303624152363648, 0.0017844975828169105]}, "1974-5": {"Total Votes": 0, "Parties": [], "Percent": []}, "1986-5": {"Total Votes": 34399.0, "Parties": ["partido\u00a0reformista\u00a0social\u00a0cristiano", "partido revolucionario dominicano", "partido de la liberacion dominicana", "partido liberal de la republica dominicana (la estructura)", "movimiento de conciliacion nacional", "partido quiqueyano democrata", "partido acci\u00f3n constitucional", "partido popular cristiano", "fuerza nacional progresista", "partido nacional de veteranos y civiles", "partido comunista dominicano", "partido democr\u00e1tico nacionalista", "unidad democr\u00e1tica"], "Percent": [0.498502863455333, 0.27439751155556846, 0.16148725253641094, 0.030611354981249454, 0.018140062211110787, 0.0063664641413994595, 0.0028779906392627694, 0.0028489200267449635, 0.002005872263728597, 0.0013663187883368702, 0.0009011889880519783, 0.0002907061251780575, 0.00020349428762464025]}, "1978-5": {"Total Votes": 29537.0, "Parties": ["partido revolucionario dominicano", "partido reformista", "movimiento de salvaci\u00f3n nacional", "movimiento de integracion democratica", "partido de la liberacion dominicana", "partido comunista dominicano", "partido democrata popular", "movimiento de conciliacion nacional", "partido revolucionario social cristiano", "partido quiqueyano democrata"], "Percent": [0.4707316247418492, 0.46416359142770086, 0.03984832582862173, 0.007414429359786031, 0.006364898263195314, 0.004739817855570979, 0.003656430917154755, 0.0015235128821478145, 0.0012526661475437586, 0.00030470257642956295]}}