{"2006-5": {"Total Votes": 146050.0, "Parties": ["partido de la liberacion dominicana", "partido revolucionario dominicano", "partido\u00a0reformista\u00a0social\u00a0cristiano", "bloque institucional socialdemocrata", "partido\u00a0revolucionario\u00a0social\u00a0democrata", "partido\u00a0de\u00a0unidad\u00a0nacional", "alianza\u00a0por\u00a0la\u00a0democracia", "union democrata cristiana", "partido\u00a0quiqueyano\u00a0democrata\u00a0cristiano", "partido nacional de veteranos y civiles", "partido\u00a0verde\u00a0de\u00a0la\u00a0unidad\u00a0democratica", "partido\u00a0de\u00a0los\u00a0trabajadores\u00a0dominicanos", "partido liberal de la republica dominicana (la estructura)", "partido democrata popular", "alianza social dominicana", "partido renacentista nacional", "movimiento independencia, unidad y cambio", "partido revolucionario independiente", "partido\u00a0humanista\u00a0dominicano", "partido popular cristiano"], "Percent": [0.4322903115371448, 0.3066073262581308, 0.13903457719958917, 0.025717220130092436, 0.02406710030811366, 0.014618281410475865, 0.014317014720985965, 0.008414926395070181, 0.00812050667579596, 0.005429647381033893, 0.0051900034234851075, 0.004758644299897296, 0.0032249229715850735, 0.002951044162957891, 0.0019034577199589183, 0.0010749743238616912, 0.0008147894556658678, 0.0007326258130777131, 0.0004108182129407737, 0.0003218076001369394]}, "2002-5": {"Total Votes": 113352.0, "Parties": ["partido revolucionario dominicano", "partido de la liberacion dominicana", "partido\u00a0reformista\u00a0social\u00a0cristiano", "partido revolucionario independiente", "partido quiqueyano democrata", "bloque institucional socialdemocrata", "partido\u00a0de\u00a0los\u00a0trabajadores\u00a0dominicanos", "partido nacional de veteranos y civiles", "alianza social dominicana", "partido popular cristiano", "movimiento independencia, unidad y cambio", "partido renacentista nacional", "alianza\u00a0por\u00a0la\u00a0democracia", "partido\u00a0de\u00a0unidad\u00a0nacional", "partido democrata popular", "fuerza de la revolucion", "union democrata cristiana", "partido nueva alternativa"], "Percent": [0.4208042204813325, 0.26416825464041216, 0.25448161479285764, 0.011645140800338767, 0.008345684240242783, 0.007119415625661657, 0.006863575411108758, 0.005663773025619309, 0.004799209541957795, 0.002796598207354083, 0.0025142917637095068, 0.0021878749382454655, 0.0019496788764203543, 0.0019232126473286751, 0.0018879243418731032, 0.0013762439127673089, 0.0009439621709365517, 0.0005293245818335804]}, "1966-7": {"Total Votes": 105380.0, "Parties": ["partido reformista", "partido revolucionario dominicano", "union civica nacional", "partido revolucionario social cristiano", "partido vanguardia revolucionaria dominicana", "partido liberal evolucionista", "partido nacionalista revolucionario democratico", "partido democrata cristiano", "partido accion revolucionaria"], "Percent": [0.6133137217688366, 0.3143480736382615, 0.038641108369709624, 0.01356044790282786, 0.007828810020876827, 0.004289238944771304, 0.0033687606756500283, 0.0029322452078193208, 0.001717593471246916]}, "1962-12": {"Total Votes": 85550.0, "Parties": ["partido revolucionario dominicano", "union civica nacional", "partido revolucionario social cristiano", "partido vanguardia revolucionaria dominicana", "alianza social democrata", "partido nacionalista revolucionario democratico", "partido nacional"], "Percent": [0.4713968439509059, 0.342583284628872, 0.15727644652250147, 0.01299824663939217, 0.009433080070134424, 0.003798947983635301, 0.0025131502045587376]}, "1970-5": {"Total Votes": 90560.0, "Parties": ["partido reformista", "partido quiqueyano democrata", "movimiento de integracion democratica", "partido revolucionario social cristiano", "movimiento nacional de la juventud", "movimiento de conciliacion nacional"], "Percent": [0.5108546819787986, 0.20939708480565372, 0.14482111307420495, 0.0689708480565371, 0.04387146643109541, 0.022084805653710248]}, "1998-5": {"Total Votes": 115908.0, "Parties": ["partido revolucionario dominicano", "partido de la liberacion dominicana", "partido\u00a0reformista\u00a0social\u00a0cristiano", "bloque institucional socialdemocrata", "partido revolucionario independiente", "partido quiqueyano democrata", "unidad democr\u00e1tica", "partido nacional de veteranos y civiles", "movimiento de conciliacion nacional", "partido del pueblo dominicano", "partido democrata institucional", "partido democrata popular", "alianza social dominicana", "partido renacentista nacional"], "Percent": [0.5109397108051213, 0.33014977395865686, 0.14276840252614142, 0.004684749974117403, 0.003347482486109673, 0.002070607723366808, 0.0014580529385374607, 0.0010784415225868792, 0.0008109880249853331, 0.0006988301066362978, 0.0006298098491907375, 0.0006125547848293474, 0.0003796114159505815, 0.00037098388376988645]}, "1994-5": {"Total Votes": 145498.0, "Parties": ["partido\u00a0reformista\u00a0social\u00a0cristiano", "partido revolucionario dominicano", "partido de la liberacion dominicana", "movimiento independencia, unidad y cambio", "partido revolucionario independiente", "unidad democr\u00e1tica", "partido popular cristiano", "bloque institucional socialdemocrata", "partido quiqueyano democrata", "movimiento de conciliacion nacional", "partido democrata institucional", "partido renacentista nacional", "partido del pueblo dominicano"], "Percent": [0.41871365929428583, 0.32747529175658774, 0.19856630331688407, 0.018357640654854363, 0.017429792849386245, 0.012330066392665191, 0.001711363730085637, 0.0015395400624063562, 0.0010859255797330547, 0.001003450219247, 0.0007835159246175205, 0.0006941676174242945, 0.00030928260182270546]}, "1982-5": {"Total Votes": 129214.0, "Parties": ["partido revolucionario dominicano", "partido reformista", "partido de la liberacion dominicana", "partido quiqueyano democrata", "partido nacional de veteranos y civiles", "movimiento de integracion democratica", "alianza social democrata", "partido comunista dominicano", "partido union patriotica", "movimiento por el socialismo", "union civica nacional", "partido accion nacional", "bloque socialista", "partido acci\u00f3n constitucional"], "Percent": [0.4152413825127308, 0.40152769823703316, 0.09550822666274553, 0.033169780364356805, 0.01394585726004922, 0.00927918027458325, 0.0088999644001424, 0.005928150200442676, 0.004597025090160509, 0.004179113718327736, 0.003637376754840807, 0.00202764406333679, 0.002004426764901636, 5.4173696348692865e-05]}, "1974-5": {"Total Votes": 0, "Parties": [], "Percent": []}, "1986-5": {"Total Votes": 102972.0, "Parties": ["partido\u00a0reformista\u00a0social\u00a0cristiano", "partido revolucionario dominicano", "partido de la liberacion dominicana", "partido liberal de la republica dominicana (la estructura)", "partido quiqueyano democrata", "movimiento de conciliacion nacional", "partido popular cristiano", "fuerza nacional progresista", "partido acci\u00f3n constitucional", "partido nacional de veteranos y civiles", "partido comunista dominicano", "partido democr\u00e1tico nacionalista", "unidad democr\u00e1tica"], "Percent": [0.41432622460474694, 0.3493765295420114, 0.17612554869284855, 0.03388299731965971, 0.009021870022918852, 0.0038262828730140233, 0.0031173522899428973, 0.00306879540069145, 0.0030396612671405817, 0.0015635318338965932, 0.0013693042768908052, 0.0008060443615740201, 0.00047585751466418057]}, "1978-5": {"Total Votes": 116376.0, "Parties": ["partido revolucionario dominicano", "partido reformista", "partido de la liberacion dominicana", "union civica nacional", "movimiento de integracion democratica", "alianza social democrata", "partido comunista dominicano", "movimiento de conciliacion nacional", "partido quiqueyano democrata", "movimiento de salvaci\u00f3n nacional", "partido revolucionario social cristiano", "partido democrata popular"],