{"2006-5": {"Total Votes": 57193.0, "Parties": ["partido revolucionario dominicano", "partido de la liberacion dominicana", "partido\u00a0reformista\u00a0social\u00a0cristiano", "bloque institucional socialdemocrata", "partido\u00a0quiqueyano\u00a0democrata\u00a0cristiano", "partido\u00a0de\u00a0unidad\u00a0nacional", "alianza\u00a0por\u00a0la\u00a0democracia", "partido\u00a0verde\u00a0de\u00a0la\u00a0unidad\u00a0democratica", "union democrata cristiana", "partido nacional de veteranos y civiles", "partido\u00a0revolucionario\u00a0social\u00a0democrata", "partido\u00a0de\u00a0los\u00a0trabajadores\u00a0dominicanos", "partido liberal de la republica dominicana (la estructura)", "alianza social dominicana", "partido popular cristiano", "partido revolucionario independiente", "partido democrata popular", "partido\u00a0humanista\u00a0dominicano", "movimiento independencia, unidad y cambio", "partido renacentista nacional"], "Percent": [0.41001521165177557, 0.40742748238420784, 0.06373157554246149, 0.02143618974350008, 0.019617785393317363, 0.016173307922298184, 0.014319934257688878, 0.0073085867151574495, 0.00708128617138461, 0.006853985627611771, 0.005665028937107688, 0.005262881821201895, 0.004353679646110538, 0.0027975451541272533, 0.0022730054377283933, 0.0022380361233018025, 0.001783435035756124, 0.0006469323168919273, 0.0006469323168919273, 0.000367177801479202]}, "2002-5": {"Total Votes": 46573.0, "Parties": ["partido revolucionario dominicano", "partido\u00a0reformista\u00a0social\u00a0cristiano", "partido de la liberacion dominicana", "bloque institucional socialdemocrata", "partido renacentista nacional", "alianza social dominicana", "partido quiqueyano democrata", "partido popular cristiano", "movimiento independencia, unidad y cambio", "alianza\u00a0por\u00a0la\u00a0democracia", "partido\u00a0de\u00a0unidad\u00a0nacional", "fuerza de la revolucion", "union democrata cristiana", "partido nueva alternativa"], "Percent": [0.5232001374186761, 0.28127885255405494, 0.13703218603053272, 0.01627552444549417, 0.011745002469241836, 0.006785047130311554, 0.006785047130311554, 0.005303502029072638, 0.004079616945440491, 0.0031778068838168036, 0.0016747901144439912, 0.0013741867605694287, 0.0007085650484186117, 0.0005797350396152277]}, "1966-7": {"Total Votes": 34533.0, "Parties": ["partido reformista", "partido revolucionario dominicano", "partido revolucionario social cristiano", "union civica nacional", "partido vanguardia revolucionaria dominicana", "partido liberal evolucionista", "partido democrata cristiano", "partido nacionalista revolucionario democratico", "partido accion revolucionaria"], "Percent": [0.5339530304346567, 0.40668346219558105, 0.025222251180030696, 0.013233718472186025, 0.008745258158862537, 0.006110097587814554, 0.003474937016766571, 0.0017085106999102308, 0.0008687342541916428]}, "1962-12": {"Total Votes": 29575.0, "Parties": ["partido revolucionario dominicano", "union civica nacional", "partido revolucionario social cristiano", "partido vanguardia revolucionaria dominicana", "alianza social democrata", "partido nacional", "partido nacionalista revolucionario democratico"], "Percent": [0.5983770076077768, 0.30704987320371935, 0.07489433643279797, 0.01342349957734573, 0.003043110735418428, 0.0019611158072696533, 0.0012510566356720202]}, "1970-5": {"Total Votes": 29117.0, "Parties": ["partido reformista", "partido quiqueyano democrata", "movimiento de integracion democratica", "movimiento de conciliacion nacional", "partido revolucionario social cristiano"], "Percent": [0.677885771198956, 0.15108012501287907, 0.14513857883710546, 0.01432153037744273, 0.011573994573616787]}, "1998-5": {"Total Votes": 42556.0, "Parties": ["partido revolucionario dominicano", "partido de la liberacion dominicana", "partido\u00a0reformista\u00a0social\u00a0cristiano", "bloque institucional socialdemocrata", "unidad democr\u00e1tica", "partido revolucionario independiente", "partido nacional de veteranos y civiles", "partido renacentista nacional", "partido quiqueyano democrata", "alianza social dominicana", "partido democrata popular"], "Percent": [0.5667120970015979, 0.2805244853839647, 0.1402857411410847, 0.0041827239402199455, 0.00279631544318075, 0.0024673371557477207, 0.0010104333114014474, 0.0007989472694802143, 0.0005639627784566219, 0.0005404643293542627, 0.00011749224551179622]}, "1994-5": {"Total Votes": 52753.0, "Parties": ["partido revolucionario dominicano", "partido\u00a0reformista\u00a0social\u00a0cristiano", "partido de la liberacion dominicana", "unidad democr\u00e1tica", "partido revolucionario independiente", "movimiento independencia, unidad y cambio", "bloque institucional socialdemocrata", "partido popular cristiano", "movimiento de conciliacion nacional", "partido democrata institucional", "partido renacentista nacional", "partido quiqueyano democrata", "partido del pueblo dominicano"], "Percent": [0.43491365419976113, 0.41087710651526926, 0.07791026102780885, 0.027789888726707485, 0.02576156806247986, 0.011809754895456182, 0.0032036092734062517, 0.0027297025761568064, 0.0016871078422080262, 0.0011942448770686028, 0.0011184198055086915, 0.000739294447709135, 0.0002653877504596895]}, "1982-5": {"Total Votes": 41727.0, "Parties": ["partido revolucionario dominicano", "partido reformista", "partido de la liberacion dominicana", "partido nacional de veteranos y civiles", "partido quiqueyano democrata", "partido comunista dominicano", "alianza social democrata", "union civica nacional", "movimiento por el socialismo", "movimiento de integracion democratica", "partido union patriotica", "partido accion nacional", "bloque socialista", "partido acci\u00f3n constitucional"], "Percent": [0.5008986986843051, 0.416373091763127, 0.03498933544227958, 0.015936923335010903, 0.009586119299254679, 0.004888920842619887, 0.003642725333716778, 0.0030675581757614975, 0.0029716969827689507, 0.0026601481055431734, 0.0020130850528434826, 0.001581709684377022, 0.0013660220001437918, 2.39652982481367e-05]}, "1974-5": {"Total Votes": 0, "Parties": [], "Percent": []}, "1986-5": {"Total Votes": 47974.0, "Parties": ["partido\u00a0reformista\u00a0social\u00a0cristiano", "partido revolucionario dominicano", "partido de la liberacion dominicana", "partido liberal de la republica dominicana (la estructura)", "partido quiqueyano democrata", "fuerza nacional progresista", "partido acci\u00f3n constitucional", "movimiento de conciliacion nacional", "partido popular cristiano", "partido nacional de veteranos y civiles", "partido comunista dominicano", "unidad democr\u00e1tica", "partido democr\u00e1tico nacionalista"], "Percent": [0.4460958018926919, 0.4254804685871514, 0.07581189811147705, 0.03528994872222454, 0.0042731479551423686, 0.004148080210113812, 0.0023554425313711594, 0.0020219285446283403, 0.001542502188685538, 0.001417434443656981, 0.0009380080877141785, 0.00035435861091424523, 0.00027098011422854046]}, "1978-5": {"Total Votes": 35547.0, "Parties": ["partido revolucionario dominicano", "partido reformista", "movimiento de integracion democratica", "movimiento de conciliacion nacional", "partido comunista dominicano", "union civica nacional", "partido de la liberacion dominicana", "movimiento de salvaci\u00f3n nacional", "alianza social democrata", "partido democrata popular", "partido revolucionario social cristiano", "partido quiqueyano democrata"], "Percent": [0.4878611415871944, 0.4751174501364391, 0.005035586688046811, 0.004782400765184123, 0.004782400765184123, 0.004782400765184123, 0.0036852617661124708, 0.00362899822769854, 0.0030100993051453005, 0.0028131769206965426, 0.0023349368441781303, 0.0021661462289363376]}}