{"2006-5": {"Total Votes": 60002.0, "Parties": ["partido de la liberacion dominicana", "partido revolucionario dominicano", "partido\u00a0reformista\u00a0social\u00a0cristiano", "bloque institucional socialdemocrata", "alianza\u00a0por\u00a0la\u00a0democracia", "partido\u00a0de\u00a0unidad\u00a0nacional", "partido\u00a0revolucionario\u00a0social\u00a0democrata", "partido\u00a0quiqueyano\u00a0democrata\u00a0cristiano", "partido\u00a0de\u00a0los\u00a0trabajadores\u00a0dominicanos", "union democrata cristiana", "partido popular cristiano", "partido\u00a0verde\u00a0de\u00a0la\u00a0unidad\u00a0democratica", "partido liberal de la republica dominicana (la estructura)", "partido nacional de veteranos y civiles", "partido democrata popular", "alianza social dominicana", "partido revolucionario independiente", "partido\u00a0humanista\u00a0dominicano", "partido renacentista nacional", "movimiento independencia, unidad y cambio"], "Percent": [0.40206993100229993, 0.3102729909003033, 0.16867771074297525, 0.02273257558081397, 0.017832738908703044, 0.01314956168127729, 0.01216626112462918, 0.010032998900036666, 0.010016332788907036, 0.0072330922302589916, 0.005483150561647945, 0.005149828339055365, 0.004199860004666511, 0.003933202226592447, 0.003916536115462818, 0.0016832772240925303, 0.0005499816672777574, 0.00034998833372220923, 0.0002833238892036932, 0.0002666577780740642]}, "2002-5": {"Total Votes": 49409.0, "Parties": ["partido revolucionario dominicano", "partido\u00a0reformista\u00a0social\u00a0cristiano", "partido de la liberacion dominicana", "bloque institucional socialdemocrata", "fuerza de la revolucion", "partido renacentista nacional", "partido\u00a0de\u00a0los\u00a0trabajadores\u00a0dominicanos", "partido nacional de veteranos y civiles", "partido popular cristiano", "partido quiqueyano democrata", "alianza social dominicana", "partido revolucionario independiente", "alianza\u00a0por\u00a0la\u00a0democracia", "partido nueva alternativa", "partido democrata popular", "movimiento independencia, unidad y cambio", "union democrata cristiana", "partido\u00a0de\u00a0unidad\u00a0nacional"], "Percent": [0.3597522718533061, 0.3423667752838552, 0.2356655670019632, 0.009654111599101378, 0.00878382480924528, 0.006395595944058774, 0.005545548381873748, 0.005464591471189459, 0.0043716731769515675, 0.004270477038596207, 0.00390617094051691, 0.003885931712845838, 0.002793013418607946, 0.0026108603695682974, 0.002226315043817928, 0.0012345928879353963, 0.0007286121961585946, 0.0003440668704082252]}, "1966-7": {"Total Votes": 0, "Parties": [], "Percent": []}, "1962-12": {"Total Votes": 0, "Parties": [], "Percent": []}, "1970-5": {"Total Votes": 0, "Parties": [], "Percent": []}, "1998-5": {"Total Votes": 46293.0, "Parties": ["partido revolucionario dominicano", "partido de la liberacion dominicana", "partido\u00a0reformista\u00a0social\u00a0cristiano", "bloque institucional socialdemocrata", "unidad democr\u00e1tica", "partido revolucionario independiente", "partido nacional de veteranos y civiles", "partido renacentista nacional", "partido del pueblo dominicano", "partido quiqueyano democrata", "partido democrata popular", "alianza social dominicana"], "Percent": [0.46834294601775645, 0.25904564404985636, 0.2508154580606139, 0.0061564383384096946, 0.004363510681960556, 0.003175426090337632, 0.002008943036744216, 0.0019225368846261853, 0.0015769122761540623, 0.0014689045860065237, 0.0006264446028557233, 0.0004968353746786771]}, "1994-5": {"Total Votes": 63970.0, "Parties": ["partido revolucionario dominicano", "partido\u00a0reformista\u00a0social\u00a0cristiano", "partido de la liberacion dominicana", "partido revolucionario independiente", "movimiento independencia, unidad y cambio", "unidad democr\u00e1tica", "partido popular cristiano", "bloque institucional socialdemocrata", "partido quiqueyano democrata", "movimiento de conciliacion nacional", "partido renacentista nacional", "partido democrata institucional", "partido del pueblo dominicano"], "Percent": [0.42682507425355637, 0.3763951852430827, 0.14172268250742537, 0.020931686728153823, 0.01425668282007191, 0.009285602626231047, 0.0027825543223385964, 0.0026887603564170704, 0.0015944974206659373, 0.0012036892293262468, 0.0010317336251367828, 0.000859778020947319, 0.00042207284664686574]}, "1982-5": {"Total Votes": 0, "Parties": [], "Percent": []}, "1974-5": {"Total Votes": 0, "Parties": [], "Percent": []}, "1986-5": {"Total Votes": 41427.0, "Parties": ["partido\u00a0reformista\u00a0social\u00a0cristiano", "partido revolucionario dominicano", "partido de la liberacion dominicana", "partido liberal de la republica dominicana (la estructura)", "partido quiqueyano democrata", "fuerza nacional progresista", "partido acci\u00f3n constitucional", "partido comunista dominicano", "partido popular cristiano", "partido nacional de veteranos y civiles", "movimiento de conciliacion nacional", "partido democr\u00e1tico nacionalista", "unidad democr\u00e1tica"], "Percent": [0.37168996065368, 0.33516788567842226, 0.20595263958288074, 0.0605402273879354, 0.009003789798923408, 0.004610519709368287, 0.004151881623096048, 0.002896661597508871, 0.0021000796581939316, 0.0016897192652135082, 0.0012793588722330848, 0.0006276100127935887, 0.0002896661597508871]}, "1978-5": {"Total Votes": 0, "Parties": [], "Percent": []}}