{"2006-5": {"Total Votes": 293879.0, "Parties": ["partido de la liberacion dominicana", "partido revolucionario dominicano", "partido\u00a0reformista\u00a0social\u00a0cristiano", "bloque institucional socialdemocrata", "alianza\u00a0por\u00a0la\u00a0democracia", "partido\u00a0de\u00a0unidad\u00a0nacional", "union democrata cristiana", "partido\u00a0revolucionario\u00a0social\u00a0democrata", "partido\u00a0de\u00a0los\u00a0trabajadores\u00a0dominicanos", "partido\u00a0quiqueyano\u00a0democrata\u00a0cristiano", "partido\u00a0verde\u00a0de\u00a0la\u00a0unidad\u00a0democratica", "partido liberal de la republica dominicana (la estructura)", "movimiento independencia, unidad y cambio", "alianza social dominicana", "partido revolucionario independiente", "partido nacional de veteranos y civiles", "partido renacentista nacional", "partido popular cristiano", "partido\u00a0humanista\u00a0dominicano"], "Percent": [0.4575896882730648, 0.23805375681828234, 0.1790839086835058, 0.0297469366644095, 0.01836470111848754, 0.013869653837123443, 0.012600423984020634, 0.010827585502877034, 0.008408222431681066, 0.008227876098666459, 0.006097747712493917, 0.005818721310471316, 0.0034776217422816877, 0.002956999309239517, 0.00144617342511714, 0.0013917292491127302, 0.0013032574631055638, 0.00042534512503445294, 0.0003096512510250818]}, "2002-5": {"Total Votes": 238414.0, "Parties": ["partido revolucionario dominicano", "partido de la liberacion dominicana", "partido\u00a0reformista\u00a0social\u00a0cristiano", "bloque institucional socialdemocrata", "partido quiqueyano democrata", "partido revolucionario independiente", "partido nacional de veteranos y civiles", "alianza\u00a0por\u00a0la\u00a0democracia", "alianza social dominicana", "partido renacentista nacional", "fuerza de la revolucion", "partido popular cristiano", "movimiento independencia, unidad y cambio", "partido\u00a0de\u00a0unidad\u00a0nacional", "partido nueva alternativa", "partido\u00a0de\u00a0los\u00a0trabajadores\u00a0dominicanos", "partido democrata popular", "union democrata cristiana"], "Percent": [0.34003875611331547, 0.32262367142869125, 0.2611046331171827, 0.0149110371035258, 0.010771179544825388, 0.00856073888278373, 0.006488712911154546, 0.005310090850369525, 0.004647378090212823, 0.00421535648074358, 0.0039007776388970444, 0.003431006568406218, 0.0027724881928074692, 0.0026592398097427163, 0.002470492504634795, 0.0022188294311575665, 0.00195877758856443, 0.0019168337429848917]}, "1966-7": {"Total Votes": 134847.0, "Parties": ["partido reformista", "partido revolucionario dominicano", "partido revolucionario social cristiano", "union civica nacional", "partido vanguardia revolucionaria dominicana", "partido liberal evolucionista", "partido nacionalista revolucionario democratico", "partido democrata cristiano", "partido accion revolucionaria"], "Percent": [0.6814389641593807, 0.2599242104014179, 0.017419742374691318, 0.01575860048796043, 0.012918344494130384, 0.004590387624492944, 0.0032184624055410947, 0.0027067713779320266, 0.0020245166744532694]}, "1962-12": {"Total Votes": 106132.0, "Parties": ["union civica nacional", "partido revolucionario dominicano", "partido revolucionario social cristiano", "alianza social democrata", "partido vanguardia revolucionaria dominicana", "partido nacionalista revolucionario democratico", "partido nacional"], "Percent": [0.5050691591602909, 0.34856593675799946, 0.08658086156861267, 0.019748991821505295, 0.018392190856669054, 0.01657370067463159, 0.005069159160290959]}, "1970-5": {"Total Votes": 119352.0, "Parties": ["partido reformista", "movimiento de integracion democratica", "partido quiqueyano democrata", "partido revolucionario social cristiano", "movimiento de conciliacion nacional", "movimiento nacional de la juventud"], "Percent": [0.583266304712112, 0.17349520745358268, 0.11135129700382063, 0.0708073597426101, 0.04564649105167907, 0.015433340036195455]}, "1998-5": {"Total Votes": 195166.0, "Parties": ["partido revolucionario dominicano", "partido de la liberacion dominicana", "partido\u00a0reformista\u00a0social\u00a0cristiano", "unidad democr\u00e1tica", "bloque institucional socialdemocrata", "movimiento de conciliacion nacional", "partido renacentista nacional", "partido revolucionario independiente", "partido quiqueyano democrata", "partido del pueblo dominicano", "partido nacional de veteranos y civiles", "partido democrata popular", "alianza social dominicana"], "Percent": [0.43893403564145395, 0.30566799545002715, 0.2250596927743562, 0.0099812467335499, 0.005087976389330109, 0.004719059672278983, 0.0030179436992099034, 0.0023877109742475636, 0.0016242583236834285, 0.0011579885840771445, 0.0010555117182296098, 0.0007788241804412653, 0.0005277558591148049]}, "1994-5": {"Total Votes": 313010.0, "Parties": ["partido\u00a0reformista\u00a0social\u00a0cristiano", "partido revolucionario dominicano", "partido de la liberacion dominicana", "unidad democr\u00e1tica", "partido revolucionario independiente", "movimiento independencia, unidad y cambio", "bloque institucional socialdemocrata", "partido popular cristiano", "partido democrata institucional", "partido quiqueyano democrata", "movimiento de conciliacion nacional", "partido renacentista nacional", "partido del pueblo dominicano"], "Percent": [0.39467109677007123, 0.2964346187022779, 0.23720008945401105, 0.03893485831123606, 0.016807769719817258, 0.005971055237851826, 0.0022299607041308582, 0.001971183029296189, 0.0017922750071882687, 0.001309862304718699, 0.001245966582537299, 0.0009200983994121593, 0.0005111657774511996]}, "1982-5": {"Total Votes": 169576.0, "Parties": ["partido reformista", "partido revolucionario dominicano", "partido de la liberacion dominicana", "partido nacional de veteranos y civiles", "partido quiqueyano democrata", "partido union patriotica", "alianza social democrata", "partido comunista dominicano", "movimiento por el socialismo", "movimiento de integracion democratica", "union civica nacional", "bloque socialista", "partido accion nacional", "partido acci\u00f3n constitucional"], "Percent": [0.3746815587111384, 0.3650044817662877, 0.17036019248006792, 0.019430815681464358, 0.013209416426852857, 0.011876680662357881, 0.009665282823040997, 0.008904561966315987, 0.005826296173986885, 0.005802707930367505, 0.0052778695098362974, 0.005030192951832806, 0.0024826626409397558, 0.0024472802755106855]}, "1974-5": {"Total Votes": 95738.0, "Parties": ["partido reformista - movimiento nacional de la juventud", "partido democrata popular"], "Percent": [0.845390545029142, 0.15460945497085796]}, "1986-5": {"Total Votes": 192857.0, "Parties": ["partido\u00a0reformista\u00a0social\u00a0cristiano", "partido de la liberacion dominicana", "partido revolucionario dominicano", "partido liberal de la republica dominicana (la estructura)", "partido quiqueyano democrata", "partido popular cristiano", "fuerza nacional progresista", "partido comunista dominicano", "partido acci\u00f3n constitucional", "partido nacional de veteranos y civiles", "movimiento de conciliacion nacional", "partido democr\u00e1tico nacionalista", "unidad democr\u00e1tica"], "Percent": [0.38687213842380624, 0.30571355978782205, 0.23237424620314534, 0.04789559103377113, 0.008659265673530129, 0.005470374422499572, 0.0035362989157769744, 0.003297780220577941, 0.0025096314886159177, 0.0016229641651586408, 0.000948889591770068, 0.0007777783539098918, 0.0003214817196160886]}, "1978-5": {"Total Votes": 152182.0, "Parties": ["partido revolucionario dominicano", "partido reformista", "movimiento de integracion democratica", "partido de la liberacion dominicana", "partido revolucionario social cristiano", "alianza social democrata", "union civica nacional", "partido comunista dominicano", "movimiento de conciliacion nacional", "movimiento de salvaci\u00f3n nacional", "partido democrata popular", "partido quiqueyano democrata"],