{"2006-5": {"Total Votes": 368484.0, "Parties": ["partido de la liberacion dominicana", "partido revolucionario dominicano", "partido\u00a0reformista\u00a0social\u00a0cristiano", "bloque institucional socialdemocrata", "partido\u00a0revolucionario\u00a0social\u00a0democrata", "alianza\u00a0por\u00a0la\u00a0democracia", "partido\u00a0de\u00a0unidad\u00a0nacional", "union democrata cristiana", "partido\u00a0quiqueyano\u00a0democrata\u00a0cristiano", "partido\u00a0verde\u00a0de\u00a0la\u00a0unidad\u00a0democratica", "partido nacional de veteranos y civiles", "partido liberal de la republica dominicana (la estructura)", "partido\u00a0de\u00a0los\u00a0trabajadores\u00a0dominicanos", "partido revolucionario independiente", "partido renacentista nacional", "partido democrata popular", "alianza social dominicana", "movimiento independencia, unidad y cambio", "partido\u00a0humanista\u00a0dominicano"], "Percent": [0.5233361557082533, 0.2950168799730789, 0.08012288186189903, 0.018619533005503633, 0.01822602880993476, 0.01334929060691916, 0.009311123413771018, 0.007471152071731745, 0.006049109323606995, 0.004567362490637314, 0.00422270709175975, 0.003905189913266248, 0.0034628369210060682, 0.003061191259321979, 0.002434298368450191, 0.002355597529336416, 0.0021574885205327774, 0.0015034574092769293, 0.0008277157217138329]}, "2002-5": {"Total Votes": 265755.0, "Parties": ["partido revolucionario dominicano", "partido de la liberacion dominicana", "partido\u00a0reformista\u00a0social\u00a0cristiano", "bloque institucional socialdemocrata", "partido quiqueyano democrata", "partido renacentista nacional", "partido revolucionario independiente", "alianza\u00a0por\u00a0la\u00a0democracia", "fuerza de la revolucion", "movimiento independencia, unidad y cambio", "partido nacional de veteranos y civiles", "partido popular cristiano", "alianza social dominicana", "partido nueva alternativa", "union democrata cristiana", "partido democrata popular", "partido\u00a0de\u00a0unidad\u00a0nacional", "partido\u00a0de\u00a0los\u00a0trabajadores\u00a0dominicanos"], "Percent": [0.3705969784199733, 0.3695320878252526, 0.18457978213015747, 0.01683505484374706, 0.01078436906172979, 0.007100524919568776, 0.006705424168877349, 0.00562924498127975, 0.004530488607928355, 0.003935956049745067, 0.0036650298206995164, 0.0035747210776843332, 0.0033677635416078716, 0.0021410697823183006, 0.002095915410810709, 0.0017948862674267653, 0.0017647833530883708, 0.0013659197381046453]}, "1966-7": {"Total Votes": 262256.0, "Parties": ["partido revolucionario dominicano", "partido reformista", "partido revolucionario social cristiano", "agrupacion politica 14 de junio", "partido democrata cristiano", "partido vanguardia revolucionaria dominicana", "union civica nacional", "partido liberal evolucionista", "partido accion revolucionaria", "partido nacionalista revolucionario democratico"], "Percent": [0.5608527545604295, 0.34747727411384294, 0.03932417180159844, 0.018413306082606308, 0.013879568055640291, 0.00681776584711122, 0.003874077237508389, 0.0033783783783783786, 0.0031610334939906047, 0.0028216704288939053]}, "1962-12": {"Total Votes": 188036.0, "Parties": ["partido revolucionario dominicano", "union civica nacional", "partido revolucionario social cristiano", "partido nacionalista revolucionario democratico", "partido vanguardia revolucionaria dominicana", "alianza social democrata", "partido revolucionario dominicano autentico", "partido nacional"], "Percent": [0.7421823480610096, 0.17956136059052522, 0.03188751090216767, 0.01607670871535238, 0.011561615860792613, 0.009423727371354421, 0.007057159267374332, 0.0022495692314237698]}, "1970-5": {"Total Votes": 236291.0, "Parties": ["partido reformista", "movimiento de integracion democratica", "partido quiqueyano democrata", "movimiento de conciliacion nacional", "partido revolucionario social cristiano"], "Percent": [0.414285774743854, 0.3708985953760406, 0.12084675252125557, 0.04737378909903466, 0.046595088259815225]}, "1998-5": {"Total Votes": 557498.0, "Parties": ["partido revolucionario dominicano", "partido de la liberacion dominicana", "partido\u00a0reformista\u00a0social\u00a0cristiano", "bloque institucional socialdemocrata", "unidad democr\u00e1tica", "partido revolucionario independiente", "partido quiqueyano democrata", "partido democrata institucional", "partido nacional de veteranos y civiles", "movimiento de conciliacion nacional", "partido del pueblo dominicano", "partido renacentista nacional", "partido democrata popular", "alianza social dominicana"], "Percent": [0.6019465540683554, 0.2991580238852875, 0.07175093004817955, 0.008733663618524193, 0.005268180334279226, 0.005180287642287506, 0.003286110443445537, 0.001086999415244539, 0.0010206314641487504, 0.0007031415359337612, 0.0006367735848379725, 0.00048789412697444653, 0.00039282652135074923, 0.000347983311150892]}, "1994-5": {"Total Votes": 911097.0, "Parties": ["partido revolucionario dominicano", "partido\u00a0reformista\u00a0social\u00a0cristiano", "partido de la liberacion dominicana", "partido revolucionario independiente", "unidad democr\u00e1tica", "movimiento independencia, unidad y cambio", "bloque institucional socialdemocrata", "partido quiqueyano democrata", "partido popular cristiano", "partido democrata institucional", "movimiento de conciliacion nacional", "partido renacentista nacional", "partido del pueblo dominicano", "movimiento por el cambio electoral del distrito nacional"], "Percent": [0.44271795429026767, 0.3300427945652329, 0.17336573383514597, 0.02210961072201972, 0.016257324961008544, 0.0050664199311379575, 0.0025771130845563097, 0.002087593307847573, 0.001960274262784314, 0.0010306257182275873, 0.0010251378283541708, 0.0008209883250630833, 0.0005235446939239181, 0.0004148844744302747]}, "1982-5": {"Total Votes": 423859.0, "Parties": ["partido revolucionario dominicano", "partido reformista", "partido de la liberacion dominicana", "partido acci\u00f3n constitucional", "partido nacional de veteranos y civiles", "partido quiqueyano democrata", "partido comunista dominicano", "partido union patriotica", "bloque socialista", "union civica nacional", "movimiento por el socialismo", "alianza social democrata", "movimiento de integracion democratica", "movimiento popular justicialista", "partido accion nacional", "agrupacion defensora de la capital", "movimiento 20 de octubre", "movimiento municipal del pueblo"], "Percent": [0.5141473933548657, 0.2524471581351346, 0.12200991367412277, 0.04138404516596321, 0.020351107325785225, 0.013247329890364484, 0.007075466133785056, 0.006499803000526118, 0.005324883982645172, 0.004300958573487882, 0.003373763444919183, 0.003003357248518965, 0.0020596471939961164, 0.0015500437645537784, 0.0012763678487421526, 0.0011017814886554256, 0.0006275671862576942, 0.00021941258767656225]}, "1974-5": {"Total Votes": 237822.0, "Parties": ["partido reformista - movimiento nacional de la juventud", "partido democrata popular", "movimiento voluntad popular", "movimiento municipal del pueblo"], "Percent": [0.6830738956025936, 0.13866252911841628, 0.09410819856867741, 0.08415537671031276]}, "1986-5": {"Total Votes": 560313.0, "Parties": ["partido\u00a0reformista\u00a0social\u00a0cristiano", "partido revolucionario dominicano", "partido de la liberacion dominicana", "partido liberal de la republica dominicana (la estructura)", "partido quiqueyano democrata", "fuerza nacional progresista", "partido comunista dominicano", "partido acci\u00f3n constitucional", "partido popular cristiano", "partido nacional de veteranos y civiles", "movimiento de conciliacion nacional", "partido democr\u00e1tico nacionalista", "unidad democr\u00e1tica", "movimiento socialista democr\u00e1tico"],