{"2002-3": {"Total Votes": 12622.0, "Parties": ["partido liberal colombiano", "partido unidad democratica", "movimiento de integracion regional", "movimiento convergencia popular civica", "autoridades indigenas de colombia", "movimiento via alterna", "movimiento politico comunal y comunitario"], "Percent": [0.547219141182063, 0.14038979559499287, 0.13991443511329424, 0.10315322452860086, 0.04983362383140548, 0.011884012042465536, 0.007605767707177943]}, "1998-3": {"Total Votes": 12231.0, "Parties": ["partido liberal colombiano", "movimiento convergencia popular civica", "partido conservador colombiano"], "Percent": [0.7164581800343389, 0.21919712206687925, 0.06434469789878178]}, "2006-3": {"Total Votes": 13553.0, "Parties": ["movimiento nacional progresista", "partido social de unidad nacional", "movimiento popular unido mpu", "movimiento alas equipo colombia", "movimiento politico voluntad popular", "partido liberal colombiano", "partido cambio radical", "movimiento convergencia ciudadana", "movimiento somos colombia", "polo democratico alternativo", "movimiento de participacion popular", "movimiento mira"], "Percent": [0.2842913008190069, 0.2625249022356674, 0.19346270198480042, 0.07201357632996384, 0.05393639784549546, 0.039327086253965915, 0.030915664428539807, 0.027226444329668708, 0.018077178484468385, 0.007894931011584151, 0.006419242972035712, 0.0039105733048033645]}, "2010-3": {"Total Votes": 16307.0, "Parties": ["Partido Cambio Radical", "Partido Liberal Colombiano", "Partido Social De Unidad Nacional", "Partido Alas", "Partido De Integraci\u00f3n Nacional", "Movimiento Alianza Social Indigena", "Movimiento Independiente De Renovaci\u00f3n Absoluta - Mira"], "Percent": [0.3562887103697798, 0.2618507389464647, 0.20494266266020728, 0.15146869442570676, 0.010302324155270742, 0.00791071319065432, 0.007236156251916355]}}