{"2002-3": {"Total Votes": 160303.0, "Parties": ["partido liberal colombiano", "partido conservador colombiano", "movimiento de integracion regional", "movimiento pol.gru.org.lid.pop. golpe", "movimiento comproise civico cristiano con la comunidad", "movimiento huella ciudadana"], "Percent": [0.4469411052818725, 0.2528524107471476, 0.18494975140827058, 0.10357260937100367, 0.008327978889977106, 0.0033561443017286014]}, "1998-3": {"Total Votes": 184600.0, "Parties": ["partido liberal colombiano", "movimiento de integracion regional", "partido conservador colombiano", "movimiento politico laicos por colombia", "movimiento politico comunal y comunitario", "movimiento unitario metapolitico"], "Percent": [0.7194312026002166, 0.13286565547128928, 0.13256771397616468, 0.006327193932827735, 0.005205850487540628, 0.0036023835319609968]}, "2006-3": {"Total Votes": 182387.0, "Parties": ["movimiento alas equipo colombia", "partido liberal colombiano", "partido conservador colombiano", "partido social de unidad nacional", "polo democratico alternativo", "movimiento comproise civico cristiano con la comunidad", "movimiento mira", "movimiento colombia viva", "partido opcion centro", "movimiento conservatismo independiente"], "Percent": [0.3435990503709146, 0.2952842033697577, 0.20170845509822521, 0.11318240883396295, 0.02678919001902548, 0.007270255007209943, 0.00663424476525191, 0.003191016903617034, 0.0012994347184832253, 0.0010417409135519528]}, "2010-3": {"Total Votes": 200674.0, "Parties": ["Partido Conservador Colombiano", "Partido Social De Unidad Nacional", "Partido De Integraci\u00f3n Nacional", "Partido Liberal Colombiano", "Partido Alas", "Polo Democr\u00e1tico Alternativo", "Movimiento Independiente De Renovaci\u00f3n Absoluta - Mira", "Movimiento Apertura Liberal"], "Percent": [0.2832604124101777, 0.2643790426263492, 0.17210002292275034, 0.16084794243399742, 0.06933633654584052, 0.03701525857859015, 0.010569381185405185, 0.0024916032968894824]}}