{"2002-3": {"Total Votes": 117777.0, "Parties": ["coalicion", "partido liberal colombiano", "movimiento comproise civico cristiano con la comunidad", "partido unidad democratica"], "Percent": [0.5609159683129983, 0.42283298097251587, 0.009008550056462637, 0.007242500658023213]}, "1998-3": {"Total Votes": 114562.0, "Parties": ["partido liberal colombiano", "coalicion", "partido conservador colombiano"], "Percent": [0.6050697438941359, 0.23733000471360485, 0.15760025139225922]}, "2006-3": {"Total Votes": 105647.0, "Parties": ["partido liberal colombiano", "partido conservador colombiano", "polo democratico alternativo", "movimiento convergencia ciudadana", "movimiento comproise civico cristiano con la comunidad", "movimiento politico comunal y comunitario", "movimiento mira"], "Percent": [0.5902770547199636, 0.2998192092534573, 0.0511514761422473, 0.024951016119719442, 0.014737758762671917, 0.010383636071066855, 0.00867984893087357]}, "2010-3": {"Total Votes": 117585.0, "Parties": ["Partido Social De Unidad Nacional", "Partido Liberal Colombiano", "Movimiento Independiente De Renovaci\u00f3n Absoluta - Mira"], "Percent": [0.5547136114300293, 0.44087256027554533, 0.0044138282944253095]}}