{"2002-3": {"Total Votes": 278862.0, "Parties": ["partido liberal colombiano", "coalicion", "partido cambio radical", "movimiento renovacion accion laboral", "partido viraje social", "nacional cristiano", "movimiento comproise civico cristiano con la comunidad", "movimiento obrero independiente revolucionario", "movimiento si colombia"], "Percent": [0.35052821825849345, 0.3492444291441645, 0.17893796931815736, 0.10264933909962634, 0.00863509549526289, 0.0033708429258916595, 0.0029512805617115277, 0.001875479627916317, 0.0018073455687759538]}, "1998-3": {"Total Votes": 262463.0, "Parties": ["partido liberal colombiano", "partido conservador colombiano", "movimiento nacional conservador", "corriente de renovacion socialista", "movimiento concertacion civica nacional"], "Percent": [0.747206272884178, 0.11517432933403947, 0.06869158700464446, 0.04484441616532616, 0.02408339461181195]}, "2006-3": {"Total Votes": 265377.0, "Parties": ["movimiento apertura liberal", "partido conservador colombiano", "movimiento renovacion accion laboral", "partido social de unidad nacional", "partido liberal colombiano", "movimiento nacional", "polo democratico alternativo", "partido cambio radical", "movimiento mira", "movimiento alas equipo colombia", "movimiento comproise civico cristiano con la comunidad", "movimiento politico comunal y comunitario", "partido opcion centro"], "Percent": [0.2681430568587331, 0.16831149647482638, 0.12433632153502376, 0.12086201893909419, 0.1109478214012518, 0.09485750460665393, 0.05068638201502014, 0.029983758954242455, 0.013185016033793434, 0.009695640541569165, 0.004435199734717025, 0.0026792073163838612, 0.0018765755886908059]}, "2010-3": {"Total Votes": 298998.0, "Parties": ["Partido Conservador Colombiano", "Partido Alas", "Partido De Integraci\u00f3n Nacional", "Partido Social De Unidad Nacional", "Partido Liberal Colombiano", "Partido Cambio Radical", "Polo Democr\u00e1tico Alternativo", "Movimiento Independiente De Renovaci\u00f3n Absoluta - Mira", "Movimiento Apertura Liberal", "Movimiento Alianza Social Indigena", "Partido De Integracion Social Colombiano Pais"], "Percent": [0.23760694051465228, 0.1810814788058783, 0.15633549388290222, 0.14630867096100977, 0.12060950240469837, 0.10494719028220925, 0.03070589100930441, 0.0130234984849397, 0.003709054910066288, 0.0037023659021130574, 0.0019699128422263693]}}