{"2002-3": {"Total Votes": 187834.0, "Parties": ["partido liberal colombiano", "coalicion", "partido conservador colombiano", "movimiento mira", "movimiento comproise civico cristiano con la comunidad", "movimiento popular unido mpu", "movimiento frente social y politico", "movimiento politico laicos por colombia", "alianza democratica m-19", "movimiento convergencia popular civica", "movimiento civico independiente", "movimiento autonomia ciudadana"], "Percent": [0.4281227040897814, 0.25218544033561546, 0.20584665183087195, 0.04918704813824973, 0.017962669165326833, 0.01453943375533716, 0.010621080315597815, 0.00495650414727898, 0.004945856447714472, 0.0043921760703599984, 0.003827847993441017, 0.0034125877104251626]}, "1998-3": {"Total Votes": 224611.0, "Parties": ["partido liberal colombiano", "partido conservador colombiano", "movimiento nueva fuerza democratica", "coalicion", "movimiento politico actitud renovadora", "movimiento convergencia popular civica", "alianza nacional popular", "movimiento unitario metapolitico", "movimiento ciudadanos en formacion"], "Percent": [0.7060918654918948, 0.12893847585380946, 0.08942126610005743, 0.04912493154832132, 0.013534510776408992, 0.0047816001887708084, 0.0030096477910698943, 0.0026267636046320084, 0.0024709386450351943]}, "2006-3": {"Total Votes": 137752.0, "Parties": ["partido liberal colombiano", "partido conservador colombiano", "movimiento mira", "polo democratico alternativo", "partido social de unidad nacional", "partido opcion centro", "movimiento comproise civico cristiano con la comunidad", "partido colombia democratica", "movimiento politico comunal y comunitario", "movimiento popular unido mpu"], "Percent": [0.4980472152854405, 0.24069342005923688, 0.09798042859631802, 0.05982490272373541, 0.03664556594459609, 0.029981415877809395, 0.023135780242755095, 0.0069617863987455715, 0.0035280794471223647, 0.0032014054242406643]}, "2010-3": {"Total Votes": 207100.0, "Parties": ["Partido Conservador Colombiano", "Partido Liberal Colombiano", "Partido Social De Unidad Nacional", "Movimiento Independiente De Renovaci\u00f3n Absoluta - Mira", "Polo Democr\u00e1tico Alternativo", "Partido Verde Oxigeno", "Movimiento Alianza Social Indigena", "Partido De Integraci\u00f3n Nacional", "Movimiento Apertura Liberal"], "Percent": [0.3044133268952197, 0.26378078223080637, 0.2567069048768711, 0.10311443746982134, 0.03299372283920811, 0.013476581361661034, 0.013322066634476099, 0.008305166586190247, 0.0038870111057460162]}}