{"2002-3": {"Total Votes": 17768.0, "Parties": ["partido liberal colombiano", "movimiento de integracion regional", "movimiento popular unido mpu", "movimiento renovacion accion laboral", "partido colombia siempre"], "Percent": [0.33171994597028365, 0.30273525438991444, 0.2770148581719946, 0.05566186402521387, 0.03286807744259343]}, "1998-3": {"Total Votes": 15695.0, "Parties": ["partido liberal colombiano", "movimiento de integracion regional", "alianza nacional popular"], "Percent": [0.7374960178400765, 0.24402676011468621, 0.018477222045237336]}, "2006-3": {"Total Votes": 15977.0, "Parties": ["partido liberal colombiano", "movimiento de integracion regional", "partido colombia democratica", "movimiento mira"], "Percent": [0.4059585654378169, 0.32671965951054643, 0.24835701320648432, 0.018964761845152407]}, "2010-3": {"Total Votes": 15077.0, "Parties": ["Partido Liberal Colombiano", "Grupo Significativo De Ciudadanos 'Integracion Regional'", "Movimiento Apertura Liberal", "Partido Verde Oxigeno", "Partido Social De Unidad Nacional", "Partido De Integraci\u00f3n Nacional", "Movimiento Independiente De Renovaci\u00f3n Absoluta - Mira"], "Percent": [0.37235524308549445, 0.33779929694236255, 0.0962393049015056, 0.0895403594879618, 0.058168070571068514, 0.0289845459972143, 0.016913179014392783]}}