{"2002-3": {"Total Votes": 60374.0, "Parties": ["coalicion", "partido cambio radical", "partido liberal colombiano", "movimiento union cristiana", "movimiento de participacion comunitaria", "movimiento politico anupac colombia"], "Percent": [0.29865505018716665, 0.2841951833570742, 0.28397985887965016, 0.07362440785768708, 0.05528870043396164, 0.004256799284460198]}, "1998-3": {"Total Votes": 50514.0, "Parties": ["partido liberal colombiano", "movimiento politico laicos por colombia"], "Percent": [0.9832719642079424, 0.016728035792057647]}, "2006-3": {"Total Votes": 69793.0, "Parties": ["partido cambio radical", "partido liberal colombiano", "partido colombia democratica", "partido social de unidad nacional", "movimiento alas equipo colombia", "movimiento convergencia ciudadana", "polo democratico alternativo", "movimiento de participacion comunitaria", "movimiento de participacion popular", "movimiento comproise civico cristiano con la comunidad"], "Percent": [0.3542332325591392, 0.2913042855300675, 0.14563065063831615, 0.10340578568051237, 0.07871849612425315, 0.008539538349118107, 0.007407619675325606, 0.003882910893642629, 0.0037682862178155404, 0.00310919433180978]}, "2010-3": {"Total Votes": 73688.0, "Parties": ["Partido Cambio Radical", "Movimiento Apertura Liberal", "Partido Social De Unidad Nacional", "Partido Liberal Colombiano", "Partido Verde Oxigeno", "Movimiento Independiente De Renovaci\u00f3n Absoluta - Mira", "Movimiento Nacional Afrocolombiano Afro", "Partido Conservador Colombiano", "Partido Alas"], "Percent": [0.2375692107263055, 0.22778471392899793, 0.21930300727391164, 0.15436706112257084, 0.11505265443491478, 0.018076213223319943, 0.016868418195635653, 0.00933666268591901, 0.0016420584084247097]}}