{"1953-4": {"Total Votes": 4470.0, "Parties": ["national democratic party", "independent"], "Percent": [0.5973154362416108, 0.40268456375838924]}, "1957-8": {"Total Votes": 0, "Parties": [], "Percent": []}, "2001-3": {"Total Votes": 8834.0, "Parties": ["people's progressive party/civic", "people's national congress/reform", "guyana action party/working people's alliance", "the united force"], "Percent": [0.5606746660629387, 0.2577541317636405, 0.15734661534978492, 0.02422458682363595]}, "1961-8": {"Total Votes": 0, "Parties": [], "Percent": []}, "2006-8": {"Total Votes": 6999.0, "Parties": ["people's progressive party/civic", "people's national congress reform/one guyana", "alliance for change", "the united force", "guyana action party/rise organise and rebuild", "justice for all party"], "Percent": [0.6390912987569652, 0.14873553364766395, 0.14373481925989426, 0.03329047006715245, 0.031004429204172023, 0.004143449064152022]}, "1997-12": {"Total Votes": 9565.0, "Parties": ["people's progressive party/civic", "people's national congress", "the united force", "guyana democratic party", "alliance for guyana", "a good and green guyana", "national independent party", "god bless guyana", "justice for all party", "national democratic front"], "Percent": [0.570935703084161, 0.26502875065342396, 0.1113434396236278, 0.025718766335598536, 0.016100365917407215, 0.0035546262415054888, 0.002509147935180345, 0.0020909566126502874, 0.0014636696288552013, 0.0012545739675901724]}}