{"2013-5": {"Total Votes": 5577.0, "Parties": ["Druk Phuensum Tshogpa", "People\u2019s Democratic Party", "Druk Nyamrup Tshogpa", "Druk Chirwang Tshogpa"], "Percent": [0.5346960731576116, 0.2913752913752914, 0.13860498475883093, 0.0353236507082661]}, "2008-3": {"Total Votes": 5727.0, "Parties": ["Druk Phuensum Tshogpa", "People\u2019s Democratic Party"], "Percent": [0.6939060590186834, 0.3060939409813166]}}