{"2013-5": {"Total Votes": 0, "Parties": [], "Percent": []}, "2008-3": {"Total Votes": 7093.0, "Parties": ["Druk Phuensum Tshogpa", "People\u2019s Democratic Party"], "Percent": [0.5668969406457071, 0.43310305935429294]}}