{"2013-5": {"Total Votes": 3601.0, "Parties": ["Druk Phuensum Tshogpa", "Druk Nyamrup Tshogpa", "People\u2019s Democratic Party", "Druk Chirwang Tshogpa"], "Percent": [0.7828381005276313, 0.10635934462649264, 0.08164398778117189, 0.02915856706470425]}, "2008-3": {"Total Votes": 3955.0, "Parties": ["Druk Phuensum Tshogpa", "People\u2019s Democratic Party"], "Percent": [0.9051833122629582, 0.09481668773704172]}}