{"2013-5": {"Total Votes": 7913.0, "Parties": ["Druk Phuensum Tshogpa", "People\u2019s Democratic Party", "Druk Nyamrup Tshogpa", "Druk Chirwang Tshogpa"], "Percent": [0.456211297864274, 0.3227600151649185, 0.15607228611146215, 0.06495640085934538]}, "2008-3": {"Total Votes": 9427.0, "Parties": ["Druk Phuensum Tshogpa", "People\u2019s Democratic Party"], "Percent": [0.6786888723878222, 0.3213111276121778]}}