{"2004-3": {"Total Votes": 40956.0, "Parties": ["partido africano da independ\u00eancia de guin\u00e9 e cabo verde", "partido unido social democr\u00e1tico", "partido da renova\u00e7ao social", "resist\u00eancia da guin\u00e9-bissau - movimento bafat\u00e1", "plataforma unida", "f\u00f3rum c\u00edvico guineense-social democracia", "uni\u00e3o para a mudan\u00e7a", "alian\u00e7a popular unida", "partido da unidade nacional", "partido do manifesto do povo", "movimento democr\u00e1tico guineense", "partido socialista da guin\u00e9-bissau", "uni\u00e3o eleitoral"], "Percent": [0.4706025979099522, 0.22008985252466062, 0.15372594979978516, 0.04961422013868541, 0.02563726926457662, 0.02314679167887489, 0.014185955659732396, 0.013624377380603573, 0.012574470163101866, 0.007471432757105186, 0.004028713741576326, 0.003125305205586483, 0.0021730637757593515]}, "1994-7": {"Total Votes": 57726.0, "Parties": ["partido africano da independ\u00eancia de guin\u00e9 e cabo verde", "resist\u00eancia da guin\u00e9-bissau - movimento bafat\u00e1", "partido da renova\u00e7ao social", "uni\u00e3o para a mudan\u00e7a", "partido unido social democr\u00e1tico", "partido da converg\u00e8ncia democr\u00e0tica"], "Percent": [0.5690849877005163, 0.18234417766690916, 0.17813463603921978, 0.035928351176246404, 0.021671343935141876, 0.012836503481966532]}}