{"2004-3": {"Total Votes": 23712.0, "Parties": ["partido unido social democr\u00e1tico", "partido africano da independ\u00eancia de guin\u00e9 e cabo verde", "partido da renova\u00e7ao social", "plataforma unida", "alian\u00e7a popular unida", "f\u00f3rum c\u00edvico guineense-social democracia", "uni\u00e3o eleitoral", "partido do manifesto do povo", "partido democr\u00e1tico socialista", "uni\u00e3o nacional para a democracia e o progresso", "movimento democr\u00e1tico guineense", "uni\u00e3o para a mudan\u00e7a", "partido da unidade nacional"], "Percent": [0.47908232118758437, 0.22322031039136303, 0.15102058029689608, 0.03466599190283401, 0.029731781376518218, 0.01767037786774629, 0.014507422402159244, 0.013242240215924427, 0.0113444669365722, 0.01058535762483131, 0.006494601889338732, 0.0044281376518218625, 0.004006410256410256]}, "1994-7": {"Total Votes": 10760.0, "Parties": ["partido africano da independ\u00eancia de guin\u00e9 e cabo verde", "uni\u00e3o para a mudan\u00e7a", "partido da renova\u00e7ao social", "partido unido social democr\u00e1tico", "partido da converg\u00e8ncia democr\u00e0tica"], "Percent": [0.5674721189591078, 0.23392193308550185, 0.15511152416356877, 0.02620817843866171, 0.01728624535315985]}}