{"2003-12": {"Total Votes": 555170.0, "Parties": ["united russia", "communist party of the russian federation", "liberal democratic party of russia", "agrarian party of russia", "rodina (motherland-national patriotic union)", "union of right forces", "against all", "russian united democratic party (yabloko)", "party of russia's rebirth & russian party of life", "russian party of pensioners & party of social justice", "people's party of the russian federation", "unity", "new course - automotive russia", "for holy russia", "party of peace and unity", "russian ecological party (the greens)", "development of entrepreneurship", "russian constitutional democratic party", "people\u2019s republican party of russia", "united russian party of russia", "democratic party of russia", "great russia - eurasian union", "elephant party (union of people for education and science)", "true patriots of russia"], "Percent": [0.38479384692976926, 0.18498838193706432, 0.08626907073509016, 0.0704054613902048, 0.06173064106489904, 0.036410468865392585, 0.03568996883837383, 0.025448060954302285, 0.02508600969072536, 0.01864293819911018, 0.018491633193436243, 0.016679575625484087, 0.005401948952573086, 0.005081326440549741, 0.004018588900697084, 0.003323306374623989, 0.0028603851072644417, 0.002761316353549363, 0.0025793900967271285, 0.0024767188428769567, 0.0021651025811913467, 0.002030008826125331, 0.0013995713024839238, 0.0012662787974854549]}, "2007-12": {"Total Votes": 677736.0, "Parties": ["united russia", "communist party of the russian federation", "just russia", "liberal democratic party of russia", "agrarian party of russia", "patriots of russia", "russian united democratic party (yabloko)", "civilian power (citizen's forces)", "union of right forces", "party of social justice", "democratic party of russia"], "Percent": [0.6317504160912214, 0.12822692021672155, 0.10464694217217324, 0.08610137280593033, 0.015256678116552758, 0.01273947377740005, 0.007573745529232622, 0.006384491896549689, 0.003946964599785167, 0.0020273380785438577, 0.001345656715889373]}, "2011-12": {"Total Votes": 586870.0, "Parties": ["united russia", "communist party of the russian federation", "just russia", "liberal democratic party of russia", "russian united democratic party (yabloko)", "patriots of russia", "right cause"], "Percent": [0.4473324586364953, 0.21535944928178302, 0.19356586637585838, 0.1099323529912928, 0.016473835772828734, 0.01362652716956055, 0.0037095097721812327]}}