{"2003-12": {"Total Votes": 123352.0, "Parties": ["united russia", "communist party of the russian federation", "rodina (motherland-national patriotic union)", "liberal democratic party of russia", "against all", "union of right forces", "agrarian party of russia", "russian party of pensioners & party of social justice", "russian united democratic party (yabloko)", "party of russia's rebirth & russian party of life", "party of peace and unity", "unity", "russian ecological party (the greens)", "great russia - eurasian union", "people's party of the russian federation", "new course - automotive russia", "united russian party of russia", "true patriots of russia", "development of entrepreneurship", "for holy russia", "elephant party (union of people for education and science)", "democratic party of russia", "russian constitutional democratic party", "people\u2019s republican party of russia"], "Percent": [0.5258285232505351, 0.11004280433231726, 0.06729522018289123, 0.053797263116933655, 0.04819540826253324, 0.032492379531746544, 0.02875510733510604, 0.02240741941760166, 0.019772683053375706, 0.01589759387768338, 0.010968610156300669, 0.010782151890524677, 0.010474090407938258, 0.009801219274920553, 0.005893702574745444, 0.005731564952331539, 0.004418250210778909, 0.004004799273623452, 0.003186004280433232, 0.0025131331474155263, 0.002310461119398145, 0.0020834684480186784, 0.0017916207276736495, 0.0015565211751734872]}, "2007-12": {"Total Votes": 137178.0, "Parties": ["united russia", "communist party of the russian federation", "just russia", "liberal democratic party of russia", "agrarian party of russia", "patriots of russia", "union of right forces", "democratic party of russia", "russian united democratic party (yabloko)", "civilian power (citizen's forces)", "party of social justice"], "Percent": [0.7302191313475922, 0.11813118721660908, 0.05746548280336497, 0.033970461735846856, 0.02921022321363484, 0.007391855836941783, 0.006320255434544898, 0.006181749260085436, 0.005336132616017146, 0.004614442549096794, 0.0011590779862660193]}, "2011-12": {"Total Votes": 134103.0, "Parties": ["united russia", "communist party of the russian federation", "just russia", "liberal democratic party of russia", "russian united democratic party (yabloko)", "right cause", "patriots of russia"], "Percent": [0.6717895945653714, 0.186684861636205, 0.07300358679522456, 0.04090139668762071, 0.014496319992841324, 0.0066366897086567785, 0.006487550614080222]}}