{"2003-12": {"Total Votes": 590013.0, "Parties": ["united russia", "liberal democratic party of russia", "rodina (motherland-national patriotic union)", "communist party of the russian federation", "against all", "russian united democratic party (yabloko)", "russian party of pensioners & party of social justice", "agrarian party of russia", "union of right forces", "party of russia's rebirth & russian party of life", "people's party of the russian federation", "unity", "new course - automotive russia", "russian ecological party (the greens)", "for holy russia", "development of entrepreneurship", "democratic party of russia", "united russian party of russia", "party of peace and unity", "great russia - eurasian union", "russian constitutional democratic party", "elephant party (union of people for education and science)", "people\u2019s republican party of russia", "true patriots of russia"], "Percent": [0.3834695167733592, 0.13209369963034712, 0.0948690961046621, 0.07670847930469328, 0.058034314498155125, 0.047337940011491275, 0.04525662993866237, 0.04008386255896056, 0.03747036082255815, 0.021814773572785686, 0.017345380525513845, 0.010609935713280894, 0.007667627662441336, 0.004508375239189645, 0.004128722587468412, 0.0029372234171111482, 0.002891461713555464, 0.0028236665971766725, 0.002316898102245205, 0.0021253768984751185, 0.0017897910724000996, 0.0014965771940618257, 0.0014372564672303831, 0.0007830335941750436]}, "2007-12": {"Total Votes": 546567.0, "Parties": ["united russia", "communist party of the russian federation", "just russia", "liberal democratic party of russia", "agrarian party of russia", "russian united democratic party (yabloko)", "civilian power (citizen's forces)", "union of right forces", "patriots of russia", "party of social justice", "democratic party of russia"], "Percent": [0.571291351289046, 0.11240341989179735, 0.11108976575607382, 0.1069274215238022, 0.03994935662050581, 0.021364260923180507, 0.013701888332080057, 0.009437086395629447, 0.008950412300779228, 0.003509176368130531, 0.001375860598975057]}, "2011-12": {"Total Votes": 488333.0, "Parties": ["united russia", "just russia", "communist party of the russian federation", "liberal democratic party of russia", "russian united democratic party (yabloko)", "patriots of russia", "right cause"], "Percent": [0.3227285479375754, 0.2236629513057688, 0.20462266527144388, 0.18377009131064254, 0.045135184392617336, 0.012475093839654498, 0.007605465942297571]}}