{"2003-12": {"Total Votes": 331490.0, "Parties": ["united russia", "liberal democratic party of russia", "communist party of the russian federation", "rodina (motherland-national patriotic union)", "agrarian party of russia", "against all", "russian united democratic party (yabloko)", "russian party of pensioners & party of social justice", "union of right forces", "people's party of the russian federation", "party of russia's rebirth & russian party of life", "unity", "new course - automotive russia", "for holy russia", "russian ecological party (the greens)", "development of entrepreneurship", "party of peace and unity", "united russian party of russia", "democratic party of russia", "great russia - eurasian union", "russian constitutional democratic party", "elephant party (union of people for education and science)", "people\u2019s republican party of russia", "true patriots of russia"], "Percent": [0.34542218468128755, 0.1465172403390751, 0.10805755829738453, 0.09584301185556125, 0.0661317083471598, 0.04320793990768952, 0.03922893601616942, 0.028727865093969653, 0.026706687984554587, 0.02589821714078856, 0.025445714802859815, 0.013849588222872486, 0.0064044164228181846, 0.005608012308063592, 0.004153971462185888, 0.00263658028899816, 0.0026335636067453014, 0.0025279797278952606, 0.002395245708769495, 0.0022625116896437297, 0.0018250927629792754, 0.001761742435669251, 0.0016863253793477932, 0.0010679055175118405]}, "2007-12": {"Total Votes": 742800.0, "Parties": ["united russia", "communist party of the russian federation", "just russia", "liberal democratic party of russia", "agrarian party of russia", "russian united democratic party (yabloko)", "civilian power (citizen's forces)", "patriots of russia", "union of right forces", "party of social justice", "democratic party of russia"], "Percent": [0.5938058696822832, 0.14050350026925149, 0.0951965535810447, 0.09207862143241788, 0.03535810446957458, 0.012687129779213786, 0.009203015616585892, 0.009201669359181475, 0.00823371028540657, 0.0024515347334410336, 0.0012802907915993537]}, "2011-12": {"Total Votes": 623964.0, "Parties": ["united russia", "communist party of the russian federation", "just russia", "liberal democratic party of russia", "russian united democratic party (yabloko)", "patriots of russia", "right cause"], "Percent": [0.32750447141181227, 0.28183516997775515, 0.18023315447686084, 0.15658755953869136, 0.03586104326531659, 0.011032687783269548, 0.006945913546294338]}}