{"2003-12": {"Total Votes": 435645.0, "Parties": ["united russia", "liberal democratic party of russia", "communist party of the russian federation", "agrarian party of russia", "rodina (motherland-national patriotic union)", "against all", "russian united democratic party (yabloko)", "russian party of pensioners & party of social justice", "party of russia's rebirth & russian party of life", "people's party of the russian federation", "union of right forces", "unity", "new course - automotive russia", "for holy russia", "united russian party of russia", "russian ecological party (the greens)", "democratic party of russia", "party of peace and unity", "development of entrepreneurship", "russian constitutional democratic party", "great russia - eurasian union", "true patriots of russia", "people\u2019s republican party of russia", "elephant party (union of people for education and science)"], "Percent": [0.3395287447348185, 0.19416726922149916, 0.15997429099381377, 0.06266570257893468, 0.055203204443985354, 0.03864844081763821, 0.030804898483857267, 0.028697678155378808, 0.020727886237647625, 0.01867346118973017, 0.014059612758094319, 0.00947330969022943, 0.005667458595875082, 0.002970308393301886, 0.0024400601407109, 0.002375787625245326, 0.002362014943359846, 0.002345946814493452, 0.0023092196627988383, 0.0017674941753032859, 0.0017009262128567986, 0.0012142914529031665, 0.0011637916193230726, 0.0010582010582010583]}, "2007-12": {"Total Votes": 503125.0, "Parties": ["united russia", "communist party of the russian federation", "liberal democratic party of russia", "just russia", "agrarian party of russia", "patriots of russia", "russian united democratic party (yabloko)", "civilian power (citizen's forces)", "union of right forces", "party of social justice", "democratic party of russia"], "Percent": [0.6490752795031056, 0.11421018633540372, 0.10574310559006211, 0.05859776397515528, 0.039827080745341616, 0.009266086956521738, 0.007996024844720498, 0.00696248447204969, 0.005255155279503106, 0.001991552795031056, 0.0010752795031055901]}, "2011-12": {"Total Votes": 423387.0, "Parties": ["united russia", "communist party of the russian federation", "liberal democratic party of russia", "just russia", "russian united democratic party (yabloko)", "patriots of russia", "right cause"], "Percent": [0.4499878361876959, 0.19895036928389392, 0.17105862957530582, 0.14665306209212847, 0.02013760460288105, 0.008604421014343852, 0.004608077243750989]}}