{"2003-12": {"Total Votes": 481746.0, "Parties": ["united russia", "communist party of the russian federation", "liberal democratic party of russia", "rodina (motherland-national patriotic union)", "against all", "agrarian party of russia", "russian united democratic party (yabloko)", "union of right forces", "russian party of pensioners & party of social justice", "party of russia's rebirth & russian party of life", "unity", "people's party of the russian federation", "for holy russia", "new course - automotive russia", "russian ecological party (the greens)", "party of peace and unity", "development of entrepreneurship", "democratic party of russia", "united russian party of russia", "great russia - eurasian union", "russian constitutional democratic party", "elephant party (union of people for education and science)", "people\u2019s republican party of russia", "true patriots of russia"], "Percent": [0.287933890473403, 0.1802090728309109, 0.1390940454098218, 0.11084056743595172, 0.05949608299809443, 0.05801189838628655, 0.02756016656080175, 0.02657624557339345, 0.023313115210089965, 0.021444910803618503, 0.015159440867178969, 0.01048062672030489, 0.008587512921747144, 0.008062339905261279, 0.003875486252091351, 0.0029974301810497647, 0.002395453205631183, 0.002347710204132468, 0.0022024054169624656, 0.00219202650359318, 0.00212560145802975, 0.0018661286237976029, 0.0016398683123471705, 0.0015879737455007411]}, "2007-12": {"Total Votes": 606491.0, "Parties": ["united russia", "communist party of the russian federation", "liberal democratic party of russia", "just russia", "agrarian party of russia", "patriots of russia", "russian united democratic party (yabloko)", "civilian power (citizen's forces)", "union of right forces", "party of social justice", "democratic party of russia"], "Percent": [0.6304149608155768, 0.1318601595077256, 0.0976584978177747, 0.08157746776126934, 0.02019485862115019, 0.013154358432359261, 0.009447790651468859, 0.007985279253937817, 0.00455571475916378, 0.0019687019263270188, 0.0011822104532466268]}, "2011-12": {"Total Votes": 533580.0, "Parties": ["united russia", "communist party of the russian federation", "just russia", "liberal democratic party of russia", "russian united democratic party (yabloko)", "patriots of russia", "right cause"], "Percent": [0.408739083174032, 0.23339330559616178, 0.17055549308444845, 0.14679148393867836, 0.025503204767794895, 0.009752989242475356, 0.005264440196409161]}}