{"2003-12": {"Total Votes": 391647.0, "Parties": ["united russia", "communist party of the russian federation", "liberal democratic party of russia", "rodina (motherland-national patriotic union)", "against all", "agrarian party of russia", "russian united democratic party (yabloko)", "union of right forces", "russian party of pensioners & party of social justice", "people's party of the russian federation", "unity", "party of russia's rebirth & russian party of life", "great russia - eurasian union", "new course - automotive russia", "for holy russia", "true patriots of russia", "russian ecological party (the greens)", "democratic party of russia", "party of peace and unity", "development of entrepreneurship", "united russian party of russia", "russian constitutional democratic party", "elephant party (union of people for education and science)", "people\u2019s republican party of russia"], "Percent": [0.322392358424806, 0.16765097141047933, 0.13733285330923, 0.11825444852124489, 0.0487990460797606, 0.03750826637252424, 0.026648997694352312, 0.024468462671742665, 0.022734758596389095, 0.016816163535020055, 0.01666041103340508, 0.01481436089131284, 0.010700962856858344, 0.007139081877302775, 0.004404476480095596, 0.0034776214295015664, 0.0033065490096949547, 0.003097176794409251, 0.0029592975306845194, 0.002755031954796028, 0.0025073599440312323, 0.001996696004310004, 0.0019558428891323053, 0.0016188046889162946]}, "2007-12": {"Total Votes": 478289.0, "Parties": ["united russia", "just russia", "communist party of the russian federation", "liberal democratic party of russia", "agrarian party of russia", "patriots of russia", "russian united democratic party (yabloko)", "civilian power (citizen's forces)", "union of right forces", "party of social justice", "democratic party of russia"], "Percent": [0.5921231723915875, 0.2001551363297086, 0.09752889989107004, 0.06888513012007384, 0.011501414416806575, 0.008616129578560243, 0.007829993999443851, 0.006174091396624217, 0.004304928610108115, 0.0017499879779798407, 0.001131115288037149]}, "2011-12": {"Total Votes": 428580.0, "Parties": ["united russia", "just russia", "communist party of the russian federation", "liberal democratic party of russia", "russian united democratic party (yabloko)", "patriots of russia", "right cause"], "Percent": [0.6094988100237996, 0.1474730505389892, 0.13545662420084933, 0.08618927621447571, 0.010674786504269914, 0.007263521396238742, 0.0034439311213775724]}}