{"2003-12": {"Total Votes": 2159841.0, "Parties": ["united russia", "communist party of the russian federation", "liberal democratic party of russia", "rodina (motherland-national patriotic union)", "agrarian party of russia", "russian united democratic party (yabloko)", "russian party of pensioners & party of social justice", "union of right forces", "against all", "unity", "party of russia's rebirth & russian party of life", "new course - automotive russia", "people's party of the russian federation", "party of peace and unity", "russian ecological party (the greens)", "development of entrepreneurship", "for holy russia", "democratic party of russia", "united russian party of russia", "great russia - eurasian union", "true patriots of russia", "people\u2019s republican party of russia", "russian constitutional democratic party", "elephant party (union of people for education and science)"], "Percent": [0.4002516851934934, 0.1340992230446593, 0.11251754180053068, 0.06718087118449922, 0.04811511588121533, 0.03703374461360813, 0.0324125711105586, 0.03112775431154423, 0.028628033267263656, 0.022476191534469437, 0.022304882627934185, 0.011978659540216154, 0.009531720159030225, 0.0057383853718861715, 0.005194826841420272, 0.004512369197547412, 0.004362821152112586, 0.0038623213468028435, 0.003594246057927412, 0.003485441752425294, 0.003096061237841119, 0.002999757852545627, 0.002840949866217004, 0.0026548250542516787]}, "2007-12": {"Total Votes": 2592443.0, "Parties": ["united russia", "communist party of the russian federation", "just russia", "liberal democratic party of russia", "agrarian party of russia", "russian united democratic party (yabloko)", "patriots of russia", "union of right forces", "civilian power (citizen's forces)", "party of social justice", "democratic party of russia"], "Percent": [0.8371412601935704, 0.0750396440731773, 0.04228636849489072, 0.022325273882588738, 0.007255318631885059, 0.004377338286704857, 0.0035777064336612223, 0.003072777299250167, 0.00291346810710978, 0.0012100555344900545, 0.0008007890626717734]}, "2011-12": {"Total Votes": 2365813.0, "Parties": ["united russia", "communist party of the russian federation", "just russia", "liberal democratic party of russia", "russian united democratic party (yabloko)", "patriots of russia", "right cause"], "Percent": [0.7122088685792156, 0.15808941788721256, 0.05509522519319997, 0.05257431589056277, 0.012615536392774913, 0.005473805410655872, 0.003942830646378221]}}