{"2003-12": {"Total Votes": 1145969.0, "Parties": ["united russia", "communist party of the russian federation", "liberal democratic party of russia", "rodina (motherland-national patriotic union)", "against all", "russian united democratic party (yabloko)", "union of right forces", "agrarian party of russia", "russian party of pensioners & party of social justice", "party of russia's rebirth & russian party of life", "unity", "for holy russia", "people's party of the russian federation", "new course - automotive russia", "russian ecological party (the greens)", "development of entrepreneurship", "party of peace and unity", "great russia - eurasian union", "democratic party of russia", "united russian party of russia", "elephant party (union of people for education and science)", "russian constitutional democratic party", "people\u2019s republican party of russia", "true patriots of russia"], "Percent": [0.29498529192325446, 0.18386361236647764, 0.1255862942191281, 0.08902945891206482, 0.06062729445560918, 0.048753500312835686, 0.04576563589416468, 0.04071139795230063, 0.027519941638909952, 0.017202036006209592, 0.01654058704903885, 0.009790840764453489, 0.008436528387766162, 0.006299472324294985, 0.004979192281815651, 0.0029695393156359377, 0.0028194479955391464, 0.0028185753715850954, 0.002478252029505161, 0.002404951617364868, 0.0018874856126125576, 0.0018342555514154397, 0.0016806737355024438, 0.0010157342825154957]}, "2007-12": {"Total Votes": 1216767.0, "Parties": ["united russia", "communist party of the russian federation", "liberal democratic party of russia", "just russia", "agrarian party of russia", "russian united democratic party (yabloko)", "union of right forces", "civilian power (citizen's forces)", "patriots of russia", "party of social justice", "democratic party of russia"], "Percent": [0.596932691304087, 0.16402893898338794, 0.08822149187149225, 0.07279947598841849, 0.028343142113485986, 0.016121410261783892, 0.011048130003525737, 0.010397224776806078, 0.008458480547220627, 0.0022946052941935475, 0.0013544088555984836]}, "2011-12": {"Total Votes": 1188289.0, "Parties": ["united russia", "communist party of the russian federation", "liberal democratic party of russia", "just russia", "russian united democratic party (yabloko)", "patriots of russia", "right cause"], "Percent": [0.34352670099613813, 0.30716770078659317, 0.1594435360421581, 0.12885333450027728, 0.04373094423999549, 0.010701100489863998, 0.0065766829449738235]}}