{"2003-12": {"Total Votes": 217820.0, "Parties": ["united russia", "liberal democratic party of russia", "communist party of the russian federation", "rodina (motherland-national patriotic union)", "against all", "russian united democratic party (yabloko)", "russian party of pensioners & party of social justice", "union of right forces", "agrarian party of russia", "party of russia's rebirth & russian party of life", "unity", "people's party of the russian federation", "new course - automotive russia", "russian ecological party (the greens)", "for holy russia", "united russian party of russia", "party of peace and unity", "development of entrepreneurship", "democratic party of russia", "elephant party (union of people for education and science)", "great russia - eurasian union", "russian constitutional democratic party", "true patriots of russia", "people\u2019s republican party of russia"], "Percent": [0.3055274997704527, 0.18948214121751905, 0.1211183546047195, 0.09499127720135891, 0.057042512166008634, 0.056220732715085854, 0.04396290515104215, 0.0375309888899091, 0.01821228537324396, 0.01629786061885961, 0.012381783123680103, 0.00748783399136902, 0.006817555780001836, 0.005890184556055458, 0.0044394454136442935, 0.003461573776512717, 0.0032366173905059225, 0.003222844550546323, 0.0030759342576439264, 0.0026397943255899365, 0.002382701313010743, 0.0018134239280139565, 0.0015196033422091636, 0.00124414654301717]}, "2007-12": {"Total Votes": 218572.0, "Parties": ["united russia", "communist party of the russian federation", "liberal democratic party of russia", "just russia", "russian united democratic party (yabloko)", "agrarian party of russia", "patriots of russia", "civilian power (citizen's forces)", "union of right forces", "party of social justice", "democratic party of russia"], "Percent": [0.6372957194883151, 0.14729242537928006, 0.10193437402778031, 0.060648207455666785, 0.013798656735537946, 0.011081016781655472, 0.009745072561901798, 0.00958951741302637, 0.005101293852826529, 0.00209084420694325, 0.001422872097066413]}, "2011-12": {"Total Votes": 191138.0, "Parties": ["united russia", "communist party of the russian federation", "liberal democratic party of russia", "just russia", "russian united democratic party (yabloko)", "patriots of russia", "right cause"], "Percent": [0.4259697182140652, 0.23811591624899286, 0.16247423327648086, 0.1195994517050508, 0.03480208017244085, 0.012048886145088889, 0.006989714237880485]}}