{"2003-12": {"Total Votes": 453616.0, "Parties": ["united russia", "communist party of the russian federation", "liberal democratic party of russia", "rodina (motherland-national patriotic union)", "russian party of pensioners & party of social justice", "against all", "russian united democratic party (yabloko)", "agrarian party of russia", "union of right forces", "party of russia's rebirth & russian party of life", "people's party of the russian federation", "unity", "new course - automotive russia", "for holy russia", "russian ecological party (the greens)", "party of peace and unity", "development of entrepreneurship", "united russian party of russia", "democratic party of russia", "russian constitutional democratic party", "great russia - eurasian union", "elephant party (union of people for education and science)", "people\u2019s republican party of russia", "true patriots of russia"], "Percent": [0.37714498606751085, 0.15260484638989807, 0.13379819054001624, 0.08370736481958309, 0.0457699904765264, 0.043938044513421044, 0.03726279496314063, 0.03344899650805968, 0.021520404923988573, 0.017106980353426688, 0.011937409615181123, 0.010652181580896617, 0.006906722866918275, 0.004223836901696589, 0.002958449437409615, 0.0024712532185813554, 0.00242936757080879, 0.0023522097985961693, 0.0021912807308384183, 0.0020061020775281294, 0.0018010828542203098, 0.0015255193820323798, 0.001269796479841981, 0.0009721879298790166]}, "2007-12": {"Total Votes": 452013.0, "Parties": ["united russia", "communist party of the russian federation", "liberal democratic party of russia", "just russia", "agrarian party of russia", "russian united democratic party (yabloko)", "patriots of russia", "civilian power (citizen's forces)", "union of right forces", "party of social justice", "democratic party of russia"], "Percent": [0.5489399641160763, 0.1562742664480889, 0.12213586777371448, 0.09950156300814357, 0.02681560043627064, 0.014515069256857657, 0.01258813352713307, 0.00901301511239721, 0.006794052383449148, 0.0019092371237110436, 0.0015132308141579999]}, "2011-12": {"Total Votes": 399433.0, "Parties": ["united russia", "communist party of the russian federation", "just russia", "liberal democratic party of russia", "russian united democratic party (yabloko)", "patriots of russia", "right cause"], "Percent": [0.3682995646328671, 0.24639927096659514, 0.18911056422478864, 0.15000513227499981, 0.02917135038917666, 0.011636494731281592, 0.005377622780291063]}}