{"2003-12": {"Total Votes": 412628.0, "Parties": ["united russia", "liberal democratic party of russia", "communist party of the russian federation", "rodina (motherland-national patriotic union)", "russian united democratic party (yabloko)", "against all", "russian party of pensioners & party of social justice", "union of right forces", "party of russia's rebirth & russian party of life", "agrarian party of russia", "unity", "people's party of the russian federation", "new course - automotive russia", "russian ecological party (the greens)", "for holy russia", "great russia - eurasian union", "development of entrepreneurship", "democratic party of russia", "united russian party of russia", "party of peace and unity", "elephant party (union of people for education and science)", "russian constitutional democratic party", "people\u2019s republican party of russia", "true patriots of russia"], "Percent": [0.34437071648070416, 0.13967059918376842, 0.12755072365423578, 0.06287018815979527, 0.06089019649660227, 0.05595839351667846, 0.0547781536880677, 0.052812702967321656, 0.02142607869558052, 0.020139205289025467, 0.01454336593735762, 0.008411935205560456, 0.006521612687456983, 0.004924532508700331, 0.004047228981067693, 0.0031529610205802807, 0.0029396938646916834, 0.0028015549114456606, 0.002762779064920461, 0.002711885766356137, 0.002486501158428415, 0.0019557567591147475, 0.0012577915216611573, 0.0010154424808786608]}, "2007-12": {"Total Votes": 814603.0, "Parties": ["united russia", "communist party of the russian federation", "liberal democratic party of russia", "just russia", "russian united democratic party (yabloko)", "union of right forces", "agrarian party of russia", "civilian power (citizen's forces)", "patriots of russia", "party of social justice", "democratic party of russia"], "Percent": [0.5625574666432606, 0.12347364298928434, 0.1090727630514496, 0.08242665445621977, 0.038877833742326014, 0.02304680930465515, 0.02264293158753405, 0.019551855320935473, 0.013095949806224628, 0.0034249812485345624, 0.0018291118495758056]}, "2011-12": {"Total Votes": 811573.0, "Parties": ["united russia", "communist party of the russian federation", "liberal democratic party of russia", "just russia", "russian united democratic party (yabloko)", "patriots of russia", "right cause"], "Percent": [0.45462946648052605, 0.20380668159241375, 0.13334598366382322, 0.12329882832474713, 0.06360487596309883, 0.012777655244814699, 0.0085365087305763]}}