{"2003-12": {"Total Votes": 572417.0, "Parties": ["united russia", "communist party of the russian federation", "liberal democratic party of russia", "rodina (motherland-national patriotic union)", "against all", "agrarian party of russia", "party of russia's rebirth & russian party of life", "union of right forces", "russian united democratic party (yabloko)", "russian party of pensioners & party of social justice", "people's party of the russian federation", "unity", "new course - automotive russia", "for holy russia", "democratic party of russia", "party of peace and unity", "russian ecological party (the greens)", "development of entrepreneurship", "russian constitutional democratic party", "united russian party of russia", "elephant party (union of people for education and science)", "great russia - eurasian union", "people\u2019s republican party of russia", "true patriots of russia"], "Percent": [0.3529140469273275, 0.20409945896086246, 0.11878053936203851, 0.0875515576930804, 0.044988181692717025, 0.041183263250392635, 0.02830454022155177, 0.024656849814034175, 0.023077581553308166, 0.01936175899737429, 0.011973788339619543, 0.010661807738065082, 0.004926478423946179, 0.004784973192620065, 0.002922694469241829, 0.0028405864955093926, 0.0027724543470931157, 0.0025750458145023646, 0.002519142513237727, 0.0022675776575468583, 0.0021330603388788243, 0.0018710136142008362, 0.0015722803480679294, 0.0012613182347833835]}, "2007-12": {"Total Votes": 591556.0, "Parties": ["united russia", "communist party of the russian federation", "just russia", "liberal democratic party of russia", "agrarian party of russia", "patriots of russia", "civilian power (citizen's forces)", "russian united democratic party (yabloko)", "union of right forces", "party of social justice", "democratic party of russia"], "Percent": [0.6233560305364159, 0.172448593201658, 0.08473584918418543, 0.06593965744578704, 0.02262845782985888, 0.00832550088241857, 0.007904577081459743, 0.007669603554016864, 0.003969193111049503, 0.0020285484383557937, 0.000993988734794339]}, "2011-12": {"Total Votes": 615045.0, "Parties": ["united russia", "communist party of the russian federation", "just russia", "liberal democratic party of russia", "russian united democratic party (yabloko)", "patriots of russia", "right cause"], "Percent": [0.508288011446317, 0.23643798421253728, 0.1133087822842231, 0.10795632839873505, 0.020058694892243656, 0.00949524018567747, 0.004454958580266484]}}