{"2003-12": {"Total Votes": 684849.0, "Parties": ["united russia", "liberal democratic party of russia", "communist party of the russian federation", "rodina (motherland-national patriotic union)", "agrarian party of russia", "union of right forces", "against all", "russian united democratic party (yabloko)", "russian party of pensioners & party of social justice", "party of russia's rebirth & russian party of life", "people's party of the russian federation", "unity", "new course - automotive russia", "for holy russia", "russian ecological party (the greens)", "party of peace and unity", "united russian party of russia", "democratic party of russia", "development of entrepreneurship", "great russia - eurasian union", "elephant party (union of people for education and science)", "russian constitutional democratic party", "people\u2019s republican party of russia", "true patriots of russia"], "Percent": [0.35063495748697887, 0.12767339953770832, 0.11492752416956147, 0.09965408433099851, 0.05903783169720624, 0.04110395138198347, 0.03993873101953861, 0.03968758076597907, 0.03161572843064676, 0.019959144278519792, 0.015838527909071927, 0.015482244991231645, 0.010415434643257128, 0.010072293308451935, 0.004649200042637136, 0.0029787588212876123, 0.002675042235587699, 0.002587431682020416, 0.002571369747199748, 0.00212893645168497, 0.0019113702436595512, 0.0017200872017043172, 0.001705485442776437, 0.00103088418030836]}, "2007-12": {"Total Votes": 2120658.0, "Parties": ["united russia", "communist party of the russian federation", "just russia", "liberal democratic party of russia", "russian united democratic party (yabloko)", "agrarian party of russia", "union of right forces", "civilian power (citizen's forces)", "patriots of russia", "party of social justice", "democratic party of russia"], "Percent": [0.5845619614289528, 0.12142033274577985, 0.1025794824059325, 0.0776758911620827, 0.03754966618851319, 0.026014567176791355, 0.019526958142236983, 0.017026790741364237, 0.009740844586915948, 0.002546379472786277, 0.0013571259486442418]}, "2011-12": {"Total Votes": 2610437.0, "Parties": ["united russia", "communist party of the russian federation", "just russia", "liberal democratic party of russia", "russian united democratic party (yabloko)", "patriots of russia", "right cause"], "Percent": [0.43977464309615594, 0.1788830758987863, 0.1725523351071104, 0.1153492691070499, 0.07449404065296347, 0.011697275207177955, 0.007249360930756039]}}