{"2003-12": {"Total Votes": 545762.0, "Parties": ["united russia", "liberal democratic party of russia", "agrarian party of russia", "communist party of the russian federation", "rodina (motherland-national patriotic union)", "union of right forces", "against all", "russian party of pensioners & party of social justice", "russian united democratic party (yabloko)", "party of russia's rebirth & russian party of life", "people's party of the russian federation", "unity", "new course - automotive russia", "for holy russia", "russian ecological party (the greens)", "development of entrepreneurship", "united russian party of russia", "party of peace and unity", "democratic party of russia", "russian constitutional democratic party", "great russia - eurasian union", "elephant party (union of people for education and science)", "people\u2019s republican party of russia", "true patriots of russia"], "Percent": [0.3993517320736878, 0.11979031152773553, 0.09397319710789685, 0.0899586266541093, 0.0812387084480048, 0.03776188155276476, 0.03717371308372514, 0.03522597762394597, 0.0321202282313536, 0.020999996335398948, 0.013181569988383214, 0.009515136634650269, 0.006160194370439862, 0.00430407393699085, 0.003988918246415104, 0.002396649088796948, 0.0023691645808979005, 0.0019055925476672982, 0.001830468226076568, 0.0018139775213371397, 0.001764505407118854, 0.0013962130012716166, 0.0010407466991106014, 0.000738417112221078]}, "2007-12": {"Total Votes": 632838.0, "Parties": ["united russia", "liberal democratic party of russia", "communist party of the russian federation", "just russia", "agrarian party of russia", "civilian power (citizen's forces)", "russian united democratic party (yabloko)", "patriots of russia", "union of right forces", "party of social justice", "democratic party of russia"], "Percent": [0.6099538902531138, 0.1109241227612754, 0.09355000805893451, 0.08882526017717014, 0.05453212354504628, 0.011993590776786476, 0.011393121146328128, 0.008093698545283311, 0.007493228914824963, 0.00213640773784128, 0.0011045480833957505]}, "2011-12": {"Total Votes": 543217.0, "Parties": ["united russia", "just russia", "communist party of the russian federation", "liberal democratic party of russia", "russian united democratic party (yabloko)", "patriots of russia", "right cause"], "Percent": [0.34003906357864355, 0.2764162388143228, 0.17083228249484092, 0.157134257580304, 0.035206924672828724, 0.012904603500994998, 0.007466629358065009]}}