{"2003-12": {"Total Votes": 647541.0, "Parties": ["united russia", "rodina (motherland-national patriotic union)", "liberal democratic party of russia", "communist party of the russian federation", "against all", "agrarian party of russia", "union of right forces", "russian united democratic party (yabloko)", "russian party of pensioners & party of social justice", "party of russia's rebirth & russian party of life", "people's party of the russian federation", "unity", "new course - automotive russia", "for holy russia", "russian ecological party (the greens)", "development of entrepreneurship", "united russian party of russia", "elephant party (union of people for education and science)", "party of peace and unity", "great russia - eurasian union", "democratic party of russia", "russian constitutional democratic party", "people\u2019s republican party of russia", "true patriots of russia"], "Percent": [0.3625762693018666, 0.13303404726496082, 0.1163015160429996, 0.0934427318115764, 0.049884100002934174, 0.049830049371391155, 0.04409296090903896, 0.040338758472436495, 0.02744227778627145, 0.022481974114380403, 0.011441746545778569, 0.011026328834776486, 0.00837939219292678, 0.006628151730932868, 0.005527063151213591, 0.0026809113245338904, 0.002528025252455057, 0.0023473417127255264, 0.0021342277940701823, 0.002100253111385997, 0.0019489113430655356, 0.0017435189432020522, 0.0012941265495157836, 0.0007953164355616093]}, "2007-12": {"Total Votes": 657394.0, "Parties": ["united russia", "liberal democratic party of russia", "just russia", "communist party of the russian federation", "agrarian party of russia", "russian united democratic party (yabloko)", "civilian power (citizen's forces)", "union of right forces", "patriots of russia", "party of social justice", "democratic party of russia"], "Percent": [0.5363115574526083, 0.13245633516582142, 0.12171848237130245, 0.11715348786268205, 0.04155042485936896, 0.01590370462766621, 0.015587303808674858, 0.008156448035728955, 0.006995804646832797, 0.003014934727119505, 0.001151516442194483]}, "2011-12": {"Total Votes": 580827.0, "Parties": ["united russia", "communist party of the russian federation", "just russia", "liberal democratic party of russia", "russian united democratic party (yabloko)", "patriots of russia", "right cause"], "Percent": [0.29496906996403405, 0.24366119343625556, 0.22984468697219654, 0.15726025133129143, 0.04862032928909985, 0.018762901862344552, 0.006881567144778049]}}