{"1975-1": {"Total Votes": 207181.0, "Parties": ["tham sangkhom", "kit sangkhom", "chart thai", "prachathipat", "sangkhomniyom haeng prathet thai", "kaset sangkhom", "sangkhom chartniyom", "siam prachathippatai", "rassadorn", "fuenfoo chart thai", "setthakorn", "kasikammakorn"], "Percent": [0.24333312417644476, 0.22060903268156828, 0.2079630854180644, 0.08925528885370763, 0.08725220942074804, 0.05841751898098764, 0.055671128143990035, 0.013432698944401272, 0.00903557758674782, 0.00827778609042335, 0.005265926894840743, 0.00148662280807603]}, "1992-3": {"Total Votes": 1093191.0, "Parties": ["prachathipat", "khwamwang mai", "samakkidhamma", "palangtham", "chart thai", "ekaphap"], "Percent": [0.3769487674157581, 0.29344094490349815, 0.19349226255979055, 0.0988646997642681, 0.02841680913948249, 0.008836516217202666]}, "1992-9": {"Total Votes": 1147146.0, "Parties": ["prachathipat", "palangtham", "chart pattana", "khwamwang mai", "seritham", "ekaphap"], "Percent": [0.49050687532362924, 0.1796109649512791, 0.15028688588898012, 0.1405505489275123, 0.03098995245592104, 0.00805477245267821]}, "1969-2": {"Total Votes": 51012.0, "Parties": ["saha prachathai", "independent", "prachathipat", "naew prachathippatai"], "Percent": [0.4730455579079432, 0.3117305731984631, 0.15566925429310752, 0.05955461460048616]}, "1986-7": {"Total Votes": 397908.0, "Parties": ["prachathipat", "kaona", "kit prachakhom", "chart thai", "rassadorn", "kit sangkhom", "chart prachathippatai", "palang mai", "saha prachathippatai", "seriniyom"], "Percent": [0.42313298551423945, 0.21703006725172652, 0.19612071132020467, 0.08463765493531168, 0.049167144163977605, 0.020788725031916925, 0.003985845974446354, 0.0024930385918352986, 0.0016084119947324506, 0.0010354152216090152]}, "1988-7": {"Total Votes": 377500.0, "Parties": ["prachachon", "kit prachakhom", "prachathipat", "palangtham", "puangchon chao thai", "rassadorn", "prachacornthai"], "Percent": [0.3230728476821192, 0.2279682119205298, 0.19509403973509934, 0.1395867549668874, 0.1034225165562914, 0.006140397350993377, 0.00471523178807947]}, "1979-4": {"Total Votes": 156337.0, "Parties": ["kit sangkhom", "independent", "prachathipat", "seritham"], "Percent": [0.4241350416088322, 0.31226772932831, 0.21133832681962683, 0.052258902243230966]}, "1976-4": {"Total Votes": 182029.0, "Parties": ["prachathipat", "palang prachachon", "chart thai", "tham sangkhom", "kit sangkhom", "sangkhomniyom haeng prathet thai", "naew ruam sangkhomniyom", "siam mai", "naew ruam prachathippatai", "sangkhom chartniyom", "fuenfoo chart thai"], "Percent": [0.360470034994424, 0.21084552461420983, 0.17414807530668192, 0.09037021573485543, 0.08180015272291778, 0.03626345252679518, 0.02571568266594883, 0.008059155409302913, 0.006548407121942108, 0.002961066643227178, 0.0028182322596948836]}, "1983-4": {"Total Votes": 257933.0, "Parties": ["kit sangkhom", "prachathipat", "prachacornthai", "siam prachathippatai", "chart prachathippatai", "issara", "prachaseri"], "Percent": [0.31373263599461876, 0.1783874106841699, 0.1758130987504507, 0.1630035706947153, 0.07515129898074306, 0.0677501521713003, 0.02616183272400197]}}