{"1975-1": {"Total Votes": 861594.0, "Parties": ["kit sangkhom", "prachathipat", "chart thai", "sangkhom chartniyom", "laem thong", "thai", "tham sangkhom", "naew ruam sangkhomniyom", "palang mai", "rassadorn", "raengngan", "fuenfoo chart thai"], "Percent": [0.3055731585874553, 0.3045216192313317, 0.12859769218448597, 0.10758083273560401, 0.06572817359452364, 0.02819193262720028, 0.023549374763519707, 0.017548868724712566, 0.009015847371267673, 0.004799244191579793, 0.00404714981766354, 0.0008461061706557845]}, "1992-3": {"Total Votes": 786636.0, "Parties": ["samakkidhamma", "prachathipat", "khwamwang mai", "palangtham", "puangchon chao thai", "prachacornthai", "kasetseri", "saha prachathippatai"], "Percent": [0.43757214264284877, 0.27643789503658617, 0.2046079762431417, 0.06271261422055437, 0.013472559099761515, 0.0025780666025963725, 0.0019373636599392858, 0.0006813824945718223]}, "1992-9": {"Total Votes": 858764.0, "Parties": ["chart thai", "prachathipat", "chart pattana", "palangtham", "khwamwang mai", "seritham", "palang prachachon"], "Percent": [0.41953318956081065, 0.30010340442775896, 0.16629714333623674, 0.06664694840491683, 0.02972644405214937, 0.01387109846244137, 0.0038217717556860795]}, "1969-2": {"Total Votes": 162746.0, "Parties": ["saha prachachart", "independent", "prachathipat", "naew ruam settakorn", "prachachon"], "Percent": [0.5085716392415175, 0.2518648691826528, 0.16023742519017364, 0.04074447298243889, 0.03858159340321728]}, "1986-7": {"Total Votes": 662746.0, "Parties": ["saha prachathippatai", "prachathipat", "prachacornthai", "rassadorn", "kit prachakhom", "chart prachathippatai", "puangchon chao thai", "seriniyom"], "Percent": [0.5569554550310376, 0.30447562112785287, 0.09130194674882988, 0.028913037573972532, 0.010483654371357957, 0.004309343247639367, 0.002018872992066342, 0.001542068907243499]}, "1988-7": {"Total Votes": 678386.0, "Parties": ["prachathipat", "ruam thai", "kit prachakhom", "palangtham", "seriniyom", "prachachon", "kaona", "rassadorn", "kaset utsahakamthai", "muan chon"], "Percent": [0.4118982408245453, 0.39731657198114345, 0.12039163544058987, 0.026395002255353146, 0.02045737972186926, 0.006500723776728883, 0.006067342191613624, 0.004546084382637613, 0.003640994949777855, 0.00278602447574095]}, "1979-4": {"Total Votes": 266284.0, "Parties": ["prachathipat", "ruam thai", "kit sangkhom", "issara", "chart thai"], "Percent": [0.44236980066395276, 0.2243995133015878, 0.12969611392348018, 0.1283366631115651, 0.07519790899941416]}, "1976-4": {"Total Votes": 505053.0, "Parties": ["prachathipat", "chart thai", "kit sangkhom", "kaset sangkhom", "palang prachachon", "pithak thai", "thai sangkhom", "palang seri", "naew ruam prachathippatai", "raengngan", "tham sangkhom"], "Percent": [0.4060445141401001, 0.20674661867170377, 0.16836252828911025, 0.061569775845307324, 0.047798943873217266, 0.03414295133382041, 0.030062191492774025, 0.027805002643286943, 0.007931840816706365, 0.00691412584421833, 0.0026215070497551743]}, "1983-4": {"Total Votes": 393363.0, "Parties": ["prachathipat", "kit sangkhom", "issara", "siam prachathippatai", "chart thai", "puangchon chao thai", "prachaseri"], "Percent": [0.4971997874736567, 0.2427477927512247, 0.1781382590635113, 0.04402040863019654, 0.018560464507338007, 0.017713918187526535, 0.001619369386546269]}}