{"1975-1": {"Total Votes": 1804703.0, "Parties": ["naew ruam sangkhomniyom", "palang mai", "tham sangkhom", "prachathipat", "kaset sangkhom", "sangkhomniyom haeng prathet thai", "sangkhom chartniyom", "chart thai", "laem thong", "palang rassadorn", "rassadorn", "prachathippatai", "santichon", "thai ruam thai", "serichon", "fuenfoo chart thai", "khabuankarn muanchon", "palang prachachon", "sri araya", "thai santiphap", "athipat"], "Percent": [0.34108271554931757, 0.16476450695765454, 0.15137837084550754, 0.12114181668673461, 0.06232936943087034, 0.057465411206165225, 0.02872771863292741, 0.02185124089670156, 0.013747414394501478, 0.006501900866790825, 0.005787655919007172, 0.005242413848705299, 0.005150986062526632, 0.0043076339985028, 0.0029240268343322974, 0.002105055513289444, 0.0015321080532364605, 0.0014855629984545935, 0.0010140172648906774, 0.0008749362083400981, 0.0005851378315434728]}, "1992-3": {"Total Votes": 4016504.0, "Parties": ["khwamwang mai", "kit sangkhom", "samakkidhamma", "chart thai", "palangtham", "ruam palang mai", "muan chon", "rassadorn", "thongthin gaona", "prachathipat", "prachacornthai", "saha prachathippatai", "kasetseri", "ekaphap"], "Percent": [0.2677525031719127, 0.21870437574567334, 0.19670514457348978, 0.10185599217628066, 0.09765034467785916, 0.051086965181660476, 0.03465650725108204, 0.007065348372614591, 0.006831313998442426, 0.0058217295439018605, 0.004499186357090643, 0.0035949173709275534, 0.003349181278046779, 0.0004264903010179997]}, "1992-9": {"Total Votes": 4280039.0, "Parties": ["palangtham", "khwamwang mai", "chart pattana", "seritham", "kit sangkhom", "prachathipat", "chart thai", "muan chon", "ekaphap", "rassadorn", "palang prachachon", "prachacornthai"], "Percent": [0.2152522441968403, 0.21145134425176967, 0.1932108562562163, 0.11865639542069592, 0.10737308702093601, 0.06821433169183738, 0.05506211508820364, 0.01498701296880706, 0.010670930802266054, 0.0022263815820369862, 0.001967271793551414, 0.000928028926839218]}, "1969-2": {"Total Votes": 4144925.0, "Parties": ["naew ruam settakorn", "saha prachathai", "prachon", "libual democrat", "independent", "prachathipat", "naew prachathippatai", "chaona chaorai", "sammacheep chuai chaona"], "Percent": [0.41225016134188197, 0.25967369735278684, 0.11149634794356954, 0.09383233713517132, 0.05386008190739277, 0.03635385441232351, 0.01884617936392094, 0.008714271066424603, 0.004973069476528526]}, "1986-7": {"Total Votes": 3211993.0, "Parties": ["kit sangkhom", "kit prachakhom", "prachathipat", "saha prachathippatai", "rassadorn", "kaona", "chart prachathippatai", "chart thai", "raengngan prachathippatai", "prachacornthai", "rak thai", "palang mai", "seriniyom", "muan chon", "puangchon chao thai"], "Percent": [0.2949371309339716, 0.14956539444513114, 0.13571231319619936, 0.12310923467143298, 0.08709545755548036, 0.05446213612545232, 0.05077844192063931, 0.030409157180604066, 0.021157580355872507, 0.011344358471515971, 0.011027732625818298, 0.010446473575751878, 0.010316647639020382, 0.005374233380956932, 0.004263707922153005]}, "1988-7": {"Total Votes": 3794777.0, "Parties": ["puangchon chao thai", "kit sangkhom", "chart thai", "ruam thai", "rassadorn", "kit prachakhom", "prachachon", "prachathipat", "palangtham", "muan chon", "kaona", "seriniyom", "kaset utsahakamthai", "palang sangkhom prachathippatai", "prachacornthai", "saha prachathippatai", "serichon"], "Percent": [0.22630578819256045, 0.17028958486888687, 0.10778209101615192, 0.1049084043673713, 0.0774567253886065, 0.059005048254482405, 0.05392174559928028, 0.05060508166883061, 0.042300245837897724, 0.0399180241684821, 0.03202164448661937, 0.013383395124403884, 0.006526602221948747, 0.006130795037494957, 0.006050157888065622, 0.0027909413385819506, 0.0006037245403353082]}, "1979-4": {"Total Votes": 4243732.0, "Parties": ["issara", "kit sangkhom", "palang mai", "sangkhom prachathippatai", "prachathipat", "chart thai", "seritham", "prachathippatai", "songvut", "kijprachathippatai"], "Percent": [0.6170462696513352, 0.180839176460719, 0.1337403021679974, 0.024744493761623028, 0.01711206079931532, 0.009444517231531115, 0.007227836253561723, 0.00502741454926937, 0.004286321567902969, 0.0005316075567448652]}, "1976-4": {"Total Votes": 1681384.0, "Parties": ["tham sangkhom", "palang mai", "naew ruam sangkhomniyom", "prachathipat", "chart thai", "thammathippatai", "kit sangkhom", "palang prachachon", "sangkhom chartniyom", "sangkhomniyom haeng prathet thai", "sangkhom niyom", "pithak thai", "thai", "naew ruam prachathippatai", "chart niyom", "sri araya", "prachathippatai", "kaset sangkhom", "pracha gaona"], "Percent": [0.17730393532946667, 0.15823690483554026, 0.15148472924685855, 0.14796500977765936, 0.09528876211501952, 0.09283661555004688, 0.08465407069414244, 0.032785491000271214, 0.03060217059279736, 0.012722852126581436, 0.008244398662054593, 0.0020066802110642185, 0.0019198469831995545, 0.0012174494345134723, 0.0006571966903455725, 0.0006453017276243856, 0.0006340015130392581, 0.0005626317367121371, 0.00023195177306314322]}, "1983-4": {"Total Votes": 2842066.0, "Parties": ["kit sangkhom", "chart prachathippatai", "prachacornthai", "siam prachathippatai", "chart thai", "issara", "palang mai", "prachathipat", "prachaseri", "kaona", "puangchon chao thai"], "Percent": [0.36191066639550246, 0.1600518777537186, 0.12969051387265462, 0.10770263604012012, 0.09848258274086527, 0.0812222516999957, 0.022679979986390184, 0.019124116047973552, 0.015066856293977693, 0.002087214019660346, 0.0019813051491415047]}}