{"1975-1": {"Total Votes": 42245.0, "Parties": ["prachathipat", "sangkhom chartniyom", "chart thai", "tham sangkhom", "kit sangkhom", "fuenfoo chart thai", "pracha gaona", "palang mai", "naew ruam sangkhomniyom", "raengngan", "athipat"], "Percent": [0.25079891111374125, 0.1722334004024145, 0.1649189253166055, 0.12382530476979524, 0.08703988637708604, 0.07958338264883418, 0.07795005326074092, 0.0193158953722334, 0.01273523493904604, 0.01022606225588827, 0.001372943543614629]}, "1992-3": {"Total Votes": 400484.0, "Parties": ["prachathipat", "khwamwang mai", "ekaphap", "palangtham", "muan chon"], "Percent": [0.490201855754537, 0.3960308027286983, 0.0835089541654598, 0.025559073521039543, 0.004699313830265379]}, "1992-9": {"Total Votes": 381362.0, "Parties": ["prachathipat", "khwamwang mai", "palangtham"], "Percent": [0.4971234679910426, 0.40508493242640853, 0.09779159958254886]}, "1969-2": {"Total Votes": 34414.0, "Parties": ["independent", "saha prachathai", "raengngan"], "Percent": [0.7143023188237346, 0.23435229848317546, 0.051345382693090025]}, "1986-7": {"Total Votes": 218522.0, "Parties": ["prachathipat", "kit prachakhom", "chart thai", "chart prachathippatai", "kaona", "saha prachathippatai", "raengngan prachathippatai", "seriniyom"], "Percent": [0.2932702428130806, 0.26848555294203785, 0.2429137569672619, 0.11138466607481169, 0.048379568189930534, 0.02470231830204739, 0.008063261364988422, 0.0028006333458416087]}, "1988-7": {"Total Votes": 311742.0, "Parties": ["prachathipat", "prachachon", "kit prachakhom", "chart thai", "kaona", "palangtham", "rassadorn", "kit sangkhom"], "Percent": [0.29445503012106167, 0.27011438946308164, 0.18416511089298201, 0.09726632920812724, 0.07305399978187091, 0.03851261620185923, 0.0303071129331306, 0.012125411397886714]}, "1979-4": {"Total Votes": 49432.0, "Parties": ["kit sangkhom", "issara", "prachathipat", "chart prachachon"], "Percent": [0.3743526460592329, 0.3560648972325619, 0.18166369962777149, 0.08791875708043373]}, "1976-4": {"Total Votes": 38032.0, "Parties": ["prachathipat", "kit sangkhom", "chart thai", "palang mai", "tham sangkhom", "santichon", "sangkhomniyom haeng prathet thai", "palang prachachon", "pithak thai", "naew ruam prachathippatai", "siam mai"], "Percent": [0.34639251156920486, 0.17456352545225073, 0.1401188472864956, 0.10932898611695414, 0.08695309213294068, 0.043279343710559526, 0.04220130416491376, 0.02274400504838031, 0.013409760201935213, 0.012252839713925115, 0.00875578460244005]}, "1983-4": {"Total Votes": 241678.0, "Parties": ["prachathipat", "chart thai", "kit sangkhom", "chart prachathippatai", "issara", "prachaseri", "kaona"], "Percent": [0.28895472488186763, 0.2203758720280704, 0.20740820430490156, 0.15855808141411298, 0.10139110717566349, 0.01334833952614636, 0.009963670669237581]}}