{"1975-1": {"Total Votes": 545430.0, "Parties": ["tham sangkhom", "sangkhom chartniyom", "kit sangkhom", "kaset sangkhom", "chart thai", "prachathipat", "serichon", "naew ruam sangkhomniyom", "fuenfoo chart thai", "palang prachachon", "kasikammakorn", "palang mai", "thai", "laem thong", "santichon"], "Percent": [0.33924426599196966, 0.23370551674825368, 0.16791705626753206, 0.08087563940377317, 0.06522193498707442, 0.03890875089379022, 0.02920998111581688, 0.009929780173441137, 0.006717635626936546, 0.005951267807051317, 0.005817428450946959, 0.005604752213849623, 0.004066516326568029, 0.003547659644684011, 0.003281814348312341]}, "1992-3": {"Total Votes": 766124.0, "Parties": ["samakkidhamma", "khwamwang mai", "prachathipat", "kit sangkhom", "chart thai", "palangtham", "ekaphap", "kasetseri", "rassadorn", "saha prachathippatai", "thongthin gaona"], "Percent": [0.3319593172906736, 0.18054257535333706, 0.17493251745148303, 0.11735437083292, 0.10952274044410565, 0.044149511045209394, 0.01866277521654458, 0.008037863322386454, 0.007468764847465946, 0.003806172368963771, 0.003563391826910526]}, "1992-9": {"Total Votes": 719598.0, "Parties": ["chart pattana", "prachathipat", "palangtham", "chart thai", "kit sangkhom", "khwamwang mai", "seritham", "ekaphap", "prachacornthai", "palang prachachon"], "Percent": [0.30606255159130513, 0.21153199425234642, 0.17478925733534556, 0.12334108766283397, 0.11343277774535226, 0.029661005172332326, 0.023368603025578173, 0.011598142296115332, 0.00393275134172135, 0.002281829577069419]}, "1969-2": {"Total Votes": 125183.0, "Parties": ["independent", "saha prachathai", "prachachon", "chaona chaorai", "naew prachathippatai"], "Percent": [0.5999856210507816, 0.22993537461156865, 0.10665984997962982, 0.05342578465127054, 0.009993369706749319]}, "1986-7": {"Total Votes": 1383864.0, "Parties": ["saha prachathippatai", "prachathipat", "chart thai", "rassadorn", "prachacornthai", "kit sangkhom", "kit prachakhom", "kaona", "seriniyom", "raengngan prachathippatai"], "Percent": [0.3229002271899551, 0.19434930022025285, 0.13712257851927648, 0.11883898995855083, 0.09423830665441113, 0.05215613673019892, 0.03436464854927941, 0.021613395535977523, 0.016568824682194203, 0.007847591959903574]}, "1988-7": {"Total Votes": 732000.0, "Parties": ["puangchon chao thai", "prachathipat", "chart thai", "ruam thai", "palangtham", "prachachon", "kaona", "seriniyom", "muan chon"], "Percent": [0.6010355191256831, 0.1476584699453552, 0.11113661202185793, 0.09295901639344262, 0.024106557377049177, 0.009855191256830601, 0.006939890710382514, 0.004297814207650273, 0.002010928961748634]}, "1979-4": {"Total Votes": 325581.0, "Parties": ["independent", "kit sangkhom", "prachathipat", "chart thai", "kijprachathippatai", "pattana prachathai"], "Percent": [0.3434752027913177, 0.29654064579935563, 0.19358009220439767, 0.11617385535396721, 0.029408964282313772, 0.020821239568648047]}, "1976-4": {"Total Votes": 588664.0, "Parties": ["chart thai", "kit sangkhom", "kaset sangkhom", "prachathipat", "palang mai", "tham sangkhom", "palang seri", "sangkhom chartniyom", "palang prachachon", "naew ruam prachathippatai", "sangkhomniyom haeng prathet thai", "sangkhom gaona", "palang siam", "thai sangkhom", "pithak thai"], "Percent": [0.34531923134419634, 0.3245518665996222, 0.14044344481741705, 0.09595286954867292, 0.025038052267507438, 0.022991044127040214, 0.01744968267126918, 0.009536849544052295, 0.008544772569751165, 0.0055413614557710345, 0.0019246972806218827, 0.0011976271693190004, 0.000781430493456369, 0.000501134772977454, 0.00022593533832542843]}, "1983-4": {"Total Votes": 977192.0, "Parties": ["chart thai", "prachathipat", "kit sangkhom", "chart prachathippatai", "siam prachathippatai", "prachacornthai", "issara", "puangchon chao thai"], "Percent": [0.22870121736567633, 0.20428841005657025, 0.19297845254566143, 0.12484854562869938, 0.08043148122375132, 0.06279114032861505, 0.06261000908726227, 0.043350743763763924]}}