{"1975-1": {"Total Votes": 0, "Parties": [], "Percent": []}, "1992-3": {"Total Votes": 5981316.0, "Parties": ["samakkidhamma", "khwamwang mai", "chart thai", "prachathipat", "kit sangkhom", "palangtham", "ruam palang mai", "ekaphap", "prachacornthai", "thongthin gaona", "muan chon", "rassadorn", "saha prachathippatai", "kasetseri"], "Percent": [0.24672781040159053, 0.24486952369679177, 0.22617280210575735, 0.1128218271698068, 0.09558013654520175, 0.04129158198630535, 0.010667719277831165, 0.009218707053765422, 0.004644964419201393, 0.0026713184857646713, 0.002293140840577559, 0.0014876324875662814, 0.0011034361000154481, 0.00044939942982447344]}, "1992-9": {"Total Votes": 6469554.0, "Parties": ["chart pattana", "chart thai", "prachathipat", "khwamwang mai", "palangtham", "seritham", "ekaphap", "palang prachachon", "prachacornthai", "muan chon", "rassadorn"], "Percent": [0.5401248679584404, 0.21506938499933692, 0.1145267509939634, 0.05686110665433815, 0.04970002568956067, 0.008848059696232539, 0.006043538704522754, 0.002577766566288805, 0.0022457498615824213, 0.002172019895034495, 0.0018307289806994422]}, "1969-2": {"Total Votes": 5828502.0, "Parties": ["saha prachathai", "prachathipat", "independent"], "Percent": [0.5756878868704172, 0.3291511266531263, 0.09516098647645654]}, "1986-7": {"Total Votes": 5180598.0, "Parties": ["chart thai", "prachathipat", "saha prachathippatai", "kit prachakhom", "rassadorn", "ruam thai", "chart prachathippatai", "palang mai", "kaona", "seriniyom", "kit sangkhom", "raengngan prachathippatai", "muan chon", "rak thai", "puangchon chao thai"], "Percent": [0.4528075716355525, 0.28367806187625444, 0.11786264828886546, 0.04057813403008687, 0.0368482557419047, 0.033241722287658676, 0.008121070193054932, 0.0048596706403392035, 0.004828400119059615, 0.004066905017528865, 0.0036349085568886073, 0.0030963606904067832, 0.002934217246734836, 0.001738409349654229, 0.0017036643260102406]}, "1988-7": {"Total Votes": 5672694.0, "Parties": ["chart thai", "puangchon chao thai", "prachathipat", "prachachon", "palangtham", "rassadorn", "seriniyom", "saha prachathippatai", "prachacornthai", "kaona", "kit prachakhom", "muan chon", "palang sangkhom prachathippatai", "kaset utsahakamthai"], "Percent": [0.37033250868106055, 0.1941352732934299, 0.16715391311429809, 0.1306363431554743, 0.04994452371307179, 0.029585942763702744, 0.025740679825141284, 0.00881221514856962, 0.00839230883950377, 0.007382206761020425, 0.003075787271444573, 0.002255013226519886, 0.0016806829347749059, 0.0008726012719882299]}, "1979-4": {"Total Votes": 2007526.0, "Parties": ["prachathipat", "kit sangkhom", "chart thai", "independent", "seritham", "issara", "kaset sangkhom", "national democracy", "palang mai", "chart prachachon", "sanapsanun nayobai kriangsak", "kan muang pattana prachathai", "prachacornthai"], "Percent": [0.3063118485140416, 0.27421811722488276, 0.12725115390784478, 0.10615404233867956, 0.07570362725065578, 0.03761346054795803, 0.028639230575344978, 0.015971897748771374, 0.010740583185473065, 0.007600897821497704, 0.0060676673676953626, 0.0025294815608863847, 0.0011979919562685613]}, "1976-4": {"Total Votes": 1722142.0, "Parties": ["chart thai", "prachathipat", "thai sangkhom", "kit sangkhom", "thammasangkhom", "kaset sangkhom", "sangkhom chartniyom", "sangkhomniyom haeng prathet thai", "pithak thai", "palang mai", "fuenfoo chart thai", "palang prachachon", "thai", "santichon", "thammathippatai", "siam mai", "krung siam patiroop", "chart niyom", "palang rassadorn", "rassadorn"], "Percent": [0.2679993868101469, 0.20325443546467137, 0.11861623489816753, 0.11061224916412235, 0.08693301713795959, 0.051718731672533394, 0.040879323540102964, 0.025891593143887087, 0.023631036232784522, 0.022048123790024285, 0.01699627556844906, 0.008064375643820312, 0.007271177405812065, 0.0043980113138173274, 0.0034160946077617296, 0.002515472011018836, 0.0023186241320402147, 0.001426130946228592, 0.0010690175374620675, 0.0009406889791898693]}, "1983-4": {"Total Votes": 2626777.0, "Parties": ["chart thai", "issara", "kit sangkhom", "prachathipat", "siam prachathippatai", "prachacornthai", "palang mai", "chart prachathippatai", "kaona", "sangkhom prachathippatai"], "Percent": [0.4704906430960832, 0.165630352329109, 0.1483277796326068, 0.1304724382770216, 0.050622492887671844, 0.010871116961965178, 0.008901402745646091, 0.00574468255204001, 0.004511231825160644, 0.004427859692695649]}}