{"1975-1": {"Total Votes": 0, "Parties": [], "Percent": []}, "1992-3": {"Total Votes": 3401397.0, "Parties": ["prachathipat", "palangtham", "ekaphap", "khwamwang mai", "kit sangkhom", "thongthin gaona", "ruam palang mai", "chart thai", "prachacornthai"], "Percent": [0.4690346348867833, 0.2433782354720722, 0.1271609870885404, 0.06381642601554596, 0.03289912938713123, 0.029630472420596597, 0.018363043184903147, 0.008892228693092866, 0.00682484285133432]}, "1992-9": {"Total Votes": 3519666.0, "Parties": ["prachathipat", "palangtham", "seritham"], "Percent": [0.5915657906176325, 0.4058140744036508, 0.0026201349787167306]}, "1969-2": {"Total Votes": 3880683.0, "Parties": ["prachathipat", "saha prachathai", "independent", "chaona chaorai", "prachachon"], "Percent": [0.5830942645920834, 0.289351642481491, 0.06679700454791077, 0.05533098168544043, 0.0054261066930743895]}, "1986-7": {"Total Votes": 2865876.0, "Parties": ["prachathipat", "kit sangkhom", "kaona", "rassadorn", "chart thai", "prachacornthai", "seriniyom", "kit prachakhom", "palang mai", "chart prachathippatai", "muan chon", "raengngan prachathippatai", "rak thai", "saha prachathippatai"], "Percent": [0.5702465842904578, 0.2208958098675588, 0.10014320228788685, 0.03518191296483169, 0.020492163652579526, 0.014868752172110727, 0.009275697901793379, 0.009271510700393178, 0.006760236660623141, 0.004703273972774816, 0.0026107200730247928, 0.0023626283900629336, 0.0017219865758323109, 0.001465520490070052]}, "1988-7": {"Total Votes": 2714754.0, "Parties": ["prachathipat", "prachachon", "palangtham", "kaona", "kit sangkhom", "palang sangkhom prachathippatai", "prachacornthai", "chart thai", "saha prachathippatai", "rassadorn", "muan chon", "kaset utsahakamthai"], "Percent": [0.3459838349994144, 0.19444634762486765, 0.13751743251874757, 0.11630667088067649, 0.08729078214821674, 0.02950433077914242, 0.02843241045044965, 0.024413261754103688, 0.017967373839397602, 0.008389710448902554, 0.007379674180422977, 0.002368170375658347]}, "1979-4": {"Total Votes": 1703521.0, "Parties": ["kit sangkhom", "issara", "prachathipat", "chart thai", "sangkhom prachathippatai", "prachakorn kaset"], "Percent": [0.32015983366216205, 0.31979999072509235, 0.2993511673762754, 0.05103195088290664, 0.00809382449644002, 0.0015632328571235693]}, "1976-4": {"Total Votes": 1329172.0, "Parties": ["prachathipat", "kit sangkhom", "palang mai", "sangkhomniyom haeng prathet thai", "chart thai", "tham sangkhom", "palang prachachon", "thammathippatai", "naew ruam sangkhomniyom", "naew ruam prachathippatai", "siam mai", "pithak thai", "chart niyom", "santichon", "krung siam patiroop", "palang siam"], "Percent": [0.5933144845061437, 0.22423734475297402, 0.06529403267598174, 0.05727400216074368, 0.015633040720087393, 0.01109412476338653, 0.010346290773504107, 0.007926739353522344, 0.004694652008919839, 0.00260237200302143, 0.002418046723825058, 0.001828205830396668, 0.0009991182480521708, 0.0009472062306458457, 0.000767395039919589, 0.0006229442088759017]}, "1983-4": {"Total Votes": 2097228.0, "Parties": ["prachathipat", "kit sangkhom", "palang mai", "puangchon chao thai", "chart prachathippatai", "kaona", "prachacornthai", "chart thai", "issara", "prachaseri"], "Percent": [0.5400686048441086, 0.3338435306032534, 0.03276944614510201, 0.02852193466804754, 0.017770600049207812, 0.014569708205307197, 0.011957688911267635, 0.011469425355755312, 0.00871960511684948, 0.00030945610110107245]}}