{"1975-1": {"Total Votes": 350688.0, "Parties": ["sangkhom chartniyom", "chart thai", "kit sangkhom", "palang prachachon", "palang mai", "sangkhomniyom haeng prathet thai", "kaset sangkhom", "prachathipat", "naew ruam sangkhomniyom", "tham sangkhom", "prachathippatai", "santichon", "fuenfoo chart thai"], "Percent": [0.46571596404781457, 0.12435840405146455, 0.09628216534355324, 0.08451386987863856, 0.07584234419198832, 0.04925175654713021, 0.03592367004288712, 0.020776302582352406, 0.018264098001642484, 0.017736563555068894, 0.006438771785746875, 0.003396181220914317, 0.0014999087507984305]}, "1992-3": {"Total Votes": 2131641.0, "Parties": ["samakkidhamma", "khwamwang mai", "chart thai", "kit sangkhom", "muan chon", "ekaphap", "prachacornthai", "kasetseri", "rassadorn", "puangchon chao thai"], "Percent": [0.4283432341562205, 0.2743041628491852, 0.0746481232064874, 0.07383607277210374, 0.0545945588398797, 0.05105643961623932, 0.028487911425985897, 0.007737700672861893, 0.004337503360087369, 0.0026542931009489873]}, "1992-9": {"Total Votes": 2064372.0, "Parties": ["khwamwang mai", "chart pattana", "seritham", "chart thai", "prachathipat", "rassadorn", "prachacornthai"], "Percent": [0.2935473839017386, 0.2602641384401649, 0.20186478018496667, 0.1289084525463434, 0.10373857037394424, 0.006645604571269131, 0.005031069981573089]}, "1969-2": {"Total Votes": 203743.0, "Parties": ["saha prachathai", "independent", "prachathipat", "naew prachathippatai"], "Percent": [0.39354480890141014, 0.2593512415150459, 0.24944169861050441, 0.09766225097303956]}, "1986-7": {"Total Votes": 1470619.0, "Parties": ["prachathipat", "chart thai", "ruam thai", "prachacornthai", "kit prachakhom", "kaona", "rassadorn", "palang mai", "raengngan prachathippatai", "rak thai", "saha prachathippatai"], "Percent": [0.3906348279193999, 0.3311483123773051, 0.12618360023908298, 0.0595048751580117, 0.02618489221205492, 0.025120034488878493, 0.019306836100988763, 0.01067169674810403, 0.007024933038400837, 0.002855940253729892, 0.0013640514640433721]}, "1988-7": {"Total Votes": 1540455.0, "Parties": ["chart thai", "puangchon chao thai", "prachathipat", "ruam thai", "rassadorn", "prachacornthai", "palangtham", "kit prachakhom", "kaona", "seriniyom", "palang sangkhom prachathippatai", "saha prachathippatai", "kit sangkhom", "prachachon", "muan chon", "kaset utsahakamthai"], "Percent": [0.36569260380861496, 0.20517639268917298, 0.12257742030763638, 0.09003054292400622, 0.044043480659934894, 0.04031406305279933, 0.037892700533283995, 0.02234145106478281, 0.017962225446377857, 0.01677426474645478, 0.009159631407603598, 0.007576982125410999, 0.007327705126082878, 0.006620121976948367, 0.00490439513001029, 0.0016060190008796102]}, "1979-4": {"Total Votes": 298945.0, "Parties": ["independent", "prachathipat", "sanapsanun nayobai kriangsak", "kijtham", "chart thai", "palang mai", "kit sangkhom", "pattana prachathai"], "Percent": [0.5841040994162805, 0.11515496161501279, 0.08831724899228954, 0.08183445115322216, 0.05114653197076385, 0.0494070815701885, 0.027346167355199118, 0.002689457927043436]}, "1976-4": {"Total Votes": 350363.0, "Parties": ["chart thai", "sangkhom chartniyom", "prachathipat", "tham sangkhom", "palang prachachon", "palang seri", "thammathippatai", "palang mai", "raengngan", "kit sangkhom", "sangkhomniyom haeng prathet thai", "thai", "naew ruam prachathippatai", "krung siam patiroop", "pithak thai", "pracha gaona", "siam mai"], "Percent": [0.34662906756706613, 0.16537134343523718, 0.14401064039296388, 0.08485485054072489, 0.06312310375239394, 0.053264756837908114, 0.03802912978824819, 0.03245205686673536, 0.02041882276381924, 0.019628214166450223, 0.01483033311165848, 0.006167888732543105, 0.005477176528343461, 0.0026201396836994773, 0.0013700076777513608, 0.0009304635478061325, 0.0008220046066508165]}, "1983-4": {"Total Votes": 996223.0, "Parties": ["chart prachathippatai", "kit sangkhom", "chart thai", "siam prachathippatai", "issara", "prachacornthai", "prachaseri", "palang mai", "sangkhom prachathippatai"], "Percent": [0.42332289055763617, 0.263131848993649, 0.11515092504389078, 0.06287548069056828, 0.05430711798462794, 0.047857758754816945, 0.027170623444750824, 0.004461852416577413, 0.0017215021134826239]}}