{"1975-1": {"Total Votes": 0, "Parties": [], "Percent": []}, "1992-3": {"Total Votes": 1496898.0, "Parties": ["samakkidhamma", "chart thai", "khwamwang mai", "prachathipat", "ekaphap", "kit sangkhom", "thongthin gaona"], "Percent": [0.3982616049991382, 0.2312822917793998, 0.18567998621148535, 0.0648541183166789, 0.05805004749822633, 0.05616615160151192, 0.00570579959355948]}, "1992-9": {"Total Votes": 1667064.0, "Parties": ["prachathipat", "chart thai", "khwamwang mai", "palangtham", "ekaphap", "prachacornthai"], "Percent": [0.4248859071997236, 0.2544647356070313, 0.17713537092757087, 0.10441650710470624, 0.03388232245432689, 0.0052151567066411365]}, "1969-2": {"Total Votes": 0, "Parties": [], "Percent": []}, "1986-7": {"Total Votes": 1255152.0, "Parties": ["chart thai", "saha prachathippatai", "kit prachakhom", "ruam thai", "prachathipat", "prachacornthai", "chart prachathippatai", "kit sangkhom", "muan chon", "kaona", "prachathippatai", "rassadorn", "palang mai", "raengngan prachathippatai", "rak thai"], "Percent": [0.21657615970017974, 0.14628905503078513, 0.13673324027687483, 0.09239598072584038, 0.06976844238785422, 0.06611629507820567, 0.0655952426479024, 0.056440972886152435, 0.043546120310528125, 0.034781444797124174, 0.026726643466289342, 0.024874278175073615, 0.01176192206202914, 0.0060351256262189765, 0.0023590768289418335]}, "1988-7": {"Total Votes": 1548159.0, "Parties": ["ruam thai", "chart thai", "prachathipat", "kit prachakhom", "saha prachathippatai", "rassadorn", "kaona", "kaset utsahakamthai", "prachachon"], "Percent": [0.4280916882568263, 0.20672295287499542, 0.13030638325908386, 0.09597270047843923, 0.056001999794594734, 0.05559894041891046, 0.013622631783944673, 0.009624980379922217, 0.004057722753283093]}, "1979-4": {"Total Votes": 862209.0, "Parties": ["chart thai", "kit sangkhom", "issara", "seritham", "ruam thai", "prachathipat", "kijprachathippatai"], "Percent": [0.40718085754150096, 0.3815409024957986, 0.15484064768519, 0.027807642926483023, 0.015934651575198126, 0.007292895342080633, 0.005402402433748662]}, "1976-4": {"Total Votes": 0, "Parties": [], "Percent": []}, "1983-4": {"Total Votes": 908421.0, "Parties": ["chart thai", "kit sangkhom", "chart prachathippatai", "prachathipat", "issara", "prachacornthai"], "Percent": [0.3276443411149676, 0.2662025646699053, 0.1567566139488189, 0.1336626960407124, 0.06036188066986563, 0.05537190355573022]}}