{"1975-1": {"Total Votes": 227998.0, "Parties": ["prachathipat", "kit sangkhom", "chart thai", "sangkhom chartniyom", "tham sangkhom", "kaset sangkhom", "palang mai", "rassadorn", "serichon"], "Percent": [0.43887227080939306, 0.20216844007403573, 0.1124571268169019, 0.08641303871086589, 0.07035149431135361, 0.051785541978438404, 0.03288625338818762, 0.003302660549653944, 0.0017631733611698347]}, "1992-3": {"Total Votes": 1250733.0, "Parties": ["chart thai", "samakkidhamma", "khwamwang mai", "prachathipat"], "Percent": [0.44373979098656546, 0.2713888575739187, 0.1650616078731432, 0.11980974356637267]}, "1992-9": {"Total Votes": 1225896.0, "Parties": ["chart pattana", "prachathipat", "chart thai"], "Percent": [0.44057244660232187, 0.3761159184792185, 0.18331163491845964]}, "1969-2": {"Total Votes": 160823.0, "Parties": ["saha prachathai", "independent", "prachachon", "naew prachathippatai"], "Percent": [0.6031102516431107, 0.2783743618760998, 0.07863303134501906, 0.03988235513577038]}, "1986-7": {"Total Votes": 970782.0, "Parties": ["chart thai", "rassadorn", "kit prachakhom", "kit sangkhom", "puangchon chao thai", "muan chon", "ruam thai", "seriniyom"], "Percent": [0.5332299115558385, 0.29598818272279465, 0.15386873675037238, 0.006307286290845936, 0.005064988844045316, 0.0019963287329184103, 0.0019314325976377807, 0.0016131325055470744]}, "1988-7": {"Total Votes": 1016946.0, "Parties": ["chart thai", "rassadorn", "palangtham", "prachacornthai", "puangchon chao thai", "kaona", "muan chon", "kit sangkhom"], "Percent": [0.6271778442513172, 0.2662324253205185, 0.053011664336159434, 0.01856735755880843, 0.01696550259305804, 0.013092140585635815, 0.002516357800709182, 0.0024367075537934167]}, "1979-4": {"Total Votes": 124953.0, "Parties": ["independent", "prachathippatai", "chart thai", "prachathipat", "sanapsanun nayobai kriangsak", "kit sangkhom"], "Percent": [0.6825446367834307, 0.15274543228253823, 0.12790409193856891, 0.03152385296871624, 0.0052819860267460566, 0.0]}, "1976-4": {"Total Votes": 207921.0, "Parties": ["chart thai", "prachathipat", "palang prachachon", "tham sangkhom", "palang mai", "sangkhomniyom haeng prathet thai", "chart niyom", "naew ruam prachathippatai"], "Percent": [0.4227855772144228, 0.25576060138225576, 0.1378889097301379, 0.13597472116813597, 0.03079054063803079, 0.00681989794200682, 0.006286041333006286, 0.0036937105920036937]}, "1983-4": {"Total Votes": 577916.0, "Parties": ["chart thai", "chart prachathippatai", "prachathipat", "prachacornthai", "issara", "kit sangkhom"], "Percent": [0.842676098256494, 0.08405373791346839, 0.02815980177049952, 0.01862727455201102, 0.013595401407817053, 0.012887686099709993]}}