{"1975-1": {"Total Votes": 317511.0, "Parties": ["prachathipat", "kit sangkhom", "thai", "sangkhom chartniyom", "chart thai", "fuenfoo chart thai", "raengngan", "tham sangkhom", "prachathippatai", "kaset sangkhom", "sangkhom gaona", "rassadorn"], "Percent": [0.3344199098613907, 0.19038710469873485, 0.1308490099555606, 0.1246696964829565, 0.0781201281215454, 0.049755756493475814, 0.029488742122320173, 0.01908910242479788, 0.01707972322218758, 0.012072022701575693, 0.010446882155263912, 0.0036219217601909854]}, "1992-3": {"Total Votes": 1687449.0, "Parties": ["chart thai", "khwamwang mai", "prachacornthai", "palangtham", "prachathipat", "samakkidhamma", "kit sangkhom"], "Percent": [0.3522601275653368, 0.20991034395706182, 0.14746579007721122, 0.11104335597698063, 0.08217611317438335, 0.07313643256773983, 0.02400783668128637]}, "1992-9": {"Total Votes": 1697984.0, "Parties": ["palangtham", "chart pattana", "prachathipat", "prachacornthai", "khwamwang mai", "chart thai", "seritham", "kit sangkhom"], "Percent": [0.24582033752968227, 0.2317878142550224, 0.16713702838189287, 0.12384215634540727, 0.1040539840186951, 0.09416696505974144, 0.029704637970675817, 0.003487076438882817]}, "1969-2": {"Total Votes": 407305.0, "Parties": ["saha prachathai", "independent", "prachathipat"], "Percent": [0.44045616920980596, 0.35001779992880033, 0.20952603086139376]}, "1986-7": {"Total Votes": 1452468.0, "Parties": ["chart thai", "prachacornthai", "prachathipat", "saha prachathippatai", "kit prachakhom", "rassadorn", "kaona", "chart prachathippatai", "rak thai", "puangchon chao thai", "seriniyom", "raengngan prachathippatai"], "Percent": [0.2423771126110868, 0.22482629565677179, 0.22217838878378043, 0.15799039978849794, 0.09605994762018853, 0.03552987053759532, 0.007830120870132767, 0.006316834518901622, 0.003655846462710366, 0.0018967715639862635, 0.0009831541899718273, 0.00035525739637637453]}, "1988-7": {"Total Votes": 1641010.0, "Parties": ["prachacornthai", "chart thai", "rassadorn", "prachathipat", "puangchon chao thai", "palangtham", "kit prachakhom", "kaset utsahakamthai", "muan chon", "kaona"], "Percent": [0.28500923211924367, 0.23748545103320515, 0.16600203533189925, 0.11986947063089196, 0.07160285433970542, 0.061273240260571245, 0.04947684657619393, 0.0056922261290302915, 0.0031011389327304526, 0.00048750464652866224]}, "1979-4": {"Total Votes": 588290.0, "Parties": ["prachathipat", "kit sangkhom", "chart thai", "chart prachachon", "kijprachathippatai", "issara", "prachacornthai"], "Percent": [0.31729249179826274, 0.287276683268456, 0.15300957010997976, 0.0834656376956943, 0.05961005626476738, 0.052423124649407606, 0.04692243621343215]}, "1976-4": {"Total Votes": 278859.0, "Parties": ["kit sangkhom", "prachathipat", "sangkhom chartniyom", "chart thai", "palang prachachon", "tham sangkhom", "thai", "palang mai", "kaset sangkhom", "pithak thai", "siam mai", "palang seri", "raengngan", "krung siam patiroop", "sangkhom gaona"], "Percent": [0.27750942232454395, 0.17480518828511898, 0.1683252109489025, 0.11434811141114326, 0.0728540230008714, 0.06136434542187987, 0.04726761553329819, 0.02640043893150302, 0.021193506395705355, 0.011446645078695685, 0.0061428894172323644, 0.005934898999135764, 0.005031216492922947, 0.004712058782395404, 0.0026644289766512824]}, "1983-4": {"Total Votes": 816384.0, "Parties": ["chart thai", "kit sangkhom", "prachacornthai", "issara", "prachaseri", "prachathipat"], "Percent": [0.4681191694104735, 0.4243970974443399, 0.08913207510191283, 0.009611898322358106, 0.005281828159297585, 0.003457931561618062]}}