{"1975-1": {"Total Votes": 663540.0, "Parties": ["tham sangkhom", "prachathipat", "chart thai", "kit sangkhom", "fuenfoo chart thai", "palang mai", "sangkhom chartniyom", "kaset sangkhom", "sangkhomniyom haeng prathet thai", "prachathippatai", "naew ruam sangkhomniyom", "pracha gaona", "kasettrakorn", "kammakorn"], "Percent": [0.28890948548693374, 0.18516442113512374, 0.18293245320553397, 0.15369382403472284, 0.05578714169454743, 0.04448865177683335, 0.035159899930674865, 0.031839828797058205, 0.0055867016306477375, 0.005542996654308708, 0.004816589806191036, 0.0030970250474726467, 0.0016200982608433553, 0.0013608825391084184]}, "1992-3": {"Total Votes": 2242023.0, "Parties": ["chart thai", "palangtham", "khwamwang mai", "prachacornthai", "thongthin gaona", "ruam palang mai", "rassadorn"], "Percent": [0.6696956275649268, 0.19721653167697206, 0.11708443668954333, 0.007303225702858535, 0.0037599971097531113, 0.0029424319019028798, 0.001997749354043201]}, "1992-9": {"Total Votes": 2433510.0, "Parties": ["chart thai", "palangtham", "chart pattana", "prachathipat", "seritham", "palang prachachon"], "Percent": [0.5405710270350235, 0.2430193424313029, 0.11690027984269635, 0.055856355634453944, 0.04165464699138282, 0.001998348065140476]}, "1969-2": {"Total Votes": 452618.0, "Parties": ["saha prachathai", "independent", "chaona chaorai", "prachathipat"], "Percent": [0.38837386051814116, 0.22077999549288804, 0.2153604143008011, 0.17548572968816972]}, "1986-7": {"Total Votes": 1577195.0, "Parties": ["chart thai", "rassadorn", "kit prachakhom", "saha prachathippatai", "prachathipat", "kaona", "seriniyom", "ruam thai", "chart prachathippatai", "rak thai", "puangchon chao thai", "kit sangkhom", "muan chon", "raengngan prachathippatai"], "Percent": [0.5930103760156481, 0.18224315953322195, 0.11451659433361125, 0.05617377686335552, 0.020388094053049876, 0.0077549066539013885, 0.006032862138163005, 0.005630882674621717, 0.0035911856175044935, 0.003271630965099433, 0.0030452797529791813, 0.002214057234520779, 0.0018456817324427226, 0.00028151243188064885]}, "1988-7": {"Total Votes": 2232768.0, "Parties": ["chart thai", "palangtham", "puangchon chao thai", "rassadorn", "kit prachakhom", "kit sangkhom", "prachachon", "seriniyom", "muan chon", "kaona", "palang sangkhom prachathippatai"], "Percent": [0.6823794500816923, 0.0957116906010835, 0.08700097815805315, 0.07506959970762749, 0.03415894530914094, 0.007974406655774357, 0.005389274658182131, 0.0035256685871528073, 0.0033389048929400636, 0.0029183506750365467, 0.0025327306733167083]}, "1979-4": {"Total Votes": 257669.0, "Parties": ["chart thai", "issara", "independent", "kit sangkhom", "sangkhom prachathippatai", "prachathipat", "kijprachathippatai", "rak chart", "maha chon"], "Percent": [0.37543903224679726, 0.24940524471317854, 0.16955861977963976, 0.07954003003853781, 0.0434549751813373, 0.03754041037144554, 0.030512013474651586, 0.009585941653827196, 0.0049637325405850145]}, "1976-4": {"Total Votes": 346589.0, "Parties": ["chart thai", "tham sangkhom", "kit sangkhom", "prachathipat", "sangkhom chartniyom", "kaset sangkhom", "pithak thai", "palang prachachon", "palang mai", "sangkhomniyom haeng prathet thai", "thammathippatai", "krung siam patiroop", "naew ruam prachathippatai", "thai", "naew ruam sangkhomniyom", "chart siam"], "Percent": [0.29557198872439694, 0.21148391899338986, 0.1846221316891188, 0.1647801863302067, 0.07327410852623713, 0.01593818615132044, 0.015623692615749491, 0.011705507099186644, 0.009111656746174864, 0.006558200058282289, 0.004495237875408625, 0.0030266396221461152, 0.0018523380718949533, 0.0010502352930993194, 0.0006289870711419001, 0.00027698513224597436]}, "1983-4": {"Total Votes": 1073347.0, "Parties": ["chart thai", "prachacornthai", "kit sangkhom", "issara", "chart prachathippatai", "kaona", "prachathipat"], "Percent": [0.4383428658206526, 0.24971048505283006, 0.1434587323577557, 0.11639944957222595, 0.0422696481193873, 0.008426911334358786, 0.0013919077427896104]}}