{"1975-1": {"Total Votes": 212223.0, "Parties": ["santichon", "kaset sangkhom", "tham sangkhom", "chart thai", "prachathipat", "kit sangkhom", "naew ruam sangkhomniyom"], "Percent": [0.28185446440772205, 0.21972170782620168, 0.21545261352445305, 0.12923198710790065, 0.08769077809662477, 0.033582599435499454, 0.03246584960159832]}, "1992-3": {"Total Votes": 1186239.0, "Parties": ["khwamwang mai", "samakkidhamma", "chart thai", "prachacornthai", "prachathipat", "saha prachathippatai", "puangchon chao thai"], "Percent": [0.3955990318982937, 0.3267444418873431, 0.14242070948603108, 0.12144264351450255, 0.010955633729796441, 0.0014617627645019259, 0.0013757767195312243]}, "1992-9": {"Total Votes": 1354038.0, "Parties": ["chart pattana", "prachathipat", "khwamwang mai", "prachacornthai", "ekaphap", "palang prachachon"], "Percent": [0.37930102404806953, 0.33176764610742093, 0.26107465226234416, 0.021996428460648816, 0.004220708724570507, 0.0016395403969460237]}, "1969-2": {"Total Votes": 43821.0, "Parties": ["independent", "prachathipat", "saha prachathai"], "Percent": [0.5487551630496794, 0.3422331758745807, 0.10901166107573994]}, "1986-7": {"Total Votes": 890241.0, "Parties": ["kit sangkhom", "prachathipat", "chart prachathippatai", "saha prachathippatai", "rassadorn", "chart thai", "kaona", "puangchon chao thai", "muan chon", "seriniyom"], "Percent": [0.25662264487930797, 0.2042615426609199, 0.16461160517208262, 0.1520723040165528, 0.13887924730494328, 0.07376991174299993, 0.005395168274658211, 0.001513073426184595, 0.0014456759461763725, 0.0014288265761743168]}, "1988-7": {"Total Votes": 888438.0, "Parties": ["chart thai", "kit sangkhom", "prachacornthai", "palangtham", "puangchon chao thai", "muan chon", "kit prachakhom", "prachachon"], "Percent": [0.4882186489096595, 0.3000817164506696, 0.15069931722866423, 0.03182551849425621, 0.022840085633437562, 0.002897219614649531, 0.0018301783579720812, 0.001607315310691348]}, "1979-4": {"Total Votes": 226993.0, "Parties": ["kit sangkhom", "prachathipat", "independent"], "Percent": [0.7266832016846334, 0.20787425162890485, 0.0654425466864617]}, "1976-4": {"Total Votes": 197253.0, "Parties": ["prachathipat", "kit sangkhom", "chart thai", "pithak thai", "palang mai", "thammathippatai", "fuenfoo chart thai", "tham sangkhom", "sangkhomniyom haeng prathet thai", "naew ruam prachathippatai", "siam mai"], "Percent": [0.43534952573598373, 0.2131171642509873, 0.18659285283367047, 0.053276756247053275, 0.051618986783470974, 0.0384937111222643, 0.011781823343624685, 0.004653921613359493, 0.001885902876001886, 0.0016476302008080993, 0.0015817249927757753]}, "1983-4": {"Total Votes": 631060.0, "Parties": ["kit sangkhom", "chart thai", "chart prachathippatai", "prachacornthai", "prachathipat", "issara"], "Percent": [0.40536557538110485, 0.26256298925617216, 0.25053085285075904, 0.04889867841409692, 0.03128545621652458, 0.001356447881342503]}}