{"1975-1": {"Total Votes": 1181105.0, "Parties": ["tham sangkhom", "chart thai", "sangkhom chartniyom", "kaset sangkhom", "kit sangkhom", "palang mai", "sangkhomniyom haeng prathet thai", "athipat", "paendin thai", "prachathippatai", "naew ruam sangkhomniyom", "prachathipat", "kammakorn", "palang rassadorn", "serichon"], "Percent": [0.22683673339796206, 0.2095910185800585, 0.14386781869520493, 0.10725549379606386, 0.10706838088061604, 0.07652748908860771, 0.02893222871802253, 0.0227998357470335, 0.021406225526096324, 0.0176301006261086, 0.01524673928228227, 0.010840695789112738, 0.007475203305379285, 0.002362194724431782, 0.002159841843019884]}, "1992-3": {"Total Votes": 2801408.0, "Parties": ["khwamwang mai", "samakkidhamma", "chart thai", "kit sangkhom", "ekaphap", "palangtham", "ruam palang mai", "puangchon chao thai", "prachacornthai", "thongthin gaona", "rassadorn", "prachathipat", "muan chon", "kasetseri", "saha prachathippatai"], "Percent": [0.2523852291419172, 0.20278624177556429, 0.17364339646349264, 0.11992112537695332, 0.0848037843827104, 0.05844525324408298, 0.03242012587955771, 0.02304555423558439, 0.014634069724938317, 0.014207141551676872, 0.006680569199488258, 0.006653439984464955, 0.004359950424929178, 0.004219306862834689, 0.0017948117518048067]}, "1992-9": {"Total Votes": 2751824.0, "Parties": ["chart pattana", "chart thai", "khwamwang mai", "prachathipat", "palangtham", "kit sangkhom", "ekaphap", "muan chon", "seritham", "prachacornthai", "rassadorn", "palang prachachon"], "Percent": [0.20413987231741562, 0.18618269191634346, 0.17407799336004048, 0.11605175330980469, 0.10580981923262534, 0.08432552372535453, 0.05868543918506416, 0.03092348929291989, 0.02316790608701719, 0.011689701085534538, 0.0031070301007622577, 0.0018387803871177807]}, "1969-2": {"Total Votes": 1917879.0, "Parties": ["saha prachathai", "prachathipat", "naew prachathippatai", "prachachon", "independent", "sammacheep chuai chaona"], "Percent": [0.31940753300912106, 0.22308602367511193, 0.18028770323883833, 0.12691103036218654, 0.12101076240993307, 0.029296947304809116]}, "1986-7": {"Total Votes": 2687150.0, "Parties": ["kit prachakhom", "chart prachathippatai", "saha prachathippatai", "kit sangkhom", "prachathipat", "rassadorn", "palang mai", "kaona", "rak thai", "chart thai", "ruam thai", "puangchon chao thai", "seriniyom", "raengngan prachathippatai", "prachacornthai", "muan chon"], "Percent": [0.254827233314106, 0.23758182460971658, 0.14355171836332176, 0.10479355450942447, 0.10471838192880933, 0.052200658690434096, 0.03670208213162644, 0.030201514615856954, 0.009214223247678765, 0.008923952886887595, 0.007592802783618331, 0.003776119680702603, 0.002295740840667622, 0.0017959548220233333, 0.0009545429172171259, 0.000869694657908937]}, "1988-7": {"Total Votes": 2555591.0, "Parties": ["chart thai", "rassadorn", "palang sangkhom prachathippatai", "prachathipat", "kit sangkhom", "seriniyom", "palangtham", "puangchon chao thai", "kaona", "kit prachakhom", "ruam thai", "saha prachathippatai", "prachachon", "prachacornthai", "kaset utsahakamthai", "muan chon"], "Percent": [0.1928501078615475, 0.16402233377719674, 0.1599113473165307, 0.15276505512814845, 0.08983401491083667, 0.049469574748071975, 0.04149138105432364, 0.03564107089123417, 0.03243828922546683, 0.0247246136020983, 0.014555537251461598, 0.01449292942415277, 0.014337583752642737, 0.007999715134385745, 0.0034723866221159803, 0.0019940592997862334]}, "1979-4": {"Total Votes": 861485.0, "Parties": ["kit sangkhom", "chart prachachon", "chart thai", "kijprachathippatai", "prachathipat", "independent", "seritham", "issara", "palang mai", "kijtham", "sangkhom prachathippatai", "national democracy"], "Percent": [0.2440576446484849, 0.2301723187287068, 0.12919783861587839, 0.123779288089752, 0.08989593550671224, 0.07177025717220845, 0.04746919563312188, 0.022890706164355734, 0.021305072055810607, 0.012217275982750716, 0.003687818127999907, 0.0035566492742183553]}, "1976-4": {"Total Votes": 1231970.0, "Parties": ["prachathipat", "tham sangkhom", "kaset sangkhom", "kit sangkhom", "palang mai", "thammathippatai", "fuenfoo chart thai", "chart thai", "sangkhom chartniyom", "pithak thai", "palang prachachon", "santichon", "pracha gaona", "sangkhomniyom haeng prathet thai", "raengngan", "thai", "naew ruam prachathippatai", "siam mai", "rassadorn", "prachathippatai", "chart niyom", "setthakorn"], "Percent": [0.19944316825896732, 0.17976574104888915, 0.13996525889429126, 0.10077518121382827, 0.06529217432242668, 0.06370284990705942, 0.05565719944479168, 0.04772275298911499, 0.04753768354748898, 0.03686291062282361, 0.01564161464970738, 0.011753532959406478, 0.009260777453996446, 0.008827325340714464, 0.007790774125993328, 0.0035820677451561325, 0.001753289446983287, 0.0016258512788460758, 0.0013206490417786148, 0.000672905996087567, 0.0006680357476237246, 0.000378255964025098]}, "1983-4": {"Total Votes": 1678332.0, "Parties": ["chart prachathippatai", "kit sangkhom", "issara", "sangkhom prachathippatai", "prachathipat", "prachaseri", "palang mai", "kaona", "prachacornthai"], "Percent": [0.4128170111753814, 0.2271981943977711, 0.18840551213943366, 0.05253191859536731, 0.04201671659719293, 0.026010944199359842, 0.023147386810237786, 0.022510444894097235, 0.005361871191158841]}}