{"1975-1": {"Total Votes": 805425.0, "Parties": ["prachathipat", "kit sangkhom", "tham sangkhom", "chart thai", "sangkhom chartniyom", "kaset sangkhom", "raengngan", "thai", "naew ruam sangkhomniyom"], "Percent": [0.5381394915727722, 0.18760281838780768, 0.1512729304404507, 0.07237917869447807, 0.014808331005369836, 0.013707049073470527, 0.008148493031629265, 0.007546326473600894, 0.006395381320420896]}, "1992-3": {"Total Votes": 1521122.0, "Parties": ["prachathipat", "khwamwang mai", "palangtham", "ekaphap", "samakkidhamma", "chart thai", "kit sangkhom"], "Percent": [0.45023081646311075, 0.2344322151674882, 0.12317092251640564, 0.11963405959548279, 0.06370823642022139, 0.005263220175633513, 0.0035605296616576447]}, "1992-9": {"Total Votes": 1590119.0, "Parties": ["prachathipat", "palangtham", "seritham", "chart pattana", "prachacornthai"], "Percent": [0.5925198051215036, 0.39532638752194016, 0.007245998569918352, 0.004076424468860506, 0.0008313843177774745]}, "1969-2": {"Total Votes": 0, "Parties": [], "Percent": []}, "1986-7": {"Total Votes": 0, "Parties": [], "Percent": []}, "1988-7": {"Total Votes": 1193668.0, "Parties": ["prachathipat", "palangtham", "kit sangkhom", "prachachon", "saha prachathippatai", "seriniyom", "kaona", "puangchon chao thai", "prachacornthai", "rassadorn", "palang sangkhom prachathippatai"], "Percent": [0.3711098898521197, 0.2327523230915129, 0.23198745379787344, 0.0642222125415107, 0.04272125917759377, 0.02657941739244078, 0.015229527808402334, 0.009042715394900425, 0.004068970601540797, 0.001776875982266426, 0.0005093543598387491]}, "1979-4": {"Total Votes": 338676.0, "Parties": ["prachathipat", "kit sangkhom", "independent", "chart thai", "palang mai", "seritham"], "Percent": [0.45163519115614925, 0.37819627018153046, 0.07359836539937875, 0.04010027282712681, 0.03941525233556555, 0.017054648100249207]}, "1976-4": {"Total Votes": 340503.0, "Parties": ["prachathipat", "kit sangkhom", "chart thai", "palang mai", "sangkhomniyom haeng prathet thai", "raengngan", "tham sangkhom", "siam mai", "krung siam patiroop", "sri araya", "thammathippatai", "prachathippatai", "palang prachachon", "palang seri"], "Percent": [0.5433549777828683, 0.1165804706566462, 0.08706237536820527, 0.06378211058346035, 0.05273374977606658, 0.045382860062906934, 0.03231102222300538, 0.0234359168641686, 0.014226012692986552, 0.010992561005336222, 0.007353826544846888, 0.0009985227736613188, 0.0009544702983527311, 0.0008311233674886859]}, "1983-4": {"Total Votes": 503294.0, "Parties": ["prachathipat", "kit sangkhom", "chart prachathippatai", "chart thai", "prachaseri", "prachacornthai", "independent", "sangkhom prachathippatai", "palang mai", "kaona"], "Percent": [0.49447042881496694, 0.3834259895806427, 0.08151100549579371, 0.013962018223940678, 0.00916363000552361, 0.008134410503602267, 0.004951380306540511, 0.0020326091707828825, 0.0016054234701784642, 0.0007431044280281505]}}