{"1975-1": {"Total Votes": 1421852.0, "Parties": ["prachathipat", "kit sangkhom", "tham sangkhom", "sangkhom chartniyom", "thai", "kaset sangkhom", "chart thai", "sangkhomniyom haeng prathet thai", "santichon", "kasettrakorn", "fuenfoo chart thai", "palang mai", "raengngan", "rassadorn", "serichon", "athipat"], "Percent": [0.37671079690431913, 0.16394673988572647, 0.12430477996303413, 0.0736391691962314, 0.06963593960552857, 0.06503911799540318, 0.04584724711151372, 0.02468048713930845, 0.020474001513518986, 0.013215158821030599, 0.009563583270270043, 0.00584167691152103, 0.004331674464008913, 0.0011794476499663818, 0.000813024140346534, 0.0007771554282724222]}, "1992-3": {"Total Votes": 4343997.0, "Parties": ["samakkidhamma", "khwamwang mai", "prachathipat", "kit sangkhom", "thongthin gaona", "kasetseri", "muan chon", "prachacornthai"], "Percent": [0.4669616484541771, 0.38163631328474673, 0.0777175951088364, 0.0518632954857013, 0.00818370730919013, 0.005875004057323244, 0.005587711041236907, 0.0021747252587881625]}, "1992-9": {"Total Votes": 4655166.0, "Parties": ["palangtham", "chart pattana", "prachathipat", "khwamwang mai", "chart thai", "seritham", "ekaphap"], "Percent": [0.2995652571787988, 0.2789848954903004, 0.18551390004137341, 0.17583175336819354, 0.05177087132875605, 0.006718342589716457, 0.0016149800028613373]}, "1969-2": {"Total Votes": 1447807.0, "Parties": ["prachathipat", "independent", "saha prachathai"], "Percent": [0.7564102121346284, 0.19108140795009282, 0.05250837991527876]}, "1986-7": {"Total Votes": 3934284.0, "Parties": ["saha prachathippatai", "prachathipat", "kit sangkhom", "chart thai", "rassadorn", "ruam thai", "seriniyom", "chart prachathippatai", "prachacornthai", "kit prachakhom", "kaona", "rak thai"], "Percent": [0.2556030525503497, 0.23887396029366464, 0.1863495365357458, 0.11685811192074594, 0.07778086177815327, 0.04961309351333051, 0.025785632150602242, 0.022645543636402456, 0.013975605218128635, 0.004370045477143998, 0.004290742610345364, 0.0038538143153875022]}, "1988-7": {"Total Votes": 4403550.0, "Parties": ["kit sangkhom", "ruam thai", "palangtham", "chart thai", "rassadorn", "puangchon chao thai", "saha prachathippatai", "prachathipat", "seriniyom", "kit prachakhom", "kaona", "kaset utsahakamthai", "palang sangkhom prachathippatai", "muan chon"], "Percent": [0.29513642402152807, 0.2872643662499575, 0.17501856456722417, 0.05792621861906871, 0.05533603569847055, 0.030251728718874542, 0.025783969751677623, 0.02342541812855537, 0.013983717682324488, 0.011973975542460059, 0.008180672412031203, 0.006140954457199305, 0.00600061314166979, 0.0035773410089586814]}, "1979-4": {"Total Votes": 1183260.0, "Parties": ["kit sangkhom", "independent", "chart thai", "prachathipat", "ruam thai", "seritham", "sangkhom prachathippatai", "palang mai"], "Percent": [0.31051924344607273, 0.20011493670030256, 0.19579973970217873, 0.16465527441137198, 0.06437638388857901, 0.03227016885553471, 0.02051873637239491, 0.011745516623565405]}, "1976-4": {"Total Votes": 1695051.0, "Parties": ["prachathipat", "chart thai", "kit sangkhom", "palang mai", "palang prachachon", "tham sangkhom", "kaset sangkhom", "raengngan", "thai", "thammathippatai", "naew ruam prachathippatai", "siam mai", "thai issara", "sangkhom chartniyom", "fuenfoo chart thai"], "Percent": [0.2857689827621706, 0.2817661533487783, 0.25572032935882166, 0.06692070032111129, 0.03167338327873321, 0.023672444073954118, 0.018739259172732857, 0.0179723205968434, 0.007781476781524567, 0.005522547699154775, 0.00202943746235364, 0.0011327092813136596, 0.0006454083092485123, 0.00041945640573646457, 0.00023539114752299487]}, "1983-4": {"Total Votes": 2215603.0, "Parties": ["kit sangkhom", "prachathipat", "chart thai", "prachaseri", "prachacornthai", "siam prachathippatai", "chart prachathippatai", "issara", "palang mai"], "Percent": [0.4598698413027965, 0.24382797820728713, 0.1357517569709014, 0.03905844142655521, 0.034848752235847304, 0.03452604099200082, 0.028429280877485724, 0.01953463684604146, 0.004153271141084391]}}