{"1990-2": {"Total Votes": 34114.0, "Parties": ["Uni\u00f3n Nacional Opositora", "Frente Sandinista de Liberaci\u00f3n Nacional", "Movimiento de Unidad Revolucionaria", "Movimiento de Acci\u00f3n Popular Marxista-Leninista", "Partido Social Cristiano", "Partido Social Conservador", "Partido Revolucionario de los Trabajadores", "Partido Unionista Centroamericano", "Partido Liberal Independiente por la Unidad Nacional", "Partido Conservador Dem\u00f3crata de Nicaragua"], "Percent": [0.5450255027261535, 0.4090402767192355, 0.014744679603681773, 0.007064548279298821, 0.005804068710793223, 0.005598874362431846, 0.003810752183854136, 0.0031365421820953275, 0.0031072287037579877, 0.0026675265286978953]}, "2011-11": {"Total Votes": 77278.0, "Parties": ["Frente Sandinista de Liberaci\u00f3n Nacional", "Partido Liberal Independiente", "Partido Liberal Constitucionalista", "Alianza Liberal Nicarag\u00fcense", "Alianza por la Rep\u00fablica"], "Percent": [0.5993038122104609, 0.36338932166981547, 0.03449882243329279, 0.0019798649033360076, 0.0008281787830948005]}, "2006-11": {"Total Votes": 68598.0, "Parties": ["Frente Sandinista de Liberaci\u00f3n Nacional", "Partido Liberal Constitucionalista", "Alianza Liberal Nicarag\u00fcense", "Movimiento de Renovaci\u00f3n Sandinista", "Alternativa por el Cambio"], "Percent": [0.45760809353042364, 0.37568150674946793, 0.1524534242980845, 0.013032449925653809, 0.0012245254963701565]}, "1996-10": {"Total Votes": 47142.0, "Parties": ["Frente Sandinista de Liberaci\u00f3n Nacional", "Alianza Liberal", "Partido Resistencia Nicarag\u00fcense", "Camino Cristiano Nicarag\u00fcense", "Partido Liberal Independiente", "Movimiento de Renovaci\u00f3n Sandinista", "Acci\u00f3n Nacional Conservadora", "Partido Conservador de Nicaragua", "Proyecto Nacional", "Partido de Justicia Nacional", "Alianza Unidad", "Partido Comunista de Nicaragua", "Partido Acci\u00f3n Dem\u00f3cratica", "Pan y Fuerza", "Uni\u00f3n Nacional Opositora 96", "Partido Alianza Popular Conservadora", "Partido Socialista Nicarag\u00fcense", "Partido de Unidad Liberal", "Movimiento Renovaci\u00f3n Nacional", "Alianza Dem\u00f3cratica Nicarag\u00fcense"], "Percent": [0.41640151033049083, 0.37081583301514576, 0.08890161639302532, 0.021000381825124093, 0.015591192567137584, 0.014212379619023377, 0.012069916422722838, 0.010309278350515464, 0.010203215816045141, 0.008739552840354672, 0.00492130159942302, 0.004581901489117984, 0.004284926392601077, 0.003839463747825718, 0.0030970260065334523, 0.0028636884306987398, 0.0028000509100165457, 0.0028000509100165457, 0.001972763141148021, 0.0005939501930338128]}, "2001-11": {"Total Votes": 60739.0, "Parties": ["Partido Liberal Constitucionalista", "Frente Sandinista de Liberaci\u00f3n Nacional", "Partido Conservador de Nicaragua"], "Percent": [0.5021814649566176, 0.46125224320453084, 0.03656629183885148]}}