{"1990-2": {"Total Votes": 46486.0, "Parties": ["Uni\u00f3n Nacional Opositora", "Frente Sandinista de Liberaci\u00f3n Nacional", "Movimiento de Unidad Revolucionaria", "Partido Social Cristiano", "Movimiento de Acci\u00f3n Popular Marxista-Leninista", "Partido Social Conservador", "Partido Conservador Dem\u00f3crata de Nicaragua", "Partido Unionista Centroamericano", "Partido Revolucionario de los Trabajadores", "Partido Liberal Independiente por la Unidad Nacional"], "Percent": [0.7069870498644754, 0.24041646947468054, 0.01671470980510261, 0.007400077442670912, 0.007249494471453771, 0.005915759583530526, 0.0053349395516929824, 0.004431441724390139, 0.003119218689497913, 0.00243083939250527]}, "2011-11": {"Total Votes": 75137.0, "Parties": ["Partido Liberal Independiente", "Frente Sandinista de Liberaci\u00f3n Nacional", "Partido Liberal Constitucionalista", "Alianza Liberal Nicarag\u00fcense", "Alianza por la Rep\u00fablica"], "Percent": [0.46455141940721617, 0.45510201365505676, 0.07407801748805515, 0.004884411142313375, 0.0013841383073585583]}, "2006-11": {"Total Votes": 56636.0, "Parties": ["Partido Liberal Constitucionalista", "Frente Sandinista de Liberaci\u00f3n Nacional", "Alianza Liberal Nicarag\u00fcense", "Movimiento de Renovaci\u00f3n Sandinista", "Alternativa por el Cambio"], "Percent": [0.4520093226922805, 0.25596793558867154, 0.2543611836994138, 0.034006638886927044, 0.003654919132707112]}, "1996-10": {"Total Votes": 55553.0, "Parties": ["Alianza Liberal", "Frente Sandinista de Liberaci\u00f3n Nacional", "Camino Cristiano Nicarag\u00fcense", "Proyecto Nacional", "Partido Conservador de Nicaragua", "Partido Resistencia Nicarag\u00fcense", "Partido Liberal Independiente", "Acci\u00f3n Nacional Conservadora", "Alianza Unidad", "Movimiento de Renovaci\u00f3n Sandinista", "Uni\u00f3n Nacional Opositora 96", "Partido Comunista de Nicaragua", "Partido Alianza Popular Conservadora", "Partido Unidad Nicarag\u00fcense Obreros, Campesinos y Profesionales", "Pan y Fuerza", "Partido de Unidad Liberal", "Movimiento Renovaci\u00f3n Nacional", "Partido Acci\u00f3n Dem\u00f3cratica", "Movimiento de Acci\u00f3n Renovadora", "Alianza Dem\u00f3cratica Nicarag\u00fcense"], "Percent": [0.5719223084261876, 0.2102676723129264, 0.045920112325166955, 0.04113189206703508, 0.030655410148866847, 0.02100696632045074, 0.011160513383615647, 0.009162421471387685, 0.00873040159847353, 0.008244379241445107, 0.00788436268068331, 0.005994275736683888, 0.005490252551617374, 0.004878224398322323, 0.004428203697370079, 0.0036721689197703094, 0.0032041473907799757, 0.002628120893561104, 0.002034093568304142, 0.0015840728673518982]}, "2001-11": {"Total Votes": 67026.0, "Parties": ["Partido Liberal Constitucionalista", "Frente Sandinista de Liberaci\u00f3n Nacional", "Partido Conservador de Nicaragua"], "Percent": [0.6842568555485931, 0.2797720287649569, 0.035971115686450034]}}