{"1990-2": {"Total Votes": 91404.0, "Parties": ["Uni\u00f3n Nacional Opositora", "Frente Sandinista de Liberaci\u00f3n Nacional", "Movimiento de Unidad Revolucionaria", "Movimiento de Acci\u00f3n Popular Marxista-Leninista", "Partido Social Conservador", "Partido Conservador Dem\u00f3crata de Nicaragua", "Partido Social Cristiano", "Partido Unionista Centroamericano", "Partido Revolucionario de los Trabajadores", "Partido Liberal Independiente por la Unidad Nacional"], "Percent": [0.703065511356177, 0.25478097238632885, 0.01205636514813356, 0.0054921010021443265, 0.005470220121657696, 0.005349875278981227, 0.004573104021705833, 0.0039057371668635944, 0.002735110060828848, 0.0025710034571791167]}, "2011-11": {"Total Votes": 130462.0, "Parties": ["Frente Sandinista de Liberaci\u00f3n Nacional", "Partido Liberal Independiente", "Partido Liberal Constitucionalista", "Alianza Liberal Nicarag\u00fcense", "Alianza por la Rep\u00fablica"], "Percent": [0.4207048795817939, 0.41741656574328156, 0.13879903726755682, 0.019668562493293067, 0.0034109549140745963]}, "2006-11": {"Total Votes": 73610.0, "Parties": ["Partido Liberal Constitucionalista", "Alianza Liberal Nicarag\u00fcense", "Frente Sandinista de Liberaci\u00f3n Nacional", "Movimiento de Renovaci\u00f3n Sandinista", "Alternativa por el Cambio"], "Percent": [0.3757505773672055, 0.3224426029072137, 0.27823665262871894, 0.020554272517321018, 0.003015894579540823]}, "1996-10": {"Total Votes": 122283.0, "Parties": ["Alianza Liberal", "Frente Sandinista de Liberaci\u00f3n Nacional", "Partido Conservador de Nicaragua", "Partido Resistencia Nicarag\u00fcense", "Proyecto Nacional", "Acci\u00f3n Nacional Conservadora", "Movimiento de Renovaci\u00f3n Sandinista", "Camino Cristiano Nicarag\u00fcense", "Partido Alianza Popular Conservadora", "Partido Unidad Nicarag\u00fcense Obreros, Campesinos y Profesionales", "Partido de Justicia Nacional", "Partido de Unidad Liberal", "Partido Comunista de Nicaragua", "Pan y Fuerza", "Alianza Unidad", "Partido Acci\u00f3n Dem\u00f3cratica", "Uni\u00f3n Nacional Opositora 96", "Movimiento de Acci\u00f3n Renovadora", "Partido Socialista Nicarag\u00fcense", "Alianza Dem\u00f3cratica Nicarag\u00fcense", "Partido Liberal Independiente"], "Percent": [0.6376029374483779, 0.19048436822779946, 0.03783027894310738, 0.031337144165583114, 0.025236541465289534, 0.011064497926939967, 0.0098296574339851, 0.009633391395369758, 0.005838914648806457, 0.0052991830426142635, 0.005160161265261729, 0.005045672742736112, 0.004440519123672137, 0.004154297817358096, 0.00410523130770426, 0.003933498523915835, 0.0027395467890058305, 0.002600525011653296, 0.001872705118454732, 0.0017909276023650058, 0.0]}, "2001-11": {"Total Votes": 76260.0, "Parties": ["Partido Liberal Constitucionalista", "Frente Sandinista de Liberaci\u00f3n Nacional", "Partido Conservador de Nicaragua"], "Percent": [0.653933910306845, 0.2764752163650669, 0.06959087332808812]}}