{"1990-2": {"Total Votes": 64010.0, "Parties": ["Frente Sandinista de Liberaci\u00f3n Nacional", "Uni\u00f3n Nacional Opositora", "Movimiento de Unidad Revolucionaria", "Partido Revolucionario de los Trabajadores", "Partido Social Cristiano", "Movimiento de Acci\u00f3n Popular Marxista-Leninista", "Partido Unionista Centroamericano", "Partido Social Conservador", "Partido Conservador Dem\u00f3crata de Nicaragua", "Partido Liberal Independiente por la Unidad Nacional"], "Percent": [0.5107170754569599, 0.4445399156381815, 0.008764255585064834, 0.007233244805499141, 0.007077019215747539, 0.006639587564443055, 0.004452429307920638, 0.004421184189970317, 0.0031557569129823464, 0.0029995313232307453]}, "2011-11": {"Total Votes": 107086.0, "Parties": ["Frente Sandinista de Liberaci\u00f3n Nacional", "Partido Liberal Independiente", "Partido Liberal Constitucionalista", "Alianza Liberal Nicarag\u00fcense", "Alianza por la Rep\u00fablica"], "Percent": [0.6020021291298583, 0.35885176400276414, 0.030517527968175112, 0.006434081018994079, 0.0021944978802084306]}, "2006-11": {"Total Votes": 101779.0, "Parties": ["Frente Sandinista de Liberaci\u00f3n Nacional", "Partido Liberal Constitucionalista", "Alianza Liberal Nicarag\u00fcense", "Movimiento de Renovaci\u00f3n Sandinista", "Alternativa por el Cambio"], "Percent": [0.4868587822635318, 0.2559860089016398, 0.21022018294540132, 0.04438047141355289, 0.0025545544758741982]}, "1996-10": {"Total Votes": 77297.0, "Parties": ["Frente Sandinista de Liberaci\u00f3n Nacional", "Alianza Liberal", "Camino Cristiano Nicarag\u00fcense", "Partido Liberal Independiente", "Proyecto Nacional", "Partido Conservador de Nicaragua", "Partido de Justicia Nacional", "Partido de Unidad Liberal", "Movimiento de Renovaci\u00f3n Sandinista", "Uni\u00f3n Nacional Opositora 96", "Partido Resistencia Nicarag\u00fcense", "Alianza Unidad", "Acci\u00f3n Nacional Conservadora", "Pan y Fuerza", "Partido Alianza Popular Conservadora", "Partido Comunista de Nicaragua", "Partido Acci\u00f3n Dem\u00f3cratica", "Partido Unidad Nicarag\u00fcense Obreros, Campesinos y Profesionales", "Movimiento de Acci\u00f3n Renovadora", "Alianza Dem\u00f3cratica Nicarag\u00fcense"], "Percent": [0.4577797327192517, 0.40660051489708526, 0.026482269687051245, 0.017697970167018125, 0.012548999314333027, 0.011695149876450574, 0.01104829424169114, 0.010504935508493215, 0.006973103742706703, 0.005951071839786796, 0.005278341979636985, 0.005019599725733211, 0.004385681203668965, 0.00403637916089887, 0.0032472152864923606, 0.0031437183849308513, 0.0026391709898184925, 0.002445114299390662, 0.0016430133122889634, 0.0008797236632728308]}, "2001-11": {"Total Votes": 90896.0, "Parties": ["Frente Sandinista de Liberaci\u00f3n Nacional", "Partido Liberal Constitucionalista", "Partido Conservador de Nicaragua"], "Percent": [0.5056768174617144, 0.45838100686498856, 0.03594217567329695]}}