{"1990-2": {"Total Votes": 111148.0, "Parties": ["Uni\u00f3n Nacional Opositora", "Frente Sandinista de Liberaci\u00f3n Nacional", "Partido Social Cristiano", "Movimiento de Unidad Revolucionaria", "Partido Conservador Dem\u00f3crata de Nicaragua", "Partido Social Conservador", "Partido Unionista Centroamericano", "Partido Revolucionario de los Trabajadores", "Movimiento de Acci\u00f3n Popular Marxista-Leninista", "Partido Liberal Independiente por la Unidad Nacional"], "Percent": [0.4639849569942779, 0.37417677331126065, 0.12805448591067764, 0.014143304422931588, 0.004444524417893259, 0.00421959909310109, 0.004120631950192536, 0.0035448231187245834, 0.0022582502609133767, 0.0010526505200273509]}, "2011-11": {"Total Votes": 254103.0, "Parties": ["Frente Sandinista de Liberaci\u00f3n Nacional", "Partido Liberal Independiente", "Partido Liberal Constitucionalista", "Alianza Liberal Nicarag\u00fcense", "Alianza por la Rep\u00fablica"], "Percent": [0.5239961747795185, 0.3224558545156885, 0.12458727366461633, 0.025041026670287247, 0.003919670369889376]}, "2006-11": {"Total Votes": 261534.0, "Parties": ["Partido Liberal Constitucionalista", "Frente Sandinista de Liberaci\u00f3n Nacional", "Alianza Liberal Nicarag\u00fcense", "Movimiento de Renovaci\u00f3n Sandinista", "Alternativa por el Cambio"], "Percent": [0.3528604311485314, 0.31239150550215267, 0.2830110043053676, 0.04630373106364756, 0.0054333279803008405]}, "1996-10": {"Total Votes": 142328.0, "Parties": ["Alianza Liberal", "Frente Sandinista de Liberaci\u00f3n Nacional", "Proyecto Nacional", "Partido Conservador de Nicaragua", "Camino Cristiano Nicarag\u00fcense", "Movimiento de Renovaci\u00f3n Sandinista", "Partido Liberal Independiente", "Alianza Unidad", "Uni\u00f3n Nacional Opositora 96", "Partido Resistencia Nicarag\u00fcense", "Partido Integracionista de Am\u00e9rica Central", "Partido de Unidad Liberal", "Partido Alianza Popular Conservadora", "Acci\u00f3n Nacional Conservadora", "Partido Acci\u00f3n Dem\u00f3cratica", "Partido Comunista de Nicaragua", "Pan y Fuerza", "Partido Unidad Nicarag\u00fcense Obreros, Campesinos y Profesionales", "Partido Socialista Nicarag\u00fcense", "Partido Social Dem\u00f3crata", "Movimiento Renovaci\u00f3n Nacional", "Movimiento de Acci\u00f3n Renovadora", "Alianza Dem\u00f3cratica Nicarag\u00fcense", "Partido de Justicia Nacional"], "Percent": [0.5043772131976842, 0.3096579731324827, 0.03896633129110224, 0.02486510033162835, 0.01974312854814232, 0.01344078466640436, 0.009513237029958967, 0.008894946883255579, 0.008494463492777247, 0.008304760834129616, 0.005662975661851498, 0.005438142881232084, 0.005431116856837727, 0.005164127929852172, 0.005002529368781969, 0.004749592490585128, 0.004609072002697993, 0.004089146197515598, 0.0037800011241639034, 0.00376594907537519, 0.0024239784160530607, 0.0018408183913214548, 0.0012365802934067788, 0.0005480299027598224]}, "2001-11": {"Total Votes": 242338.0, "Parties": ["Partido Liberal Constitucionalista", "Frente Sandinista de Liberaci\u00f3n Nacional", "Partido Conservador de Nicaragua", "Yapti Tasba Masraka Nanih Aslatakanka", "Partido Multi\u00e9tnico por la Unidad Coste\u00f1a"], "Percent": [0.5776642540583813, 0.3067657569180236, 0.055080094743705066, 0.045964726951613036, 0.014525167328277034]}}