{"1990-2": {"Total Votes": 59146.0, "Parties": ["Uni\u00f3n Nacional Opositora", "Frente Sandinista de Liberaci\u00f3n Nacional", "Movimiento de Unidad Revolucionaria", "Movimiento de Acci\u00f3n Popular Marxista-Leninista", "Partido Social Cristiano", "Partido Social Conservador", "Partido Unionista Centroamericano", "Partido Revolucionario de los Trabajadores", "Partido Conservador Dem\u00f3crata de Nicaragua", "Partido Liberal Independiente por la Unidad Nacional"], "Percent": [0.5481351232543198, 0.37442937814898725, 0.017262367700267137, 0.013711831738410037, 0.010702329827883543, 0.008724174077706016, 0.008030974199438677, 0.006424779359550941, 0.006390964731342779, 0.006188076962093802]}, "2011-11": {"Total Votes": 147542.0, "Parties": ["Frente Sandinista de Liberaci\u00f3n Nacional", "Partido Liberal Independiente", "Partido Liberal Constitucionalista", "Alianza Liberal Nicarag\u00fcense", "Alianza por la Rep\u00fablica"], "Percent": [0.5019316533597213, 0.4467270336582126, 0.04583101760854536, 0.003632863862493392, 0.0018774315110273686]}, "2006-11": {"Total Votes": 133559.0, "Parties": ["Partido Liberal Constitucionalista", "Frente Sandinista de Liberaci\u00f3n Nacional", "Alianza Liberal Nicarag\u00fcense", "Movimiento de Renovaci\u00f3n Sandinista", "Alternativa por el Cambio"], "Percent": [0.46506038529788335, 0.34938865969346883, 0.1629841493272636, 0.019833931071661214, 0.002732874609723044]}, "1996-10": {"Total Votes": 85811.0, "Parties": ["Alianza Liberal", "Frente Sandinista de Liberaci\u00f3n Nacional", "Camino Cristiano Nicarag\u00fcense", "Partido Resistencia Nicarag\u00fcense", "Partido Liberal Independiente", "Proyecto Nacional", "Acci\u00f3n Nacional Conservadora", "Movimiento de Renovaci\u00f3n Sandinista", "Partido Conservador de Nicaragua", "Pan y Fuerza", "Alianza Unidad", "Partido de Justicia Nacional", "Partido Comunista de Nicaragua", "Partido de Unidad Liberal", "Partido Acci\u00f3n Dem\u00f3cratica", "Uni\u00f3n Nacional Opositora 96", "Partido Socialista Nicarag\u00fcense", "Movimiento de Acci\u00f3n Renovadora", "Alianza Dem\u00f3cratica Nicarag\u00fcense"], "Percent": [0.5339874841220823, 0.2824346528999779, 0.04739485613732505, 0.019006887228910047, 0.01852909300672408, 0.018121219890223864, 0.013797764855321578, 0.008938248010161867, 0.008728484693104614, 0.00851872137604736, 0.007947699012947057, 0.00784281735441843, 0.0070969922271037515, 0.005477153278717181, 0.0033445595553017677, 0.0032047173439302655, 0.002120940205801121, 0.0019927515120439104, 0.0015149572898579436]}, "2001-11": {"Total Votes": 124761.0, "Parties": ["Partido Liberal Constitucionalista", "Frente Sandinista de Liberaci\u00f3n Nacional", "Partido Conservador de Nicaragua"], "Percent": [0.596748984057518, 0.38075199781983154, 0.022499018122650507]}}