{"1995-12": {"Total Votes": 125113.0, "Parties": ["alliance (labor party - mauritian militant movement)", "gaetan duval party", "mauritian socialist movement - mauritian militant renewal", "mauritian socialist movement", "popular muslim front", "independent"], "Percent": [0.5454269340516174, 0.2558966694108526, 0.16666533453757804, 0.013907427685372424, 0.013483810635185792, 0.004619823679393828]}, "1983-8": {"Total Votes": 185994.0, "Parties": ["mauritian militant movement", "militiant socialist movement - labor party", "mauritian social democrat party", "lalit", "progressive movement", "progressive labor party", "mauritian grouping"], "Percent": [0.6207243244405733, 0.20295815994064326, 0.1685054356592148, 0.0026613761734249493, 0.0022903964644020777, 0.0014731658010473454, 0.001387141520694216]}, "1976-12": {"Total Votes": 0, "Parties": [], "Percent": []}, "1991-9": {"Total Votes": 1391883.0, "Parties": ["alliance (labor party - mauritian social democrat party)", "alliance (mauritian socialist movement - mauritian militant movement)", "rodrigues people's organization", "hizbullah", "the greens", "independent", "liberal action party", "mauritian people's party", "militant workers' party", "socialist movement of the south"], "Percent": [0.4957938274984321, 0.4655039252580856, 0.01155269516187783, 0.007974808227415666, 0.007150026259391054, 0.004374649306012071, 0.004348785063112345, 0.0019003034019382376, 0.0010072685707060147, 0.0003937112530291698]}, "1967-8": {"Total Votes": 0, "Parties": [], "Percent": []}, "1987-8": {"Total Votes": 63009.0, "Parties": ["alliance (labor party - mauritian socialist movement - mauritian social democrat party)", "independent", "lalit", "mauritian people's party", "tamil fraternity of mauritius", "omt-fnas", "mauritius united party", "mauritian unity organization"], "Percent": [0.959450237267692, 0.016378612579155356, 0.012156993445380819, 0.0045072926089923665, 0.0038089796695710137, 0.0021901633100033326, 0.0008570204256534781, 0.0006507006935517148]}, "2005-7": {"Total Votes": 1151772.0, "Parties": ["social alliance", "alliance (mauritian socialist movement - mauritian militant movement)", "rodrigues movement", "mauritian solidarity front", "lalit", "independent", "mauritian people's party", "national democratic movement raj dayal", "popular muslim front", "rezistans ek alternativ", "tamil council", "mauritian union", "mauritian national movement", "independent socialist movement", "mauritian workers' movement", "alliance for justice", "group of five", "mauritian democratic social union"], "Percent": [0.5323788041383191, 0.42471339813782594, 0.016971240835859876, 0.013270855690188684, 0.0021966153023341424, 0.002118474837033718, 0.0016435544534855857, 0.0014264976054288521, 0.0012137818943332534, 0.0010001979558454277, 0.0006728762289758737, 0.0005157270709827986, 0.0005035718874916216, 0.00043237724132901304, 0.00032905818165400794, 0.00030648426945610764, 0.000157149157993075, 0.0001493351114630326]}, "2000-9": {"Total Votes": 768366.0, "Parties": ["alliance (mauritian socialist movement - mauritian militant movement)", "labor party - mauritian party of xavier-luc duval", "hizbullah", "national democratic movement raj dayal", "independent", "mauritian people's party", "muslim committee of action", "nouvo lizour", "mauritian democratic movement", "lalit", "authentic mauritian movement", "mauritian democracy", "social labor movement"], "Percent": [0.6762818760850948, 0.22809051936186658, 0.040731890791627944, 0.030675485380664936, 0.008790081809970767, 0.005259212406587486, 0.0034723035636662737, 0.0019326727106613254, 0.0016606669217534352, 0.00160470400824607, 0.0013860582066359001, 8.589656491828113e-05, 2.863218830609371e-05]}, "1982-6": {"Total Votes": 0, "Parties": [], "Percent": []}}