{"1995-12": {"Total Votes": 646833.0, "Parties": ["alliance (labor party - mauritian militant movement)", "mauritian socialist movement - mauritian militant renewal", "gaetan duval party", "mauritian movement for peace - hizbullah party", "mauritian socialist movement", "independent", "popular muslim front", "natural law party", "mauritian people's party", "mauritian democratic movement", "liberal action party"], "Percent": [0.6182275796071011, 0.24965640281185406, 0.08657257746589925, 0.015218765894751813, 0.01246689640138954, 0.007563003124454072, 0.007119302818501839, 0.0014006706522394499, 0.0007729970486972681, 0.0007219792434832484, 0.00027982493162841105]}, "1983-8": {"Total Votes": 760787.0, "Parties": ["militiant socialist movement - labor party", "mauritian militant movement", "mauritian social democrat party", "independent", "independent mauritian front", "lalit", "progressive labor party", "mauritian grouping", "communist party of mauritius", "mauritian democratic movement"], "Percent": [0.5672008065332347, 0.33388188809745706, 0.08827437903118744, 0.0026498875506547827, 0.002160920204998245, 0.0019387818140951408, 0.001486618462197698, 0.0010528571071798019, 0.000853063998201862, 0.000500797200793389]}, "1976-12": {"Total Votes": 253871.0, "Parties": ["mauritian militant movement", "independence party", "mauritian social democrat party", "independent forward block", "independent"], "Percent": [0.46947859345888265, 0.38174505949872184, 0.1271196788920357, 0.02099491474016331, 0.0006617534101965171]}, "1991-9": {"Total Votes": 858371.0, "Parties": ["alliance (mauritian socialist movement - mauritian militant movement)", "alliance (labor party - mauritian social democrat party)", "the greens", "independent", "mauritian people's party", "militant workers' party", "socialist movement of the south", "communist party of mauritius", "mauritius party rights", "people's democratic party"], "Percent": [0.7710710170776973, 0.20661928233828963, 0.01039876696673117, 0.00573062230667159, 0.0038444914844513616, 0.0008562731033550761, 0.0006384185859028322, 0.00041706907619199624, 0.00028309437294596394, 0.0001409646877632166]}, "1967-8": {"Total Votes": 68228.0, "Parties": ["independence party", "mauritian social democrat party", "all mauritian hindu congress", "mauritius workers' party"], "Percent": [0.7579732661077564, 0.2158937679545055, 0.02455003810752184, 0.0015829278302163334]}, "1987-8": {"Total Votes": 2123806.0, "Parties": ["union (mauritiam militant movement - democratic labor movement - socialist workers' front)", "alliance (labor party - mauritian socialist movement - mauritian social democrat party)", "mauritian social democrat party", "rodrigues people's organization", "rodrigues people's grouping", "lalit", "independent", "mauritian people's party", "social labor movement", "progressive socialist movement", "omt-fnas", "mem - pe", "mauritian future", "national mauritius muslim rights", "mauritian planters movement", "rally for the economy and development", "mario fabien grouping"], "Percent": [0.5647545020590392, 0.3741645894210677, 0.034609093297598745, 0.008025215109101301, 0.005568305203017602, 0.0053903228449302815, 0.0025251835619637575, 0.0012129168106691478, 0.0009779612638819177, 0.0008334094545358662, 0.0007001581123699623, 0.00042047154966131555, 0.00036067324416636925, 0.00017139041889890132, 0.00013183878376838562, 0.0001290136669733488, 2.495519835615871e-05]}, "2005-7": {"Total Votes": 1068246.0, "Parties": ["social alliance", "alliance (mauritian socialist movement - mauritian militant movement)", "mauritian solidarity front", "independent", "national democratic movement raj dayal", "lalit", "mauritian people's party", "rezistans ek alternativ", "popular muslim front", "workers' social rally", "mauritian democratic movement", "mauritian workers' movement", "tamil council", "mauritian democratic social union", "independent socialist movement", "muslim committee of action", "mauritian union", "mauritian socialist rally", "majority party", "malin party", "rodrigues's people progressive front"], "Percent": [0.4735079747548786, 0.46156877722921497, 0.025540933455402592, 0.011953239235157445, 0.011341020701224249, 0.005031612568640556, 0.003316651782454603, 0.003117259507641498, 0.0012066509025074749, 0.000991344690267972, 0.0007882079595898323, 0.0004418457920741103, 0.000173181083757861, 0.00016101160219649782, 0.0001600754882302391, 0.0001479060066688759, 0.00014603377873635847, 0.00012450315751240818, 0.00010016419438968177, 0.00010016419438968177, 8.144191506450761e-05]}, "2000-9": {"Total Votes": 754619.0, "Parties": ["alliance (mauritian socialist movement - mauritian militant movement)", "labor party - mauritian party of xavier-luc duval", "hizbullah", "national democratic movement raj dayal", "rodrigues people's organization", "independent", "lalit", "mauritian people's party", "authentic mauritian movement", "muslim committee of action", "mauritian national movement", "nouvo lizour", "tamil council", "mauritian democratic movement", "mauritian democracy", "agricultural planter movement"], "Percent": [0.5272475249099214, 0.3597046986625039, 0.03063930274747919, 0.026543195970416857, 0.022948004224648464, 0.008107402543535215, 0.005023727205384439, 0.0042829560347672135, 0.004273679830483993, 0.0035355590039476874, 0.0022421910924585783, 0.0018631918888869748, 0.0016167098893613864, 0.0010972424495010065, 0.0005618729451551047, 0.00031274060154859603]}, "1982-6": {"Total Votes": 416392.0, "Parties": ["mauritian militant movement - mauritian socialist party", "national alliance party (pmsd - camm - labor)", "mauritian social democrat party", "mauritius islamic party", "liberal movement of the north", "independent"], "Percent": [0.6449379430920863, 0.2918475859286442, 0.056876693116102134, 0.0048848200733923805, 0.001332878633595266, 0.0001200791561797537]}}