{"2011-11": {"Total Votes": 887427.0, "Parties": ["partido popular", "partido socialista obrero espa\u2013ol", "esquerra unida del pais valencia-los verdes: l'esquerra plural", "union progreso y democracia", "bloc-iniciativa-verds-equo-coalici\u2014 comprom\u2019s", "votos en blanco", "partido antitaurino contra el maltrato animal", "esquerra republicana del pa\u2019s valenci\u02c6", "partido comunista de los pueblos de espa\u2013a", "partido humanista", "republicanos", "unificaci\u2014n comunista de espa\u2013a"], "Percent": [0.5520972429281507, 0.2696762663295122, 0.06499351495954034, 0.05596178615255114, 0.031122559940141556, 0.011408262313407188, 0.005526088343041174, 0.0025928893306153633, 0.002391182598681356, 0.002008052493331846, 0.0012147478046081537, 0.0010074068064190068]}, "1996-3": {"Total Votes": 829853.0, "Parties": ["partido popular", "partido socialista obrero espanol", "izquierda unida", "others", "uni\u00f3n valenciana"], "Percent": [0.4607093063470277, 0.40386550389044806, 0.10697316271677032, 0.0232800267035246, 0.005172000342229286]}, "1977-6": {"Total Votes": 548113.0, "Parties": ["partido socialista obrero espanol", "union de centro democratico", "partido comunista de espana", "partido unido de alianza popular", "others", "partido socialista popular-unitad socialista"], "Percent": [0.3890475139250483, 0.35959738229160776, 0.09203211746482934, 0.06523289905548674, 0.05464384168957861, 0.03944624557344927]}, "1986-6": {"Total Votes": 635095.0, "Parties": ["partido socialista obrero espanol", "coalicion popular", "centro democratico y social", "others", "izquierda unida", "uni\u00f3n valenciana"], "Percent": [0.49377809619033375, 0.2960407498090837, 0.09643754084034672, 0.061639597225611915, 0.049241452066226314, 0.0028625638683976414]}, "2008-3": {"Total Votes": 934313.0, "Parties": ["partido popular", "partido socialista obrero espa\u00f1ol", "esquerra unida del pais valencia-izquierda republicana: esquerra unida i republicana", "votos en blanco", "bloc-iniciativa-verds", "union progreso y democracia", "los verdes", "los verdes - grupo verde", "esquerra republicana del pais valencia-pais valencia, si", "representacion cannabica navarra", "partido antitauri contra el maltractament animal", "partido social democrata", "falange espa\u00f1ola de las juntas de ofensiva nacional sindicalista", "partido comunista de los pueblos de espa\u00f1a", "ciudadanos-partido de la ciudadania", "espa\u00f1a 2000", "ciudadanos en blanco", "partido por un mundo m\u00e1s justo", "centro democratico liberal", "coalicion valenciana", "partido humanista", "falange aut\u00e9ntica", "familia y vida", "opci\u00f3 nacionalista valenciana", "partido centristas", "alianza nacional", "per la republica valenciana", "alternativa espa\u00f1ola"], "Percent": [0.5242686337447943, 0.411164138784326, 0.022569524345695716, 0.00806474917934354, 0.007182817749512209, 0.007078998151583035, 0.0034303279521958915, 0.002422100516636288, 0.002058196771317535, 0.0019661505298545563, 0.001511270848206115, 0.0013999591143439084, 0.0009985946893599897, 0.0007577760343696385, 0.0007331590163039581, 0.0006432533851075603, 0.0006357612491745271, 0.0006271988081082035, 0.00037139588125178607, 0.00032644306565358716, 0.00032644306565358716, 0.0003007557424546164, 0.0002836308603219692, 0.00024617018065680346, 0.00017553004185963376, 0.00015840515972698657, 0.00014984271866066298, 0.0001487724135273725]}, "1993-6": {"Total Votes": 778758.0, "Parties": ["partido popular", "partido socialista obrero espanol", "izquierda unida", "others", "uni\u00f3n valenciana"], "Percent": [0.4369932636326047, 0.40160614722416976, 0.1031629851635553, 0.05268003667378056, 0.005557567305889634]}, "2000-3": {"Total Votes": 804968.0, "Parties": ["partido popular", "partido socialista obrero espa\u00f1ol", "esquerra unida del pais valencia", "bloc nac. valencia-els verds-valencians pel canvi", "votos en blanco", "los verdes - ecopacifistas", "grupo independiente liberal", "unio valenciana", "partido comunista de los pueblos de espa\u00f1a", "front pel pais valencia-erc", "partido obrero socialista internacionalista", "centro democratico y social-union centrista", "partido democrata espa\u00f1ol", "espa\u00f1a 2000", "partido espa\u00f1ol de autonomos", "la falange", "partido humanista", "iniciativa independiente", "partido de la ley natural", "falange espa\u00f1ola independiente-falange 2000", "acci\u00f3n republicana", "esquerra nacionalista valenciana", "estat catala"], "Percent": [0.5425557289233858, 0.3479455083928802, 0.05341578795678834, 0.015345951640313653, 0.011576857713598553, 0.010771856769461643, 0.003387712306576162, 0.0029715466950239015, 0.001572733326045259, 0.0012087437016129834, 0.00120253227457489, 0.0011342065771558622, 0.0011292374355253874, 0.0011006648711501575, 0.0009615289054968645, 0.0008074855149521472, 0.0006161735621788692, 0.0005279712982379424, 0.00044722274674272765, 0.0004037427574760736, 0.00039504675962274277, 0.00028324107293706084, 0.00023851879826278807]}, "2004-3": {"Total Votes": 889522.0, "Parties": ["partido popular", "partido socialista obrero espa\u00f1ol", "esquerra unida pais valencia+i.republicana:entesa", "votos en blanco", "los verdes - ecopacifistas", "bloc nacionalista valencia-esquerra verda", "partido cannabis por la legalizacion y normalizacion", "esquerra republicana del pa\u00eds valenci\u00e0", "centro democratico y social", "ciudadanos en blanco", "partido comunista de los pueblos de espa\u00f1a", "partido familia y vida", "democracia nacional", "partido humanista", "falange espa\u00f1ola de las juntas de ofensiva nacional sindicalista", "falange aut\u00e9ntica", "espa\u00f1a 2000", "partido democrata espa\u00f1ol", "la falange", "partido republicano", "union centrista liberal", "movimiento social republicano"], "Percent": [0.48881534127317816, 0.4211599038584768, 0.0390929060776462, 0.013874867625533714, 0.009257781145379203, 0.008301087550392234, 0.006141500716114947, 0.0031376402157563274, 0.00190439359566149, 0.0017009135243422871, 0.001085976513228453, 0.000897111032666983, 0.000879123844042081, 0.0007577103208239931, 0.0005362430608798883, 0.0005193800715440428, 0.0004305683277085896, 0.000383351957568222, 0.0003361355874278545, 0.0003248935945372908, 0.00027880142368597965, 0.0001843686834052446]}, "1982-10": {"Total Votes": 648463.0, "Parties": ["partido socialista obrero espanol", "others", "union de centro democratico", "partido comunista de espana", "centro democratico y social", "coalicion popular"], "Percent": [0.5437966391297576, 0.3134581309959088, 0.07238655096744147, 0.04091366816610971, 0.02572236195434435, 0.003722648786438085]}, "1979-3": {"Total Votes": 552822.0, "Parties": ["partido socialista obrero espanol", "union de centro democratico", "partido comunista de espana", "coalicion democratica", "others", "union nacional"], "Percent": [0.39458813144194693, 0.3754734797095629, 0.11218439208280423, 0.05230797616592683, 0.045984059968669846, 0.019461960631089213]}, "1989-10": {"Total Votes": 660729.0, "Parties": ["partido socialista obrero espanol", "partido popular", "centro democratico y social", "izquierda unida", "others", "uni\u00f3n valenciana"], "Percent": [0.4402500874034589, 0.295175480416328, 0.10023776767782253, 0.09003842725232282, 0.06830485721074753, 0.0059933800393202055]}}