{"2011-11": {"Total Votes": 296515.0, "Parties": ["partido popular", "partido socialista obrero espa\u2013ol", "esquerra unida pa\u2019s valenci\u02c6-els verds: l'esquerra plural", "union progreso y democracia", "bloc-iniciativa-verds-equo-coalici\u2014 comprom\u2019s", "votos en blanco", "espa\u2013a 2000", "esquerra republicana del pa\u2019s valenci\u02c6", "partido antitaurino contra el maltrato animal", "partido pirata", "partido comunista dels pobles d'espanya", "partido obrero socialista internacionalista", "unificaci\u2014n comunista de espa\u2013a"], "Percent": [0.5284150886127177, 0.29562416741142944, 0.05292143736404566, 0.04049710807210428, 0.04009915181356761, 0.013982429219432406, 0.012434446823938081, 0.005062138509013035, 0.00412458054398597, 0.003375883176230545, 0.0018987235047130836, 0.0009577930290204543, 0.0006070519198016963]}, "1996-3": {"Total Votes": 299986.0, "Parties": ["partido popular", "partido socialista obrero espanol", "izquierda unida", "others", "uni\u00f3n valenciana", "esquerra republicana de catalunya"], "Percent": [0.46861520204276197, 0.40334215596727846, 0.07668024507810364, 0.028784676618242185, 0.019777589620848975, 0.002800130672764729]}, "1977-6": {"Total Votes": 237404.0, "Parties": ["union de centro democratico", "partido socialista obrero espanol", "others", "partido unido de alianza popular", "partido comunista de espana", "partido socialista popular-unitad socialista"], "Percent": [0.3543116375461239, 0.2947549325200923, 0.20327374433455206, 0.06148169365301343, 0.05909335984229415, 0.027084632103924113]}, "1986-6": {"Total Votes": 256413.0, "Parties": ["partido socialista obrero espanol", "coalicion popular", "centro democratico y social", "others", "izquierda unida", "uni\u00f3n valenciana"], "Percent": [0.4634437411519697, 0.33552120992305384, 0.08983943871800572, 0.08179382480607457, 0.02413294177752298, 0.00526884362337323]}, "2008-3": {"Total Votes": 317596.0, "Parties": ["partido popular", "partido socialista obrero espa\u00f1ol", "esquerra unida del pais valencia-izquierda republicana: esquerra unida i republicana", "votos en blanco", "bloc-iniciativa-verds", "union progreso y democracia", "esquerra republicana del pais valencia-pais valencia, si", "espa\u00f1a 2000", "los verdes", "los verdes - grupo verde", "partido antitaurino contra el maltrato animal", "partido social democrata", "ciudadanos-partido de la ciudadania", "partido por un mundo m\u00e1s justo", "coalicion valenciana", "democracia nacional", "partido comunista dels pobles d'espanya", "falange espa\u00f1ola de las juntas de ofensiva nacional sindicalista", "opci\u00f3 nacionalista valenciana", "partido familia y vida", "partido obrero socialista internacionalista", "partido humanista", "per la republica valenciana", "falange aut\u00e9ntica", "alternativa espa\u00f1ola", "comunion tradicionalista carlista", "identidad del reino de valencia", "alianza nacional", "partido centristas"], "Percent": [0.4897700222924722, 0.44176878802000025, 0.020891321049383495, 0.010755802969810702, 0.010148112696633458, 0.005636091134649051, 0.003406843914910767, 0.0033186815954860892, 0.002361490698875301, 0.0017412058086373884, 0.0017128679202508847, 0.0013413267169611709, 0.0009257043539591178, 0.0007210418267232585, 0.0006706633584805854, 0.0006580687414199171, 0.0006391768158289147, 0.0006171362359727453, 0.0005762037305255734, 0.00039043312888071635, 0.00029282484666053727, 0.0002455950326830313, 0.00023929772415269714, 0.00022670310709202888, 0.00022670310709202888, 0.00022040579856169473, 0.00019521656444035818, 0.00018891925591002406, 0.00011335155354601444]}, "1993-6": {"Total Votes": 285441.0, "Parties": ["partido popular", "partido socialista obrero espanol", "izquierda unida", "others", "uni\u00f3n valenciana"], "Percent": [0.45163799173909847, 0.39851317785461793, 0.07094285684256992, 0.06134017187439786, 0.01756580168931583]}, "2000-3": {"Total Votes": 283425.0, "Parties": ["partido popular", "partido socialista obrero espa\u00f1ol - progresistas", "esquerra unida del pais valencia", "bloc nac. valencia-els verds-valencians pel canvi", "votos en blanco", "unio valenciana", "los verdes - ecopacifistas", "partido obrero socialista internacionalista", "grupo independiente liberal", "front pel pais valencia-erc", "partido comunista de los pueblos de espa\u00f1a", "centro democratico y social-union centrista", "la falange", "partido humanista", "partido carlista", "partido de la ley natural", "esquerra nacionalista valenciana", "espa\u00f1a 2000", "estat catala", "partido democrata espa\u00f1ol", "acci\u00f3n republicana"], "Percent": [0.5379271412190174, 0.35345153038722765, 0.03801005557025668, 0.02356178883302461, 0.013234541765899268, 0.012387756902178707, 0.007448178530475434, 0.0035176854547058303, 0.0023568845373555616, 0.0023357149157625474, 0.0009279350798271147, 0.000910293728499603, 0.0008538414042515656, 0.0006033342154008997, 0.0005609949722148716, 0.0004622034047808062, 0.00041633589132927584, 0.00041633589132927584, 0.0003986945400017641, 0.00021875275646114493, 0.0]}, "2004-3": {"Total Votes": 312174.0, "Parties": ["partido popular", "partido socialista obrero espa\u00f1ol", "esquerra unida pais valencia+i.republicana:entesa", "bloc nacionalista valencia-esquerra verda", "votos en blanco", "esquerra republicana del pa\u00eds valenci\u00e0", "los verdes - ecopacifistas", "ciudadanos en blanco", "centro democratico y social", "espa\u00f1a 2000", "partido familia y vida", "partido humanista", "partido obrero socialista internacionalista", "partido comunista dels pobles d'espanya", "falange espa\u00f1ola de las juntas de ofensiva nacional sindicalista", "democracia nacional", "falange aut\u00e9ntica", "partido republicano", "la falange", "movimiento social republicano"], "Percent": [0.45635446898204207, 0.44602048857368004, 0.0330648932966871, 0.020261136417510747, 0.016096792173595494, 0.007079385214655929, 0.006896794736268876, 0.0028221440606841057, 0.002408912978018669, 0.002223119157905527, 0.0012493032731745756, 0.0009033423667570009, 0.0008520888991395824, 0.0008168521401526071, 0.0006759051042047064, 0.0006566850538481745, 0.0005509747768872487, 0.00048690794236547566, 0.00038760434885672736, 0.00019220050356531934]}, "1982-10": {"Total Votes": 261293.0, "Parties": ["partido socialista obrero espanol", "others", "union de centro democratico", "partido comunista de espana", "centro democratico y social", "coalicion popular"], "Percent": [0.498291190349531, 0.3083779511888952, 0.12838843750119597, 0.031688564178910264, 0.02717256107128779, 0.00608129571017976]}, "1979-3": {"Total Votes": 239508.0, "Parties": ["union de centro democratico", "partido socialista obrero espanol", "partido comunista de espana", "others", "coalicion democratica", "union nacional"], "Percent": [0.46494897873974983, 0.3579295889907644, 0.07248609649782053, 0.0486246805952202, 0.03499674332381382, 0.021013911852631226]}, "1989-10": {"Total Votes": 253197.0, "Parties": ["partido socialista obrero espanol", "partido popular", "centro democratico y social", "others", "izquierda unida", "uni\u00f3n valenciana"], "Percent": [0.4195270876037236, 0.34107434132315945, 0.08857924856929585, 0.08265895725462782, 0.05530871218853304, 0.012851653060660276]}}