{"2011-11": {"Total Votes": 31804.0, "Parties": ["partido popular", "partido socialista obrero espa\u2013ol", "coalicion caballas", "union progreso y democracia", "izquierda unida - partido democr\u2021tico y social de ceuta: la izquierda plural", "votos en blanco", "los verdes - grupo verde", "partido antitaurino contra el maltrato animal", "partido por un mundo m\u2021s justo"], "Percent": [0.6592881398566218, 0.20264746572758144, 0.05382970695509999, 0.03336058357439316, 0.01811092944283738, 0.01565840774745315, 0.009212677650609987, 0.005848320965916237, 0.002043768079486857]}, "1996-3": {"Total Votes": 32095.0, "Parties": ["partido popular", "partido socialista obrero espanol", "partido socialista del pueblo de ceuta", "izquierda unida", "others"], "Percent": [0.538650880199408, 0.36226826608505996, 0.07368749026328089, 0.02237108583891572, 0.0030222776133354105]}, "1977-6": {"Total Votes": 24223.0, "Parties": ["union de centro democratico", "partido socialista obrero espanol", "partido unido de alianza popular", "partido socialista popular-unitad socialista", "others"], "Percent": [0.3636213516079759, 0.32555835363084673, 0.12034017256326632, 0.11406514469718862, 0.07641497750072246]}, "1986-6": {"Total Votes": 24045.0, "Parties": ["partido socialista obrero espanol", "coalicion popular", "others", "centro democratico y social", "izquierda unida"], "Percent": [0.45219380328550635, 0.36481597005614474, 0.08870867124142233, 0.07976710334788938, 0.014514452069037223]}, "2008-3": {"Total Votes": 36364.0, "Parties": ["partido popular", "partido socialista obrero espa\u00f1ol", "union progreso y democracia", "votos en blanco", "izquierda unida de ceuta", "los verdes - grupo verde", "partido antitaurino contra el maltrato animal", "partido social democrata", "falange espa\u00f1ola de las juntas de ofensiva nacional sindicalista", "partido por un mundo m\u00e1s justo", "ciudadanos-partido de la ciudadania", "alternativa espa\u00f1ola"], "Percent": [0.5510944890551095, 0.40468595314046857, 0.013227367726322737, 0.009404905950940491, 0.0067099329006709936, 0.006049939500604994, 0.0028599714002859973, 0.001842481575184248, 0.0015949840501594983, 0.001154988450115499, 0.0008799912000879991, 0.0004949950500494995]}, "1993-6": {"Total Votes": 29762.0, "Parties": ["partido popular", "partido socialista obrero espanol", "others"], "Percent": [0.5132719575297359, 0.40891069148578724, 0.07781735098447685]}, "2000-3": {"Total Votes": 30501.0, "Parties": ["partido popular", "grupo independiente liberal", "partido socialista obrero espa\u00f1ol - progresistas", "partido socialista del pueblo de ceuta", "votos en blanco", "izquierda unida", "la falange", "partido de la ley natural", "centro democratico y social-union centrista", "partido democrata espa\u00f1ol"], "Percent": [0.47585325071309137, 0.2871381266187994, 0.18002688436444705, 0.025835218517425658, 0.016294547719746894, 0.007507950558998066, 0.0030490803580210486, 0.0024917215828989215, 0.0010163601193403495, 0.0007868594472312384]}, "2004-3": {"Total Votes": 35691.0, "Parties": ["partido popular", "partido socialista obrero espa\u00f1ol", "partido socialista del pueblo de ceuta", "votos en blanco", "izquierda unida", "la falange", "democracia nacional", "izquierda republicana", "partido democrata espa\u00f1ol"], "Percent": [0.5923622201675492, 0.35776526295144434, 0.022610742203916952, 0.014429407973999048, 0.006107982404527752, 0.0032501190776386205, 0.0017371326104620212, 0.0010366759126950772, 0.0007004566977669441]}, "1982-10": {"Total Votes": 25571.0, "Parties": ["partido socialista obrero espanol", "coalicion popular", "others", "centro democratico y social", "union de centro democratico", "partido comunista de espana"], "Percent": [0.45747135426850727, 0.3001055883618161, 0.08333659223338939, 0.07860466935200032, 0.07312971725783114, 0.00735207852645575]}, "1979-3": {"Total Votes": 21132.0, "Parties": ["union de centro democratico", "partido socialista obrero espanol", "coalicion democratica", "union nacional", "others"], "Percent": [0.5214840053000189, 0.3550066250236608, 0.07897974635623699, 0.03478137421919364, 0.009748249100889646]}, "1989-10": {"Total Votes": 22649.0, "Parties": ["partido socialista obrero espanol", "partido popular", "others", "centro democratico y social"], "Percent": [0.3816062519316526, 0.3468144288931079, 0.18857344695130027, 0.08300587222393925]}}