{"2011-11": {"Total Votes": 298341.0, "Parties": ["partido popular", "partido socialista obrero espa\u2013ol", "izquierda unida de castilla-la mancha-los verdes: la izquierda plural", "union progreso y democracia", "votos en blanco", "equo", "esca\u2013os en blanco", "partido antitaurino contra el maltrato animal", "ciudadanos de centro democr\u2021tico", "partido comunista de los pueblos de espa\u2013a", "partido por un mundo m\u2021s justo", "unificaci\u2014n comunista de espa\u2013a"], "Percent": [0.5523075943299781, 0.31968452207373443, 0.05401872354118274, 0.043929597339956626, 0.013461106586087733, 0.005084785530651168, 0.004106039733057139, 0.0028021626259883826, 0.0015720266406561618, 0.001417840658843404, 0.0012770621537100163, 0.00033853878615409884]}, "1996-3": {"Total Votes": 311581.0, "Parties": ["partido socialista obrero espanol", "partido popular", "izquierda unida", "others"], "Percent": [0.45606439417037625, 0.4541162651124427, 0.08244726090486904, 0.007372079812312048]}, "1977-6": {"Total Votes": 247630.0, "Parties": ["union de centro democratico", "partido socialista obrero espanol", "partido unido de alianza popular", "partido comunista de espana", "partido socialista popular-unitad socialista", "others"], "Percent": [0.41336671647215606, 0.32191172313532285, 0.12643863829099866, 0.06284375883374389, 0.05484795864798288, 0.020591204619795665]}, "1986-6": {"Total Votes": 267058.0, "Parties": ["partido socialista obrero espanol", "coalicion popular", "centro democratico y social", "izquierda unida", "others"], "Percent": [0.5188123928135461, 0.32226332856533035, 0.09416681020602266, 0.03647147810587962, 0.02828599030922122]}, "2008-3": {"Total Votes": 310525.0, "Parties": ["partido popular", "partido socialista obrero espa\u00f1ol", "izquierda unida-alternativa", "votos en blanco", "union progreso y democracia", "los verdes de europa", "partido antitaurino contra el maltrato animal", "partido social democrata", "partido por un mundo m\u00e1s justo", "ciudadanos en blanco", "unidad castellana", "falange espa\u00f1ola de las juntas de ofensiva nacional sindicalista", "partido comunista de los pueblos de espa\u00f1a", "ciudadanos-partido de la ciudadania", "tierra comunera", "democracia nacional", "alternativa espa\u00f1ola", "partido familia y vida", "partido humanista", "espa\u00f1a 2000", "comunion tradicionalista carlista"], "Percent": [0.4777811770388858, 0.4676757104902987, 0.026204009339022623, 0.010443603574591417, 0.008199017792448273, 0.002524756460832461, 0.00113678447790033, 0.0009500040254407857, 0.0008018678045245954, 0.0007664439256098543, 0.000637629820465341, 0.0005893245310361484, 0.0004669511311488608, 0.0003800016101763143, 0.0003638998470332501, 0.00026728926817486516, 0.0002576282102890266, 0.00018033974720231866, 0.000173899041945093, 0.00013847516303035182, 6.118669994364382e-05]}, "1993-6": {"Total Votes": 297601.0, "Parties": ["partido socialista obrero espanol", "partido popular", "izquierda unida", "others"], "Percent": [0.49350304602471096, 0.4002775528308037, 0.07344061343879893, 0.03277878770568647]}, "2000-3": {"Total Votes": 291799.0, "Parties": ["partido popular", "partido socialista obrero espa\u00f1ol - progresistas", "izquierda unida", "votos en blanco", "partido de la ley natural", "tierra comunera-partido nacionalista castellano", "centro democratico y social-union centrista", "partido humanista", "la falange", "espa\u00f1a 2000", "partido democrata espa\u00f1ol"], "Percent": [0.5169380292598672, 0.4255669142114949, 0.03715914036717055, 0.012525745461773345, 0.0018917131312992848, 0.0015730005928738617, 0.001315974352208198, 0.0011617586078088, 0.0008259109866723327, 0.0006305710437664282, 0.0004112419850650619]}, "2004-3": {"Total Votes": 306041.0, "Parties": ["partido socialista obrero espa\u00f1ol", "partido popular", "izquierda unida-izquierda de castilla-la mancha", "votos en blanco", "unidad castellana", "ciudadanos en blanco", "centro democratico y social", "partido humanista", "tierra comunera-partido nacionalista castellano", "partido comunista de los pueblos de espa\u00f1a", "falange espa\u00f1ola de las juntas de ofensiva nacional sindicalista", "partido democrata espa\u00f1ol", "la falange", "democracia nacional", "izquierda republicana", "movimiento social republicano", "falange aut\u00e9ntica"], "Percent": [0.48121330148574865, 0.465650027283926, 0.028038726837253832, 0.01542603768776079, 0.0019637891655039682, 0.001584754983809359, 0.001146905153231103, 0.000941050382138341, 0.000807081404125591, 0.0006273669214255606, 0.0004607225829218961, 0.00045745504687280463, 0.00043131475848007294, 0.0004182446142837071, 0.00035289389330187785, 0.00027774056417277426, 0.00020258723504367062]}, "1982-10": {"Total Votes": 279112.0, "Parties": ["partido socialista obrero espanol", "coalicion popular", "union de centro democratico", "partido comunista de espana", "others", "centro democratico y social"], "Percent": [0.5416033706899023, 0.283173063143111, 0.10548811946458769, 0.02732594800653501, 0.022550087420103757, 0.01985941127576027]}, "1979-3": {"Total Votes": 243398.0, "Parties": ["union de centro democratico", "partido socialista obrero espanol", "partido comunista de espana", "coalicion democratica", "union nacional", "others"], "Percent": [0.41453093287537285, 0.3943992966252804, 0.07876399970418821, 0.04790096878363832, 0.041101405927739754, 0.023303396083780476]}, "1989-10": {"Total Votes": 272404.0, "Parties": ["partido socialista obrero espanol", "partido popular", "centro democratico y social", "izquierda unida", "others"], "Percent": [0.5264827241890722, 0.3012951351668845, 0.0797234989207207, 0.06345354693763675, 0.029045094785685968]}}