{"2011-11": {"Total Votes": 132154.0, "Parties": ["partido popular", "partido socialista obrero espa\u2013ol", "union progreso y democracia", "izquierda unida de castilla-la mancha-los verdes: la izquierda plural", "votos en blanco", "equo", "partido antitaurino contra el maltrato animal", "esca\u2013os en blanco", "democracia nacional", "partido castellano", "anticapitalistas", "ciudadanos de centro democr\u2021tico", "unificaci\u2014n comunista de espa\u2013a"], "Percent": [0.53999122236179, 0.2768663831590417, 0.0752682476504684, 0.06837477488384763, 0.013438866776639375, 0.009632701242489822, 0.00469149628463762, 0.0037683308866927976, 0.0035640237904263207, 0.0014906851097961468, 0.001467984321322094, 0.000749126019643749, 0.000696157513204292]}, "1996-3": {"Total Votes": 102116.0, "Parties": ["partido popular", "partido socialista obrero espanol", "izquierda unida", "others"], "Percent": [0.5257060597751577, 0.3540679227545145, 0.10850405421285597, 0.011721963257471895]}, "1977-6": {"Total Votes": 80487.0, "Parties": ["union de centro democratico", "partido socialista obrero espanol", "partido unido de alianza popular", "partido comunista de espana", "others", "partido socialista popular-unitad socialista"], "Percent": [0.48853852174885387, 0.21286667412128668, 0.15921825884925517, 0.06859492837352615, 0.0436716488377005, 0.027109968069377665]}, "1986-6": {"Total Votes": 85634.0, "Parties": ["coalicion popular", "partido socialista obrero espanol", "centro democratico y social", "izquierda unida", "others"], "Percent": [0.42123455636779783, 0.3827918817292197, 0.11006142420066796, 0.04632505780414321, 0.039587079898171285]}, "2008-3": {"Total Votes": 133598.0, "Parties": ["partido popular", "partido socialista obrero espa\u00f1ol", "izquierda unida-alternativa", "union progreso y democracia", "votos en blanco", "los verdes de europa", "partido antitaurino contra el maltrato animal", "partido humanista", "partido social democrata", "ciudadanos en blanco", "partido regionalista de guadalajara", "democracia nacional", "ciudadanos-partido de la ciudadania", "tierra comunera", "partido comunista de los pueblos de espa\u00f1a", "partido por un mundo m\u00e1s justo", "falange espa\u00f1ola de las juntas de ofensiva nacional sindicalista", "alternativa espa\u00f1ola", "centro democratico espa\u00f1ol", "falange aut\u00e9ntica", "frente espa\u00f1ol", "espa\u00f1a 2000", "partido familia y vida", "comunion tradicionalista carlista"], "Percent": [0.5065045883920418, 0.40972170242069494, 0.03285977334990045, 0.02110810042066498, 0.01044925822242848, 0.004214134942139853, 0.002305423733888232, 0.0018188895043338973, 0.001287444422820701, 0.0012200781448824085, 0.0011377415829578288, 0.001092830730998967, 0.0009431278911360948, 0.000920672465156664, 0.0007934250512732227, 0.0007784547672869354, 0.0006811479213760685, 0.0004491085195886166, 0.00042665309360918576, 0.00041916795161604217, 0.0002919205377326008, 0.00026946511175316996, 0.00023952454378059552, 6.736627793829249e-05]}, "1993-6": {"Total Votes": 95019.0, "Parties": ["partido popular", "partido socialista obrero espanol", "izquierda unida", "others"], "Percent": [0.49366968711520853, 0.37006282953935526, 0.09288668582073059, 0.04338079752470558]}, "2000-3": {"Total Votes": 102782.0, "Parties": ["partido popular", "partido socialista obrero espa\u00f1ol - progresistas", "izquierda unida", "votos en blanco", "grupo independiente liberal", "partido regionalista de guadalajara", "tierra comunera-partido nacionalista castellano", "partido de la ley natural", "partido humanista", "centro democratico y social-union centrista", "la falange", "partido democrata espa\u00f1ol", "espa\u00f1a 2000", "partido carlista"], "Percent": [0.5438209024926544, 0.36056897122064174, 0.05837598023000136, 0.018524644392987098, 0.006275417874725147, 0.003891732015333424, 0.002373956529353389, 0.0018193847171683757, 0.0012453542449066958, 0.0011577902745616936, 0.0011091436243700259, 0.00039890253157167597, 0.0003016092311883404, 0.00013621062053666984]}, "2004-3": {"Total Votes": 119964.0, "Parties": ["partido popular", "partido socialista obrero espa\u00f1ol", "izquierda unida-izquierda de castilla-la mancha", "votos en blanco", "ciudadanos en blanco", "partido regionalista de guadalajara", "partido familia y vida", "centro democratico y social", "tierra comunera-partido nacionalista castellano", "partido democrata espa\u00f1ol", "democracia nacional", "izquierda republicana", "partido humanista", "falange espa\u00f1ola de las juntas de ofensiva nacional sindicalista", "partido comunista de los pueblos de espa\u00f1a", "la falange", "falange aut\u00e9ntica", "grupo politico honradez absoluta espa\u00f1ola", "movimiento social republicano"], "Percent": [0.4757927378213464, 0.44109066053149276, 0.04426327898369511, 0.02120636190857257, 0.004201260378113434, 0.0027508252475742724, 0.001433763462372045, 0.0013253976192857857, 0.0012837184488679937, 0.0009919642559434497, 0.0009669567536927745, 0.0009419492514420993, 0.0008919342469407489, 0.0007585609016038145, 0.0006085158880997632, 0.0005835083858490881, 0.00038344836784368644, 0.00029175419292454404, 0.00023340335433963522]}, "1982-10": {"Total Votes": 88917.0, "Parties": ["partido socialista obrero espanol", "coalicion popular", "union de centro democratico", "partido comunista de espana", "centro democratico y social", "others"], "Percent": [0.3847633186004926, 0.37954496890358425, 0.13550839546993262, 0.038147935715330025, 0.03282836802861095, 0.02920701328204955]}, "1979-3": {"Total Votes": 77172.0, "Parties": ["union de centro democratico", "partido socialista obrero espanol", "coalicion democratica", "partido comunista de espana", "union nacional", "others"], "Percent": [0.471168299383196, 0.23524076089773494, 0.10906805577152336, 0.08802415383817964, 0.06651376146788991, 0.029984968641476182]}, "1989-10": {"Total Votes": 85894.0, "Parties": ["partido popular", "partido socialista obrero espanol", "izquierda unida", "centro democratico y social", "others"], "Percent": [0.4314736768575221, 0.3685123524343959, 0.08475562903113139, 0.07709502409947144, 0.03816331757747922]}}