{"2011-11": {"Total Votes": 263507.0, "Parties": ["partido popular", "partido socialista obrero espa\u2013ol", "izquierda unida los verdes-convocatoria por andaluc\u2019a: la izquierda plural", "union progreso y democracia", "partido andalucista", "votos en blanco", "equo", "esca\u2013os en blanco", "partido antitaurino contra el maltrato animal", "partido comunista de los pueblos de espa\u2013a", "partido por un mundo m\u2021s justo", "democracia nacional", "republicanos"], "Percent": [0.43889156644795013, 0.4054351497303677, 0.07032830247393808, 0.034336848736466204, 0.018944468268395145, 0.012948422622548927, 0.007593726162872334, 0.00347998345394999, 0.0031156667564808524, 0.0016849647257947606, 0.0011726443699787861, 0.0011233098171965071, 0.0009449464340605752]}, "1996-3": {"Total Votes": 263368.0, "Parties": ["partido socialista obrero espanol", "partido popular", "izquierda unida", "partido andalucista", "others"], "Percent": [0.5249650678897968, 0.34127912274839767, 0.10274596761945264, 0.02706858843899031, 0.003941253303362595]}, "1977-6": {"Total Votes": 186956.0, "Parties": ["union de centro democratico", "partido socialista obrero espanol", "partido comunista de espana", "others", "partido unido de alianza popular", "partido socialista popular-unitad socialista"], "Percent": [0.47869017308885514, 0.3378976871563362, 0.054649222276899376, 0.052627356169366056, 0.05035944286356148, 0.02577611844498171]}, "1986-6": {"Total Votes": 208610.0, "Parties": ["partido socialista obrero espanol", "coalicion popular", "centro democratico y social", "izquierda unida", "others"], "Percent": [0.6246392790374383, 0.21456306025598007, 0.05764344949906524, 0.05274914912995542, 0.050405062077561]}, "2008-3": {"Total Votes": 268531.0, "Parties": ["partido socialista obrero espa\u00f1ol", "partido popular", "izquierda unida los verdes-convocatoria por andalucia-alternativa", "coalicion andalucista", "votos en blanco", "union progreso y democracia", "los verdes", "partido social democrata", "partido antitaurino contra el maltrato animal", "partido por un mundo m\u00e1s justo", "partido comunista de los pueblos de espa\u00f1a", "democracia nacional", "ciudadanos-partido de la ciudadania", "partido familia y vida", "falange espa\u00f1ola de las juntas de ofensiva nacional sindicalista", "partido humanista", "espa\u00f1a 2000", "alternativa espa\u00f1ola"], "Percent": [0.5567103984269972, 0.3499931106650629, 0.04919357541587377, 0.015305495454900925, 0.009693480454770585, 0.008635874442801762, 0.002684978643061695, 0.0016124767717693674, 0.001303387690806648, 0.0007820326144839889, 0.0007708607199913604, 0.0007447929661752275, 0.0006219021267563149, 0.0004505997445360126, 0.0004208080258890035, 0.00040591216656549894, 0.00036867251825673756, 0.0003016411513009671]}, "1993-6": {"Total Votes": 246656.0, "Parties": ["partido socialista obrero espanol", "partido popular", "izquierda unida", "others"], "Percent": [0.5612877854177478, 0.29449922158796055, 0.09097285288012455, 0.0532401401141671]}, "2000-3": {"Total Votes": 245452.0, "Parties": ["partido socialista obrero espa\u00f1ol - progresistas", "partido popular", "izquierda unida los verdes-convocatoria por andaluc\u00eda: la izquierda plural", "partido andalucista", "votos en blanco", "izquierda andaluza", "nacion andaluza", "partido humanista", "asamblea de andalucia", "espa\u00f1a 2000", "partido de la ley natural", "centro democratico y social-union centrista", "la falange", "partido democrata espa\u00f1ol", "falange espa\u00f1ola independiente-falange 2000"], "Percent": [0.4688126395384841, 0.4016060166549875, 0.06408177566285872, 0.04731271287257794, 0.011643824454475824, 0.0018170558805795023, 0.0007700079852679954, 0.0007129703567296254, 0.0005744504017078696, 0.0005622280527353617, 0.0005214868894936689, 0.00048481984257614524, 0.00039518928344442093, 0.00039518928344442093, 0.00030963284063686584]}, "2004-3": {"Total Votes": 275121.0, "Parties": ["partido socialista obrero espa\u00f1ol", "partido popular", "izquierda unida-verdes-convocatoria por andalucia", "partido andalucista", "votos en blanco", "partido socialista de andalucia", "ciudadanos en blanco", "partido de los trabajadores en precario", "partido humanista", "centro democratico y social", "asamblea de andalucia", "izquierda republicana", "democracia nacional", "la falange", "falange espa\u00f1ola de las juntas de ofensiva nacional sindicalista", "falange aut\u00e9ntica", "movimiento social republicano", "partido comunista de los pueblos de espa\u00f1a"], "Percent": [0.5618582369212092, 0.3059490187953664, 0.05487403724179543, 0.05285674303306545, 0.014571770239276537, 0.003834676378756983, 0.0012758022833589584, 0.0009014215563333952, 0.0006906052246102624, 0.00058883182308875, 0.0005452146510081018, 0.0005270408293078318, 0.00042163266344626545, 0.00033803308362502315, 0.00033076355494491514, 0.00024716397512367284, 0.00018900774568280865, 0.0]}, "1982-10": {"Total Votes": 219488.0, "Parties": ["partido socialista obrero espanol", "coalicion popular", "union de centro democratico", "partido comunista de espana", "others", "centro democratico y social"], "Percent": [0.6352055693249745, 0.20846242163580697, 0.07824573552996064, 0.03633911648928415, 0.028065315643679836, 0.01368184137629392]}, "1979-3": {"Total Votes": 184072.0, "Parties": ["union de centro democratico", "partido socialista obrero espanol", "partido socialista de andalusia", "partido comunista de espana", "others", "coalicion democratica", "union nacional"], "Percent": [0.3735277500108653, 0.3547633534703812, 0.09626667825633448, 0.07015189708374983, 0.05590747098961276, 0.03303055326176713, 0.01635229692728932]}, "1989-10": {"Total Votes": 209379.0, "Parties": ["partido socialista obrero espanol", "partido popular", "izquierda unida", "partido andalucista", "centro democratico y social", "others"], "Percent": [0.5880532431619216, 0.1966434074095301, 0.0777441863797229, 0.050711866997167815, 0.04702477325806313, 0.03982252279359439]}}