{"2011-11": {"Total Votes": 216435.0, "Parties": ["partido popular", "partido dos socialistas de galicia - partido socialista obrero espa\u2013ol", "bloque nacionalista galego", "esquerda unida-os verdes: a esquerda plural", "votos en blanco", "union progreso y democracia", "partido antitaurino contra el maltrato animal", "unificaci\u2014n comunista de espa\u2013a", "converxencia vinte\u0153n"], "Percent": [0.5610090789382494, 0.2834892692956315, 0.09153325478781159, 0.030508004712731306, 0.016762538406449975, 0.009333056113844803, 0.0048698223485111, 0.0013537551689883798, 0.0011412202277820132]}, "1996-3": {"Total Votes": 240418.0, "Parties": ["partido popular", "partido socialista obrero espanol", "bloque nacionalista gallego", "izquierda unida", "others"], "Percent": [0.5387408596694091, 0.3273132627340715, 0.10039181758437388, 0.02617108535966525, 0.007382974652480264]}, "1977-6": {"Total Votes": 167142.0, "Parties": ["union de centro democratico", "partido unido de alianza popular", "partido socialista obrero espanol", "others", "partido socialista popular-unitad socialista", "partido comunista de espana"], "Percent": [0.520868483086238, 0.2176412870493353, 0.12449294611767239, 0.06271912505534216, 0.056634478467410945, 0.01764368022400115]}, "1986-6": {"Total Votes": 187398.0, "Parties": ["coalicion popular", "partido socialista obrero espanol", "others", "centro democratico y social", "izquierda unida"], "Percent": [0.46857490474818303, 0.29637989733081466, 0.16231763412629804, 0.06531553164921718, 0.007412032145487145]}, "2008-3": {"Total Votes": 247770.0, "Parties": ["partido popular", "partido dos socialistas de galicia - partido socialista obrero espa\u00f1ol", "bloque nacionalista galego", "esquerda unida-izquierda unida-alternativa", "votos en blanco", "union progreso y democracia", "los verdes de europa", "partido social democrata", "partido por un mundo m\u00e1s justo", "partido comunista do povo galego", "alternativa en blanco", "partido familia y vida", "falange espa\u00f1ola de las juntas de ofensiva nacional sindicalista", "ciudadanos-partido de la ciudadania", "partido humanista", "alianza nacional", "alternativa espa\u00f1ola"], "Percent": [0.4452193566614199, 0.41446906405133793, 0.1079347782217379, 0.009516890664729386, 0.009089074544940873, 0.004714049319933809, 0.0022238366226742545, 0.0015457884328207612, 0.0010735763006013642, 0.0007587682124550995, 0.0007345522056746176, 0.0007184082011542964, 0.0006215441740323687, 0.0005004641401299592, 0.0004964281389998789, 0.00023408806554465835, 0.00014933204181297172]}, "1993-6": {"Total Votes": 224129.0, "Parties": ["partido popular", "partido socialista obrero espanol", "others", "izquierda unida"], "Percent": [0.5359859723641296, 0.32456754815307254, 0.11198461600239148, 0.027461863480406374]}, "2000-3": {"Total Votes": 231462.0, "Parties": ["partido popular", "partido de los socialistas de galicia-psoe", "bloque nacionalista galego", "votos en blanco", "esquerda unida-izquierda unida", "coalicion galega", "partido de los autonomos y profesionales", "centro democratico y social-union centrista", "democracia galega", "partido de la ley natural", "espa\u00f1a 2000", "frente popular galega", "partido humanista", "la falange", "partido democrata espa\u00f1ol"], "Percent": [0.5796545437264, 0.22910024107628899, 0.16167664670658682, 0.010826831186112624, 0.009923875193336271, 0.0015164476242320553, 0.0012874683533366169, 0.0012572258081240118, 0.001028246537228573, 0.0007992672663331346, 0.0007819858119259317, 0.0006955785398899171, 0.0006782970854827142, 0.0005098029050124858, 0.00026354217970984436]}, "2004-3": {"Total Votes": 249434.0, "Parties": ["partido popular", "partido dos socialistas de galicia - partido socialista obrero espa\u00f1ol", "bloque nacionalista galego", "votos en blanco", "esquerda unida-izquierda unida", "partido de los autonomos y profesionales", "partido humanista", "centro democratico y social", "frente popular galega", "coalicion galega", "democracia nacional", "partido democrata espa\u00f1ol", "izquierda republicana-esquerda republicana galega", "falange espa\u00f1ola de las juntas de ofensiva nacional sindicalista", "la falange", "movimiento social republicano"], "Percent": [0.49706936504245613, 0.371673468733212, 0.1014817546926241, 0.011766639672217902, 0.010303326731720616, 0.0012949317254263653, 0.0010984869745102913, 0.0010864597448623683, 0.0008819968408476792, 0.0008459151519039105, 0.0006013614823961449, 0.0005291981045086075, 0.0004891073390155312, 0.0003247352004939182, 0.0002806353584515343, 0.00027261720535291903]}, "1982-10": {"Total Votes": 190387.0, "Parties": ["coalicion popular", "partido socialista obrero espanol", "union de centro democratico", "others", "centro democratico y social", "partido comunista de espana"], "Percent": [0.4646430691171141, 0.27976174843870644, 0.1815617662970686, 0.04636871214946399, 0.020358532883022477, 0.007306171114624423]}, "1979-3": {"Total Votes": 159120.0, "Parties": ["union de centro democratico", "coalicion democratica", "partido socialista obrero espanol", "others", "partido comunista de espana", "union nacional"], "Percent": [0.5025389643036702, 0.1931309703368527, 0.17546505781799898, 0.10839617898441428, 0.015340623428858722, 0.005128205128205128]}, "1989-10": {"Total Votes": 200475.0, "Parties": ["partido popular", "partido socialista obrero espanol", "others", "centro democratico y social", "izquierda unida"], "Percent": [0.46077565781269486, 0.31626886145404665, 0.14129941389200648, 0.06170844244918319, 0.019947624392068836]}}