{"2011-11": {"Total Votes": 26726.0, "Parties": ["partido popular", "partido socialista obrero espa\u2013ol", "union progreso y democracia", "votos en blanco", "equo", "partido antitaurino contra el maltrato animal", "partido por un mundo m\u2021s justo"], "Percent": [0.6670657786425204, 0.2531617151837162, 0.03711741375439647, 0.018558706877198235, 0.015976951283394446, 0.005126094439871286, 0.002993339818902941]}, "1996-3": {"Total Votes": 26822.0, "Parties": ["partido popular", "partido socialista obrero espanol", "izquierda unida", "others"], "Percent": [0.5140556259786743, 0.4403101931250466, 0.03541868615315785, 0.010215494743121318]}, "1977-6": {"Total Votes": 18949.0, "Parties": ["union de centro democratico", "partido socialista obrero espanol", "partido unido de alianza popular", "partido comunista de espana"], "Percent": [0.5658873819198902, 0.2736819884954351, 0.10945168610480764, 0.05097894347986701]}, "1986-6": {"Total Votes": 19480.0, "Parties": ["coalicion popular", "partido socialista obrero espanol", "centro democratico y social", "others", "izquierda unida"], "Percent": [0.46555441478439424, 0.3592402464065708, 0.11360369609856263, 0.034086242299794664, 0.02751540041067762]}, "2008-3": {"Total Votes": 32055.0, "Parties": ["partido popular", "partido socialista obrero espa\u00f1ol", "union progreso y democracia", "votos en blanco", "los verdes - grupo verde", "partido social democrata", "falange espa\u00f1ola de las juntas de ofensiva nacional sindicalista", "ciudadanos-partido de la ciudadania", "partido por un mundo m\u00e1s justo"], "Percent": [0.4903135236312588, 0.48104819840898455, 0.011449071907658712, 0.008890968647636874, 0.002402121353922945, 0.002277335829043831, 0.0013726407736702542, 0.0012166588675713618, 0.0010294805802526907]}, "1993-6": {"Total Votes": 26086.0, "Parties": ["partido socialista obrero espanol", "partido popular", "izquierda unida", "others"], "Percent": [0.4939431112474124, 0.45484167752817606, 0.026335965652073908, 0.02487924557233765]}, "2000-3": {"Total Votes": 26259.0, "Parties": ["pp en coalicion con upm", "bloque de la izquierda asturiana", "partido socialista obrero espa\u00f1ol - progresistas", "votos en blanco", "izquierda unida", "los verdes - grupo verde", "aprome nacionalista", "la falange", "falange espa\u00f1ola independiente-falange 2000", "partido de la ley natural", "partido democrata espa\u00f1ol"], "Percent": [0.4980387676606116, 0.24806732929662212, 0.20423473856582505, 0.020983281922388516, 0.015118625994896988, 0.006626299554438478, 0.0022849308808408544, 0.0018279447046726837, 0.0014471228911992079, 0.0008758901709889943, 0.0004950683575155185]}, "2004-3": {"Total Votes": 27207.0, "Parties": ["partido popular", "partido socialista obrero espa\u00f1ol", "votos en blanco", "izquierda unida", "los verdes - grupo verde", "centro democratico y social", "izquierda republicana", "la falange", "partido democrata espa\u00f1ol", "democracia nacional", "espa\u00f1a 2000"], "Percent": [0.5460359466313817, 0.4143418973058404, 0.015988532362994818, 0.008416951519829456, 0.004961958319550115, 0.0032712169662219284, 0.0020950490682544935, 0.0016907413533281876, 0.001286433638401882, 0.0011026574043444702, 0.0008086154298526115]}, "1982-10": {"Total Votes": 20854.0, "Parties": ["partido socialista obrero espanol", "coalicion popular", "union de centro democratico", "centro democratico y social", "others"], "Percent": [0.49347846935839645, 0.2661839455260382, 0.14783734535340942, 0.07744317636904191, 0.015057063393114032]}, "1979-3": {"Total Votes": 17457.0, "Parties": ["union de centro democratico", "partido socialista obrero espanol", "others", "coalicion democratica", "partido comunista de espana", "union nacional"], "Percent": [0.5175574268201868, 0.21481354184567794, 0.14905195623532108, 0.04857650226270264, 0.04542590364896603, 0.024574669187145556]}, "1989-10": {"Total Votes": 17351.0, "Parties": ["partido popular", "partido socialista obrero espanol", "others", "centro democratico y social"], "Percent": [0.5618119993083972, 0.3885078669817302, 0.03146792692063858, 0.01821220678923405]}}