{"2011-11": {"Total Votes": 331085.0, "Parties": ["union del pueblo navarro - partido popular", "partido socialista obrero espa\u2013ol", "amaiur", "geroa bai", "izquierda-ezkerra/la izquierda plural", "union progreso y democracia", "votos en blanco", "equo", "partido pirata", "partido por un mundo m\u2021s justo", "solidaridad y autogestion internacionalista", "unificaci\u2014n comunista de espa\u2013a", "derecha navarra y espa\u2013ola"], "Percent": [0.382125436066267, 0.22016098584955526, 0.14862648564568012, 0.1281090958515185, 0.055124816889922525, 0.020626123200990682, 0.020257637766736638, 0.011042481537973632, 0.005448751831100775, 0.004207378769802317, 0.003204615129045411, 0.0010661914614071915, 0.0]}, "1996-3": {"Total Votes": 318706.0, "Parties": ["partido popular", "partido socialista obrero espanol", "izquierda unida", "herri batasuna", "convergencia dem\u00f3cratas de navarra", "eusko alkartasuna", "partido nacionalista vasco", "others"], "Percent": [0.37757368860328955, 0.30781347072223303, 0.12661826259938627, 0.08299498597453453, 0.05340345020175334, 0.03838333762150697, 0.009908818785965749, 0.003303985491330568]}, "1977-6": {"Total Votes": 257866.0, "Parties": ["others", "union de centro democratico", "partido socialista obrero espanol", "partido socialista popular-unitad socialista", "partido comunista de espana"], "Percent": [0.44659629419931285, 0.2909883427826856, 0.21220323734032404, 0.02570715022531082, 0.024504975452366733]}, "1986-6": {"Total Votes": 270440.0, "Parties": ["partido socialista obrero espanol", "coalicion popular", "herri batasuna", "centro democratico y social", "others", "euskadiko eskerra", "partido nacionalista vasco", "izquierda unida"], "Percent": [0.35565374944534833, 0.2965019967460435, 0.14027140955479958, 0.09609894985948825, 0.049142138736873245, 0.02816521224670907, 0.018118621505694425, 0.016047921905043634]}, "2008-3": {"Total Votes": 339230.0, "Parties": ["union del pueblo navarro - partido popular", "partido socialista obrero espa\u00f1ol", "nafarroa bai", "izquierda unida de navarra-nafarroako ezker batua - alternativa", "votos en blanco", "union progreso y democracia", "representacion cannabica navarra", "los verdes - grupo verde", "partido por un mundo m\u00e1s justo", "partido antitaurino contra el maltrato animal", "partido social democrata", "solidaridad y autogestion internacionalista", "partido carlista", "partido familia y vida", "ciudadanos-partido de la ciudadania", "partido comunista de los pueblos de espa\u00f1a-euskal komunistak", "partido humanista", "democracia nacional", "falange espa\u00f1ola de las juntas de ofensiva nacional sindicalista", "espa\u00f1a 2000", "alternativa espa\u00f1ola", "falange aut\u00e9ntica"], "Percent": [0.39223830439524804, 0.34761076555729153, 0.18394009963741415, 0.03271526692804292, 0.014742210299796598, 0.007687999292515403, 0.0067446864958877455, 0.003690711316805707, 0.0016507973940983994, 0.0015623618194145566, 0.0014090734899625623, 0.0010612268962061138, 0.0009551042065855024, 0.0007045367449812812, 0.0006426318427025911, 0.000627892580255284, 0.0005541962680187483, 0.00040385579105621554, 0.0003773251186510627, 0.0002682545765409899, 0.00026530672405152846, 0.00014739262447307136]}, "1993-6": {"Total Votes": 306130.0, "Parties": ["partido popular", "partido socialista obrero espanol", "herri batasuna", "izquierda unida", "ea + ee", "others", "partido nacionalista vasco"], "Percent": [0.3666024238068794, 0.35378760657237124, 0.1052526704341293, 0.08833828765557117, 0.037359945121353676, 0.037095351647992686, 0.011563714761702544]}, "2000-3": {"Total Votes": 302686.0, "Parties": ["union del pueblo navarro - partido popular", "partido socialista obrero espa\u00f1ol", "izquierda unida de navarra-nafarroako ezker batua", "eusko alkartasuna", "votos en blanco", "convergencia de dem\u00f3cratas de navarra", "euzko alderdi jeltzalea-partido nacionalista vasco", "partido de la ley natural", "partido humanista", "partido carlista", "centro democratico y social-union centrista", "la falange", "espa\u00f1a 2000", "lucha internacionalista/nazioarteko borroka", "falange espa\u00f1ola independiente-falange 2000", "euskal herritarrok"], "Percent": [0.49885029370370615, 0.2731807880113385, 0.0761118783161428, 0.04686374658887428, 0.039463338244913874, 0.02856425470619718, 0.021593334346484475, 0.004512927588325856, 0.003204641113232855, 0.0021474399212385114, 0.0017476857205156499, 0.0015032079448669578, 0.0008821022445702808, 0.0008688872296703515, 0.0005054743199222957, 0.0]}, "2004-3": {"Total Votes": 339508.0, "Parties": ["union del pueblo navarro - partido popular", "partido socialista obrero espa\u00f1ol", "nafarroa bai", "izquierda unida de navarra-nafarroako ezker batua", "votos en blanco", "convergencia de dem\u00f3cratas de navarra", "partido humanista", "partido familia y vida", "centro democratico y social", "izquierda republicana", "partido carlista", "democracia nacional", "espa\u00f1a 2000", "la falange", "movimiento social republicano"], "Percent": [0.3759940855591032, 0.3355031398376474, 0.1798043050531946, 0.058611284564723067, 0.019849311356433426, 0.016414929839650316, 0.0028217302685061914, 0.0022915513036511656, 0.00224736972324658, 0.0018674081317671455, 0.001826171990056199, 0.0010338489814672998, 0.0006509419512942257, 0.000574360545259611, 0.0005095608939995523]}, "1982-10": {"Total Votes": 296126.0, "Parties": ["partido socialista obrero espanol", "coalicion popular", "herri batasuna", "union de centro democratico", "partido nacionalista vasco", "centro democratico y social", "euskadiko eskerra", "others", "partido comunista de espana"], "Percent": [0.3788454914462087, 0.2575086280839913, 0.11732843451773907, 0.10551251831990437, 0.05525688389401809, 0.04146208033067005, 0.028362926592058784, 0.008482875532712427, 0.00724016128269723]}, "1979-3": {"Total Votes": 252171.0, "Parties": ["union de centro democratico", "others", "partido socialista obrero espanol", "union del pueblo navarro", "herri batasuna", "partido comunista de espana"], "Percent": [0.3303393332302287, 0.2267429640997577, 0.21968822743297206, 0.11201922504966867, 0.0889277514067835, 0.022282498780589362]}, "1989-10": {"Total Votes": 274977.0, "Parties": ["partido popular", "partido socialista obrero espanol", "herri batasuna", "centro democratico y social", "izquierda unida", "eusko alkartasuna", "euskadiko eskerra", "others", "partido nacionalista vasco"], "Percent": [0.33535895729461007, 0.31521545438345755, 0.11139840786683977, 0.0710532153598301, 0.058110314680864215, 0.0485204217079974, 0.028907872294773745, 0.02211821352331286, 0.009317142888314296]}}