{"2011-11": {"Total Votes": 1060182.0, "Parties": ["partido socialista obrero espa\u2013ol", "partido popular", "izquierda unida los verdes-convocatoria por andaluc\u2019a: la izquierda plural", "union progreso y democracia", "partido andalucista", "votos en blanco", "equo", "esca\u2013os en blanco", "partido por un mundo m\u2021s justo", "anticapitalistas", "falange espa\u2013ola de las juntas de ofensiva nacional sindicalista", "partido comunista de los pueblos de espa\u2013a", "partido humanista", "solidaridad y autogestion internacionalista", "unificaci\u2014n comunista de espa\u2013a"], "Percent": [0.41716139304383587, 0.3867694414732565, 0.086323857601808, 0.05518109154843225, 0.021979245073015765, 0.012824213201129617, 0.010670809351601895, 0.002797632859263787, 0.001334676498940748, 0.001126221724194525, 0.0010941517588489524, 0.00101586331403476, 0.0008489108473828078, 0.0005593379249977834, 0.0003131537792567691]}, "1996-3": {"Total Votes": 1031012.0, "Parties": ["partido socialista obrero espanol", "partido popular", "izquierda unida", "partido andalucista", "others"], "Percent": [0.505798186636043, 0.3175365563155424, 0.13552994533526283, 0.03569017625401062, 0.005445135459141116]}, "1977-6": {"Total Votes": 682367.0, "Parties": ["partido socialista obrero espanol", "union de centro democratico", "partido comunista de espana", "partido unido de alianza popular", "others", "partido socialista popular-unitad socialista"], "Percent": [0.3683296525183662, 0.32717291428219714, 0.13469877646486422, 0.06281077484696651, 0.05814466408838646, 0.048843217799219484]}, "1986-6": {"Total Votes": 797106.0, "Parties": ["partido socialista obrero espanol", "coalicion popular", "izquierda unida", "others", "centro democratico y social"], "Percent": [0.5933087945643365, 0.2125990771616322, 0.08225756674770984, 0.0754353875143331, 0.03639917401198837]}, "2008-3": {"Total Votes": 1078542.0, "Parties": ["partido socialista obrero espa\u00f1ol", "partido popular", "izquierda unida los verdes-convocatoria por andalucia-alternativa", "coalicion andalucista", "union progreso y democracia", "votos en blanco", "los verdes", "partido antitaurino contra el maltrato animal", "partido obrero socialista internacionalista", "partido por un mundo m\u00e1s justo", "ciudadanos-partido de la ciudadania", "solidaridad y autogestion internacionalista", "partido comunista pueblos de espa\u00f1a", "falange espa\u00f1ola de las juntas de ofensiva nacional sindicalista", "partido humanista", "partido familia y vida", "alternativa motor y deportes", "alternativa espa\u00f1ola", "democracia nacional", "falange aut\u00e9ntica"], "Percent": [0.5809305525422283, 0.31491031410923265, 0.05386067487404292, 0.01688019567156402, 0.012486300950727927, 0.011143747763184003, 0.002841799392142355, 0.0014065284430277171, 0.0009809539174181442, 0.0007482323358756544, 0.000632335133912263, 0.0005674327008127639, 0.0004941856691719006, 0.00038385153290275203, 0.0003643808029729023, 0.00033841982973310266, 0.0003300752311917385, 0.00026609997570794646, 0.00025868255478228943, 0.00017523656936864766]}, "1993-6": {"Total Votes": 964195.0, "Parties": ["partido socialista obrero espanol", "partido popular", "izquierda unida", "others"], "Percent": [0.5638392648789923, 0.26160786977737904, 0.11752394484518174, 0.05702892049844689]}, "2000-3": {"Total Votes": 971500.0, "Parties": ["partido socialista obrero espa\u00f1ol - progresistas", "partido popular", "izquierda unida los verdes-convocatoria por andaluc\u00eda: la izquierda plural", "partido andalucista", "votos en blanco", "izquierda andaluza", "la falange", "partido obrero socialista internacionalista", "grupo independiente liberal", "partido comunista de los pueblos de espa\u00f1a", "partido humanista", "nacion andaluza", "voz del pueblo andaluz", "partido de la ley natural", "asamblea de andalucia", "centro democratico y social-union centrista", "acci\u00f3n republicana", "espa\u00f1a 2000", "partido democrata espa\u00f1ol", "falange espa\u00f1ola independiente-falange 2000"], "Percent": [0.4902490993309315, 0.3498497169325785, 0.0828152341739578, 0.05078950077200206, 0.01721770458054555, 0.0014729799279464746, 0.0009665465774575399, 0.0009480185280494081, 0.000896551724137931, 0.0007843540916109109, 0.000624806999485332, 0.000525990735975296, 0.0005074626865671642, 0.000503345342254246, 0.0003787956767884714, 0.00037467833247555325, 0.0003118888317035512, 0.00029130211013896035, 0.00024704065877509005, 0.000244981986618631]}, "2004-3": {"Total Votes": 1097156.0, "Parties": ["partido socialista obrero espa\u00f1ol de andalucia", "partido popular", "izquierda unida-verdes-convocatoria por andalucia", "partido andalucista", "votos en blanco", "partido socialista de andalucia", "ciudadanos en blanco", "izquierda republicana", "partido familia y vida", "partido humanista", "centro democratico y social", "asamblea de andalucia", "falange espa\u00f1ola de las juntas de ofensiva nacional sindicalista", "partido social-democrata andaluz", "la falange", "democracia nacional", "movimiento social republicano", "partido comunista de los pueblos de espa\u00f1a"], "Percent": [0.582681952247447, 0.27932582057610766, 0.06684919920230123, 0.04101969090995264, 0.01819249040245872, 0.004024040337016796, 0.002038907867249507, 0.001012618078012607, 0.0007884020139342081, 0.0007820218820295382, 0.0006380131904669892, 0.0005969980567941114, 0.0005386654222371295, 0.0005313738429175068, 0.00035911028149141963, 0.00035455304441665543, 0.00026614264516622977, 0.0]}, "1982-10": {"Total Votes": 798724.0, "Parties": ["partido socialista obrero espanol", "coalicion popular", "partido comunista de espana", "others", "union de centro democratico", "centro democratico y social"], "Percent": [0.621670314151071, 0.2204190684141205, 0.07170436846770599, 0.04141105062574807, 0.037564916041085535, 0.007230282300268929]}, "1979-3": {"Total Votes": 691090.0, "Parties": ["partido socialista obrero espanol", "union de centro democratico", "partido comunista de espana", "partido socialista de andalusia", "others", "coalicion democratica", "union nacional"], "Percent": [0.2944160673718329, 0.27651825377302525, 0.1602265985616924, 0.14701558407732712, 0.06155204097874372, 0.04692297674687812, 0.013348478490500514]}, "1989-10": {"Total Votes": 805917.0, "Parties": ["partido socialista obrero espanol", "partido popular", "izquierda unida", "partido andalucista", "others", "centro democratico y social"], "Percent": [0.5442433898279848, 0.1909687970349304, 0.11549576445217064, 0.09061851282452163, 0.035817584192913164, 0.022855951667479404]}}