{"2011-11": {"Total Votes": 51091.0, "Parties": ["partido popular", "partido socialista obrero espa\u2013ol", "izquierda unida de castilla y leon: la izquierda plural (iucl)", "union progreso y democracia", "votos en blanco", "equo", "democracia nacional", "partido antitaurino contra el maltrato animal", "partido por un mundo m\u2021s justo", "unificaci\u2014n comunista de espa\u2013a"], "Percent": [0.5492748233544068, 0.31445851519837154, 0.046681411598911746, 0.042864692411579336, 0.025346929987669062, 0.010941261670352899, 0.0035426983226008496, 0.0029750836742283376, 0.0024857607014934138, 0.001428823080385978]}, "1996-3": {"Total Votes": 57900.0, "Parties": ["partido popular", "partido socialista obrero espanol", "izquierda unida", "others"], "Percent": [0.5623661485319517, 0.34932642487046633, 0.0805181347150259, 0.007789291882556131]}, "1977-6": {"Total Votes": 59997.0, "Parties": ["union de centro democratico", "partido socialista obrero espanol", "others", "partido unido de alianza popular", "partido socialista popular-unitad socialista", "partido comunista de espana"], "Percent": [0.5887627714719069, 0.17929229794823073, 0.10028834775072087, 0.0632031601580079, 0.04851909262129773, 0.019934330049835827]}, "1986-6": {"Total Votes": 56271.0, "Parties": ["coalicion popular", "partido socialista obrero espanol", "centro democratico y social", "others", "izquierda unida"], "Percent": [0.42455261146949586, 0.3608075207478097, 0.14200920545218673, 0.046080574363348795, 0.026550087967158926]}, "2008-3": {"Total Votes": 56033.0, "Parties": ["partido popular", "partido socialista obrero espa\u00f1ol", "izquierda unida-alternativa", "union progreso y democracia", "votos en blanco", "ciudadanos-partido de la ciudadania", "los verdes", "los verdes de europa", "partido antitaurino contra el maltrato animal", "partido social democrata", "tierra comunera", "partido por un mundo m\u00e1s justo", "democracia nacional", "partido comunista del pueblo castellano", "falange espa\u00f1ola de las juntas de ofensiva nacional sindicalista", "partido familia y vida", "alternativa espa\u00f1ola", "espa\u00f1a 2000"], "Percent": [0.49801010119037, 0.4259632716434958, 0.022361822497456857, 0.019738368461442363, 0.01734692056466725, 0.0033373190798279585, 0.0019095889922010243, 0.001713276105152321, 0.0016240429746756375, 0.0014812699659129441, 0.0014812699659129441, 0.0011778773222922206, 0.0009815644352435173, 0.0008923313047668338, 0.0008566380525761605, 0.00048185890457409027, 0.0003569325219067335, 0.0002855460175253868]}, "1993-6": {"Total Votes": 57577.0, "Parties": ["partido popular", "partido socialista obrero espanol", "izquierda unida", "others"], "Percent": [0.5145631067961165, 0.3733782586796811, 0.05696719176059885, 0.055091442763603525]}, "2000-3": {"Total Votes": 54526.0, "Parties": ["partido popular", "partido socialista obrero espa\u00f1ol - progresistas", "izquierda unida", "votos en blanco", "centro democratico y social-union centrista", "tierra comunera-partido nacionalista castellano", "partido de la ley natural", "unidad regionalista de castilla y leon", "partido democrata espa\u00f1ol", "la falange", "espa\u00f1a 2000"], "Percent": [0.5847302204452921, 0.3197740527454792, 0.04333712357407475, 0.02800498844587903, 0.013002971059677952, 0.0043465502695961555, 0.0020540659501889005, 0.0019990463265231267, 0.0010453728496497084, 0.0009720133514286762, 0.0007335949822103217]}, "2004-3": {"Total Votes": 57459.0, "Parties": ["partido popular", "partido socialista obrero espa\u00f1ol", "iniciativa por el desarrollo de soria", "votos en blanco", "izquierda unida", "ciudadanos en blanco", "centro democratico y social", "tierra comunera-partido nacionalista castellano", "partido familia y vida", "partido humanista", "izquierda republicana", "falange espa\u00f1ola de las juntas de ofensiva nacional sindicalista", "partido carlista", "partido comunista del pueblo castellano", "partido democrata espa\u00f1ol", "democracia nacional", "la falange", "grupo politico honradez absoluta espa\u00f1ola", "falange aut\u00e9ntica", "movimiento social republicano"], "Percent": [0.5079621991332951, 0.38787657286064847, 0.05106249673680363, 0.02184166101045963, 0.021406568161645694, 0.0017403713952557475, 0.0015489305417776154, 0.0012356636906315807, 0.0006787448441497415, 0.0006091299883395116, 0.0005917262743869541, 0.0005569188464818393, 0.00048730399067160933, 0.00048730399067160933, 0.0004350928488139369, 0.00040028542090882196, 0.0003480742790511495, 0.00029586313719347706, 0.00029586313719347706, 0.00013922971162045982]}, "1982-10": {"Total Votes": 60461.0, "Parties": ["coalicion popular", "partido socialista obrero espanol", "union de centro democratico", "centro democratico y social", "others", "partido comunista de espana"], "Percent": [0.3774333868113329, 0.3579001339706588, 0.18942789566828203, 0.047650551595243215, 0.015762226890061362, 0.011825805064421694]}, "1979-3": {"Total Votes": 54932.0, "Parties": ["union de centro democratico", "partido socialista obrero espanol", "coalicion democratica", "partido comunista de espana", "others", "union nacional"], "Percent": [0.5780965557416442, 0.258264763707857, 0.10134347921066045, 0.028034661035462025, 0.022172868273501786, 0.012087672030874536]}, "1989-10": {"Total Votes": 55167.0, "Parties": ["partido popular", "partido socialista obrero espanol", "centro democratico y social", "izquierda unida", "others"], "Percent": [0.48500009063389343, 0.3339133902514184, 0.09534685591023619, 0.052060108398136566, 0.03367955480631537]}}