{"2011-11": {"Total Votes": 346708.0, "Parties": ["convergencia i unio", "partido dels socialistes de catalunya", "partido popular", "esquerra republicana de catalunya-catalunya s\u2019", "iniciativa per catalunya verds - esquerra unida i alternativa: l'esquerra plural", "votos en blanco", "union progreso y democracia", "plataforma per catalunya", "esca\u2013os en blanco", "partido animalista contra el maltractament animal", "pirates de catalunya", "hartos.org", "anticapitalistas", "partido comunista del poble de catalunya", "partido republic\u02c6 d'esquerra-republicans", "unificaci\u2014n comunista de espa\u2013a"], "Percent": [0.30528860020536014, 0.2610150328230096, 0.23644392399367767, 0.0741949998269437, 0.05353496313901035, 0.02049563321296307, 0.010591044913875653, 0.008932588806719198, 0.008785490960693148, 0.006152151089677769, 0.004911914348673812, 0.003083286223565652, 0.002538158911822052, 0.0020536013013832967, 0.0012085097546061815, 0.0007701004880187362]}, "1996-3": {"Total Votes": 347108.0, "Parties": ["partido socialista obrero espanol", "convergencia i unio", "partido popular", "izquierda unida", "esquerra republicana de catalunya", "others"], "Percent": [0.3831660463025917, 0.3096240939419431, 0.20179598280650402, 0.050583680007375224, 0.04951484840453115, 0.00531534853705475]}, "1977-6": {"Total Votes": 252084.0, "Parties": ["union de centro democratico", "partido socialista obrero espanol", "partido comunista de espana", "pacte democratic per catalunya", "partido unido de alianza popular", "unio del centre i la democracia cristiana de cataluna", "coalicion electoral esquerra de catalunya", "others"], "Percent": [0.2737738214246045, 0.23772234651941415, 0.16401278938766442, 0.14735564335697623, 0.06036083210358452, 0.056326462607702195, 0.043096745529268024, 0.01735135907078593]}, "1986-6": {"Total Votes": 276433.0, "Parties": ["partido socialista obrero espanol", "convergencia i unio", "coalicion popular", "others", "centro democratico y social", "izquierda unida"], "Percent": [0.38067813900655856, 0.3192238263883111, 0.15775251145847277, 0.06249253887922209, 0.04107324378782562, 0.03877974047960989]}, "2008-3": {"Total Votes": 376784.0, "Parties": ["partido dels socialistes de catalunya", "convergencia i unio", "partido popular", "esquerra republicana de catalunya", "iniciativa per catalunya verds - esquerra unida i alternativa", "votos en blanco", "ciudadanos-partido de la ciudadania", "partido antitauri contra el maltractament animal", "partido republica catala", "partido social democrata", "partido per catalunya", "partido comunista del pueblo de catalunya", "union progreso y democracia", "partido por un mundo m\u00e1s justo", "ei escons insubmisos-alternativa dels democrates descontents", "partido obrer socialista internacionalista", "partido izquierda republicana-partit republica d'esquerra", "falange espa\u00f1ola de las juntas de ofensiva nacional sindicalista", "alternativa motor y deportes", "democracia nacional", "familia y vida", "partido humanista", "nosaltres som", "alianza nacional", "espa\u00f1a 2000", "partido carli de catalunya", "falange aut\u00e9ntica", "lucha internacionalista", "alternativa espa\u00f1ola"], "Percent": [0.449185740371141, 0.21126427873795064, 0.1776747420272623, 0.09404061743598455, 0.03038345577306892, 0.013639114187438958, 0.004941823431992866, 0.0027814344558155335, 0.002107308165951845, 0.001902947046583719, 0.0017914773451101957, 0.0014013333899528643, 0.0013217121746146334, 0.0012447449997876768, 0.001114697014735233, 0.0007882500318484861, 0.0006236995201494756, 0.0005706187099239883, 0.0004936515350970317, 0.0004060681982249777, 0.00035829546902203915, 0.0003344091044205699, 0.00027867425368380825, 0.00027602021317253385, 0.0002680580916387108, 0.0002654040511274364, 0.00020436111936812602, 0.00018578283578920548, 0.00015128030914263876]}, "1993-6": {"Total Votes": 317856.0, "Parties": ["partido socialista obrero espanol", "convergencia i unio", "partido popular", "esquerra republicana de catalunya", "izquierda unida", "others"], "Percent": [0.3334245696164301, 0.322878913721937, 0.1995652119198631, 0.06626585623678646, 0.05093501459780529, 0.026930433907178093]}, "2000-3": {"Total Votes": 314154.0, "Parties": ["partido dels socialistes de catalunya", "convergencia i unio", "partido popular", "esquerra republicana de catalunya", "iniciativa per catalunya-verds", "esquerra unida i alternativa", "votos en blanco", "els verds - alternativa verda", "grupo independiente liberal", "partido obrero socialista internacionalista", "izquierda republicana-partit republica d'esquerra", "estat catala", "centro democratico y social-union centrista", "la falange", "partido de la ley natural", "partido humanista", "partido nacionalista calo", "lucha internacionalista", "espa\u00f1a 2000", "partido democratico del pueblo", "partido democrata espa\u00f1ol"], "Percent": [0.3240990087664012, 0.3107265863239048, 0.243409283345111, 0.06136162519019334, 0.02096105731583873, 0.01402178549373874, 0.013165517548718145, 0.003947108742845865, 0.0014483342564474747, 0.0011236527308262827, 0.0008467184883846775, 0.0007989712052050905, 0.0007002934866339439, 0.0006939271822099989, 0.0005315864193994028, 0.0005315864193994028, 0.0004201760919803663, 0.0004010771787085315, 0.0003055826123493573, 0.0002705679380176601, 0.00023555326368596293]}, "2004-3": {"Total Votes": 385013.0, "Parties": ["partido dels socialistes de catalunya", "convergencia i unio", "esquerra republicana de catalunya", "partido popular", "iniciativa per catalunya verds - esquerra unida i alternativa", "votos en blanco", "els verds - l'alternativa ecologista", "partido comunista del poble de catalunya", "partido obrero socialista internacionalista", "ciudadanos en blanco", "izquierda republicana-partit republica d'esquerra", "centro democratico y social", "escons insubmisos-alternativa dels democrates descontents", "partido humanista", "partido familia y vida", "democracia nacional", "la falange", "espa\u00f1a 2000", "falange espa\u00f1ola de las juntas de ofensiva nacional sindicalista", "partido democrata espa\u00f1ol", "partido carli de catalunya", "partido nacionalista calo", "movimiento social republicano", "lucha internacionalista"], "Percent": [0.3549490536683177, 0.21545765987122512, 0.19825304600104413, 0.17019685049595729, 0.038164945079776524, 0.00882567601613452, 0.006799770397363206, 0.0010285366987608212, 0.0009791877157394686, 0.0009090602135512308, 0.0005895904813603696, 0.0005194629791721319, 0.00043894621740045144, 0.00041557038333770547, 0.00040258380885840216, 0.00039219454927495956, 0.0003168724172950004, 0.0003038858428156971, 0.00030128852791983646, 0.00021557713635643472, 0.0001584362086475002, 0.00015064426395991823, 0.00014544963416819693, 8.571139156340176e-05]}, "1982-10": {"Total Votes": 286074.0, "Parties": ["partido socialista obrero espanol", "convergencia i unio", "coalicion popular", "partido comunista de espana", "union de centro democratico", "esquerra republicana de catalunya", "others", "centro democratico y social"], "Percent": [0.4225480120528255, 0.20860686395827652, 0.17861811978718792, 0.04653691003027189, 0.043817333976523556, 0.03971350070261541, 0.03565860581527856, 0.02450065367702063]}, "1979-3": {"Total Votes": 247224.0, "Parties": ["partido socialista obrero espanol", "union de centro democratico", "partido comunista de espana", "convergencia i unio", "others", "esquerra republicana de catalunya", "coalicion democratica", "union nacional"], "Percent": [0.28898084328382356, 0.2830105491376242, 0.14272077144613793, 0.14110685046759214, 0.04841762935637317, 0.046023039834320295, 0.04040465326990907, 0.009335663204219654]}, "1989-10": {"Total Votes": 271719.0, "Parties": ["partido socialista obrero espanol", "convergencia i unio", "partido popular", "others", "izquierda unida", "centro democratico y social"],