{"2011-11": {"Total Votes": 351249.0, "Parties": ["partido popular", "partido socialista obrero espa\u2013ol", "partido regionalista de cantabria", "union progreso y democracia", "izquierda unida de cantabria: la izquierda plural", "votos en blanco", "equo", "partido antitaurino contra el maltrato animal", "partido comunista de los pueblos de espa\u2013a", "basta ya, agrupaci\u2014n abierta de partidos pol\u2019ticos", "anticapitalistas", "republicanos", "partido humanista", "solidaridad y autogestion internacionalista", "unificaci\u2014n comunista de espa\u2013a"], "Percent": [0.5216925884486504, 0.2523110386079391, 0.12529573037930358, 0.03591184601237299, 0.03589476411320744, 0.011834909138531356, 0.007066212288148863, 0.003507483295326108, 0.001645556286281242, 0.0010818536138181177, 0.0010078320507674043, 0.0007886143448095226, 0.0007829203784210062, 0.000765838479255457, 0.00041281256316743963]}, "1996-3": {"Total Votes": 342422.0, "Parties": ["partido popular", "partido socialista obrero espanol", "izquierda unida", "others"], "Percent": [0.5129664565944945, 0.36195104286523644, 0.11547447301867286, 0.009608027521596159]}, "1977-6": {"Total Votes": 256015.0, "Parties": ["union de centro democratico", "partido socialista obrero espanol", "partido unido de alianza popular", "others", "partido comunista de espana", "partido socialista popular-unitad socialista"], "Percent": [0.40122258461418275, 0.26408999472687145, 0.14295256137335702, 0.11012245376247486, 0.05457102122922485, 0.02704138429388903]}, "1986-6": {"Total Votes": 288693.0, "Parties": ["partido socialista obrero espanol", "coalicion popular", "centro democratico y social", "others", "izquierda unida"], "Percent": [0.44496056364373227, 0.3425299539649385, 0.13003086323533997, 0.051625775477756645, 0.030852843678232586]}, "2008-3": {"Total Votes": 369806.0, "Parties": ["partido popular", "partido socialista obrero espa\u00f1ol", "izquierda unida-alternativa", "union progreso y democracia", "votos en blanco", "los verdes de europa", "partido antitaurino contra el maltrato animal", "partido comunista de los pueblos de espa\u00f1a", "partido social democrata", "alternativa motor y deportes", "partido por un mundo m\u00e1s justo", "alternativa en blanco", "falange espa\u00f1ola de las juntas de ofensiva nacional sindicalista", "ciudadanos en blanco", "ciudadanos-partido de la ciudadania", "solidaridad y autogestion internacionalista", "partido humanista", "partido familia y vida", "alternativa espa\u00f1ola", "democracia nacional", "falange aut\u00e9ntica"], "Percent": [0.49986479397305617, 0.4361178563895664, 0.0227010919238736, 0.013774790025040156, 0.012306452572429868, 0.0028663677712097695, 0.0019280379442194015, 0.001343947907821939, 0.0012006295192614506, 0.0010654234923175936, 0.0009545545502236308, 0.000824756764357528, 0.0008166444027408966, 0.0008031238000465109, 0.0007733784741188624, 0.0005922023980140939, 0.00047322109430349965, 0.0004488840094536054, 0.0004245469246037111, 0.00041643456298707973, 0.0003028615003542398]}, "1993-6": {"Total Votes": 325092.0, "Parties": ["partido socialista obrero espanol", "partido popular", "others", "izquierda unida"], "Percent": [0.37656417260344766, 0.37517687300825614, 0.17304024706852214, 0.07521870731977409]}, "2000-3": {"Total Votes": 333268.0, "Parties": ["partido popular", "partido socialista obrero espa\u00f1ol", "izquierda unida", "votos en blanco", "conceju nacionaliegu cantabru", "grupo independiente liberal", "centro democratico y social-union centrista", "partido de la ley natural", "partido comunista de los pueblos de espa\u00f1a", "partido humanista", "partido obrero socialista internacionalista", "la falange", "falange espa\u00f1ola independiente-falange 2000", "espa\u00f1a 2000", "partido democrata espa\u00f1ol"], "Percent": [0.5684374137330916, 0.3347336077871263, 0.05015182975863269, 0.026183131893851196, 0.006310236806414057, 0.004029789838808406, 0.0022294369696460505, 0.0017943516929318146, 0.001608315229785038, 0.0010592076046905194, 0.0009841929018087545, 0.0008791723177742838, 0.000582114094362495, 0.0005491076250945185, 0.00046809174598221254]}, "2004-3": {"Total Votes": 366826.0, "Parties": ["partido popular", "partido socialista obrero espa\u00f1ol", "izquierda unida", "votos en blanco", "conceju nacionaliegu cantabru", "ciudadanos en blanco", "centro democratico y social", "partido humanista", "movimiento social republicano", "partido comunista de los pueblos de espa\u00f1a", "falange espa\u00f1ola de las juntas de ofensiva nacional sindicalista", "democracia nacional", "la falange", "falange aut\u00e9ntica", "partido carlista"], "Percent": [0.5190008341829642, 0.4086569654277505, 0.0331110662821065, 0.02253657047210394, 0.0039010320969615022, 0.003614792844563908, 0.0024425749537928063, 0.001891905153942196, 0.0013630440590361643, 0.0011749439788891736, 0.0005697524166771167, 0.0005561219760867551, 0.00045525671571807884, 0.000381652336530126, 0.0003434871028771134]}, "1982-10": {"Total Votes": 300397.0, "Parties": ["partido socialista obrero espanol", "coalicion popular", "union de centro democratico", "centro democratico y social", "partido comunista de espana", "others"], "Percent": [0.4526909389907356, 0.3913720842751426, 0.05414501476379591, 0.05086934956074794, 0.030842518400649808, 0.020080094008928184]}, "1979-3": {"Total Votes": 258132.0, "Parties": ["union de centro democratico", "partido socialista obrero espanol", "others", "partido comunista de espana", "union nacional"], "Percent": [0.42052903165822136, 0.30415446360776655, 0.16976585622859622, 0.06640013636434072, 0.03915051214107511]}, "1989-10": {"Total Votes": 295049.0, "Parties": ["partido socialista obrero espanol", "partido popular", "centro democratico y social", "izquierda unida", "others"], "Percent": [0.40451586007747864, 0.38774237499533976, 0.09820741639524283, 0.06459266088005722, 0.04494168765188155]}}