{"2010-2": {"Total Votes": 237267.0, "Parties": ["liberaci\u00f3n nacional", "acci\u00f3n ciudadana", "movimiento libertario", "accesibilidad sin exclusi\u00f3n", "unidad social cristiana", "uni\u00f3n agr\u00edcola cartagin\u00e9s", "frente amplio", "renovaci\u00f3n costarricense", "transparencia cartagin\u00e9s", "verde ecologista", "alianza patri\u00f3tica", "integraci\u00f3n nacional"], "Percent": [0.3889542161362516, 0.17042825171642073, 0.13148478296602562, 0.07913026253124117, 0.07637387415864827, 0.04999431020748777, 0.028175009588354047, 0.028086501704830423, 0.019345294541592385, 0.012226731909620807, 0.01221408792626029, 0.0035866766132669104]}, "1986-2": {"Total Votes": 130871.0, "Parties": ["liberacion nacional", "unidad social cristiana", "union agricola cartagines", "alianza popular (coalicion)", "pueblo unido (coalicion)", "alianza nacioanal cristiana", "republicano nacional", "union generale\u00f1a"], "Percent": [0.4663141566886476, 0.37520153433533787, 0.10372809866204125, 0.017307119224274286, 0.016772241367453446, 0.012982249696265788, 0.00647202206753215, 0.0012225779584476317]}, "2006-2": {"Total Votes": 199790.0, "Parties": ["liberacion nacional", "accion ciudadana", "movimiento libertario", "unidad social cristiana", "union agricola cartagines", "union para el cambio", "renovacion costarricense", "union nacional", "patria primero", "integracion provincial tres", "integracion nacional", "verde ecologista", "alianza democratica nacionalista", "fuerza agraria de los cartagineses", "fuerza democratica", "autentico turrialbe\u00f1o cartagines", "union patriotica", "coalicion izquierda unida"], "Percent": [0.3515891686270584, 0.27668051454026726, 0.1041493568246659, 0.07103959157114971, 0.04702437559437409, 0.02752890535061815, 0.019555533309975476, 0.0190149657139997, 0.014400120126132438, 0.014189899394364082, 0.010616146954302018, 0.009434906651984584, 0.008023424595825617, 0.007417788678112018, 0.006842184293508183, 0.005015266029330797, 0.004569798288202613, 0.0029080534561289353]}, "1982-2": {"Total Votes": 104124.0, "Parties": ["liberacion nacional", "unidad coalicion", "union agricola cartagines", "pueblo unido (coalicion)", "movimiento nacional", "independiente", "union parlamentaria de cartago", "obrero campesino", "nacional democratico", "concordia costarricense", "democrata"], "Percent": [0.571770197072721, 0.25498444162729056, 0.06948446083515808, 0.03813722100572394, 0.022338749951980333, 0.011649571664553802, 0.01005531865852253, 0.009373439360762167, 0.006377012024125082, 0.0030732588068072683, 0.002756328992355269]}, "1958-2": {"Total Votes": 24238.0, "Parties": ["liberaci\u00f3n nacional", "independiente", "uni\u00f3n nacional", "republicano", "uni\u00f3n c\u00edvico revolucionaria", "republicano nacional", "movimiento democr\u00e1tico oposicionista", "dem\u00f3crata aut\u00e9ntico"], "Percent": [0.4022196550870534, 0.20063536595428666, 0.17315785130786368, 0.13870781417608713, 0.04831256704348544, 0.025332123112468026, 0.006766234837857909, 0.004868388480897764]}, "1953-7": {"Total Votes": 21891.0, "Parties": ["liberaci\u00f3n nacional", "dem\u00f3crata", "uni\u00f3n nacional"], "Percent": [0.7551961993513316, 0.18226668493901604, 0.06253711570965237]}, "1978-2": {"Total Votes": 87010.0, "Parties": ["liberaci\u00f3n nacional", "unidad coalici\u00f3n", "uni\u00f3n agr\u00edcola cartagin\u00e9s", "pueblo unido coalisi\u00f3n", "unificaci\u00f3n nacional", "uni\u00f3n republicana", "nacional independiente", "independiente", "concordia costarricense", "dem\u00f3crata"], "Percent": [0.3920353982300885, 0.36731410182737617, 0.09064475347661188, 0.05552235375244225, 0.03521434317894495, 0.01906677393403057, 0.012987012987012988, 0.011148143891506724, 0.009780485001723939, 0.006286633720262039]}, "1970-2": {"Total Votes": 60215.0, "Parties": ["liberaci\u00f3n nacional", "unificaci\u00f3n nacional", "uni\u00f3n agr\u00edcola cartagin\u00e9s", "dem\u00f3crata cristiano", "acci\u00f3n socialista", "frente nacional", "movimiento renovador costarricense", "uni\u00f3n nacional"], "Percent": [0.538038694677406, 0.32015278585070167, 0.03975753549779955, 0.0344598521962966, 0.029544133521547788, 0.02359877107033131, 0.007456613800548036, 0.006991613385369094]}, "1962-2": {"Total Votes": 46476.0, "Parties": ["liberaci\u00f3n nacional", "republicano", "uni\u00f3n nacional", "acci\u00f3n democr\u00e1tica popular", "acci\u00f3n solidarista", "alajuelense solidario", "movimiento depuraci\u00f3n nacional", "renovaci\u00f3n nacional", "uni\u00f3n guanacasteca independiente"], "Percent": [0.5616232033737844, 0.2983905671744556, 0.12763576899905327, 0.012350460452706774, 0.0, 0.0, 0.0, 0.0, 0.0]}, "1966-2": {"Total Votes": 47370.0, "Parties": ["liberaci\u00f3n nacional", "unificaci\u00f3n nacional", "uni\u00f3n c\u00edvico revolucionaria", "dem\u00f3crata"], "Percent": [0.4968967701076631, 0.3949757230314545, 0.054295967912180707, 0.05383153894870171]}, "1974-2": {"Total Votes": 72920.0, "Parties": ["liberaci\u00f3n nacional", "unificaci\u00f3n nacional", "nacional independiente", "uni\u00f3n agr\u00edcola cartagin\u00e9s", "renovaci\u00f3n democr\u00e1tica", "dem\u00f3crata cristiano", "republicano nacional", "acci\u00f3n socialista", "dem\u00f3crata", "independiente", "socialista costarricense"], "Percent": [0.3810614371914427, 0.2359434997257268, 0.11944596818431158, 0.11072408118486012, 0.03916620954470653, 0.03769884805266045, 0.027057048820625342, 0.023189797037849697, 0.013000548546352167, 0.006884256719692814, 0.005828304991771805]}, "1990-2": {"Total Votes": 152664.0, "Parties": ["unidad social cristiana", "liberacion nacional", "union agricola cartagines", "pueblo unido (coalicion)", "union generale\u00f1a", "alianza nacional cristiana", "nacional independiente", "del progreso", "independiente"], "Percent": [0.43219095530052926, 0.4070966305088298, 0.09294922182046848, 0.027072525284284443, 0.015773201278624954, 0.009530734161295394, 0.00848923125294765, 0.005390923858932034, 0.0015065765340879316]}, "2002-2": {"Total Votes": 182743.0, "Parties": ["unidad social cristiana", "liberaci\u00f3n nacional", "acci\u00f3n ciudadana", "movimiento libertario", "integraci\u00f3n nacional", "uni\u00f3n agr\u00edcola cartagin\u00e9s", "fuerza democr\u00e1tica", "independiente obrero", "renovaci\u00f3n costarricense", "cambio 2000", "fuerza agraria de los cartagineses", "convergencia nacional", "patri\u00f3tico nacional", "alianza nacional cristiana", "uni\u00f3n general", "rescate nacional"], "Percent": [0.25691271348286937, 0.25408360374952804, 0.2084566850713844, 0.07329966127293522, 0.04460362366821164, 0.038162884488051524, 0.03724903279468981, 0.029489501649858, 0.02020323623887098, 0.011458715244906782, 0.007606310501633441, 0.007376479536835884, 0.0033927428136782257, 0.0031629118488806685, 0.002927608718254598, 0.001614288919411414]}, "1994-2": {"Total Votes": 170695.0, "Parties": ["liberacion nacional", "unidad social cristiana", "union agricola cartagines", "fuerza democratica", "union generale\u00f1a", "alianza nacioanal cristiana", "vanguardia popular", "nacional independiente", "convergencia nacional", "independiente"], "Percent": [0.43923372096429303, 0.3772459650253376, 0.09586103869474794, 0.033849849146137846, 0.024699024575998124, 0.008822754034974662, 0.00662585312985149, 0.006122030522276575, 0.005061659685403791, 0.002478104220978939]}, "1998-2": {"Total Votes": 166772.0, "Parties": ["unidad social cristiana", "liberacion nacional", "fuerza democratica", "union agricola cartagines", "integracion nacional", "nacional independiente", "pueblo unido", "movimiento libertario", "convergencia nacional", "democrata", "fuerza agraria de los cartagineses", "renovacion costarricense", "alianza nacioanal cristiana", "nuevo partido democratico", "union general", "recaste nacional", "independiente"],