{"2010-2": {"Total Votes": 126828.0, "Parties": ["liberaci\u00f3n nacional", "movimiento libertario", "acci\u00f3n ciudadana", "unidad social cristiana", "accesibilidad sin exclusi\u00f3n", "renovaci\u00f3n costarricense", "alianza patri\u00f3tica", "frente amplio", "integraci\u00f3n nacional"], "Percent": [0.4311035418046488, 0.13531712240199326, 0.11613366133661336, 0.10999936922446148, 0.10021446368309837, 0.050722237991610686, 0.031310120793515625, 0.02190368057526729, 0.0032958021887911186]}, "1986-2": {"Total Votes": 91496.0, "Parties": ["liberacion nacional", "unidad social cristiana", "alianza nacioanal cristiana", "republicano nacional", "pueblo unido (coalicion)", "alianza popular (coalicion)", "union generale\u00f1a"], "Percent": [0.47625032788318616, 0.45604179417679463, 0.0248426160706479, 0.01747617382180642, 0.014481507388301128, 0.008153361895601993, 0.0027542187636617993]}, "2006-2": {"Total Votes": 103695.0, "Parties": ["liberacion nacional", "accion ciudadana", "unidad social cristiana", "movimiento libertario", "renovacion costarricense", "guanacaste independiente", "union nacional", "alianza democratica nacionalista", "union para el cambio", "union patriotica", "patria primero", "fuerza democratica", "integracion nacional", "coalicion izquierda unida"], "Percent": [0.4470128742948069, 0.16581320217946863, 0.10879984570133565, 0.07243357924682964, 0.0489223202661652, 0.04831476927527846, 0.030647572206953085, 0.027474805921211244, 0.01832296639182217, 0.011582043492936015, 0.008216403876753943, 0.006567336901489946, 0.003973190607068807, 0.001919089637880322]}, "1982-2": {"Total Votes": 78002.0, "Parties": ["liberacion nacional", "unidad coalicion", "pueblo unido (coalicion)", "movimiento nacional", "nacional democratico", "democrata"], "Percent": [0.5938309274121176, 0.3280685110638189, 0.03911438168252096, 0.030999205148585934, 0.005717802107638266, 0.0022691725853183253]}, "1958-2": {"Total Votes": 18794.0, "Parties": ["liberaci\u00f3n nacional", "uni\u00f3n nacional", "republicano", "independiente", "uni\u00f3n c\u00edvico revolucionaria", "dem\u00f3crata aut\u00e9ntico", "movimiento democr\u00e1tico oposicionista"], "Percent": [0.46408428221772907, 0.2502394381185485, 0.17771629243375545, 0.0876343513887411, 0.009364690858784719, 0.006225391082260296, 0.004735553900180909]}, "1953-7": {"Total Votes": 14906.0, "Parties": ["liberaci\u00f3n nacional", "dem\u00f3crata", "uni\u00f3n nacional"], "Percent": [0.5324701462498322, 0.3596538306722125, 0.10787602307795519]}, "1978-2": {"Total Votes": 69891.0, "Parties": ["unidad coalici\u00f3n", "liberaci\u00f3n nacional", "pueblo unido coalisi\u00f3n", "unificaci\u00f3n nacional", "uni\u00f3n republicana", "nacional independiente", "independiente", "dem\u00f3crata", "laborista nacional"], "Percent": [0.45500851325635633, 0.43035583980770054, 0.0419653460388319, 0.04145025825928946, 0.013420898255855546, 0.006753373109556309, 0.00570888955659527, 0.002918830750740439, 0.002418050965074187]}, "1970-2": {"Total Votes": 48969.0, "Parties": ["liberaci\u00f3n nacional", "unificaci\u00f3n nacional", "frente nacional", "acci\u00f3n socialista", "uni\u00f3n nacional", "movimiento renovador costarricense", "dem\u00f3crata cristiano"], "Percent": [0.5395658477812494, 0.3747881312667198, 0.0406992178725316, 0.01464191631440299, 0.013130756192693337, 0.008924013151177275, 0.008250117421225674]}, "1962-2": {"Total Votes": 32218.0, "Parties": ["liberaci\u00f3n nacional", "republicano", "uni\u00f3n nacional", "uni\u00f3n guanacasteca independiente", "acci\u00f3n democr\u00e1tica popular", "acci\u00f3n solidarista", "alajuelense solidario", "movimiento depuraci\u00f3n nacional", "renovaci\u00f3n nacional"], "Percent": [0.5226581414116332, 0.3220870320938606, 0.11931218573468247, 0.02802781054069154, 0.007914830219132162, 0.0, 0.0, 0.0, 0.0]}, "1966-2": {"Total Votes": 39267.0, "Parties": ["liberaci\u00f3n nacional", "unificaci\u00f3n nacional", "uni\u00f3n c\u00edvico revolucionaria", "republicano guanacasteco", "dem\u00f3crata"], "Percent": [0.5151399393893091, 0.38793388850688876, 0.05531362212544885, 0.038938548908752896, 0.002674001069600428]}, "1974-2": {"Total Votes": 58089.0, "Parties": ["liberaci\u00f3n nacional", "unificaci\u00f3n nacional", "nacional independiente", "republicano nacional", "renovaci\u00f3n democr\u00e1tica", "dem\u00f3crata cristiano", "acci\u00f3n socialista", "dem\u00f3crata", "independiente", "socialista costarricense"], "Percent": [0.46041419201570005, 0.2391502694141748, 0.10435710719757613, 0.05846201518359758, 0.05071528172287352, 0.043777651534713975, 0.03231248601284236, 0.004441460517481795, 0.0033569178329804264, 0.0030126185680593573]}, "1990-2": {"Total Votes": 99783.0, "Parties": ["unidad social cristiana", "liberacion nacional", "pueblo unido (coalicion)", "alianza nacional cristiana", "nacional independiente", "union generale\u00f1a", "independiente", "del progreso"], "Percent": [0.5051762324243608, 0.46116071875970854, 0.01000170369702254, 0.009701051281280378, 0.00614333102833148, 0.005722417646292455, 0.0010522834550975616, 0.0010422617079061563]}, "2002-2": {"Total Votes": 103860.0, "Parties": ["liberaci\u00f3n nacional", "unidad social cristiana", "acci\u00f3n ciudadana", "renovaci\u00f3n costarricense", "movimiento libertario", "fuerza democr\u00e1tica", "cambio 2000", "patri\u00f3tico nacional", "alianza nacional cristiana", "integraci\u00f3n nacional", "rescate nacional", "independiente obrero", "uni\u00f3n general"], "Percent": [0.39067013287117275, 0.3791450028885038, 0.10290776044675524, 0.062333911034084345, 0.027585210860774118, 0.01163104178702099, 0.007914500288850376, 0.00389948006932409, 0.0038609666859233584, 0.0037357981898709803, 0.0028885037550548816, 0.0020700943577893318, 0.0013575967648757944]}, "1994-2": {"Total Votes": 106116.0, "Parties": ["liberacion nacional", "unidad social cristiana", "guanacaste independiente", "independiente", "fuerza democratica", "union generale\u00f1a", "alianza nacioanal cristiana", "nacional independiente"], "Percent": [0.47226619925364693, 0.4402446379433827, 0.026791435787251686, 0.024077424705039766, 0.01880018093407215, 0.0073410230313996, 0.006144219533340873, 0.0043348788118662595]}, "1998-2": {"Total Votes": 100033.0, "Parties": ["unidad social cristiana", "liberacion nacional", "fuerza democratica", "renovacion costarricense", "independiente", "guanacaste independiente", "nacional independiente", "movimiento libertario", "union general", "pueblo unido", "integracion nacional", "recaste nacional", "nuevo partido democratico", "democrata", "alianza nacioanal cristiana"], "Percent": [0.5005048334049763, 0.336588925654534, 0.041856187458138815, 0.031029760179140883, 0.02241260384073256, 0.016224645866863934, 0.011156318414923075, 0.010786440474643368, 0.008997030979776674, 0.006157967870602701, 0.00546819549548649, 0.0027690862015534875, 0.0023192346525646537, 0.0020593204242599942, 0.001669449081803005]}}