{"1987-9": {"Total Votes": 137844.0, "Parties": ["pj", "u.c.r.", "m.i.d.", "intransigente", "alianza unidad socialista", "frente amplio de liberacion", "socialista popular", "del trabajo  y del pueblo", "m.a.s."], "Percent": [0.5362873973477265, 0.42284031223702156, 0.01748353210876063, 0.005382896607759496, 0.005223295899712719, 0.004904094483619163, 0.0037578712167377617, 0.002647920838048809, 0.001472679260613447]}, "1997-10": {"Total Votes": 161883.0, "Parties": ["pj", "alianza por la pampa-u.c.r.-m.i.d.", "alianza frente de la gente- fre.pa.so.", "convocatoria independiente", "humanista", "socialista autentico"], "Percent": [0.45897345613807505, 0.25124935910503265, 0.2487599068463026, 0.015393833818251454, 0.013157650896017494, 0.0124657931963208]}, "1995-5": {"Total Votes": 150317.0, "Parties": ["pj", "u.c.r.", "alianza frente de la gente", "fre.pa.so.", "convocatoria independiente", "modin", "frente grande"], "Percent": [0.5064630081760546, 0.24835514279821977, 0.12850841887477796, 0.06536852119188116, 0.028320150082824964, 0.013644497960975804, 0.009340260915265738]}, "2001-10": {"Total Votes": 144047.0, "Parties": ["pj", "alianza trab.just.y educ.", "alianza frente- a.r.i.", "socialista popular", "humanista ecologista", "pueblo unido", "accion por la republica"], "Percent": [0.4995730560164391, 0.21249314459863794, 0.16430054079571252, 0.048046818052441216, 0.032621297215492166, 0.023124396898234603, 0.01984074642304248]}, "1983-10": {"Total Votes": 122174.0, "Parties": ["pj", "u.c.r.", "mov. federalista pampeano", "m.i.d.", "intransigente", "comunista", "democrata cristiano", "socialista. autentico", "socialista popular", "m.a.s."], "Percent": [0.40215594152602024, 0.400003274019022, 0.1349714341840326, 0.02900780853536759, 0.016255504444480824, 0.005631312717926891, 0.005533092147265376, 0.005533092147265376, 0.0008512449457331347, 5.7295332885884066e-05]}, "1985-11": {"Total Votes": 130740.0, "Parties": ["u.c.r.", "pj", "mov. federalista pampeano", "m.i.d.", "intransigente", "fre.de.pu.", "socialista autentico", "alianza unidad socialista", "democrata cristiano", "del trabajo del pueblo", "humanista"], "Percent": [0.4442404772831574, 0.39967110295242464, 0.08715006883891693, 0.020353373106929785, 0.01583295089490592, 0.008283616337769618, 0.007878231604711641, 0.005606547345877314, 0.005239406455560655, 0.004153281321707205, 0.0015909438580388557]}, "2009-6": {"Total Votes": 177742.0, "Parties": ["JUSTICIALISTA", "AL. FTE. PAMPEANO CIVICO Y SOCIAL", "PUEBLO NUEVO", "AL. FTE. ES POSIBLE", "AL. FTE. AMPLIO", "PUEBLO UNIDO", "MOV. FEDERALISTA"], "Percent": [0.3773503167512462, 0.35532400895680255, 0.1255021323041262, 0.07019725219700465, 0.03319418032879117, 0.020400355571558774, 0.01803175389047046]}, "1989-5": {"Total Votes": 143646.0, "Parties": ["fre.ju.po.", "u.c.r.", "alianza de centro", "alianza izquierda unida", "confederacion federalista independiente", "alianza unidad socialista", "democrata cristiano", "frente humanista - verde"], "Percent": [0.5110688776575749, 0.36996505297745846, 0.05212814836472996, 0.020320788605321414, 0.019485401612296897, 0.0175570499700653, 0.0055762081784386614, 0.0038984726341144203]}, "1993-10": {"Total Votes": 149675.0, "Parties": ["pj", "u.c.r.", "convocatoria independiente", "modin", "frente grande", "m.i.d.", "alianza frente pampeano", "socialista autentico"], "Percent": [0.43973943544346084, 0.2965491899114749, 0.16181058961082345, 0.051317855353265406, 0.020036746283614498, 0.011150826791381326, 0.009781192583931852, 0.00961416402204777]}, "1991-9": {"Total Votes": 142387.0, "Parties": ["pj", "u.c.r.", "convocatoria independiente", "alianza frente popular", "mov. federalista pampeano", "socialista popular", "alianza pueblo unido", "m.a.s."], "Percent": [0.48271963030332826, 0.2979064099952945, 0.1691797706251273, 0.013807440285981165, 0.011040333738332853, 0.010738339876533672, 0.009635711125313407, 0.004972364050088843]}, "2005-10": {"Total Votes": 160788.0, "Parties": ["partido justicialista", "uni\u00f3n civica radical", "alianza encuentro a.r.i. - partido socialista", "partido del frente", "partido humanista", "partido recrear para el crecimiento"], "Percent": [0.3491429708684728, 0.31268502624573974, 0.1393885115804662, 0.08672288976789312, 0.0663171380948827, 0.045743463442545464]}, "1999-10": {"Total Votes": 166402.0, "Parties": ["pj", "alianza trab.just.y educ.", "alianza accion por la republica", "frente pueblo unido-socialista autentico", "humanista"], "Percent": [0.4783656446436942, 0.47631639042799967, 0.03286018196896672, 0.006971070059254096, 0.005486712900085336]}, "2007-10": {"Total Votes": 159278.0, "Parties": ["partido justicialista", "alianza frente pampeano c\u2019vico y social", "alianza coalici\u2014n civica", "alianza frente para el cambio", "partido humanista", "partido recrear para el crecimiento", "partido pueblo unido", "partido socialista aut\u017dntico", "movimiento federalista pampeano", "partido pueblo nuevo"], "Percent": [0.5186780346312736, 0.3409133715892967, 0.056994688532000654, 0.03304913421815944, 0.012217632064691923, 0.012161127085975464, 0.00900312660882231, 0.007609337133816346, 0.005619106216803325, 0.0037544419191602105]}, "2003-4": {"Total Votes": 153530.0, "Parties": ["pj", "alianza frente alternativa pampeana", "alianza frente para la victoria-a.r.i.-m.i.d.-acc. desarr.", "humanista", "pueblo nuevo", "alianza mov. unidad popular", "popular de la reconstruccion"], "Percent": [0.497257864912395, 0.26170780954862244, 0.18312381944896763, 0.018224451247313228, 0.018126750472220413, 0.0124601055168371, 0.00909919885364424]}}