{"1987-9": {"Total Votes": 180309.0, "Parties": ["u.c.r.", "frente para la victoria", "provincial rionegrino", "u.ce.de. - democrata progresista", "m.i.d.", "frente amplio de liberacion", "m.a.s.", "obrero", "del trabajo y del pueblo", "mo.pa.li.-frente de izquierda popular"], "Percent": [0.3793709687259094, 0.3420461541021247, 0.21158122999961176, 0.020725532280695916, 0.013493502820158728, 0.010127059658697014, 0.008108302968792462, 0.005695777803659274, 0.005030253620174257, 0.003821218020176475]}, "1997-10": {"Total Votes": 218562.0, "Parties": ["alianza u.c.r. por la patagonia", "alianza frente para el cambio", "fre.pa.so."], "Percent": [0.42739359998535886, 0.3670217146622011, 0.20558468535244004]}, "1995-5": {"Total Votes": 213539.0, "Parties": ["alianza frente para el cambio", "alianza u.c.r. por la patagonia", "fre.pa.so.", "modin", "m.a.s"], "Percent": [0.4404722322386075, 0.43105474878125305, 0.1158523735711041, 0.008331030865556175, 0.004289614543479177]}, "2001-10": {"Total Votes": 181562.0, "Parties": ["alianza trab.just. y educ.", "pj", "humanista", "provincial rionegrino", "mov. patagonico popular", "socialista democratico", "comunista", "socialista popular", "democrata cristiano"], "Percent": [0.35820821537546405, 0.26499487778279596, 0.07724634009319131, 0.06549277932607044, 0.06382943567486589, 0.059913418005970415, 0.041192540289267575, 0.03716085965124861, 0.031961533801125784]}, "1983-10": {"Total Votes": 155552.0, "Parties": ["u.c.r.", "pj", "intransigente", "m.i.d.", "democrata cristiano", "provincial rionegrino", "comunista", "m.a.s.", "confederacion nacional de centro", "democrata progresista", "frente de  izquierda  popular", "obrero"], "Percent": [0.5263770314750051, 0.3918432421312487, 0.020919049578276075, 0.0201476033737914, 0.011372402797778234, 0.00934092779263526, 0.005625128574367414, 0.004744394157580744, 0.004564390043200988, 0.0018386134540218063, 0.0017678975519440443, 0.0014593190701501749]}, "1985-11": {"Total Votes": 160239.0, "Parties": ["u.c.r", "fre.ju.li.", "intransigente", "democrata cristiano", "u.ce.de.", "fre.de.pu.", "socialista democratico", "obrero", "democrata progresista", "humanista"], "Percent": [0.5310629746815694, 0.2810926179020089, 0.07455113923576658, 0.03764376961913142, 0.031028650952639496, 0.021711318717665486, 0.009055223759509233, 0.0057788678161995516, 0.004405918659003114, 0.003669518656506843]}, "2009-6": {"Total Votes": 276818.0, "Parties": ["JUSTICIALISTA", "CONCERTACION P/DESARROLLO", "AFIR. P/REPUBLICA IGUALITARIA", "SOCIALISTA", "HUMANISTA", "OBRERO", "COMUNISTA"], "Percent": [0.31413058399381544, 0.2750290804788706, 0.2393991720191606, 0.07547197075334697, 0.03760232354832417, 0.03336126985961896, 0.02500559934686328]}, "1989-5": {"Total Votes": 198218.0, "Parties": ["fre.ju.po.", "u.c.r.", "provincial rionegrino", "alianza de centro", "alianza izquierda unida", "socialista democratico", "obrero", "frente humanista - verde"], "Percent": [0.4294715918836836, 0.3630749982342673, 0.1126587898172719, 0.04943547003803893, 0.025128898485505858, 0.008747944182667567, 0.006462581602074483, 0.005019725756490329]}, "1993-10": {"Total Votes": 202644.0, "Parties": ["alianza u.c.r. por la patagonia", "pj", "mov. patagonico popular", "modin", "provincial rionegrino", "frente grande", "del trabajo y del pueblo"], "Percent": [0.42049110755808217, 0.2996733187264365, 0.1780018159925781, 0.03941394761256193, 0.02731884487080792, 0.02583348137620655, 0.00926748386332682]}, "1991-9": {"Total Votes": 166990.0, "Parties": ["u.c.r.", "pj", "alianza mov. popular", "provincial rionegrino", "alianza convocatoria para el reencuentro rionegrino", "verde ecologista pacifista", "comunista", "m.a.s.", "del trabajo y del pueblo"], "Percent": [0.3842146236301575, 0.29278998742439666, 0.17015390143122341, 0.06853104976345889, 0.02786993233127732, 0.016935145817114798, 0.01613869093957722, 0.014671537217797473, 0.008695131444996706]}, "2005-10": {"Total Votes": 256989.0, "Parties": ["frente para la victoria", "alianza concertaci\u00f3n para el desarrollo", "afirmaci\u00f3n para una rep\u00fablica igualitaria", "partido provincial rionegrino", "partido humanista", "frente amplio", "partido obrero"], "Percent": [0.43338819949492, 0.3868375689231835, 0.06606119328064625, 0.04153874290339275, 0.031048021510648317, 0.022502908684807522, 0.01862336520240166]}, "1999-10": {"Total Votes": 237475.0, "Parties": ["alianza trab.just. y educ.", "alianza concert. just. p/ cambio", "alianza accion por la republica-mov. popular provincial", "frente grande", "democrata cristiano", "humanista", "alianza izquierda unida", "obrero"], "Percent": [0.5238488261922307, 0.25670491630697967, 0.1440362143383514, 0.0317970312664491, 0.017555532161280134, 0.01046847036530161, 0.008628276660701126, 0.0069607327087061795]}, "2007-10": {"Total Votes": 241792.0, "Parties": ["alianza frente para la victoria", "alianza concertaci\u2014n para el desarrollo", "afirmaci\u2014n para una rep\u0153blica igualitaria", "alianza concertaci\u2014n una-ucr-mid-ppr", "partido socialista", "partido el movimiento de las provincias unidas", "partido obrero", "alianza federal-rio negro"], "Percent": [0.33505244176813126, 0.30803335097935414, 0.12161279115934356, 0.11477220089994707, 0.06398888300688195, 0.030646175224986767, 0.014930187930121758, 0.010963969031233457]}, "2003-4": {"Total Votes": 219003.0, "Parties": ["alianza concertacion para el desarrollo", "pj", "alianza encuentro para los rionegrinos", "alianza m.a.r.a.", "provincial rionegrino", "humanista", "recrear para el crecimiento", "comunista", "obrero"], "Percent": [0.35401798148883806, 0.22076409912192985, 0.16964607790760858, 0.1096377675191664, 0.08182992927037529, 0.01920978251439478, 0.01881709382976489, 0.015488372305402209, 0.010588896042519965]}}