{"1987-9": {"Total Votes": 194244.0, "Parties": ["pj", "u.c.r. - convergencia", "mov. unidad renovadora", "mov. renovador  federalista", "u.ce.de. - democrata", "democrata cristiano", "frente amplio juje\u00d1o", "obrero", "m.a.s.", "del trabajo y del pueblo", "m.i.d.", "alianza unidad socialista"], "Percent": [0.425264100821647, 0.36239472004283274, 0.1421459607503964, 0.020057247585511008, 0.0102294021951772, 0.00824221082761887, 0.00787669117192809, 0.0067183542348798414, 0.004952533926401845, 0.004206050122526307, 0.004000123555939952, 0.003912604765140751]}, "1997-10": {"Total Votes": 217841.0, "Parties": ["justicialista", "alianza trab.just.y educ.", "alianza mov. de renovacion civica-intransigente", "mov. popular juje\u00d1o", "modin"], "Percent": [0.4653118558948958, 0.3313242227128961, 0.14660692890686328, 0.035259661863469224, 0.021497330621875588]}, "1995-5": {"Total Votes": 204314.0, "Parties": ["fre.ju.po.", "u.c.r. - frente civico", "mov. popular juje\u00d1o", "fre.pa.so.", "fuerza republicana", "u.ce.de.", "mov. por la autonomia politica de jujuy", "alianza sur", "solidaridad juje\u00d1a", "frente unidad trabajadora"], "Percent": [0.296093268204822, 0.24156445471186508, 0.1599890364830604, 0.12844445314564837, 0.10477500318137768, 0.030320976536115977, 0.02203960570494435, 0.008075804888553893, 0.006132717288095774, 0.002564679855516509]}, "2001-10": {"Total Votes": 200827.0, "Parties": ["frente civico juje\u00d1o", "fte. justicialista pop.", "por un nuevo jujuy", "mov. renovacion civica", "mov. socialista de los trabajadores", "de los trabajadores por el socialismo", "humanista", "accion por la republica"], "Percent": [0.3872039118246053, 0.36910873537920696, 0.0730778232010636, 0.06618631956858391, 0.03608578527787598, 0.028825805295104742, 0.02577840628999089, 0.013733213163568644]}, "1983-10": {"Total Votes": 171659.0, "Parties": ["pj", "u.c.r.", "mov. popular juje\u00d1o", "m.i.d.", "federal", "intransigente", "comunista", "m.a.s.", "socialista popular", "obrero", "socialista democratico", "frente de  izquierda  popular"], "Percent": [0.48198463232338534, 0.32700295352996345, 0.1545797190942508, 0.009746066329175867, 0.007532375232291928, 0.005609959279734823, 0.0052196505863368655, 0.003023435998112537, 0.0021787380795647185, 0.0017767783803936874, 0.0009146039531862588, 0.00043108721360371433]}, "1985-11": {"Total Votes": 180439.0, "Parties": ["u.c.r.", "fre.ju.li.", "mov. popular juje\u00d1o", "celeste y blanco de los trabajadores", "democrata de jujuy", "fre.de.pu.", "intransigente", "democrata cristiano", "humanista", "alianza unidad socialista", "obrero", "federal"], "Percent": [0.3402978291832697, 0.2361462876650835, 0.21131795232737935, 0.15962181124923105, 0.01575047522985607, 0.009238579242846613, 0.005985402268910823, 0.0056916741946031624, 0.004289538292719423, 0.004023520414101164, 0.003835091083413231, 0.0038018388485859486]}, "2009-6": {"Total Votes": 281484.0, "Parties": ["FTE. PARA LA VICTORIA", "FTE. ACUERDO CIVICO Y SOCIAL", "FTE. PRIMERO JUJUY", "FTE. PARA EL CAMBIO", "OBRERO", "FTE. UNION POR JUJUY", "MOV. SOC. DE LOS TRABAJADORES", "DE LOS TRABAJADORES"], "Percent": [0.3979586761592133, 0.30936394253314575, 0.16296841028264483, 0.05932486393542795, 0.02219309090392349, 0.02207585511077006, 0.01337198561907604, 0.012743175455798554]}, "1989-5": {"Total Votes": 201818.0, "Parties": ["fre.ju.po.", "confederacion federalista independiente", "u.c.r.", "fuerza republicana", "mov. unidad renovadora", "azul, lealtad, restauracion", "alianza izquierda unida", "u.ce.de.", "democrata", "alianza unidad socialista", "obrero", "frente humanista - verde"], "Percent": [0.4175346103915409, 0.20674072679344757, 0.15700779910612533, 0.07865502581533858, 0.04472841867425106, 0.03784598004142346, 0.017654520409477847, 0.01354685905122437, 0.012605416761636722, 0.005931086424402184, 0.004350454369778711, 0.0033991021613532985]}, "1993-10": {"Total Votes": 196036.0, "Parties": ["pj", "u.c.r.", "mov. popular juje\u00d1o", "fuerza republicana", "modin", "mov. por la justicia social"], "Percent": [0.41670407476177845, 0.23379889408067905, 0.23143198188087902, 0.08442837029933277, 0.023806851802730112, 0.009829827174600583]}, "1991-9": {"Total Votes": 185101.0, "Parties": ["fre.ju.pe.", "movimiento popular juje\u00d1o", "u.c.r.", "fuerza republicana federal", "fre.de.fe.", "autonomista", "m.a.s.", "comunista", "frente politico y social", "m.i.d."], "Percent": [0.3985283709974554, 0.26939346626976624, 0.2061847315789758, 0.08416486134596787, 0.015715744377393964, 0.00605615312721163, 0.00600753102360333, 0.0059859211997774185, 0.00447323353196363, 0.0034899865478846682]}, "2005-10": {"Total Votes": 249045.0, "Parties": ["frente para la victoria", "frente juje\u00f1o", "uni\u00f3n por jujuy", "libertad y democracia responsible", "partido humanista", "partido obrero", "movimiento socialista de los trabajadores", "partido comunista", "partido de los trabajadores socialistas", "nueva dirigencia"], "Percent": [0.48093718002770586, 0.3015599590435463, 0.08907627135658214, 0.04408440241723383, 0.01857094099459937, 0.018297897970246342, 0.015527314340781787, 0.011451745668453491, 0.010500110421811319, 0.00999417775903953]}, "1999-10": {"Total Votes": 235933.0, "Parties": ["alianza trab.just.y educ.", "alianza concert. just. p/ cambio", "alianza accion por la republica", "tercera epoca", "humanista", "de los trabajadores por el socialismo"], "Percent": [0.49322900993078544, 0.45674831414003125, 0.031843786159630065, 0.012380633484930044, 0.003577286772092077, 0.0022209695125310997]}, "2007-10": {"Total Votes": 265661.0, "Parties": ["frente para la victoria", "frente juje\u2013o", "frente primero jujuy", "uni\u2014n por jujuy-concert. plural", "frente por la paz yla justicia", "partido cambio juje\u2013o", "movimiento de acci\u2014n popular", "movimiento socialista de los trabajadores", "partido obrero", "partido federal", "frente amplio hacia la unidad latinoamericana", "partido de los trabajadores socialistas"], "Percent": [0.37680352027584024, 0.23492721927569346, 0.20409469210761083, 0.050824170653577305, 0.04851671867530424, 0.047131494649195776, 0.013031645593444276, 0.009105589454229263, 0.004885926048610823, 0.004524563259191225, 0.003922291943491894, 0.002232168063810646]}, "2003-4": {"Total Votes": 216695.0, "Parties": ["pj", "alianza frente juje\u00d1o", "libertad y democracia responsible", "alianza izquierda unida", "frente para el cambio", "conservador popular", "democrata cristiano", "de los trabajadores por el socialismo", "humanista"], "Percent": [0.5672119799718498, 0.32972611273910335, 0.026682664574632548, 0.022243245114100463, 0.021306444541867604, 0.009547982186944784, 0.009201873601144465, 0.007120607305198551, 0.006959089965158403]}}