{"2009-4": {"Total Votes": 375132.0, "Parties": ["african national congress", "congress of the people", "south african democratic congress", "movement democratic party", "independent democrats", "united christian democratic party", "united independent front", "keep it straight and simple", "women forward", "al jama-ah", "national democratic convention", "minority front"], "Percent": [0.6751330198436817, 0.2976312338057004, 0.007184137850143416, 0.006024546026465351, 0.0037933314140089357, 0.0035347557659703784, 0.002255206167429065, 0.0018446840045637269, 0.000853033065694209, 0.0007090837358583112, 0.0005864602326647687, 0.0004505080878197541]}}