{"2009-4": {"Total Votes": 5721205.0, "Parties": ["african national congress", "congress of the people", "united democratic movement", "african christian democratic party", "united christian democratic party", "pan africanist congress of azania", "african people's convention", "movement democratic party", "azanian people's organization", "christian democratic alliance", "independent democrats", "national democratic convention", "keep it straight and simple", "women forward", "pan africanist movement", "inthaka freedom party", "united independent front", "great kongress of south africa", "new vision party", "a party", "south african democratic congress", "alliance of free democrats", "al jama-ah", "minority front"], "Percent": [0.8547540247203168, 0.0869442713554225, 0.021555773652578433, 0.010502857352603166, 0.009119931902457612, 0.006021283977763426, 0.0025197488990518608, 0.0017796950118025836, 0.0011579728396378035, 0.0010288042466578282, 0.0005951543424855428, 0.0005519816192567825, 0.0005297834984063672, 0.0004596933687920639, 0.00045637239008215926, 0.0003950216781254998, 0.0003908267576498308, 0.0003527228966625038, 0.00020957123543029833, 0.00018702353787357733, 0.0001718169511492771, 0.000152240655596155, 0.00013213999498357427, 3.12871152143648e-05]}}