{"2009-4": {"Total Votes": 4004908.0, "Parties": ["african national congress", "democratic alliance", "inthaka freedom party", "african people's convention", "pan africanist congress of azania", "national democratic convention", "alliance of free democrats", "keep it straight and simple", "united independent front", "pan africanist movement", "women forward"], "Percent": [0.6898096036163628, 0.29041940538958694, 0.01602184120084656, 0.0014976623682741276, 0.0012177558136166923, 0.0003560631105633388, 0.00022522365058073743, 0.00022022977806231755, 9.588235235366205e-05, 8.439644556129628e-05, 5.1936274191566945e-05]}}