{"2009-4": {"Total Votes": 151905.0, "Parties": ["congress of the people", "freedom front plus", "azanian people's organization", "independent democrats", "al jama-ah", "african people's convention", "movement democratic party", "united democratic movement", "pan africanist congress of azania", "inthaka freedom party", "united christian democratic party", "national democratic convention", "christian democratic alliance", "pan africanist movement", "minority front", "a party"], "Percent": [0.618136335209506, 0.11144465290806754, 0.05949112932424871, 0.046647575787498764, 0.042078930910766595, 0.029103716138375958, 0.02599651097725552, 0.0257463546295382, 0.012191830420328495, 0.008663309305157829, 0.007109706724597611, 0.004614726309206412, 0.00373917909219578, 0.0018630064843158554, 0.0018300911754056811, 0.0013429446035351043]}}