{"1954-3": {"Total Votes": 0, "Parties": [], "Percent": []}, "1945-3": {"Total Votes": 0, "Parties": [], "Percent": []}, "1913-8": {"Total Votes": 113541.0, "Parties": ["suomen sosialidemokraattinen puolue", "nuorsuomalaienen puolue", "maalaisliitto", "suomalainen puolue", "suomen kristillinen ty\u00f6v\u00e4en puolue", "others"], "Percent": [0.3862129098739663, 0.27605006121136855, 0.16299838824741722, 0.15195391972943695, 0.021525264001550103, 0.0012594569362609103]}, "1958-7": {"Total Votes": 0, "Parties": [], "Percent": []}, "1972-1": {"Total Votes": 0, "Parties": [], "Percent": []}, "1983-3": {"Total Votes": 0, "Parties": [], "Percent": []}, "2007-3": {"Total Votes": 0, "Parties": [], "Percent": []}, "1979-3": {"Total Votes": 0, "Parties": [], "Percent": []}, "1933-7": {"Total Votes": 185789.0, "Parties": ["maalaisliitto", "suomen sosialidemokraattinen puolue", "c + ppm", "kansallinen edistyspuolue", "suomen pienviljelij\u00e4in puolue", "others", "ruotsalainen kansanpuolue-svenska folkspartiet"], "Percent": [0.35684028656163713, 0.33237705138625, 0.18346619014042814, 0.08254525294823697, 0.022450198881526894, 0.012008245913374849, 0.010312774168546038]}, "1922-7": {"Total Votes": 136519.0, "Parties": ["maalaisliitto", "suomen sosialidemokraattinen puolue", "kansallinen kokoomuspuolue", "kansallinen edistyspuolue", "suomen sosialistinen ty\u00f6v\u00e4enpuolue", "others"], "Percent": [0.3539067822061398, 0.24058189702532248, 0.2059933049612142, 0.13440619986961522, 0.0640496927167647, 0.0010621232209436049]}, "1991-3": {"Total Votes": 0, "Parties": [], "Percent": []}, "1970-3": {"Total Votes": 0, "Parties": [], "Percent": []}, "1987-3": {"Total Votes": 0, "Parties": [], "Percent": []}, "1907-3": {"Total Votes": 148165.0, "Parties": ["suomen sosialidemokraattinen puolue", "suomalainen puolue", "nuorsuomalaienen puolue", "maalaisliitto", "others", "ruotsalainen kansanpuolue-svenska folkspartiet", "suomen kristillinen ty\u00f6v\u00e4en puolue"], "Percent": [0.3174568892788445, 0.27131238821584047, 0.21496304795329532, 0.14419059831944114, 0.027314143016231904, 0.014288124725812439, 0.010474808490534202]}, "1909-5": {"Total Votes": 142785.0, "Parties": ["suomen sosialidemokraattinen puolue", "nuorsuomalaienen puolue", "suomalainen puolue", "maalaisliitto", "suomen kristillinen ty\u00f6v\u00e4en puolue", "others"], "Percent": [0.34810379241516964, 0.2576811289701299, 0.22363693665300977, 0.13740939174283012, 0.02964597121546381, 0.0035227790033967154]}, "1930-10": {"Total Votes": 203061.0, "Parties": ["maalaisliitto", "suomen sosialidemokraattinen puolue", "kansallinen kokoomuspuolue", "kansallinen edistyspuolue", "ruotsalainen kansanpuolue-svenska folkspartiet", "others", "suomen pienviljelij\u00e4in puolue"], "Percent": [0.4253647918605739, 0.28650011572877115, 0.2042735926642733, 0.05743594289400722, 0.012611973741880519, 0.012385440828125538, 0.0014281422823683523]}, "1999-3": {"Total Votes": 0, "Parties": [], "Percent": []}, "1966-3": {"Total Votes": 0, "Parties": [], "Percent": []}, "1951-7": {"Total Votes": 0, "Parties": [], "Percent": []}, "1916-7": {"Total Votes": 124078.0, "Parties": ["suomen sosialidemokraattinen puolue", "nuorsuomalaienen puolue", "maalaisliitto", "suomalainen puolue", "suomen kristillinen ty\u00f6v\u00e4en puolue", "others"], "Percent": [0.40612356743338873, 0.2251728751269363, 0.20605586808298007, 0.13514079852995697, 0.026459162784699945, 0.0010477280420380728]}, "1936-7": {"Total Votes": 194950.0, "Parties": ["maalaisliitto", "suomen sosialidemokraattinen puolue", "kansallinen kokoomuspuolue", "is\u00e4nmaallinen kansanliike", "kansallinen edistyspuolue", "suomen pienviljelij\u00e4in puolue", "ruotsalainen kansanpuolue-svenska folkspartiet", "others"], "Percent": [0.3520287253141831, 0.33723005898948444, 0.13235188509874327, 0.0877147986663247, 0.06849448576558093, 0.011274685816876122, 0.009566555527058221, 0.0013388048217491664]}, "1929-7": {"Total Votes": 159243.0, "Parties": ["maalaisliitto", "suomen sosialidemokraattinen puolue", "kansallinen kokoomuspuolue", "sosialistinen ty\u00f6v\u00e4en ja pienviljelij\u00e4in puolue", "kansallinen edistyspuolue", "others", "ruotsalainen kansanpuolue-svenska folkspartiet"], "Percent": [0.41326777315172414, 0.25545235897339286, 0.1711095621157602, 0.08002863548162242, 0.05737771832984809, 0.011598625999258995, 0.011165325948393336]}, "2003-3": {"Total Votes": 0, "Parties": [], "Percent": []}, "1962-2": {"Total Votes": 0, "Parties": [], "Percent": []}, "1948-7": {"Total Votes": 0, "Parties": [], "Percent": []}, "1995-3": {"Total Votes": 0, "Parties": [], "Percent": []}, "1910-2": {"Total Votes": 132636.0, "Parties": ["suomen sosialidemokraattinen puolue", "nuorsuomalaienen puolue", "suomalainen puolue", "maalaisliitto", "suomen kristillinen ty\u00f6v\u00e4en puolue", "others"], "Percent": [0.36527790343496486, 0.25805965197985464, 0.1967037606682952, 0.17124310142042884, 0.007396182032027504, 0.0013194004644289635]}, "1917-10": {"Total Votes": 167971.0, "Parties": ["suomen sosialidemokraattinen puolue", "suomalainen puolue", "maalaisliitto", "suomen kristillinen ty\u00f6v\u00e4en puolue", "others", "ruotsalainen kansanpuolue-svenska folkspartiet"], "Percent": [0.38180400188127717, 0.31576879342267417, 0.2887700853123456, 0.0090849015603884, 0.003196980431145853, 0.0013752373921688862]}, "1927-7": {"Total Votes": 152937.0, "Parties": ["maalaisliitto", "suomen sosialidemokraattinen puolue", "kansallinen kokoomuspuolue", "kansallinen edistyspuolue", "suomen ty\u00f6v\u00e4enpuolue", "others", "ruotsalainen kansanpuolue-svenska folkspartiet"], "Percent": [0.3612860197336158, 0.24965181741501402, 0.21483355891641656, 0.07637785493373088, 0.07001575812262566, 0.015346188299757415, 0.012488802578839654]}, "1939-7": {"Total Votes": 220273.0, "Parties": ["maalaisliitto", "suomen sosialidemokraattinen puolue", "kansallinen kokoomuspuolue", "is\u00e4nmaallinen kansanliike", "kansallinen edistyspuolue", "suomen pienviljelij\u00e4in puolue", "others"], "Percent": [0.36526492125680404, 0.34155343596355436, 0.16981200601072305, 0.06824258987710705, 0.04750014754418381, 0.004830369586830887, 0.0027965297607968295]}, "1919-3": {"Total Votes": 152810.0, "Parties": ["maalaisliitto", "suomen sosialidemokraattinen puolue", "kansallinen edistyspuolue", "kansallinen kokoomuspuolue", "others"], "Percent": [0.38403900268307045, 0.26681499901838884, 0.1735619396636346, 0.15459721222433087, 0.020986846410575223]}, "1924-4": {"Total Votes": 145445.0, "Parties": ["maalaisliitto", "suomen sosialidemokraattinen puolue", "kansallinen kokoomuspuolue", "kansallinen edistyspuolue", "suomen ty\u00f6v\u00e4enpuolue", "others"], "Percent": [0.3419711918594658, 0.2602702052322184, 0.2149541063632301, 0.12473443569734265, 0.05330537316511396, 0.004764687682629173]}, "1911-1": {"Total Votes": 134910.0, "Parties": ["suomen sosialidemokraattinen puolue", "nuorsuomalaienen puolue", "suomalainen puolue", "maalaisliitto", "suomen kristillinen ty\u00f6v\u00e4en puolue", "others"], "Percent": [0.3543102809280261, 0.2832110295752724, 0.1855088577570232, 0.15482914535616335, 0.0214513379289897, 0.0006893484545252391]}, "1908-7": {"Total Votes": 132789.0, "Parties": ["suomen sosialidemokraattinen puolue", "suomalainen puolue", "nuorsuomalaienen puolue", "maalaisliitto", "others", "suomen kristillinen ty\u00f6v\u00e4en puolue"], "Percent": [0.3345984983695939, 0.2504273697369511, 0.24922998139906166, 0.14607384647824745, 0.016176038677902536, 0.0034942653382433785]}, "1975-9": {"Total Votes": 0, "Parties": [], "Percent": []}}