{"1954-3": {"Total Votes": 109583.0, "Parties": ["suomen sosialidemokraattinen puolue", "maalaisliitto", "suomen kansan demokraattinen liitto", "kansallinen kokoomuspuolue", "suomen kansanpuolue", "others"], "Percent": [0.3472892693209713, 0.3470976337570609, 0.13197302501300384, 0.11719883558581166, 0.05214312438973198, 0.00429811193342033]}, "1945-3": {"Total Votes": 85310.0, "Parties": ["suomen sosialidemokraattinen puolue", "maalaisliitto", "suomen kansan demokraattinen liitto", "kansallinen kokoomuspuolue", "kansallinen edistyspuolue", "others", "suomen pienviljelij\u00e4in puolue"], "Percent": [0.30450123080529834, 0.2707419997655609, 0.1763685382721838, 0.1150978783261048, 0.06335716797561833, 0.03651389051693823, 0.03341929433829563]}, "1913-8": {"Total Votes": 39861.0, "Parties": ["suomen sosialidemokraattinen puolue", "suomalainen puolue", "nuorsuomalaienen puolue", "others"], "Percent": [0.5167958656330749, 0.24577908231103082, 0.2361456059807832, 0.0012794460751110108]}, "1958-7": {"Total Votes": 104676.0, "Parties": ["maalaisliitto", "suomen sosialidemokraattinen puolue", "suomen kansan demokraattinen liitto", "kansallinen kokoomuspuolue", "suomen kansanpuolue", "others"], "Percent": [0.34778745844319614, 0.33763231304214913, 0.13164431197218082, 0.11886201230463525, 0.057806947151209445, 0.006266957086629218]}, "1972-1": {"Total Votes": 118014.0, "Parties": ["suomen sosialidemokraattinen puolue", "keskustapuolue", "kansallinen kokoomuspuolue", "suomen maaseudun puolue", "suomen kansan demokraattinen liitto", "others", "liberaalinen kansanpuolue"], "Percent": [0.2805175657125426, 0.26568034301015137, 0.13805989119934922, 0.12123137932787635, 0.0871930448929788, 0.062407849916111646, 0.04490992594099005]}, "1983-3": {"Total Votes": 131813.0, "Parties": ["suomen sosialidemokraattinen puolue", "a + l", "kansallinen kokoomuspuolue", "suomen maaseudun puolue", "suomen kansan demokraattinen liitto", "others", "suomen kristillinen liitto"], "Percent": [0.3045147291996996, 0.2354092540189511, 0.21098829402259262, 0.10425375342341044, 0.06775507726855469, 0.0385394460333958, 0.0385394460333958]}, "2007-3": {"Total Votes": 82235.0, "Parties": ["suomen keskusta", "suomen sosialidemokraattinen puolue", "kansallinen kokoomuspuolue", "vihre\u0160 liitto", "suomen kristillisdemokraatit", "perussuomalaiset", "vasemmistoliitto", "suomen kommunistinen puolue", "itsen\u0160isyyspuolue", "rauhan ja sosialismin puolesta - kommunistinen ty\u0161v\u0160enpuolue", "suomen ty\u00f6v\u00e4enpuolue"], "Percent": [0.37403781844713324, 0.2760868243448653, 0.1888490302182769, 0.0694837964370402, 0.035568796741047, 0.03226120265093938, 0.017255426521554082, 0.003733203623761172, 0.0018118805861251292, 0.0004864108956040615, 0.0004256095336535538]}, "1979-3": {"Total Votes": 124126.0, "Parties": ["suomen sosialidemokraattinen puolue", "keskustapuolue", "kansallinen kokoomuspuolue", "suomen kansan demokraattinen liitto", "suomen kristillinen liitto", "suomen maaseudun puolue", "liberaalinen kansanpuolue", "others"], "Percent": [0.29394325121247766, 0.25642492306204984, 0.20885229524837665, 0.09858530847687028, 0.06739119926526271, 0.03592317483847059, 0.02795546460854293, 0.010924383287949343]}, "1933-7": {"Total Votes": 61627.0, "Parties": ["suomen sosialidemokraattinen puolue", "maalaisliitto", "c + ppm", "kansallinen edistyspuolue", "suomen pienviljelij\u00e4in puolue", "others"], "Percent": [0.45145796485306766, 0.26624693721907605, 0.12561052785305143, 0.1060898632093076, 0.04924789459165625, 0.0013468122738410112]}, "1922-7": {"Total Votes": 49521.0, "Parties": ["suomen sosialidemokraattinen puolue", "kansallinen edistyspuolue", "kansallinen kokoomuspuolue", "maalaisliitto", "suomen sosialistinen ty\u00f6v\u00e4enpuolue", "others"], "Percent": [0.4401970881040367, 0.22493487611316412, 0.14484764039498393, 0.12877365158215706, 0.06007552351527635, 0.0011712202903818583]}, "1991-3": {"Total Votes": 110284.0, "Parties": ["suomen keskusta", "suomen sosialidemokraattinen puolue", "kansallinen kokoomuspuolue", "vihre\u0160 liitto", "suomen maaseudun puolue", "suomen kristillinen liitto", "vasemmistoliitto", "others"], "Percent": [0.3336748757752711, 0.2702477240578869, 0.18436944615719417, 0.060271662253817415, 0.05885713249428748, 0.045310289797250734, 0.03743970113525081, 0.009829168329041384]}, "1970-3": {"Total Votes": 117821.0, "Parties": ["keskustapuolue", "suomen sosialidemokraattinen puolue", "kansallinen kokoomuspuolue", "suomen maaseudun puolue", "suomen kansan demokraattinen liitto", "others", "liberaalinen kansanpuolue"], "Percent": [0.2913147910813862, 0.24609365053768004, 0.13429694197129544, 0.12725235738959947, 0.08603729386102647, 0.060634352110404764, 0.05437061304860764]}, "1987-3": {"Total Votes": 120919.0, "Parties": ["suomen sosialidemokraattinen puolue", "keskustapuolue", "kansallinen kokoomuspuolue", "suomen maaseudun puolue", "others", "suomen kansan demokraattinen liitto", "vihre\u0160 liitto", "demokraattinen vaihtoehto"], "Percent": [0.2936015018318048, 0.2597441262332636, 0.2135644522366212, 0.08837320851148289, 0.05806366245172388, 0.04447605421811295, 0.025562566676866332, 0.01661442784012438]}, "1907-3": {"Total Votes": 57309.0, "Parties": ["suomen sosialidemokraattinen puolue", "suomalainen puolue", "nuorsuomalaienen puolue", "maalaisliitto", "others"], "Percent": [0.4419375665253276, 0.34163918407230975, 0.14217662147306706, 0.05862953462806889, 0.015617093301226683]}, "1909-5": {"Total Votes": 53026.0, "Parties": ["suomen sosialidemokraattinen puolue", "suomalainen puolue", "nuorsuomalaienen puolue", "suomen kristillinen ty\u00f6v\u00e4en puolue", "others"], "Percent": [0.5198204654320522, 0.2673405499189077, 0.198204654320522, 0.012541017614000678, 0.0020933127145174066]}, "1930-10": {"Total Votes": 63531.0, "Parties": ["suomen sosialidemokraattinen puolue", "maalaisliitto", "kansallinen kokoomuspuolue", "kansallinen edistyspuolue", "suomen pienviljelij\u00e4in puolue", "others"], "Percent": [0.42687821693346556, 0.319576269852513, 0.11532952416930317, 0.07652956824227543, 0.03607687585588138, 0.02560954494656152]}, "1999-3": {"Total Votes": 100585.0, "Parties": ["suomen keskusta", "suomen sosialidemokraattinen puolue", "kansallinen kokoomuspuolue", "suomen kristillinen liitto", "vihre\u0160 liitto", "vasemmistoliitto", "perussuomalaiset", "remonttiryhm\u0160", "others", "vapaan suomen liitto", "suomen kommunistinen puolue", "luonnonlain puolue", "rauhan ja sosialismin puolesta - kommunistinen ty\u0161v\u0160enpuolue"], "Percent": [0.33503007406670976, 0.3040413580553761, 0.19066461201968485, 0.0599492966148034, 0.05394442511308843, 0.034567778495799575, 0.0066113237560272405, 0.006193766466172888, 0.002714122384053288, 0.0020480190883332503, 0.0020281354078639955, 0.0015409852363672517, 0.0006661032957200378]}, "1966-3": {"Total Votes": 114307.0, "Parties": ["keskustapuolue", "suomen sosialidemokraattinen puolue", "suomen kansan demokraattinen liitto", "kansallinen kokoomuspuolue", "ty\u00f6v\u00e4en ja pienviljelij\u00e4in sosialidemokraattinen liitto", "liberaalinen kansanpuolue", "others"], "Percent": [0.3378620731888686, 0.3057205595457846, 0.12376319910416685, 0.1060127551243581, 0.05422240107779926, 0.047993561199226646, 0.024425450759795988]}, "1951-7": {"Total Votes": 97822.0, "Parties": ["maalaisliitto", "suomen sosialidemokraattinen puolue", "suomen kansan demokraattinen liitto", "kansallinen kokoomuspuolue", "suomen kansanpuolue", "others"], "Percent": [0.34355257508535914, 0.33839013718795363, 0.1346220686553127, 0.12489010652000572, 0.041115495491811656, 0.017429617059557156]}, "1916-7": {"Total Votes": 47789.0, "Parties": ["suomen sosialidemokraattinen puolue", "suomalainen puolue", "nuorsuomalaienen puolue", "others"], "Percent": [0.5552742262863839, 0.240264496013727, 0.20320575864738746, 0.0012555190525016216]}, "1936-7": {"Total Votes": 60368.0,