{"1954-3": {"Total Votes": 165860.0, "Parties": ["maalaisliitto", "suomen kansan demokraattinen liitto", "suomen sosialidemokraattinen puolue", "kansallinen kokoomuspuolue", "suomen kansanpuolue", "others"], "Percent": [0.4173881586880502, 0.3151513324490534, 0.12089111298685638, 0.07365850717472568, 0.06990232726395755, 0.003008561437356807]}, "1945-3": {"Total Votes": 117918.0, "Parties": ["maalaisliitto", "suomen kansan demokraattinen liitto", "suomen sosialidemokraattinen puolue", "kansallinen kokoomuspuolue", "kansallinen edistyspuolue", "others", "suomen pienviljelij\u00e4in puolue"], "Percent": [0.3565698197052189, 0.2754202072626741, 0.14543157109177565, 0.11362133007683306, 0.04807578147526247, 0.03173391678963348, 0.02914737359860242]}, "1913-8": {"Total Votes": 52130.0, "Parties": ["maalaisliitto", "suomen sosialidemokraattinen puolue", "suomalainen puolue", "nuorsuomalaienen puolue", "others"], "Percent": [0.3620372146556685, 0.3013619796662191, 0.22002685593708038, 0.1155572606944178, 0.0010166890466142336]}, "1958-7": {"Total Votes": 167349.0, "Parties": ["maalaisliitto", "suomen kansan demokraattinen liitto", "suomen sosialidemokraattinen puolue", "kansallinen kokoomuspuolue", "suomen kansanpuolue", "others"], "Percent": [0.38143639938093443, 0.35597463982455824, 0.10597015817244203, 0.08182899210631674, 0.05595492055524682, 0.018834889960501706]}, "1972-1": {"Total Votes": 212625.0, "Parties": ["keskustapuolue", "suomen kansan demokraattinen liitto", "suomen sosialidemokraattinen puolue", "suomen maaseudun puolue", "kansallinen kokoomuspuolue", "liberaalinen kansanpuolue", "others"], "Percent": [0.31305820105820104, 0.25277366255144035, 0.1308453850676073, 0.12834332745443858, 0.10617283950617284, 0.05665843621399177, 0.012148148148148148]}, "1983-3": {"Total Votes": 258017.0, "Parties": ["a + l", "suomen kansan demokraattinen liitto", "suomen sosialidemokraattinen puolue", "kansallinen kokoomuspuolue", "suomen maaseudun puolue", "others", "suomen kristillinen liitto"], "Percent": [0.3399892255161482, 0.1972776987562835, 0.1600437180495859, 0.14116511702717263, 0.12036028633772193, 0.02082033354391377, 0.020343620769174123]}, "2007-3": {"Total Votes": 229130.0, "Parties": ["suomen keskusta", "vasemmistoliitto", "kansallinen kokoomuspuolue", "suomen sosialidemokraattinen puolue", "vihre\u0160 liitto", "perussuomalaiset", "suomen kristillisdemokraatit", "itsen\u0160isyyspuolue", "suomen kommunistinen puolue", "k\u00f6yhien asialla", "rauhan ja sosialismin puolesta - kommunistinen ty\u0161v\u0160enpuolue", "suomen kansan sinivalkoiset", "suomen ty\u00f6v\u00e4enpuolue"], "Percent": [0.4312530004800768, 0.1614236459651726, 0.13960197267926505, 0.12785318378213242, 0.061545847335573695, 0.03485357657225156, 0.03181599965085323, 0.005651813381050059, 0.0023785623881639245, 0.0018461135599877798, 0.0008117662462357614, 0.0005848208440623227, 0.0003796971151747916]}, "1979-3": {"Total Votes": 245054.0, "Parties": ["keskustapuolue", "suomen kansan demokraattinen liitto", "kansallinen kokoomuspuolue", "suomen sosialidemokraattinen puolue", "suomen maaseudun puolue", "suomen kristillinen liitto", "liberaalinen kansanpuolue", "others"], "Percent": [0.32985382813583947, 0.26242379230700175, 0.1448374643956026, 0.13286867384331616, 0.06352885486464208, 0.03251120161270577, 0.029691414953438834, 0.004284769887453378]}, "1933-7": {"Total Votes": 89213.0, "Parties": ["maalaisliitto", "suomen sosialidemokraattinen puolue", "c + ppm", "suomen pienviljelij\u00e4in puolue", "kansanpuolue", "kansallinen edistyspuolue", "others"], "Percent": [0.41552240144373576, 0.153172743882618, 0.14029345498974366, 0.11414255769899007, 0.09586046876576283, 0.0699561723067266, 0.011052200912423078]}, "1922-7": {"Total Votes": 77494.0, "Parties": ["maalaisliitto", "suomen sosialistinen ty\u00f6v\u00e4enpuolue", "kansallinen kokoomuspuolue", "kansallinen edistyspuolue", "suomen sosialidemokraattinen puolue", "others"], "Percent": [0.4905928200892973, 0.27835703409296203, 0.13522337213203603, 0.048094045990657336, 0.047242367151005236, 0.0004903605440421194]}, "1991-3": {"Total Votes": 231029.0, "Parties": ["suomen keskusta", "vasemmistoliitto", "suomen sosialidemokraattinen puolue", "kansallinen kokoomuspuolue", "vihre\u0160 liitto", "others", "suomen maaseudun puolue", "suomen kristillinen liitto"], "Percent": [0.46778542953482033, 0.1559674326599691, 0.11322820944556744, 0.11108562128563947, 0.05673313739833527, 0.04444030835955659, 0.033467659904167876, 0.017292201411943955]}, "1970-3": {"Total Votes": 208272.0, "Parties": ["keskustapuolue", "suomen kansan demokraattinen liitto", "suomen maaseudun puolue", "suomen sosialidemokraattinen puolue", "kansallinen kokoomuspuolue", "liberaalinen kansanpuolue", "others"], "Percent": [0.3251565260812783, 0.24653818084043944, 0.1500537758316048, 0.10648574940462473, 0.09419413075209342, 0.06789678881462703, 0.009674848275332259]}, "1987-3": {"Total Votes": 239886.0, "Parties": ["keskustapuolue", "suomen kansan demokraattinen liitto", "kansallinen kokoomuspuolue", "suomen sosialidemokraattinen puolue", "suomen maaseudun puolue", "vihre\u0160 liitto", "demokraattinen vaihtoehto", "others"], "Percent": [0.36623646231960183, 0.1655703125651351, 0.14549827834888238, 0.13019934468872715, 0.06899527275455841, 0.046067715498194974, 0.039218628848703134, 0.038213984976197025]}, "1907-3": {"Total Votes": 67120.0, "Parties": ["suomalainen puolue", "maalaisliitto", "suomen sosialidemokraattinen puolue", "nuorsuomalaienen puolue", "ruotsalainen kansanpuolue-svenska folkspartiet", "others"], "Percent": [0.3375148986889154, 0.2712902264600715, 0.2477056019070322, 0.13383492252681764, 0.00716626936829559, 0.0024880810488676994]}, "1909-5": {"Total Votes": 63088.0, "Parties": ["maalaisliitto", "suomen sosialidemokraattinen puolue", "suomalainen puolue", "nuorsuomalaienen puolue", "others"], "Percent": [0.32919097134161807, 0.28133717981232564, 0.2617296474765407, 0.12645828049708344, 0.0012839208724321582]}, "1930-10": {"Total Votes": 96989.0, "Parties": ["maalaisliitto", "suomen sosialidemokraattinen puolue", "kansallinen kokoomuspuolue", "suomen pienviljelij\u00e4in puolue", "kansallinen edistyspuolue", "others"], "Percent": [0.5570837930074545, 0.17105032529462105, 0.10969285176669519, 0.0648939570466754, 0.05855303178710988, 0.03872604109744404]}, "1999-3": {"Total Votes": 223699.0, "Parties": ["suomen keskusta", "vasemmistoliitto", "suomen sosialidemokraattinen puolue", "kansallinen kokoomuspuolue", "vihre\u0160 liitto", "suomen kommunistinen puolue", "suomen kristillinen liitto", "remonttiryhm\u0160", "perussuomalaiset", "vapaan suomen liitto", "nuorsuomalaienen puolue", "liberaalinen kansanpuolue", "kirjava puolue- elonkeh\u00e4n puolesta", "luonnonlain puolue", "rauhan ja sosialismin puolesta - kommunistinen ty\u0161v\u0160enpuolue"], "Percent": [0.43453032870062, 0.16819923200371928, 0.13199880196156444, 0.11127005485049106, 0.05894527914742578, 0.02109531111001837, 0.018051041801706757, 0.015659435223224064, 0.01326335835207131, 0.012686690597633428, 0.0064148699815376915, 0.004076906915095731, 0.001314266044997966, 0.0012963848743177216, 0.0011980384355763773]}, "1966-3": {"Total Votes": 195640.0, "Parties": ["keskustapuolue", "suomen kansan demokraattinen liitto", "suomen sosialidemokraattinen puolue", "kansallinen kokoomuspuolue", "liberaalinen kansanpuolue", "others", "ty\u00f6v\u00e4en ja pienviljelij\u00e4in sosialidemokraattinen liitto"], "Percent": [0.38283070946636677, 0.31908096503782457, 0.1335105295440605, 0.08641893273359232, 0.054334491923941935, 0.017015947658965448, 0.006808423635248416]}, "1951-7": {"Total Votes": 145636.0, "Parties": ["maalaisliitto", "suomen kansan demokraattinen liitto", "suomen sosialidemokraattinen puolue", "kansallinen kokoomuspuolue", "suomen kansanpuolue", "others"],