{"1954-3": {"Total Votes": 216815.0, "Parties": ["maalaisliitto", "suomen sosialidemokraattinen puolue", "suomen kansan demokraattinen liitto", "kansallinen kokoomuspuolue", "suomen kansanpuolue", "others"], "Percent": [0.3505200285958075, 0.25640753637894054, 0.24326730161658555, 0.09571293499066025, 0.050342457855775666, 0.0037497405622304732]}, "1945-3": {"Total Votes": 162729.0, "Parties": ["suomen sosialidemokraattinen puolue", "maalaisliitto", "suomen kansan demokraattinen liitto", "kansallinen kokoomuspuolue", "others", "suomen pienviljelij\u00e4in puolue", "kansallinen edistyspuolue"], "Percent": [0.2848969759538865, 0.27724007398804146, 0.24119241192411922, 0.12661541581402208, 0.026547204247552678, 0.02228244504667269, 0.021225473025705315]}, "1913-8": {"Total Votes": 72437.0, "Parties": ["suomen sosialidemokraattinen puolue", "nuorsuomalaienen puolue", "maalaisliitto", "suomalainen puolue", "others"], "Percent": [0.5490840316412883, 0.26998633295139224, 0.11157281499786022, 0.06743791156453194, 0.0019189088449273162]}, "1958-7": {"Total Votes": 204557.0, "Parties": ["maalaisliitto", "suomen kansan demokraattinen liitto", "suomen sosialidemokraattinen puolue", "kansallinen kokoomuspuolue", "suomen kansanpuolue", "others"], "Percent": [0.3382871277932312, 0.26573522294519375, 0.24246053667193007, 0.10177114447317863, 0.04705289968077357, 0.0046930684356927405]}, "1972-1": {"Total Votes": 137640.0, "Parties": ["keskustapuolue", "suomen kansan demokraattinen liitto", "suomen sosialidemokraattinen puolue", "suomen maaseudun puolue", "kansallinen kokoomuspuolue", "others", "liberaalinen kansanpuolue"], "Percent": [0.2524338854984016, 0.20818076140656785, 0.1820909619296716, 0.17689625108979948, 0.1289523394362104, 0.030543446672478932, 0.020902353966870096]}, "1983-3": {"Total Votes": 156249.0, "Parties": ["a + l", "suomen sosialidemokraattinen puolue", "suomen kansan demokraattinen liitto", "suomen maaseudun puolue", "kansallinen kokoomuspuolue", "others", "suomen kristillinen liitto"], "Percent": [0.2676241127943219, 0.20490371138375285, 0.16436585194145242, 0.1600394242523152, 0.155444194842847, 0.024204954911711436, 0.02341774987359919]}, "2007-3": {"Total Votes": 127249.0, "Parties": ["suomen keskusta", "suomen sosialidemokraattinen puolue", "kansallinen kokoomuspuolue", "vasemmistoliitto", "suomen kristillisdemokraatit", "vihre\u0160 liitto", "perussuomalaiset", "suomen kommunistinen puolue", "k\u00f6yhien asialla", "suomen kansan sinivalkoiset", "suomen ty\u00f6v\u00e4enpuolue", "itsen\u0160isyyspuolue", "rauhan ja sosialismin puolesta - kommunistinen ty\u0161v\u0160enpuolue"], "Percent": [0.35840753168983647, 0.19457913225251278, 0.17050035756666065, 0.11200873877201392, 0.0810693993665962, 0.03986671800957178, 0.034059206752115934, 0.004903771345943779, 0.0019960864132527564, 0.0007858607926191954, 0.0007072747133572758, 0.0005815369865382047, 0.0005343853389810529]}, "1979-3": {"Total Votes": 148618.0, "Parties": ["keskustapuolue", "suomen kansan demokraattinen liitto", "suomen sosialidemokraattinen puolue", "kansallinen kokoomuspuolue", "suomen maaseudun puolue", "suomen kristillinen liitto", "liberaalinen kansanpuolue", "others"], "Percent": [0.28934583966948824, 0.22297433689055163, 0.1767955429355798, 0.16140709739062564, 0.09488756409048701, 0.029686848161057208, 0.022110376939536262, 0.0027923939226742384]}, "1933-7": {"Total Votes": 103636.0, "Parties": ["suomen sosialidemokraattinen puolue", "maalaisliitto", "c + ppm", "kansallinen edistyspuolue", "suomen pienviljelij\u00e4in puolue", "others"], "Percent": [0.4211470917441815, 0.33876259214944615, 0.12853641591724885, 0.05742213130572388, 0.05349492454359489, 0.0006368443398047011]}, "1922-7": {"Total Votes": 87014.0, "Parties": ["maalaisliitto", "suomen sosialidemokraattinen puolue", "suomen sosialistinen ty\u00f6v\u00e4enpuolue", "kansallinen kokoomuspuolue", "kansallinen edistyspuolue", "others"], "Percent": [0.29607879191854186, 0.25025857907922866, 0.24452386972211368, 0.1333578504608454, 0.07460868366010068, 0.0011722251591697887]}, "1991-3": {"Total Votes": 135383.0, "Parties": ["suomen keskusta", "suomen sosialidemokraattinen puolue", "vasemmistoliitto", "kansallinen kokoomuspuolue", "suomen maaseudun puolue", "vihre\u0160 liitto", "suomen kristillinen liitto", "others"], "Percent": [0.3726243324494213, 0.17479299468914117, 0.13909427328394258, 0.13349534284215891, 0.07084345892763493, 0.06918889373111839, 0.030572523876705348, 0.009388180199877385]}, "1970-3": {"Total Votes": 137815.0, "Parties": ["keskustapuolue", "suomen maaseudun puolue", "suomen kansan demokraattinen liitto", "suomen sosialidemokraattinen puolue", "kansallinen kokoomuspuolue", "liberaalinen kansanpuolue", "others"], "Percent": [0.2415774770525705, 0.21202336465551647, 0.21151543736168052, 0.16382832057468344, 0.1419656786271451, 0.01898922468526648, 0.010100497043137539]}, "1987-3": {"Total Votes": 146008.0, "Parties": ["keskustapuolue", "suomen sosialidemokraattinen puolue", "kansallinen kokoomuspuolue", "suomen kansan demokraattinen liitto", "suomen maaseudun puolue", "others", "vihre\u0160 liitto", "demokraattinen vaihtoehto"], "Percent": [0.2905868171607035, 0.19347569996164593, 0.14421127609446058, 0.14245109856994137, 0.11700043833214618, 0.05357240699139773, 0.03139553997041258, 0.027306722919292092]}, "1907-3": {"Total Votes": 84863.0, "Parties": ["suomen sosialidemokraattinen puolue", "nuorsuomalaienen puolue", "suomalainen puolue", "maalaisliitto", "others"], "Percent": [0.4933127511400728, 0.31633338439602654, 0.11710639501313883, 0.06555271437493372, 0.0076947550758281]}, "1909-5": {"Total Votes": 86045.0, "Parties": ["suomen sosialidemokraattinen puolue", "nuorsuomalaienen puolue", "suomalainen puolue", "maalaisliitto", "suomen kristillinen ty\u00f6v\u00e4en puolue", "others"], "Percent": [0.543878203265733, 0.27797082921727, 0.09779766401301644, 0.07013771863559765, 0.008565285606368761, 0.0016502992620140624]}, "1930-10": {"Total Votes": 109104.0, "Parties": ["suomen sosialidemokraattinen puolue", "maalaisliitto", "kansallinen kokoomuspuolue", "kansallinen edistyspuolue", "suomen pienviljelij\u00e4in puolue", "others"], "Percent": [0.4055305030063059, 0.38881250916556676, 0.14239624578383928, 0.04571784719167033, 0.01018294471330107, 0.007359950139316615]}, "1999-3": {"Total Votes": 125755.0, "Parties": ["suomen keskusta", "suomen sosialidemokraattinen puolue", "kansallinen kokoomuspuolue", "vasemmistoliitto", "vihre\u0160 liitto", "suomen kristillinen liitto", "perussuomalaiset", "suomen kommunistinen puolue", "nuorsuomalaienen puolue", "remonttiryhm\u0160", "vapaan suomen liitto", "luonnonlain puolue", "rauhan ja sosialismin puolesta - kommunistinen ty\u0161v\u0160enpuolue", "liberaalinen kansanpuolue"], "Percent": [0.3567889944733808, 0.19623871814241978, 0.16045485268975387, 0.14078167866088823, 0.04644745735756033, 0.04517514214146555, 0.02754562442845215, 0.009065245914675361, 0.005940121665142539, 0.004492863106834718, 0.0040316488410003576, 0.0015585861397161146, 0.0008031489801598346, 0.0006759174585503558]}, "1966-3": {"Total Votes": 129839.0, "Parties": ["suomen kansan demokraattinen liitto", "keskustapuolue", "suomen sosialidemokraattinen puolue", "kansallinen kokoomuspuolue", "others", "liberaalinen kansanpuolue", "ty\u00f6v\u00e4en ja pienviljelij\u00e4in sosialidemokraattinen liitto"], "Percent": [0.2910527653478539, 0.28543041767111577, 0.17544805489875923, 0.12166606335538628, 0.06836158627222945, 0.03518973497947458, 0.0228513774751808]}, "1951-7": {"Total Votes": 193268.0, "Parties": ["maalaisliitto", "suomen sosialidemokraattinen puolue", "suomen kansan demokraattinen liitto", "kansallinen kokoomuspuolue", "suomen kansanpuolue", "others"], "Percent": [0.3332005298342198, 0.26568288594076617, 0.24886168429331293, 0.11015791543349132, 0.040487820021938445, 0.0016091644762712917]}, "1916-7": {"Total Votes": 76116.0,