{"1928-6": {"Total Votes": 854708.0, "Parties": ["parti ouvrier socialiste luxembourgeois", "parti de la droite", "parti radical", "parti national ind\u00e9pendant", "ind\u00e9pendants de la gauche"], "Percent": [0.4129714475586984, 0.3984343190890924, 0.07931480692821408, 0.06625537610505576, 0.043024050318939334]}, "1979-6": {"Total Votes": 3041253.0, "Parties": ["parti chr\u00e9tien social", "parti ouvrier socialiste luxembourgeois", "parti d\u00e9mocratique", "parti social-d\u00e9mocrate", "parti communiste luxembourgeois", "enr\u00f4l\u00e9s de force", "socialistes ind\u00e9pendants - liste jean gremling", "others"], "Percent": [0.34505185855961346, 0.24261809195091627, 0.21320291340444217, 0.059779636879930736, 0.058293736167296835, 0.04450797089226053, 0.022000471516180994, 0.014545320629359017]}, "1989-6": {"Total Votes": 3077414.0, "Parties": ["parti chr\u00e9tien social", "parti ouvrier socialiste luxembourgeois", "parti d\u00e9mocratique", "comit\u00e9 d'action 5/6 pensions pour tous", "parti communiste luxembourgeois", "gr\u00ebng l\u00ebscht ekologesch initiativ", "di gr\u00ebng alternativ", "others", "d\u2019ekologisten fir den norden"], "Percent": [0.31667172502627206, 0.2722698343479298, 0.16170427508291052, 0.07312763248623683, 0.05110297152089384, 0.0420820858032101, 0.04146565915408197, 0.03616575475382902, 0.005410061824635879]}, "1994-6": {"Total Votes": 2987553.0, "Parties": ["parti chr\u00e9tien social", "parti ouvrier socialiste luxembourgeois", "parti d\u00e9mocratique", "ga-glei", "comit\u00e8 d'action pour la d\u00e9mocratie et le droit aux pensions", "others"], "Percent": [0.2971164026211418, 0.2669542598909542, 0.18351004986355055, 0.10175250447439763, 0.08168725374913852, 0.06897952940081732]}, "1959-2": {"Total Votes": 2429996.0, "Parties": ["parti chr\u00e9tien social", "parti ouvrier socialiste luxembourgeois", "parti d\u00e9mocratique", "parti communiste luxembourgeois", "others"], "Percent": [0.36907056637130264, 0.3491869945464931, 0.18452170291638342, 0.09071002586012487, 0.006510710305695977]}, "1984-6": {"Total Votes": 3290962.0, "Parties": ["parti chr\u00e9tien social", "parti ouvrier socialiste luxembourgeois", "parti d\u00e9mocratique", "di gr\u00ebng alternativ", "parti communiste luxembourgeois", "others"], "Percent": [0.3488599989911765, 0.3356890781479701, 0.18676210785782393, 0.05161469503446105, 0.050429023489180366, 0.026645096479388092]}, "1974-5": {"Total Votes": 3005238.0, "Parties": ["parti ouvrier socialiste luxembourgeois", "parti chr\u00e9tien social", "parti d\u00e9mocratique", "parti communiste luxembourgeois", "parti social-d\u00e9mocrate", "others"], "Percent": [0.2914514590857696, 0.2785103875300392, 0.2222928766373911, 0.10469553492934669, 0.09200436038676471, 0.011045381430688686]}, "1934-6": {"Total Votes": 1102396.0, "Parties": ["parti de la droite", "parti ouvrier socialiste luxembourgeois", "parti radical", "parti communiste luxembourgeois", "ind\u00e9pendants de la gauche", "others"], "Percent": [0.36995598677789104, 0.3671357660949423, 0.12853366666787616, 0.0643507414758399, 0.04599708271800696, 0.024026756265443632]}, "1954-5": {"Total Votes": 2368517.0, "Parties": ["parti chr\u00e9tien social", "parti ouvrier socialiste luxembourgeois", "groupement d\u00e9mocratique", "parti communiste luxembourgeois", "others"], "Percent": [0.4236642591123475, 0.35120541672278477, 0.10788269621877318, 0.08913636676451973, 0.0281112611815748]}, "1948-6": {"Total Votes": 1162098.0, "Parties": ["parti ouvrier socialiste luxembourgeois", "parti chr\u00e9tien social", "parti communiste luxembourgeois", "groupement patriotique et d\u00e9mocratique"], "Percent": [0.4145562594548825, 0.3329942913592485, 0.16862261186233865, 0.08382683732353037]}, "1919-10": {"Total Votes": 1318740.0, "Parties": ["parti de la droite", "parti ouvrier", "parti radical-lib\u00e9ral", "parti national ind\u00e9pendant", "parti populaire ind\u00e9pendant", "others", "ind\u00e9pendants de la gauche"], "Percent": [0.497213249010419, 0.17567678238318396, 0.15958414850539152, 0.06831293507438918, 0.04917345344798823, 0.03331361754401929, 0.016725814034608794]}, "1931-6": {"Total Votes": 775763.0, "Parties": ["parti de la droite", "parti ouvrier socialiste luxembourgeois", "parti radical socialiste", "parti radical", "liste libre des paysans, classes moyennes et ouvriers", "parti national ind\u00e9pendant", "progressistes d\u00e9mocrates du nord", "others"], "Percent": [0.44943107624364653, 0.19826287152132804, 0.10114429278014032, 0.08489835168730656, 0.05987137824309744, 0.05229561090178315, 0.04602178758203214, 0.00807463104066577]}, "1925-3": {"Total Votes": 1332886.0, "Parties": ["parti de la droite", "parti ouvrier socialiste luxembourgeois", "parti national ind\u00e9pendant", "parti radical socialiste", "parti radical", "gauche lib\u00e9rale", "others", "ind\u00e9pendants de la droite"], "Percent": [0.40265334019563565, 0.19000574692809435, 0.13614292595165678, 0.1003439153836112, 0.06153339445383926, 0.059419935388322784, 0.029039242665914414, 0.020861499032925546]}, "1964-6": {"Total Votes": 2653845.0, "Parties": ["parti ouvrier socialiste luxembourgeois", "parti chr\u00e9tien social", "parti communiste luxembourgeois", "parti d\u00e9mocratique", "mouvement ind\u00e9pendant populaire"], "Percent": [0.37675259858808635, 0.33275455047299296, 0.12469040203930523, 0.10574995902172131, 0.06005248987789415]}, "1937-6": {"Total Votes": 927990.0, "Parties": ["parti de la droite", "parti ouvrier socialiste luxembourgeois", "liste d\u00e9mocratique", "parti radical", "liste libre des paysans, classes moyennes et ouvriers", "parti lib\u00e9ral", "parti des paysans et des classes moyennes"], "Percent": [0.44049289324238405, 0.25717410747960645, 0.10992898630373173, 0.10671343441200876, 0.034768693628164093, 0.029764329356997382, 0.021157555577107513]}, "1968-12": {"Total Votes": 2597326.0, "Parties": ["parti chr\u00e9tien social", "parti ouvrier socialiste luxembourgeois", "parti d\u00e9mocratique", "parti communiste luxembourgeois", "others"], "Percent": [0.3528798464266711, 0.32246818458676346, 0.1656557551882205, 0.155009421227832, 0.003986792570512905]}, "1951-6": {"Total Votes": 1048895.0, "Parties": ["parti chr\u00e9tien social", "parti ouvrier socialiste luxembourgeois", "groupement patriotique et d\u00e9mocratique", "others"], "Percent": [0.405707911659413, 0.3548276996267501, 0.20546479866907555, 0.03399959004476139]}, "1945-10": {"Total Votes": 2191500.0, "Parties": ["parti chr\u00e9tien social", "parti ouvrier socialiste luxembourgeois", "groupement patriotique et d\u00e9mocratique", "parti communiste luxembourgeois", "others", "ind\u00e9pendants de la gauche"], "Percent": [0.41414601870864703, 0.25965092402464063, 0.1674013232945471, 0.13493086926762493, 0.01749304129591604, 0.00637782340862423]}}