{"2001-12": {"Total Votes": 1751352.0, "Parties": ["movement for multiparty democracy", "united party for national development", "forum for democracy and development", "united national independence party", "heritage party", "zambia republican party", "independent", "patriotic front", "national citizens' coalition", "zambia alliance for progress", "national leadership for development", "agenda for zambia", "national party", "social democratic party", "liberal progressive front", "zamibia united development party", "democratic party", "zambia progressive party"], "Percent": [0.28017211845477097, 0.2376655292596805, 0.15577508119441438, 0.10593815520809066, 0.07554791955015326, 0.05539149183031167, 0.03387953992115805, 0.028185082153673276, 0.020345424563422997, 0.0022628232359913937, 0.0018014653821733153, 0.0016170364381346523, 0.0007011725798126248, 0.000461928841260923, 9.992280249772747e-05, 7.879626711249366e-05, 6.566355592707805e-05, 1.0848761414038983e-05]}, "1991-10": {"Total Votes": 1264172.0, "Parties": ["movement for multiparty democracy", "united national independence party", "independent", "national democratic alliance", "national democratic party", "democratic party"], "Percent": [0.7401722233999805, 0.24977455599396284, 0.007982299876915483, 0.0013407985622209636, 0.0006351983749046807, 9.492379201564344e-05]}, "1968-12": {"Total Votes": 898661.0, "Parties": ["united national independence party", "african national congress", "independent"], "Percent": [0.7318833241901005, 0.2540657711862427, 0.01405090462365675]}, "1996-11": {"Total Votes": 1250822.0, "Parties": ["movement for multiparty democracy", "zambia democratic congress", "independent", "national party", "national lima party", "agenda for zambia", "national congress", "liberal progressive front", "movement for democratic process", "united national independence party", "party for poor people", "real democratic party"], "Percent": [0.5997687920423529, 0.1411239968596651, 0.10214083218875267, 0.07261065123574738, 0.06545775498032494, 0.015175620511951341, 0.0018491839766169769, 0.0006068009676836512, 0.0005052677359368479, 0.0003813492247498045, 0.00023424595985679816, 0.00014550431636156064]}, "2006-9": {"Total Votes": 2713165.0, "Parties": ["movement for multiparty democracy", "patriotic front", "united democratic alliance", "independent", "united liberal party", "heritage party", "national democratic focus", "all people's congress party", "reform party", "united party for national development", "party for unity, democracy and development", "forum for democracy and development", "new generation party", "zambia conservative party", "federal democratic party", "direct democracy movement"], "Percent": [0.3905129249419037, 0.22957099918361026, 0.22174618941347096, 0.09479187590876335, 0.02423184730748038, 0.012852885836283452, 0.010616752022084907, 0.007368147532494339, 0.0027086447009304635, 0.002273728284125735, 0.0014425956401472083, 0.0010338479229976799, 0.00046403370233657, 0.00017507228642563207, 0.00011057197037408341, 9.988334657125534e-05]}}