{"2007-2": {"Total Votes": 851258.0, "Parties": ["Lesotho Congress for Democracy", "National Independent Party", "All Basotho Convention/Kobo Tata ea Basotho", "Lesotho Workers Party", "Basotho National Party", "Alliance of Congress Parties (LPC, BAC, BCP)", "Basotho Batho Democratic Party", "Basotho Democratic National Party", "Popular Front for Democracy/Khoeetsa ea Sechaba", "Marematlou Freedom Party", "Basotho Congress Party", "Independent 1", "New Lesotho Freedom Party", "Independent 2", "Independent 3", "Lesotho Education Party", "Independent 4", "Kopanang Basotho Party", "United Party"], "Percent": [0.26442982033649026, 0.2572451595168563, 0.14787526225891562, 0.12355948490351926, 0.0630161478658644, 0.04033794689741536, 0.017243890806312542, 0.016863277643205707, 0.016716436145093497, 0.016154914256312426, 0.013972262228372596, 0.010280079599839297, 0.005355603119148365, 0.004332411560302517, 0.0018466786802590987, 0.0004428739583064124, 0.0002725378204962538, 3.406722756203172e-05, 2.114517572815762e-05]}, "2002-5": {"Total Votes": 1091081.0, "Parties": ["Lesotho Congress for Democracy", "Basotho National Party", "National Independent Party", "Lesotho People\u2019s Congress", "Basutoland African Congress", "Lesotho Communist Party", "Basotho Congress Party", "Lesotho Workers Party", "Marematlou Freedom Party", "Popular Front for Democracy/Khoeetsa ea Sechaba", "National Progressive Party", "Independent 1", "Sefate Democratic Union", "New Lesotho Freedom Party", "Christian Democratic Party", "Independent 2", "Kopanang Basotho Party", "United Party", "Lesotho Labour Party/United Democratic Party", "Lesotho Education Party", "Independent 3", "Social Democracy Party", "National Democratic Party"], "Percent": [0.5624504505165061, 0.21934118548485398, 0.03171533552504351, 0.03070532801872638, 0.03009125811924138, 0.02937087164014404, 0.02511820845565086, 0.014200595556150275, 0.013393139464439392, 0.012382215435884227, 0.0073615066159157735, 0.00687758287423207, 0.003142754754229979, 0.0031381721430397925, 0.0029191233281488727, 0.002463611775844323, 0.0012226406655417884, 0.001016423161983391, 0.0009110231046090987, 0.0007038890788126638, 0.0006214020773893047, 0.0004967550530162289, 0.0003565271505965185]}, "1993-3": {"Total Votes": 542459.0, "Parties": ["Basotho Congress Party", "Basotho National Party", "Marematlou Freedom Party", "Independent 1", "Popular Front for Democracy/Khoeetsa ea Sechaba", "Ha-Ra-Eeng Basotho Party", "United Democratic Party", "Kopanang Basotho Party", "National Independent Party", "Lesotho Labour Party", "Liberal Party of Lesotho", "Lesotho Education Party", "United Party"], "Percent": [0.7344426030354367, 0.24038314416389073, 0.014152221642557316, 0.005075037929133814, 0.0017457540569886388, 0.0011908734116311095, 0.0010728921448441265, 0.0007539740330605631, 0.0004442732077447328, 0.0003908129462318811, 0.00013825929701599568, 0.00011613780949343637, 9.401632197087706e-05]}, "1965-4": {"Total Votes": 250236.0, "Parties": ["Basotho National Party", "Basotho Congress Party", "Marematlou Freedom Party", "Marema-Tlou", "Independent 1"], "Percent": [0.4120510238335012, 0.40033408462411485, 0.16740596876548539, 0.019561533911987082, 0.0006473888649115235]}, "1998-5": {"Total Votes": 597938.0, "Parties": ["Lesotho Congress for Democracy", "Basotho National Party", "Basotho Congress Party", "Marematlou Freedom Party", "Independent 1", "Sefate Democratic Union", "Independent 2", "Popular Front for Democracy/Khoeetsa ea Sechaba", "National Progressive Party", "National Independent Party", "Christian Democratic Party", "Lesotho Labour Party/United Democratic Party", "Kopanang Basotho Party", "Lesotho Education Party", "Independent 3"], "Percent": [0.608636681395061, 0.2439032140456034, 0.10433690449511489, 0.012640106499336052, 0.005549070304948004, 0.0053885185420561995, 0.005278139205068084, 0.004953690850890894, 0.0034368111744026973, 0.0027494489395221574, 0.001981810823195716, 0.0005970518682538993, 0.0002910000702413963, 0.0001538621061046463, 0.00010368968020095729]}, "2012-5": {"Total Votes": 554747.0, "Parties": ["Democratic Congress", "All Basotho Convention/Kobo Tata ea Basotho", "Lesotho Congress for Democracy", "Basotho National Party", "Popular Front for Democracy/Khoeetsa ea Sechaba", "National Independent Party", "Independent 1", "Lesotho People\u2019s Congress", "Basotho Democratic National Party", "Marematlou Freedom Party", "Basotho Congress Party", "Basotho Batho Democratic Party", "Lesotho Workers Party", "All Democratic Corporation", "Lekhotla la Mekhoa le Moetlo", "Areka Covenant Front for Development", "Independent 3", "Lekhotla la Sankatana", "Independent 2", "African Unity Movement", "White Horse Party", "Independent 4", "Independent 6", "Independent 5"], "Percent": [0.3936316915639021, 0.250415054069693, 0.21786688346219085, 0.04288080872902422, 0.02012809442863143, 0.012402049943487752, 0.011457475209419789, 0.009050972785792442, 0.006188406606975794, 0.005948657676382207, 0.0045624401754313215, 0.004398401433446237, 0.004290244021148379, 0.0034844712995293348, 0.003048236403261307, 0.002211819081491202, 0.0020982537985784508, 0.0019486360448997472, 0.0019414255507465563, 0.0012870732063445136, 0.0005047345907233388, 0.00020009121275103788, 3.064460015105985e-05, 2.34341059978693e-05]}, "1970-1": {"Total Votes": 294236.0, "Parties": ["Basotho Congress Party", "Basotho National Party", "Marematlou Freedom Party", "Independent 1", "United Democratic Party", "Lesotho Communist Party"], "Percent": [0.5165309479465463, 0.4230379695210647, 0.05675716091844641, 0.002253293274786226, 0.0013594529561304532, 6.117538302587039e-05]}}