{"2010-3": {"Total Votes": 841056.0, "Parties": ["Kurdistan Alliance", "The Iraqis", "Kurdish Islamic Union", "Rafidain List", "Chaldean People's Assembly Syriac Assyrian"], "Percent": [0.6414471806871362, 0.25127458813681847, 0.07130202982916714, 0.0333842217402884, 0.002591979606589811]}}