{"2010-3": {"Total Votes": 442564.0, "Parties": ["The Iraqis", "Iraqi National Alliance", "State of Law Coalition", "Kurdistan Alliance"], "Percent": [0.5536487378096727, 0.19391771585578582, 0.14454180638280564, 0.10789173995173579]}}