{"2010-3": {"Total Votes": 330019.0, "Parties": ["State of Law Coalition", "Iraqi National Alliance", "The Iraqis"], "Percent": [0.4539981031395162, 0.3914562494886658, 0.15454564737181797]}}