{"1998-3": {"Total Votes": 115236.0, "Parties": ["Communist Party of Ukraine", "Socialist Party of Ukraine-Peasant Party of Ukraine", "Agrarian Party of Ukraine", "Party of Greens of Ukraine", "Progressive Socialist Party of Ukraine", "None of the Above", "People's Democratic Party", "People's Movement of Ukraine", "Reforms and Order Party", "Christian Democratic Party of Ukraine", "Social Liberal Union Electoral Bloc", "Electoral Bloc of the Party of Labour and the Liberal Party", "Social Democratic Party of Ukraine (United)", "Working Ukraine Electoral Bloc", "Republican Christian Party", "All-Ukrainian Party of Workers", "Party of Regional Revival of Ukraine", "All-Ukrainian Party of Women's Initiatives", "Party of Economic Revival", "Union Party", "Hromada", "Forward Ukraine!", "Social Democratic Party of Ukraine", "Party of National Economic Development of Ukraine", "European Choice of Ukraine\" Electoral Bloc", "Party of Spiritual, Economic and Social Progress", "Party of Defenders of the Fatherland", "Party of Muslims of Ukraine", "Fewer Words Electoral Bloc", "National Front Electoral Bloc", "Ukrainian National Assembly"], "Percent": [0.17724006900919395, 0.13432333864733245, 0.041174029831189535, 0.02719748422179031, 0.017977331790089757, 0.016160380860867855, 0.01381494180079055, 0.010447467843025922, 0.007398833831975715, 0.007014478827717237, 0.00614968006813566, 0.005341661025092267, 0.004455023912996003, 0.004136183966281584, 0.00388722674761416, 0.0038348147015789128, 0.003301958900220567, 0.002808412133388657, 0.002651175995282916, 0.0022449826385097507, 0.00199165774933939, 0.0018780983162630211, 0.0013583455264134874, 0.0011355943307636872, 0.001065711602716691, 0.0010395055796990674, 0.0008604310890786399, 0.000676988927955275, 0.000642047563931777, 0.0006202092114170907, 0.0004848114258260357]}}