{"1998-3": {"Total Votes": 1011288.0, "Parties": ["Communist Party of Ukraine", "Socialist Party of Ukraine-Peasant Party of Ukraine", "People's Movement of Ukraine", "Party of Greens of Ukraine", "None of the Above", "Social Democratic Party of Ukraine (United)", "Agrarian Party of Ukraine", "Reforms and Order Party", "People's Democratic Party", "Progressive Socialist Party of Ukraine", "Forward Ukraine!", "Electoral Bloc of the Party of Labour and the Liberal Party", "Hromada", "Social Liberal Union Electoral Bloc", "Working Ukraine Electoral Bloc", "All-Ukrainian Party of Workers", "Party of Economic Revival", "Party of National Economic Development of Ukraine", "Christian Democratic Party of Ukraine", "National Front Electoral Bloc", "All-Ukrainian Party of Women's Initiatives", "Party of Regional Revival of Ukraine", "Republican Christian Party", "Ukrainian National Assembly", "Social Democratic Party of Ukraine", "Union Party", "Party of Defenders of the Fatherland", "Party of Spiritual, Economic and Social Progress", "Party of Muslims of Ukraine", "European Choice of Ukraine\" Electoral Bloc", "Fewer Words Electoral Bloc"], "Percent": [0.08472725717173567, 0.06871595191385561, 0.05006784746457406, 0.04980570953326516, 0.028647646827086457, 0.02302983696711885, 0.02182161488903657, 0.021368966848256458, 0.019902586162300687, 0.01754981118110299, 0.01619833345934524, 0.016076466679135214, 0.011230148150211504, 0.009043012507013557, 0.008182483814101926, 0.007293105026283431, 0.007032956756692228, 0.006305735398867484, 0.0062793723811077635, 0.005971969645720835, 0.004179284438059841, 0.003721662242985448, 0.0030407005200975734, 0.0030153323331967097, 0.001961806453666748, 0.0018389448425978616, 0.0016917098754869698, 0.001264430021607726, 0.0011475373956919845, 0.0009923437817102336, 0.0009256901141667895]}}