{"1998-3": {"Total Votes": 887030.0, "Parties": ["Communist Party of Ukraine", "Socialist Party of Ukraine-Peasant Party of Ukraine", "Working Ukraine Electoral Bloc", "People's Movement of Ukraine", "Hromada", "None of the Above", "Party of Greens of Ukraine", "Electoral Bloc of the Party of Labour and the Liberal Party", "People's Democratic Party", "Progressive Socialist Party of Ukraine", "Social Democratic Party of Ukraine (United)", "Agrarian Party of Ukraine", "Reforms and Order Party", "Forward Ukraine!", "Christian Democratic Party of Ukraine", "Party of Economic Revival", "National Front Electoral Bloc", "Party of Regional Revival of Ukraine", "Ukrainian National Assembly", "Social Liberal Union Electoral Bloc", "Party of National Economic Development of Ukraine", "All-Ukrainian Party of Women's Initiatives", "All-Ukrainian Party of Workers", "Republican Christian Party", "Social Democratic Party of Ukraine", "Union Party", "Party of Muslims of Ukraine", "Party of Defenders of the Fatherland", "Fewer Words Electoral Bloc", "Party of Spiritual, Economic and Social Progress", "European Choice of Ukraine\" Electoral Bloc"], "Percent": [0.13752457577729754, 0.051820024808212566, 0.04884655417555779, 0.03589764231274221, 0.02862241855128202, 0.026413716628532164, 0.0256812620894683, 0.01827734855992181, 0.017713834773676083, 0.016404260481696575, 0.015744938013483513, 0.015008515067474257, 0.012359319973785837, 0.008011079792191537, 0.005584682402723008, 0.005432182192964355, 0.004936131324790298, 0.004347673266316388, 0.0039360927745514, 0.0035585271994612033, 0.0033351625799634, 0.003021658431277396, 0.0024876242394831546, 0.0018419077379400114, 0.0013736357183837017, 0.0010476594335836076, 0.000934276378000966, 0.0008951592238249546, 0.0006287090432057472, 0.0005980956181984339, 0.0005861903973622565]}}