{"1998-3": {"Total Votes": 982545.0, "Parties": ["Communist Party of Ukraine", "People's Movement of Ukraine", "Socialist Party of Ukraine-Peasant Party of Ukraine", "Working Ukraine Electoral Bloc", "Progressive Socialist Party of Ukraine", "None of the Above", "Party of Greens of Ukraine", "People's Democratic Party", "Hromada", "Reforms and Order Party", "Social Democratic Party of Ukraine (United)", "Agrarian Party of Ukraine", "Electoral Bloc of the Party of Labour and the Liberal Party", "National Front Electoral Bloc", "Union Party", "Forward Ukraine!", "Christian Democratic Party of Ukraine", "Party of Economic Revival", "Party of National Economic Development of Ukraine", "Social Liberal Union Electoral Bloc", "Party of Regional Revival of Ukraine", "All-Ukrainian Party of Workers", "All-Ukrainian Party of Women's Initiatives", "Republican Christian Party", "Party of Defenders of the Fatherland", "Party of Muslims of Ukraine", "Ukrainian National Assembly", "Social Democratic Party of Ukraine", "Fewer Words Electoral Bloc", "Party of Spiritual, Economic and Social Progress", "European Choice of Ukraine\" Electoral Bloc"], "Percent": [0.1643998774680898, 0.04868137560991076, 0.04381845434893672, 0.02760701213914838, 0.024571330090022086, 0.023536763919977867, 0.022684768250529685, 0.02155610411939395, 0.01458620677310987, 0.013422767308527272, 0.013269346719791101, 0.012489970129011374, 0.011517283596424073, 0.008724006077500922, 0.007427090700717855, 0.006866082747905936, 0.005264371801500351, 0.004812803868653566, 0.004582672985549315, 0.003721472080776963, 0.003586461962689136, 0.003239220030182944, 0.002409726047082733, 0.0018615031433321624, 0.0016339292700401809, 0.0015449453285732038, 0.0015367628971739418, 0.0013833423084377745, 0.0006765847963264974, 0.0006228875902688389, 0.0004403170896727999]}}