{"1998-3": {"Total Votes": 1256517.0, "Parties": ["Communist Party of Ukraine", "People's Movement of Ukraine", "Socialist Party of Ukraine-Peasant Party of Ukraine", "National Front Electoral Bloc", "People's Democratic Party", "Hromada", "Party of Greens of Ukraine", "None of the Above", "Agrarian Party of Ukraine", "Working Ukraine Electoral Bloc", "Progressive Socialist Party of Ukraine", "Reforms and Order Party", "Social Democratic Party of Ukraine (United)", "Electoral Bloc of the Party of Labour and the Liberal Party", "Party of Economic Revival", "Forward Ukraine!", "Party of National Economic Development of Ukraine", "Christian Democratic Party of Ukraine", "Party of Defenders of the Fatherland", "Republican Christian Party", "Social Liberal Union Electoral Bloc", "All-Ukrainian Party of Workers", "Ukrainian National Assembly", "All-Ukrainian Party of Women's Initiatives", "Party of Regional Revival of Ukraine", "Social Democratic Party of Ukraine", "Union Party", "European Choice of Ukraine\" Electoral Bloc", "Party of Spiritual, Economic and Social Progress", "Fewer Words Electoral Bloc", "Party of Muslims of Ukraine"], "Percent": [0.13074038515977252, 0.04954251184626695, 0.044831710933820317, 0.031713583946978194, 0.03032869199786223, 0.02981713724483998, 0.027488238055256745, 0.021337534988698812, 0.01998958419914176, 0.016320363372519072, 0.016114777788886894, 0.014154888660549694, 0.012669613125675832, 0.008857847607276927, 0.006471529006640174, 0.006010166046496873, 0.005806588134579857, 0.0055716905439063755, 0.004023775651519587, 0.003395374404675144, 0.003285353994684489, 0.0030849883575117237, 0.002468231606615198, 0.0024678300722721664, 0.002452170232893934, 0.001319040316858781, 0.0011756925563965025, 0.0009167029051411253, 0.0008769510051809976, 0.0007605060457018359, 0.0005412682944065864]}}