{"1998-3": {"Total Votes": 892790.0, "Parties": ["Communist Party of Ukraine", "Progressive Socialist Party of Ukraine", "Socialist Party of Ukraine-Peasant Party of Ukraine", "None of the Above", "Party of Greens of Ukraine", "People's Movement of Ukraine", "People's Democratic Party", "Agrarian Party of Ukraine", "Social Democratic Party of Ukraine (United)", "Hromada", "Christian Democratic Party of Ukraine", "Forward Ukraine!", "Party of National Economic Development of Ukraine", "Working Ukraine Electoral Bloc", "Reforms and Order Party", "Party of Economic Revival", "Electoral Bloc of the Party of Labour and the Liberal Party", "Party of Regional Revival of Ukraine", "Social Liberal Union Electoral Bloc", "National Front Electoral Bloc", "All-Ukrainian Party of Workers", "All-Ukrainian Party of Women's Initiatives", "Republican Christian Party", "Party of Spiritual, Economic and Social Progress", "Social Democratic Party of Ukraine", "Union Party", "Ukrainian National Assembly", "Party of Defenders of the Fatherland", "European Choice of Ukraine\" Electoral Bloc", "Fewer Words Electoral Bloc", "Party of Muslims of Ukraine"], "Percent": [0.13314103700058355, 0.07361062983727237, 0.0566685365801352, 0.02882018242379162, 0.02813899966025516, 0.026651346168389278, 0.02238139688179701, 0.020822069644306336, 0.017470334405993958, 0.012215576567312935, 0.011163609151213543, 0.009572113382221975, 0.009016218583478468, 0.008306253449651732, 0.008249817429474728, 0.005666176425771396, 0.004396365971788762, 0.0037061534450239797, 0.0036694700319089262, 0.003150823006482241, 0.00294821769404679, 0.002225836635781114, 0.0021688362554023377, 0.0019498644971155548, 0.0016908231645030977, 0.0016027829730269685, 0.0014509700787508225, 0.0010525317763011605, 0.0006958561287824832, 0.0006495785922373383, 0.0006027366954904235]}}