{"2001-12": {"Total Votes": 291615.0, "Parties": ["movement for multiparty democracy", "united party for national development", "forum for democracy and development", "united national independence party", "heritage party", "zambia republican party", "independent", "patriotic front", "national citizens' coalition", "zambia alliance for progress", "national leadership for development", "agenda for zambia", "democratic party", "zambia progressive party"], "Percent": [0.26986609056461425, 0.25942424086552474, 0.13497933919722918, 0.098924952420143, 0.06549731666752395, 0.05974658368053768, 0.03757694220118993, 0.03248804073864513, 0.03234058604667112, 0.004516228589064349, 0.003950414073350136, 0.0005452394424155136, 7.887111431167807e-05, 6.515439877921232e-05]}, "1991-10": {"Total Votes": 190811.0, "Parties": ["movement for multiparty democracy", "united national independence party", "independent", "national democratic alliance", "democratic party"], "Percent": [0.7125480187200949, 0.280345472745282, 0.003914868639648658, 0.0025627453343884787, 0.0006288945605861298]}, "1968-12": {"Total Votes": 173806.0, "Parties": ["united national independence party", "african national congress"], "Percent": [0.7197277424254629, 0.28027225757453716]}, "1996-11": {"Total Votes": 192010.0, "Parties": ["movement for multiparty democracy", "zambia democratic congress", "independent", "national party", "national lima party", "agenda for zambia"], "Percent": [0.48843810218217804, 0.15541898859434405, 0.1134992969116192, 0.10710900473933649, 0.0938805270558825, 0.04165408051663976]}, "2006-9": {"Total Votes": 32818.0, "Parties": ["independent", "united democratic alliance", "movement for multiparty democracy", "party for unity, democracy and development"], "Percent": [0.3680297397769517, 0.3217136937046743, 0.2813699798890853, 0.028886586629288804]}}