{"2001-12": {"Total Votes": 77822.0, "Parties": ["united party for national development", "united national independence party", "movement for multiparty democracy", "forum for democracy and development", "heritage party", "patriotic front", "zambia republican party", "independent", "national citizens' coalition", "zambia alliance for progress", "national leadership for development", "agenda for zambia", "zamibia united development party"], "Percent": [0.28179692117910105, 0.24414689933437847, 0.2307959188918301, 0.06982601320963225, 0.06503302408059418, 0.04745444732851893, 0.04138932435558068, 0.00776130143147182, 0.007105959754311121, 0.002055973889131608, 0.0014520315591991981, 0.000912338413302151, 0.00026984657294852355]}, "1991-10": {"Total Votes": 43607.0, "Parties": ["movement for multiparty democracy", "united national independence party", "independent"], "Percent": [0.6936959662439517, 0.2947233242369344, 0.011580709519113904]}, "1968-12": {"Total Votes": 16830.0, "Parties": ["united national independence party", "african national congress"], "Percent": [0.9556743909685087, 0.04432560903149139]}, "1996-11": {"Total Votes": 75725.0, "Parties": ["movement for multiparty democracy", "independent", "national party", "zambia democratic congress", "agenda for zambia", "national lima party", "united national independence party"], "Percent": [0.6302410036315615, 0.1938197424892704, 0.10254209310003301, 0.03622317596566524, 0.01876526906569825, 0.017088147903598548, 0.0013205678441729944]}, "2006-9": {"Total Votes": 39904.0, "Parties": ["movement for multiparty democracy", "independent", "united democratic alliance", "united party for national development", "direct democracy movement"], "Percent": [0.30235064153969526, 0.288742983159583, 0.2475190457097033, 0.15459603047313553, 0.006791299117882919]}}