{"2006-5": {"Total Votes": 221207.0, "Parties": ["people's action party", "singapore democratic party", "singapore democratic alliance"], "Percent": [0.7503288774767525, 0.20766521855095002, 0.04200590397229744]}, "1972-9": {"Total Votes": 95742.0, "Parties": ["people's action party", "united national front", "barisan sosialis", "workers' party", "pertubohan kebangsaan melayu singapura"], "Percent": [0.6838169246516681, 0.12811514277955338, 0.07720749514319734, 0.057842952936015546, 0.05301748448956571]}, "1984-12": {"Total Votes": 136943.0, "Parties": ["people's action party", "workers' party", "independent", "singapore united front", "singapore democratic party", "pertubohan kebangsaan melayu singapura", "united people's front"], "Percent": [0.7040812600863133, 0.07828074454335016, 0.06093046011844344, 0.04674207516996123, 0.043784640324806674, 0.03481740578196768, 0.031363413975157545]}, "1976-12": {"Total Votes": 115824.0, "Parties": ["people's action party", "workers' party", "united front", "pertubohan kebangsaan melayu singapura", "united people's front", "singapore justice party"], "Percent": [0.7331123083298797, 0.09555014504765852, 0.0762363586130681, 0.05267474789335544, 0.023181723995026937, 0.01924471612101119]}, "1968-4": {"Total Votes": 23397.0, "Parties": ["people's action party", "independent", "workers' party"], "Percent": [0.8650254306107621, 0.09270419284523657, 0.04227037654400137]}, "1997-1": {"Total Votes": 46214.0, "Parties": ["people's action party", "singapore democratic party", "national solidarity party", "independent", "singapore people's party", "democratic progresive party"], "Percent": [0.6355217033799282, 0.1437443199030597, 0.1090578612541654, 0.06945947115592678, 0.03258752758904228, 0.0096291167178777]}, "2001-11": {"Total Votes": 23492.0, "Parties": ["people's action party", "singapore democratic alliance"], "Percent": [0.6533713604631364, 0.3466286395368636]}, "1963-9": {"Total Votes": 70802.0, "Parties": ["people's action party", "barisan sosialis", "singapore alliance", "united people's party", "independent"], "Percent": [0.4163441710686139, 0.3962882404451852, 0.10995452105872715, 0.05293635773000763, 0.024476709697466174]}, "1988-9": {"Total Votes": 145339.0, "Parties": ["people's action party", "singapore democratic party", "workers' party", "national solidarity party", "pertubohan kebangsaan melayu singapura", "independent"], "Percent": [0.6091207452920414, 0.2134802083405005, 0.08032255623060569, 0.04654635025698539, 0.026076964888983686, 0.024453174990883383]}, "1991-8": {"Total Votes": 111103.0, "Parties": ["people's action party", "singapore democratic party", "independent", "workers' party"], "Percent": [0.5934043185152515, 0.2803344644159024, 0.08984455865278165, 0.036416658416064375]}, "1980-12": {"Total Votes": 52747.0, "Parties": ["people's action party", "united people's front", "pertubohan kebangsaan melayu singapura"], "Percent": [0.815724117011394, 0.1309458357821298, 0.053330047206476196]}}