{"2011-6": {"Total Votes": 1122706.0, "Parties": ["partido social democrata", "partido socialista", "centro democr\u00e1tico e social - partido popular", "coligacao democr\u00e1tica unit\u00e1ria", "bloco de esquerda", "partido pelos animais e pela natureza", "partido comunista dos trabalhadores portugueses", "movimento esperan\u00e7a portugal", "partido nacional renovador", "partido popular mon\u00e1rquico", "partido da terra/movimento o partido da terra", "partido trabalhista portugu\u00eas", "portugal pro vida", "partido da nova democracia", "partido oper\u00e1rio de unidade socialista", "partido humanista", "partido democr\u00e1tico do atl\u00e2ntico"], "Percent": [0.35550179655225855, 0.2868373376467214, 0.1436181867737413, 0.09945702614932138, 0.05956501523996487, 0.0150644959588708, 0.012843077350615389, 0.0055294974819765814, 0.005252488184796376, 0.003803310929130155, 0.0036830657358204195, 0.0021465993768626872, 0.0017725032198990652, 0.0017252958477107986, 0.0016290996930630104, 0.0015712038592472115, 0.0]}, "1991-10": {"Total Votes": 1206423.0, "Parties": ["partido social democr\u00e1ta", "partido socialista portugu\u00eas", "coligacao democr\u00e1tica unit\u00e1ria", "others", "centro democr\u00e1tico social"], "Percent": [0.4613622253554516, 0.3027188639473883, 0.12377499434278026, 0.07134893814192866, 0.04079497821245119]}, "2009-9": {"Total Votes": 1111490.0, "Parties": ["partido socialista", "partido social democrata", "centro democr\u00e1tico e social - partido popular", "bloco de esquerda", "coligacao democr\u00e1tica unit\u00e1ria", "partido comunista dos trabalhadores portugueses", "movimento esperan\u00e7a portugal", "partido liberal-democrata", "partido nacional renovador", "partido da nova democracia", "partido popular mon\u00e1rquico", "frente ecologia e humanismo", "partido trabalhista portugu\u00eas", "partido oper\u00e1rio de unidade socialista"], "Percent": [0.3756767942131733, 0.2594202376989447, 0.11349989653528147, 0.11178778036689489, 0.1021727590891506, 0.009007728364627663, 0.008459815203015772, 0.004169178310196223, 0.003928960224563424, 0.0037760123797784956, 0.002872720402342801, 0.0027827510818810787, 0.0016860250654526807, 0.0007593410646969383]}, "1975-4": {"Total Votes": 1190773.0, "Parties": ["partido socialista portugu\u00eas", "partido comunista portugu\u00eas", "partido popular democr\u00e1tico", "others", "centro democr\u00e1tico social", "movimiento democr\u00e1tico portugu\u00eas"], "Percent": [0.4883894747361588, 0.20099296843311026, 0.15809562359912427, 0.058226882873561966, 0.050750226953415974, 0.04354482340462876]}, "1979-12": {"Total Votes": 1281578.0, "Parties": ["alianca democr\u00e1tica", "alianca povo unido", "partido socialista portugu\u00eas", "others"], "Percent": [0.4068726210968041, 0.26643247621291877, 0.2637935420239736, 0.06290136066630357]}, "1985-10": {"Total Votes": 1260821.0, "Parties": ["partido social democr\u00e1ta", "partido renovador democr\u00e1tico", "alianca povo unido", "partido socialista portugu\u00eas", "centro democr\u00e1tico social", "others"], "Percent": [0.2611774391448112, 0.21691263073822534, 0.2051805926455857, 0.2021888912066027, 0.08216233708036272, 0.032378109184412376]}, "1995-10": {"Total Votes": 1233839.0, "Parties": ["partido socialista portugu\u00eas", "partido social democr\u00e1ta", "coligacao democr\u00e1tica unit\u00e1ria", "partido popular", "others"], "Percent": [0.4492028538569457, 0.29585059314870094, 0.12242764250441103, 0.09579612899251848, 0.0367227814974239]}, "1976-4": {"Total Votes": 1162631.0, "Parties": ["partido socialista portugu\u00eas", "partido comunista portugu\u00eas", "partido popular democr\u00e1tico", "centro democr\u00e1tico social", "others"], "Percent": [0.39646629068036204, 0.22627385645144504, 0.16880162321493233, 0.13601994097869402, 0.07243828867456656]}, "1983-4": {"Total Votes": 1241004.0, "Parties": ["partido socialista portugu\u00eas", "alianca povo unido", "partido social democr\u00e1ta", "centro democr\u00e1tico social", "others"], "Percent": [0.364898904435441, 0.2578235041949905, 0.22283328659698115, 0.11955884106739383, 0.034885463705193534]}, "1987-7": {"Total Votes": 1210808.0, "Parties": ["partido social democr\u00e1ta", "partido socialista portugu\u00eas", "coligacao democr\u00e1tica unit\u00e1ria", "partido renovador democr\u00e1tico", "others", "centro democr\u00e1tico social"], "Percent": [0.4659524879254184, 0.21569563465058045, 0.16764425078129647, 0.06982940317540023, 0.04334130597088886, 0.03753691749641562]}, "1980-10": {"Total Votes": 1297695.0, "Parties": ["alianca democr\u00e1tica", "frente republicana e socialista", "alianca povo unido", "others"], "Percent": [0.42303006484574573, 0.2856025491351974, 0.23483484177715103, 0.05653254424190584]}, "2002-3": {"Total Votes": 1117957.0, "Parties": ["partido socialista", "partido social democrata", "coliga_\u2039o democr\u2021tica unit\u2021ria", "centro democr\u2021tico e social - partido popular", "bloco de esquerda", "partido comunista dos trabalhadores portugueses/movimento reorganizativo do partido do proletariado", "partido da terra", "partido popular mon\u2021rquico", "partido nacional renovador", "partido humanista", "partido oper\u2021rio de unidade socialista"], "Percent": [0.39428171208731644, 0.36360879711831495, 0.08963493229167133, 0.08635663089009685, 0.04749019863912476, 0.007028892882284381, 0.004073501932543023, 0.0036137346964149786, 0.0014437049009935086, 0.0014159757486200274, 0.0010519188126198056]}, "1999-10": {"Total Votes": 1115521.0, "Parties": ["partido socialista", "partido social democrata", "coliga_\u2039o democr\u2021tica unit\u2021ria", "centro democr\u2021tico e social - partido popular", "bloco de esquerda", "partido comunista dos trabalhadores portugueses/movimento reorganizativo do partido do proletariado", "partido da terra", "partido popular mon\u2021rquico", "partido humanista", "partido da solidariedade nacional", "partido oper\u2021rio de unidade socialista"], "Percent": [0.43623024577753355, 0.27841430147886054, 0.12558436820104688, 0.0869799851369898, 0.04960910641753943, 0.00845703487428744, 0.0055606304139500734, 0.004327126069343383, 0.0018663924749063442, 0.0016252495470726234, 0.0013455596084699436]}, "2005-2": {"Total Votes": 1148599.0, "Parties": ["partido socialista", "partido social democrata", "coliga_\u2039o democr\u2021tica unit\u2021ria", "bloco de esquerda", "centro democr\u2021tico e social - partido popular", "partido comunista dos trabalhadores portugueses/movimento reorganizativo do partido do proletariado", "partido da nova democracia", "partido humanista", "partido nacional renovador", "partido oper\u2021rio de unidade socialista", "partido democr\u2021tico do atl\u2030ntico"], "Percent": [0.4558048544357082, 0.24438206893789738, 0.10073924842351421, 0.09049633510041363, 0.08502445152746956, 0.009563825146983411, 0.006271118118681977, 0.0031194524808048764, 0.0023689729836087266, 0.0012397712343472352, 0.000989901610570791]}}