{"1953-4": {"Total Votes": 834542.0, "Parties": ["kaishin t\u00f4", "jiy\u00fb t\u00f4 b\u00fbnto ha", "uha shakai t\u00f4", "jiy\u00fb t\u00f4", "saha shakai t\u00f4", "independent", "nihon ky\u00f4san t\u00f4"], "Percent": [0.5636169300047211, 0.11558675297348725, 0.10553692923783345, 0.09494069801160397, 0.08467758363269913, 0.02572309122848221, 0.009918014911172834]}, "1983-12": {"Total Votes": 1641929.0, "Parties": ["jiy\u00fb minshu t\u00f4", "nihon shakai t\u00f4", "nihon ky\u00f4san t\u00f4"], "Percent": [0.6517589981052774, 0.3038511409445841, 0.04438986095013853]}, "1976-12": {"Total Votes": 1415771.0, "Parties": ["jiy\u00fb minshu t\u00f4", "nihon shakai t\u00f4", "nihon ky\u00f4san t\u00f4", "k\u00f4mei t\u00f4"], "Percent": [0.5719893965902678, 0.3561960232269201, 0.05546447836549838, 0.016350101817313677]}, "1969-12": {"Total Votes": 1187207.0, "Parties": ["jiy\u00fb minshu t\u00f4", "nihon shakai t\u00f4", "minshu shakai t\u00f4", "k\u00f4mei t\u00f4", "ldp affiliated independent", "nihon ky\u00f4san t\u00f4"], "Percent": [0.5336845217388375, 0.3317365884803577, 0.05259150257705691, 0.03027357486942041, 0.027286732642243516, 0.024427079692084026]}, "2012-12": {"Total Votes": 0, "Parties": [], "Percent": []}, "2009-8": {"Total Votes": 0, "Parties": [], "Percent": []}, "1952-10": {"Total Votes": 1086162.0, "Parties": ["jiy\u00fb t\u00f4", "kaishin t\u00f4", "uha shakai t\u00f4", "saha shakai t\u00f4", "nihon ky\u00f4san t\u00f4", "ky\u00f4d\u00f4 t\u00f4"], "Percent": [0.4847508935131224, 0.3678686973029806, 0.08495970214387909, 0.048745030667616804, 0.00947372491396311, 0.00420195145843806]}, "1993-7": {"Total Votes": 1499433.0, "Parties": ["jiy\u00fb minshu t\u00f4", "nihon shakai t\u00f4", "shinsei t\u00f4", "nihon ky\u00f4san t\u00f4"], "Percent": [0.6437726794061489, 0.2743437019193255, 0.047173164789623814, 0.03471045388490183]}, "1949-1": {"Total Votes": 1096738.0, "Parties": ["minshu jiy\u00fb t\u00f4", "minshu t\u00f4", "nihon shakai t\u00f4", "nihon ky\u00f4san t\u00f4", "farmer-labour party", "kokumin ky\u00f4d\u00f4 t\u00f4", "progressive socialist party", "independent"], "Percent": [0.514189350601511, 0.2982891082464545, 0.10506337885620814, 0.03019134925570191, 0.020911101831066307, 0.0156938120134435, 0.008580900816785777, 0.007080998378828854]}, "1955-2": {"Total Votes": 1222372.0, "Parties": ["nihon minshu t\u00f4", "jiy\u00fb t\u00f4", "uha shakai t\u00f4", "saha shakai t\u00f4", "nihon ky\u00f4san t\u00f4", "independent"], "Percent": [0.7407892196483559, 0.09529504929759516, 0.07838366716515104, 0.06628669504864312, 0.01073404822754448, 0.00851132061271037]}, "1967-1": {"Total Votes": 1503938.0, "Parties": ["jiy\u00fb minshu t\u00f4", "nihon shakai t\u00f4", "minshu shakai t\u00f4", "nihon ky\u00f4san t\u00f4"], "Percent": [0.656534378411876, 0.2899986568595248, 0.03865385408175071, 0.014813110646848473]}, "1979-10": {"Total Votes": 1477703.0, "Parties": ["jiy\u00fb minshu t\u00f4", "nihon shakai t\u00f4", "nihon ky\u00f4san t\u00f4"], "Percent": [0.5785973230073973, 0.35809496224884163, 0.0633077147437611]}, "1980-6": {"Total Votes": 1505266.0, "Parties": ["jiy\u00fb minshu t\u00f4", "nihon shakai t\u00f4", "nihon ky\u00f4san t\u00f4", "ldp affiliated independent"], "Percent": [0.5892599713273269, 0.34277131085137114, 0.04981312273046758, 0.018155595090834444]}, "1990-2": {"Total Votes": 1561708.0, "Parties": ["jiy\u00fb minshu t\u00f4", "nihon shakai t\u00f4", "ldp affiliated independent", "nihon ky\u00f4san t\u00f4", "jsp affiliated independent"], "Percent": [0.5812623102398145, 0.31712970670573504, 0.05499683679663548, 0.04259054829712085, 0.0040205979606943165]}, "1947-4": {"Total Votes": 518863.0, "Parties": ["nihon shakai t\u00f4", "independent", "nihon jiy\u00fb t\u00f4", "kokumin ky\u00f4d\u00f4 t\u00f4", "minshu t\u00f4", "nihon ky\u00f4san t\u00f4"], "Percent": [0.2824483534189179, 0.27948803441370845, 0.2175159916972303, 0.12559770112727253, 0.05822538897550991, 0.03672453036736094]}, "1963-11": {"Total Votes": 1662962.0, "Parties": ["jiy\u00fb minshu t\u00f4", "nihon shakai t\u00f4", "minshu shakai t\u00f4", "nihon ky\u00f4san t\u00f4"], "Percent": [0.7180645138012774, 0.2381822314640984, 0.03406692395857512, 0.009686330776049001]}, "1958-5": {"Total Votes": 1815411.0, "Parties": ["jiy\u00fb minshu t\u00f4", "nihon shakai t\u00f4", "jsp affiliated independent", "nihon ky\u00f4san t\u00f4"], "Percent": [0.782282359201305, 0.17777792466829825, 0.03399891264292218, 0.005940803487474737]}, "1960-11": {"Total Votes": 1532372.0, "Parties": ["jiy\u00fb minshu t\u00f4", "nihon shakai t\u00f4", "minshu shakai t\u00f4", "nihon ky\u00f4san t\u00f4"], "Percent": [0.7740039624843054, 0.18730830372781546, 0.0294523784041995, 0.00923535538367968]}, "2005-9": {"Total Votes": 0, "Parties": [], "Percent": []}, "1986-7": {"Total Votes": 1560754.0, "Parties": ["jiy\u00fb minshu t\u00f4", "nihon shakai t\u00f4", "ldp affiliated independent", "nihon ky\u00f4san t\u00f4"], "Percent": [0.6234063792244005, 0.27433663472911174, 0.05969358399850329, 0.0425634020479845]}, "1972-12": {"Total Votes": 1276379.0, "Parties": ["jiy\u00fb minshu t\u00f4", "nihon shakai t\u00f4", "nihon ky\u00f4san t\u00f4", "minshu shakai t\u00f4", "ldp affiliated independent"], "Percent": [0.5665793623994128, 0.32094385758462024, 0.05365099237765585, 0.04231815158350302, 0.01650763605480817]}}