{"1953-4": {"Total Votes": 2396625.0, "Parties": ["jiy\u00fb t\u00f4", "kaishin t\u00f4", "uha shakai t\u00f4", "jiy\u00fb t\u00f4 b\u00fbnto ha", "saha shakai t\u00f4", "independent", "nihon ky\u00f4san t\u00f4"], "Percent": [0.7922474312835759, 0.07429155583372452, 0.04829624993480415, 0.04782600531998123, 0.03146967089135764, 0.003989360037552809, 0.0018797266990038075]}, "1983-12": {"Total Votes": 2972463.0, "Parties": ["jiy\u00fb minshu t\u00f4", "nihon shakai t\u00f4", "k\u00f4mei t\u00f4", "minshu shakai t\u00f4", "nihon ky\u00f4san t\u00f4", "independent"], "Percent": [0.7859663854520647, 0.08921725854955974, 0.0668004950776511, 0.0270829275250861, 0.0254253795589718, 0.005507553836666765]}, "1976-12": {"Total Votes": 2777558.0, "Parties": ["jiy\u00fb minshu t\u00f4", "nihon shakai t\u00f4", "k\u00f4mei t\u00f4", "nihon ky\u00f4san t\u00f4", "shin jiy\u00fb t\u00f4", "minshu shakai t\u00f4"], "Percent": [0.7128405599451029, 0.1372903824150567, 0.04464281213929646, 0.043853269670696346, 0.038001726696616236, 0.023371249133231423]}, "1969-12": {"Total Votes": 2732904.0, "Parties": ["jiy\u00fb minshu t\u00f4", "nihon shakai t\u00f4", "k\u00f4mei t\u00f4", "minshu shakai t\u00f4", "ldp affiliated independent", "nihon ky\u00f4san t\u00f4"], "Percent": [0.833367728979869, 0.06633200434409697, 0.03888025338614163, 0.022277767532266044, 0.020667758545488607, 0.01847448721213771]}, "2012-12": {"Total Votes": 0, "Parties": [], "Percent": []}, "2009-8": {"Total Votes": 0, "Parties": [], "Percent": []}, "1952-10": {"Total Votes": 5276732.0, "Parties": ["jiy\u00fb t\u00f4", "kaishin t\u00f4", "uha shakai t\u00f4", "saha shakai t\u00f4", "nihon ky\u00f4san t\u00f4", "independent"], "Percent": [0.9142114854421262, 0.053319933625584924, 0.01618558607865626, 0.01064351951169777, 0.0029667983896093262, 0.0026726769523257956]}, "1993-7": {"Total Votes": 2795407.0, "Parties": ["jiy\u00fb minshu t\u00f4", "nihon shakai t\u00f4", "shinsei t\u00f4", "k\u00f4mei t\u00f4", "nihon shint\u00f4", "minshu shakai t\u00f4", "nihon ky\u00f4san t\u00f4", "ldp affiliated independent"], "Percent": [0.7190130095546015, 0.08681812702050185, 0.05731938139956007, 0.03819229185589075, 0.029348499163091457, 0.026269162236482915, 0.022841396619526246, 0.020198132150345192]}, "1949-1": {"Total Votes": 2153147.0, "Parties": ["minshu jiy\u00fb t\u00f4", "nihon shakai t\u00f4", "minshu t\u00f4", "kokumin ky\u00f4d\u00f4 t\u00f4", "nihon ky\u00f4san t\u00f4", "japan farmers\u2019 party", "independent"], "Percent": [0.7266856373484952, 0.11505531206183323, 0.05911161662441069, 0.04189774316384344, 0.04048864290269081, 0.010298878803908883, 0.0064621690948179576]}, "1955-2": {"Total Votes": 2277268.0, "Parties": ["nihon minshu t\u00f4", "jiy\u00fb t\u00f4", "saha shakai t\u00f4", "uha shakai t\u00f4"], "Percent": [0.45547120497016597, 0.4083190911214666, 0.08600349190345624, 0.050206212004911155]}, "1967-1": {"Total Votes": 2697868.0, "Parties": ["jiy\u00fb minshu t\u00f4", "nihon shakai t\u00f4", "ldp affiliated independent", "minshu shakai t\u00f4", "k\u00f4mei t\u00f4", "nihon ky\u00f4san t\u00f4"], "Percent": [0.8381092032671726, 0.08225235630505273, 0.032105721999742015, 0.01742487030499639, 0.017087937586271827, 0.013019910536764587]}, "1979-10": {"Total Votes": 2779827.0, "Parties": ["jiy\u00fb minshu t\u00f4", "nihon shakai t\u00f4", "minshu shakai t\u00f4", "nihon ky\u00f4san t\u00f4", "k\u00f4mei t\u00f4", "shin jiy\u00fb t\u00f4"], "Percent": [0.7548764725286862, 0.12142410301072691, 0.04199541913939249, 0.037600901063267606, 0.024861259351751028, 0.019241844906175816]}, "1980-6": {"Total Votes": 2678557.0, "Parties": ["jiy\u00fb minshu t\u00f4", "nihon shakai t\u00f4", "k\u00f4mei t\u00f4", "nihon ky\u00f4san t\u00f4", "ldp affiliated independent", "minshu shakai t\u00f4"], "Percent": [0.7552708417256009, 0.0976630327448697, 0.05511960357759794, 0.03270156281908505, 0.03033461673580215, 0.02891034239704438]}, "1990-2": {"Total Votes": 3208240.0, "Parties": ["jiy\u00fb minshu t\u00f4", "nihon shakai t\u00f4", "k\u00f4mei t\u00f4", "minshu shakai t\u00f4", "nihon ky\u00f4san t\u00f4"], "Percent": [0.7793251128344513, 0.11163722165424034, 0.059704697902900034, 0.024847891678926762, 0.024485075929481584]}, "1947-4": {"Total Votes": 1824612.0, "Parties": ["nihon shakai t\u00f4", "nihon jiy\u00fb t\u00f4", "minshu t\u00f4", "kokumin ky\u00f4d\u00f4 t\u00f4", "independent", "nihon ky\u00f4san t\u00f4"], "Percent": [0.33475500544773357, 0.30781283911319224, 0.21055599765868033, 0.08742899860353873, 0.04879886792370104, 0.010648291253154096]}, "1963-11": {"Total Votes": 2730243.0, "Parties": ["jiy\u00fb minshu t\u00f4", "nihon shakai t\u00f4", "ldp affiliated independent", "minshu shakai t\u00f4", "nihon ky\u00f4san t\u00f4"], "Percent": [0.828326269859496, 0.10699047667185668, 0.0359436870637522, 0.019000872816082672, 0.009738693588812424]}, "1958-5": {"Total Votes": 2970541.0, "Parties": ["jiy\u00fb minshu t\u00f4", "nihon shakai t\u00f4", "ldp affiliated independent", "nihon ky\u00f4san t\u00f4"], "Percent": [0.7136104164190966, 0.25685489612834833, 0.025630011502955186, 0.0039046759495997532]}, "1960-11": {"Total Votes": 2576654.0, "Parties": ["jiy\u00fb minshu t\u00f4", "nihon shakai t\u00f4", "minshu shakai t\u00f4", "ldp affiliated independent", "nihon ky\u00f4san t\u00f4", "jsp affiliated independent"], "Percent": [0.8385945493651845, 0.07299389052624063, 0.04402259674756487, 0.03476097295174284, 0.0074061166148035405, 0.0022218737944636724]}, "2005-9": {"Total Votes": 0, "Parties": [], "Percent": []}, "1986-7": {"Total Votes": 3308752.0, "Parties": ["jiy\u00fb minshu t\u00f4", "nihon shakai t\u00f4", "k\u00f4mei t\u00f4", "minshu shakai t\u00f4", "nihon ky\u00f4san t\u00f4"], "Percent": [0.8286187662296842, 0.07574396630512048, 0.05549917310212431, 0.020094283282639496, 0.020043811080431535]}, "1972-12": {"Total Votes": 2604130.0, "Parties": ["jiy\u00fb minshu t\u00f4", "nihon shakai t\u00f4", "nihon ky\u00f4san t\u00f4", "ldp affiliated independent", "minshu shakai t\u00f4", "k\u00f4mei t\u00f4", "jsp affiliated independent"], "Percent": [0.782856078613587, 0.08918679175002783, 0.04286882759309251, 0.028401423892048402, 0.023025348196902613, 0.02111069723861712, 0.012550832715724637]}}