{"1953-4": {"Total Votes": 1927763.0, "Parties": ["jiy\u00fb t\u00f4", "saha shakai t\u00f4", "kaishin t\u00f4", "uha shakai t\u00f4", "independent", "farmer-labour party"], "Percent": [0.8948210957467283, 0.048825503964958356, 0.024188658045620752, 0.018196738914482743, 0.011465621033290917, 0.0025023822949190332]}, "1983-12": {"Total Votes": 1750636.0, "Parties": ["jiy\u00fb minshu t\u00f4", "nihon shakai t\u00f4", "minshu shakai t\u00f4", "nihon ky\u00f4san t\u00f4", "ldp affiliated independent"], "Percent": [0.7507368750556941, 0.18887135875190503, 0.038716215135527886, 0.018187675793254567, 0.003487875263618479]}, "1976-12": {"Total Votes": 1745700.0, "Parties": ["jiy\u00fb minshu t\u00f4", "nihon shakai t\u00f4", "ldp affiliated independent", "nihon ky\u00f4san t\u00f4"], "Percent": [0.6661849114968208, 0.26267743598556453, 0.041519161367932635, 0.029618491149682076]}, "1969-12": {"Total Votes": 1540715.0, "Parties": ["jiy\u00fb minshu t\u00f4", "nihon shakai t\u00f4", "nihon ky\u00f4san t\u00f4", "ldp affiliated independent", "dsp affiliated independent"], "Percent": [0.6945087183547898, 0.2740143374991481, 0.01522150430157427, 0.011734162385645626, 0.004521277458842161]}, "2012-12": {"Total Votes": 0, "Parties": [], "Percent": []}, "2009-8": {"Total Votes": 0, "Parties": [], "Percent": []}, "1952-10": {"Total Votes": 1465483.0, "Parties": ["jiy\u00fb t\u00f4", "kaishin t\u00f4", "uha shakai t\u00f4", "saha shakai t\u00f4", "independent", "nihon ky\u00f4san t\u00f4"], "Percent": [0.8006916491013544, 0.10296741756813282, 0.043138678510770856, 0.0386398204550991, 0.011068705675876145, 0.003493728688766775]}, "1993-7": {"Total Votes": 1080686.0, "Parties": ["jiy\u00fb minshu t\u00f4", "nihon shakai t\u00f4", "shinsei t\u00f4", "ldp affiliated independent", "nihon ky\u00f4san t\u00f4", "nihon shint\u00f4", "minshu shakai t\u00f4"], "Percent": [0.4073884551109203, 0.2353144206550284, 0.19978328580179627, 0.09486566865861129, 0.026076029484975283, 0.01919151353862269, 0.017380626750045803]}, "1949-1": {"Total Votes": 1158608.0, "Parties": ["minshu jiy\u00fb t\u00f4", "nihon shakai t\u00f4", "independent", "minshu t\u00f4", "nihon ky\u00f4san t\u00f4", "new farmers\u2019 party", "japan farmers\u2019 party", "farmer-labour party", "kokumin ky\u00f4d\u00f4 t\u00f4"], "Percent": [0.7848245480783836, 0.1017643586096419, 0.028661980583596865, 0.025149144490630135, 0.023898505793158685, 0.01924378219380498, 0.01039005427202298, 0.003473133277173988, 0.0025944927015867317]}, "1955-2": {"Total Votes": 993112.0, "Parties": ["jiy\u00fb t\u00f4", "nihon minshu t\u00f4", "saha shakai t\u00f4", "uha shakai t\u00f4", "independent", "nihon ky\u00f4san t\u00f4"], "Percent": [0.41629342913991574, 0.40214195377762024, 0.09811984952351799, 0.07082383457253563, 0.009435995134486341, 0.0031849378519240527]}, "1967-1": {"Total Votes": 1607877.0, "Parties": ["jiy\u00fb minshu t\u00f4", "nihon shakai t\u00f4", "ldp affiliated independent", "minshu shakai t\u00f4", "nihon ky\u00f4san t\u00f4", "dsp affiliated independent"], "Percent": [0.661640162773645, 0.28218700808581754, 0.031279755851971264, 0.012883448174207356, 0.008174132722838873, 0.003835492391519998]}, "1979-10": {"Total Votes": 1769363.0, "Parties": ["jiy\u00fb minshu t\u00f4", "nihon shakai t\u00f4", "nihon ky\u00f4san t\u00f4", "dsp affiliated independent", "ldp affiliated independent"], "Percent": [0.7167308234658462, 0.23135896930138133, 0.024415566506138086, 0.02030730833638999, 0.007187332390244399]}, "1980-6": {"Total Votes": 1820739.0, "Parties": ["jiy\u00fb minshu t\u00f4", "nihon shakai t\u00f4", "dsp affiliated independent", "nihon ky\u00f4san t\u00f4", "ldp affiliated independent"], "Percent": [0.7139622977263629, 0.23968399644320246, 0.021394609551396437, 0.01890221497974174, 0.006056881299296604]}, "1990-2": {"Total Votes": 2024409.0, "Parties": ["jiy\u00fb minshu t\u00f4", "nihon shakai t\u00f4", "minshu shakai t\u00f4", "ldp affiliated independent", "nihon ky\u00f4san t\u00f4"], "Percent": [0.6767234289118453, 0.26480123334760913, 0.02861921676894343, 0.01859555060266972, 0.011260570368932365]}, "1947-4": {"Total Votes": 1167013.0, "Parties": ["nihon jiy\u00fb t\u00f4", "minshu t\u00f4", "nihon shakai t\u00f4", "independent", "nihon ky\u00f4san t\u00f4", "kokumin ky\u00f4d\u00f4 t\u00f4"], "Percent": [0.44127528999248505, 0.2741434756939297, 0.24216696814859817, 0.029503527381443052, 0.007740273673043916, 0.005170465110500054]}, "1963-11": {"Total Votes": 1871925.0, "Parties": ["jiy\u00fb minshu t\u00f4", "nihon shakai t\u00f4", "nihon ky\u00f4san t\u00f4"], "Percent": [0.7575645391775846, 0.23620177090428301, 0.006233689918132404]}, "1958-5": {"Total Votes": 1581638.0, "Parties": ["jiy\u00fb minshu t\u00f4", "nihon shakai t\u00f4", "ldp affiliated independent", "independent", "nihon ky\u00f4san t\u00f4"], "Percent": [0.619082242586483, 0.3401796112637658, 0.03134598435293032, 0.005187027625790478, 0.004205134171030286]}, "1960-11": {"Total Votes": 1686314.0, "Parties": ["jiy\u00fb minshu t\u00f4", "nihon shakai t\u00f4", "minshu shakai t\u00f4", "nihon ky\u00f4san t\u00f4"], "Percent": [0.8090248909752277, 0.16020385290046812, 0.024343034571260157, 0.006428221553044095]}, "2005-9": {"Total Votes": 0, "Parties": [], "Percent": []}, "1986-7": {"Total Votes": 1900866.0, "Parties": ["jiy\u00fb minshu t\u00f4", "nihon shakai t\u00f4", "minshu shakai t\u00f4", "nihon ky\u00f4san t\u00f4"], "Percent": [0.7766949379914208, 0.1789373895897975, 0.028431251860993885, 0.01593642055778787]}, "1972-12": {"Total Votes": 1453988.0, "Parties": ["jiy\u00fb minshu t\u00f4", "nihon shakai t\u00f4", "ldp affiliated independent", "nihon ky\u00f4san t\u00f4", "minshu shakai t\u00f4"], "Percent": [0.6361249198755422, 0.28029254711868323, 0.03701543616591058, 0.035593828834900976, 0.010973268004962901]}}