{"1953-4": {"Total Votes": 1538839.0, "Parties": ["jiy\u00fb t\u00f4", "kaishin t\u00f4", "uha shakai t\u00f4", "independent", "jiy\u00fb t\u00f4 b\u00fbnto ha", "saha shakai t\u00f4", "nihon ky\u00f4san t\u00f4"], "Percent": [0.4451297374189243, 0.4189756043354763, 0.05008256224335359, 0.04276015879503964, 0.021609148195490237, 0.01544606030910316, 0.005996728702612814]}, "1983-12": {"Total Votes": 1946269.0, "Parties": ["jiy\u00fb minshu t\u00f4", "nihon shakai t\u00f4", "k\u00f4mei t\u00f4", "minshu shakai t\u00f4", "nihon ky\u00f4san t\u00f4"], "Percent": [0.7164662233226754, 0.16487340650238996, 0.05256775913298727, 0.04832425528023105, 0.01776835576171639]}, "1976-12": {"Total Votes": 2245140.0, "Parties": ["jiy\u00fb minshu t\u00f4", "nihon shakai t\u00f4", "k\u00f4mei t\u00f4", "minshu shakai t\u00f4", "nihon ky\u00f4san t\u00f4"], "Percent": [0.8421016061359203, 0.060094693426690535, 0.038904478117177545, 0.03254184594279198, 0.02635737637741967]}, "1969-12": {"Total Votes": 2685059.0, "Parties": ["jiy\u00fb minshu t\u00f4", "nihon shakai t\u00f4", "k\u00f4mei t\u00f4", "ldp affiliated independent", "nihon ky\u00f4san t\u00f4"], "Percent": [0.8738824733460235, 0.0893395638606079, 0.014981048833563807, 0.012655587828796314, 0.009141326131008667]}, "2012-12": {"Total Votes": 7641968.0, "Parties": ["jiy\u00fb minshu t\u00f4", "nippon ishin no kai", "minshu t\u00f4", "minna no t\u00f4", "k\u00f4mei t\u00f4", "nippon mirai no t\u00f4", "nihon ky\u00f4san t\u00f4", "shakai minshu t\u00f4", "k\u00f4fuku jitsugen t\u00f4"], "Percent": [0.26433544343551296, 0.18886103684286562, 0.17312922535137545, 0.12448285572512212, 0.10611612087357603, 0.06245891110771466, 0.05860924829834409, 0.019260876255959198, 0.0027462821095299013]}, "2009-8": {"Total Votes": 8594503.0, "Parties": ["minshu t\u00f4", "jiy\u00fb minshu t\u00f4", "k\u00f4mei t\u00f4", "minna no t\u00f4", "nihon ky\u00f4san t\u00f4", "shakai minshu t\u00f4", "kokumin shint\u00f4", "shint\u00f4 nippon", "k\u00f4fuku jitsugen t\u00f4"], "Percent": [0.4299444656660193, 0.25988239226863963, 0.10034634928860925, 0.07043548649642685, 0.06996320787833805, 0.04302215032096678, 0.011983473622616689, 0.00928407378530207, 0.005138400673081387]}, "1952-10": {"Total Votes": 2031282.0, "Parties": ["jiy\u00fb t\u00f4", "kaishin t\u00f4", "uha shakai t\u00f4", "independent", "nihon ky\u00f4san t\u00f4"], "Percent": [0.6139762967426483, 0.33656479011776796, 0.03350396449139017, 0.009813506937983009, 0.006141441710210596]}, "1993-7": {"Total Votes": 1409600.0, "Parties": ["jiy\u00fb minshu t\u00f4", "nihon shakai t\u00f4", "shinsei t\u00f4", "k\u00f4mei t\u00f4", "minshu shakai t\u00f4", "ldp affiliated independent", "nihon ky\u00f4san t\u00f4"], "Percent": [0.5473581157775256, 0.1171311010215664, 0.10089032349602724, 0.08595913734392735, 0.0644005391600454, 0.04880675368898978, 0.03545402951191828]}, "1949-1": {"Total Votes": 1253150.0, "Parties": ["minshu jiy\u00fb t\u00f4", "minshu t\u00f4", "independent", "nihon shakai t\u00f4", "nihon ky\u00f4san t\u00f4", "kokumin ky\u00f4d\u00f4 t\u00f4"], "Percent": [0.5035326976020429, 0.301426804452779, 0.11873598531700116, 0.03991780712604237, 0.03549056377927622, 0.0008961417228583969]}, "1955-2": {"Total Votes": 1549145.0, "Parties": ["nihon minshu t\u00f4", "jiy\u00fb t\u00f4", "uha shakai t\u00f4", "independent", "saha shakai t\u00f4"], "Percent": [0.5301853603116558, 0.32457645991821293, 0.0594011535395331, 0.05460625054465528, 0.03123077568594289]}, "1967-1": {"Total Votes": 2973845.0, "Parties": ["jiy\u00fb minshu t\u00f4", "nihon shakai t\u00f4", "minshu shakai t\u00f4", "nihon ky\u00f4san t\u00f4"], "Percent": [0.8529274390561714, 0.1327789444305268, 0.009066377030410126, 0.005227239482891677]}, "1979-10": {"Total Votes": 1876101.0, "Parties": ["jiy\u00fb minshu t\u00f4", "nihon shakai t\u00f4", "minshu shakai t\u00f4", "k\u00f4mei t\u00f4", "nihon ky\u00f4san t\u00f4", "ldp affiliated independent"], "Percent": [0.7974373447911387, 0.0787159113501885, 0.04440912296299613, 0.039399797772081566, 0.02867009825163997, 0.011367724871955188]}, "1980-6": {"Total Votes": 1996128.0, "Parties": ["jiy\u00fb minshu t\u00f4", "nihon shakai t\u00f4", "minshu shakai t\u00f4", "k\u00f4mei t\u00f4", "nihon ky\u00f4san t\u00f4", "ldp affiliated independent"], "Percent": [0.8086420309719617, 0.07136967168438096, 0.04015874733484025, 0.03840234694368297, 0.026182689687234487, 0.015244513377899614]}, "1990-2": {"Total Votes": 1925693.0, "Parties": ["jiy\u00fb minshu t\u00f4", "nihon shakai t\u00f4", "ldp affiliated independent", "minshu shakai t\u00f4", "k\u00f4mei t\u00f4", "nihon ky\u00f4san t\u00f4"], "Percent": [0.6415700737344946, 0.17482433596632485, 0.058563852078186915, 0.04915061746602392, 0.04801699959443172, 0.02787412116053805]}, "1947-4": {"Total Votes": 1911851.0, "Parties": ["minshu t\u00f4", "nihon shakai t\u00f4", "nihon jiy\u00fb t\u00f4", "independent", "nihon ky\u00f4san t\u00f4"], "Percent": [0.43413425000169986, 0.3868967822283222, 0.12011814728239804, 0.04729761890440207, 0.011553201583177769]}, "1963-11": {"Total Votes": 2538859.0, "Parties": ["jiy\u00fb minshu t\u00f4", "nihon shakai t\u00f4", "ldp affiliated independent", "minshu shakai t\u00f4", "nihon ky\u00f4san t\u00f4"], "Percent": [0.8966110366901037, 0.04685293669321534, 0.036154430001823654, 0.015493967959622807, 0.004887628655234497]}, "1958-5": {"Total Votes": 2231371.0, "Parties": ["jiy\u00fb minshu t\u00f4", "nihon shakai t\u00f4", "ldp affiliated independent", "nihon ky\u00f4san t\u00f4"], "Percent": [0.7650466910253831, 0.1756606140350484, 0.05670997785666301, 0.0025827170829055323]}, "1960-11": {"Total Votes": 2239055.0, "Parties": ["jiy\u00fb minshu t\u00f4", "nihon shakai t\u00f4", "ldp affiliated independent", "minshu shakai t\u00f4", "nihon ky\u00f4san t\u00f4"], "Percent": [0.8305052801293404, 0.12362626197212663, 0.023910980301957745, 0.01799911123219394, 0.003958366364381401]}, "2005-9": {"Total Votes": 8279219.0, "Parties": ["jiy\u00fb minshu t\u00f4", "minshu t\u00f4", "k\u00f4mei t\u00f4", "nihon ky\u00f4san t\u00f4", "shakai minshu t\u00f4", "shint\u00f4 nippon"], "Percent": [0.42402755622239247, 0.2946593150875705, 0.12169070536725747, 0.06847807746117116, 0.0537191974267138, 0.037425148434894646]}, "1986-7": {"Total Votes": 2131670.0, "Parties": ["jiy\u00fb minshu t\u00f4", "nihon shakai t\u00f4", "minshu shakai t\u00f4", "k\u00f4mei t\u00f4", "nihon ky\u00f4san t\u00f4"], "Percent": [0.8244620414979804, 0.07435672500903048, 0.04231611834852487, 0.03967452748314702, 0.019190587661317184]}, "1972-12": {"Total Votes": 2200628.0, "Parties": ["jiy\u00fb minshu t\u00f4", "nihon shakai t\u00f4", "k\u00f4mei t\u00f4", "nihon ky\u00f4san t\u00f4", "dsp affiliated independent"], "Percent": [0.8595160108841657, 0.06209818288234086, 0.03174684680918356, 0.02470113076812619, 0.0219378286561836]}}