{"1953-4": {"Total Votes": 1537375.0, "Parties": ["jiy\u00fb t\u00f4", "uha shakai t\u00f4", "kaishin t\u00f4", "saha shakai t\u00f4", "nihon ky\u00f4san t\u00f4", "independent", "jiy\u00fb t\u00f4 b\u00fbnto ha", "farmer-labour party"], "Percent": [0.4683138466541995, 0.21563249044637775, 0.16521017968940566, 0.06971948938938125, 0.02996991625335393, 0.026156272867712823, 0.02126742011545654, 0.0037303845841125294]}, "1983-12": {"Total Votes": 2233754.0, "Parties": ["jiy\u00fb minshu t\u00f4", "nihon shakai t\u00f4", "nihon ky\u00f4san t\u00f4", "minshu shakai t\u00f4", "shin jiy\u00fb t\u00f4"], "Percent": [0.7884543239765883, 0.11254865128389249, 0.06421611332313226, 0.030018077192027412, 0.0047628342243595315]}, "1976-12": {"Total Votes": 1971497.0, "Parties": ["jiy\u00fb minshu t\u00f4", "nihon shakai t\u00f4", "nihon ky\u00f4san t\u00f4", "ldp affiliated independent", "minshu shakai t\u00f4", "nlc affiliated independent", "independent", "k\u00f4mei t\u00f4"], "Percent": [0.610440695572958, 0.19975582006972367, 0.0812326876480157, 0.04058185226759158, 0.02973273608836331, 0.020371321893971943, 0.009234607001684507, 0.008650279457691288]}, "1969-12": {"Total Votes": 1738044.0, "Parties": ["jiy\u00fb minshu t\u00f4", "nihon shakai t\u00f4", "nihon ky\u00f4san t\u00f4", "minshu shakai t\u00f4", "ldp affiliated independent", "k\u00f4mei t\u00f4"], "Percent": [0.5566004082750494, 0.260334606028386, 0.0632458096572929, 0.04138157607057129, 0.04097192015852303, 0.03746567981017741]}, "2012-12": {"Total Votes": 0, "Parties": [], "Percent": []}, "2009-8": {"Total Votes": 0, "Parties": [], "Percent": []}, "1952-10": {"Total Votes": 2287113.0, "Parties": ["jiy\u00fb t\u00f4", "kaishin t\u00f4", "uha shakai t\u00f4", "saha shakai t\u00f4", "nihon ky\u00f4san t\u00f4", "independent", "jsp affiliated independent", "ky\u00f4d\u00f4 t\u00f4"], "Percent": [0.6883074863375793, 0.1331949929889778, 0.09676566046365002, 0.042110730864631525, 0.020441928317490216, 0.01589995771962295, 0.0020235117372862646, 0.0012557315707619168]}, "1993-7": {"Total Votes": 1588469.0, "Parties": ["jiy\u00fb minshu t\u00f4", "shinsei t\u00f4", "nihon shakai t\u00f4", "shint\u00f4 sakigake", "nihon ky\u00f4san t\u00f4", "jnp affiliated independent", "independent"], "Percent": [0.4613624817355579, 0.22923582392857528, 0.12784637282817607, 0.09350575931919351, 0.06002320473361457, 0.021012685799974694, 0.007013671654907965]}, "1949-1": {"Total Votes": 1797962.0, "Parties": ["minshu jiy\u00fb t\u00f4", "minshu t\u00f4", "kokumin ky\u00f4d\u00f4 t\u00f4", "nihon ky\u00f4san t\u00f4", "nihon shakai t\u00f4", "independent", "farmer-labour party", "progressive socialist party"], "Percent": [0.6656731343599029, 0.11838793033445646, 0.08716090773887324, 0.06827063085871671, 0.047417576122298466, 0.007490703363029919, 0.004151366936564844, 0.001447750286157327]}, "1955-2": {"Total Votes": 1731070.0, "Parties": ["nihon minshu t\u00f4", "jiy\u00fb t\u00f4", "uha shakai t\u00f4", "saha shakai t\u00f4", "independent", "nihon ky\u00f4san t\u00f4", "farmer-labour party"], "Percent": [0.3527904706337699, 0.3483406216964074, 0.18570306226784591, 0.060716204428474876, 0.0283685812820972, 0.023144644641753365, 0.0009364150496513717]}, "1967-1": {"Total Votes": 1907121.0, "Parties": ["jiy\u00fb minshu t\u00f4", "nihon shakai t\u00f4", "nihon ky\u00f4san t\u00f4", "jsp affiliated independent", "minshu shakai t\u00f4", "ldp affiliated independent", "dsp affiliated independent"], "Percent": [0.5816940823366739, 0.308017163043142, 0.04267794230151102, 0.024075556820988286, 0.023414875091826895, 0.014226155550696574, 0.005894224855161261]}, "1979-10": {"Total Votes": 1883025.0, "Parties": ["jiy\u00fb minshu t\u00f4", "nihon shakai t\u00f4", "nihon ky\u00f4san t\u00f4", "ldp affiliated independent", "minshu shakai t\u00f4", "nlc affiliated independent"], "Percent": [0.655860649752393, 0.16135261082566615, 0.07559219872279975, 0.060202068480237916, 0.041636197076512525, 0.005356275142390569]}, "1980-6": {"Total Votes": 1827862.0, "Parties": ["jiy\u00fb minshu t\u00f4", "nihon shakai t\u00f4", "nihon ky\u00f4san t\u00f4", "minshu shakai t\u00f4", "ldp affiliated independent", "shin jiy\u00fb t\u00f4"], "Percent": [0.6881854319417987, 0.1466259487860681, 0.09275973787955547, 0.039955423330645314, 0.027179294716997236, 0.005294163344935231]}, "1990-2": {"Total Votes": 2435786.0, "Parties": ["jiy\u00fb minshu t\u00f4", "nihon shakai t\u00f4", "nihon ky\u00f4san t\u00f4", "minshu shakai t\u00f4", "ldp affiliated independent"], "Percent": [0.7684020681619815, 0.13935871213645204, 0.05126189246510161, 0.02114101977759951, 0.019836307458865433]}, "1947-4": {"Total Votes": 1406180.0, "Parties": ["nihon jiy\u00fb t\u00f4", "kokumin ky\u00f4d\u00f4 t\u00f4", "nihon shakai t\u00f4", "minshu t\u00f4", "nihon ky\u00f4san t\u00f4", "independent"], "Percent": [0.42262583737501597, 0.1907607845368303, 0.18495498442589145, 0.12080245772233997, 0.045498442589142214, 0.03535749335078013]}, "1963-11": {"Total Votes": 1965058.0, "Parties": ["jiy\u00fb minshu t\u00f4", "nihon shakai t\u00f4", "nihon ky\u00f4san t\u00f4", "ldp affiliated independent", "independent"], "Percent": [0.6002224870716284, 0.33110523964178157, 0.04060796169884044, 0.017042753954336208, 0.011021557633413365]}, "1958-5": {"Total Votes": 2224475.0, "Parties": ["jiy\u00fb minshu t\u00f4", "nihon shakai t\u00f4", "jsp affiliated independent", "nihon ky\u00f4san t\u00f4", "ldp affiliated independent"], "Percent": [0.6532871801211523, 0.3031209611256589, 0.021091268726328685, 0.02084356983108374, 0.0016570201957765316]}, "1960-11": {"Total Votes": 2020353.0, "Parties": ["jiy\u00fb minshu t\u00f4", "nihon shakai t\u00f4", "nihon ky\u00f4san t\u00f4", "minshu shakai t\u00f4", "ldp affiliated independent"], "Percent": [0.618560716864825, 0.33380503308085274, 0.02640578156391482, 0.01827700406810097, 0.002951464422306399]}, "2005-9": {"Total Votes": 0, "Parties": [], "Percent": []}, "1986-7": {"Total Votes": 2458702.0, "Parties": ["jiy\u00fb minshu t\u00f4", "nihon shakai t\u00f4", "nihon ky\u00f4san t\u00f4", "minshu shakai t\u00f4", "ldp affiliated independent"], "Percent": [0.8122615103416355, 0.10041843216461369, 0.0399963069945036, 0.031724462744976825, 0.015599287754270342]}, "1972-12": {"Total Votes": 1944551.0, "Parties": ["jiy\u00fb minshu t\u00f4", "nihon shakai t\u00f4", "nihon ky\u00f4san t\u00f4", "ldp affiliated independent", "minshu shakai t\u00f4"], "Percent": [0.6522641987790498, 0.18398283202651924, 0.09145658817896779, 0.04098889666560558, 0.031307484349857626]}}