{"1953-4": {"Total Votes": 0, "Parties": [], "Percent": []}, "1983-12": {"Total Votes": 1127910.0, "Parties": ["jiy\u00fb minshu t\u00f4", "nihon ky\u00f4san t\u00f4", "nihon shakai t\u00f4", "k\u00f4mei t\u00f4"], "Percent": [0.7360773465968029, 0.10499153301238574, 0.08463441232013193, 0.0742967080706794]}, "1976-12": {"Total Votes": 880780.0, "Parties": ["jiy\u00fb minshu t\u00f4", "nihon ky\u00f4san t\u00f4", "k\u00f4mei t\u00f4", "nihon shakai t\u00f4", "minshu shakai t\u00f4"], "Percent": [0.6627909353073412, 0.10593905402030018, 0.10301664433797315, 0.08820023161288858, 0.04005313472149685]}, "1969-12": {"Total Votes": 0, "Parties": [], "Percent": []}, "2012-12": {"Total Votes": 0, "Parties": [], "Percent": []}, "2009-8": {"Total Votes": 0, "Parties": [], "Percent": []}, "1952-10": {"Total Votes": 0, "Parties": [], "Percent": []}, "1993-7": {"Total Votes": 802530.0, "Parties": ["jiy\u00fb minshu t\u00f4", "shinsei t\u00f4", "nihon shakai t\u00f4", "nihon ky\u00f4san t\u00f4", "k\u00f4mei t\u00f4", "nihon shint\u00f4"], "Percent": [0.4863394514846797, 0.13386664672971726, 0.12512927865624962, 0.1073953621671464, 0.10372571741866347, 0.04354354354354354]}, "1949-1": {"Total Votes": 0, "Parties": [], "Percent": []}, "1955-2": {"Total Votes": 0, "Parties": [], "Percent": []}, "1967-1": {"Total Votes": 0, "Parties": [], "Percent": []}, "1979-10": {"Total Votes": 1003747.0, "Parties": ["jiy\u00fb minshu t\u00f4", "nihon shakai t\u00f4", "nihon ky\u00f4san t\u00f4", "k\u00f4mei t\u00f4", "minshu shakai t\u00f4", "shin jiy\u00fb t\u00f4"], "Percent": [0.6968688324846799, 0.09576716044979462, 0.0904182029933838, 0.06995388280114412, 0.033429738768833185, 0.01356218250216439]}, "1980-6": {"Total Votes": 1034352.0, "Parties": ["jiy\u00fb minshu t\u00f4", "nihon shakai t\u00f4", "k\u00f4mei t\u00f4", "nihon ky\u00f4san t\u00f4"], "Percent": [0.7316203768156295, 0.09293934753352824, 0.09083561495506365, 0.08460466069577861]}, "1990-2": {"Total Votes": 1284528.0, "Parties": ["jiy\u00fb minshu t\u00f4", "nihon ky\u00f4san t\u00f4", "nihon shakai t\u00f4", "k\u00f4mei t\u00f4"], "Percent": [0.7500140129292627, 0.10275525329148139, 0.07736538245954934, 0.06986535131970653]}, "1947-4": {"Total Votes": 0, "Parties": [], "Percent": []}, "1963-11": {"Total Votes": 0, "Parties": [], "Percent": []}, "1958-5": {"Total Votes": 0, "Parties": [], "Percent": []}, "1960-11": {"Total Votes": 0, "Parties": [], "Percent": []}, "2005-9": {"Total Votes": 0, "Parties": [], "Percent": []}, "1986-7": {"Total Votes": 1186441.0, "Parties": ["jiy\u00fb minshu t\u00f4", "nihon shakai t\u00f4", "k\u00f4mei t\u00f4", "nihon ky\u00f4san t\u00f4"], "Percent": [0.7577671371774914, 0.0841786485800811, 0.08077687807484737, 0.07727733616758019]}, "1972-12": {"Total Votes": 792738.0, "Parties": ["jiy\u00fb minshu t\u00f4", "nihon shakai t\u00f4", "jcp affiliated independent", "dsp affiliated independent", "k\u00f4mei t\u00f4", "ldp affiliated independent"], "Percent": [0.6747084156429993, 0.08703884511654544, 0.08127906067326153, 0.07215877124598544, 0.05615979049824785, 0.028655116822960423]}}