{"1953-4": {"Total Votes": 2182219.0, "Parties": ["jiy\u00fb t\u00f4", "uha shakai t\u00f4", "jiy\u00fb t\u00f4 b\u00fbnto ha", "independent", "kaishin t\u00f4", "nihon ky\u00f4san t\u00f4", "saha shakai t\u00f4"], "Percent": [0.7298662508208387, 0.14277714564853483, 0.08209808456438149, 0.016304046477461705, 0.011657400105122355, 0.008916611944080773, 0.008380460439580078]}, "1983-12": {"Total Votes": 3320273.0, "Parties": ["jiy\u00fb minshu t\u00f4", "nihon shakai t\u00f4", "k\u00f4mei t\u00f4", "nihon ky\u00f4san t\u00f4", "shin jiy\u00fb t\u00f4", "minshu shakai t\u00f4", "ldp affiliated independent", "others"], "Percent": [0.5568761966260003, 0.12001723954626622, 0.11029364151682708, 0.08935831481326988, 0.06639243218855799, 0.02787059979706488, 0.02753900055808664, 0.0016525749539269812]}, "1976-12": {"Total Votes": 2981323.0, "Parties": ["jiy\u00fb minshu t\u00f4", "nihon shakai t\u00f4", "k\u00f4mei t\u00f4", "shin jiy\u00fb t\u00f4", "nihon ky\u00f4san t\u00f4", "ldp affiliated independent"], "Percent": [0.5232904988825431, 0.1397594289515091, 0.1112724116105501, 0.10787861630557977, 0.09901510168472186, 0.0187839425650961]}, "1969-12": {"Total Votes": 2373248.0, "Parties": ["jiy\u00fb minshu t\u00f4", "nihon shakai t\u00f4", "ldp affiliated independent", "k\u00f4mei t\u00f4", "nihon ky\u00f4san t\u00f4", "minshu shakai t\u00f4"], "Percent": [0.6130627730435252, 0.17392577598295667, 0.08405821894719809, 0.07025982956690577, 0.041057656005609185, 0.01763574645380508]}, "2012-12": {"Total Votes": 0, "Parties": [], "Percent": []}, "2009-8": {"Total Votes": 0, "Parties": [], "Percent": []}, "1952-10": {"Total Votes": 3353598.0, "Parties": ["jiy\u00fb t\u00f4", "uha shakai t\u00f4", "independent", "kaishin t\u00f4", "nihon ky\u00f4san t\u00f4", "saha shakai t\u00f4"], "Percent": [0.874091050865369, 0.08867550612804517, 0.01352666598679985, 0.011001318583801637, 0.009898324128294448, 0.0028071343076898304]}, "1993-7": {"Total Votes": 3624494.0, "Parties": ["jiy\u00fb minshu t\u00f4", "nihon shint\u00f4", "k\u00f4mei t\u00f4", "nihon shakai t\u00f4", "ldp affiliated independent", "nihon ky\u00f4san t\u00f4", "shinsei t\u00f4", "shint\u00f4 sakigake", "minshu shakai t\u00f4", "jsp affiliated independent"], "Percent": [0.3713373508136584, 0.14360956315557427, 0.11452660702431844, 0.10588843573751261, 0.09151649857883612, 0.0838304601966509, 0.05425309022445616, 0.02185629221623763, 0.00803284541235273, 0.005148856640402771]}, "1949-1": {"Total Votes": 2409742.0, "Parties": ["minshu jiy\u00fb t\u00f4", "nihon shakai t\u00f4", "minshu t\u00f4", "nihon ky\u00f4san t\u00f4", "independent", "kokumin ky\u00f4d\u00f4 t\u00f4"], "Percent": [0.7731358792767027, 0.10957521593597985, 0.04724821163427454, 0.045299455294384214, 0.01921948490751292, 0.0055217529511458075]}, "1955-2": {"Total Votes": 1655633.0, "Parties": ["nihon minshu t\u00f4", "jiy\u00fb t\u00f4", "uha shakai t\u00f4", "saha shakai t\u00f4", "independent", "farmer-labour party", "nihon ky\u00f4san t\u00f4"], "Percent": [0.3735840008021102, 0.35168965585972256, 0.17650832038259687, 0.0660931498707745, 0.02582999976444055, 0.003668687444620879, 0.002626185875734538]}, "1967-1": {"Total Votes": 2342478.0, "Parties": ["jiy\u00fb minshu t\u00f4", "nihon shakai t\u00f4", "ldp affiliated independent", "k\u00f4mei t\u00f4", "nihon ky\u00f4san t\u00f4", "minshu shakai t\u00f4"], "Percent": [0.5739289760672245, 0.25861331461810955, 0.07915591950063139, 0.03959482223525685, 0.02646086750868098, 0.02224610007009671]}, "1979-10": {"Total Votes": 3377220.0, "Parties": ["jiy\u00fb minshu t\u00f4", "nihon shakai t\u00f4", "nihon ky\u00f4san t\u00f4", "k\u00f4mei t\u00f4", "shin jiy\u00fb t\u00f4", "minshu shakai t\u00f4", "nlc affiliated independent"], "Percent": [0.6399769633011768, 0.10189416147008487, 0.08775235252663434, 0.08208733810648995, 0.046681590183642166, 0.028365638009960857, 0.013241956402011121]}, "1980-6": {"Total Votes": 3506742.0, "Parties": ["jiy\u00fb minshu t\u00f4", "nihon shakai t\u00f4", "nihon ky\u00f4san t\u00f4", "k\u00f4mei t\u00f4", "shin jiy\u00fb t\u00f4", "minshu shakai t\u00f4", "nlc affiliated independent", "others"], "Percent": [0.6010684561339272, 0.11887358693625022, 0.08957260043653055, 0.08322083575010651, 0.06848465042481026, 0.032336567674496726, 0.003312476366952573, 0.00313082627692599]}, "1990-2": {"Total Votes": 4461680.0, "Parties": ["jiy\u00fb minshu t\u00f4", "nihon shakai t\u00f4", "k\u00f4mei t\u00f4", "nihon ky\u00f4san t\u00f4", "ldp affiliated independent", "minshu shakai t\u00f4", "independent", "others"], "Percent": [0.5969737856592136, 0.18392847537250542, 0.07358506212906349, 0.0721788653601334, 0.044833784583385626, 0.018042306933711068, 0.009600643703716985, 0.0008570762582704273]}, "1947-4": {"Total Votes": 2170794.0, "Parties": ["nihon jiy\u00fb t\u00f4", "nihon shakai t\u00f4", "minshu t\u00f4", "nihon ky\u00f4san t\u00f4", "kokumin ky\u00f4d\u00f4 t\u00f4", "independent"], "Percent": [0.5180749532198818, 0.25496200929245244, 0.20312890122231775, 0.017360007444280758, 0.004052434270594077, 0.002421694550473237]}, "1963-11": {"Total Votes": 2378449.0, "Parties": ["jiy\u00fb minshu t\u00f4", "nihon shakai t\u00f4", "minshu shakai t\u00f4", "nihon ky\u00f4san t\u00f4", "ldp affiliated independent"], "Percent": [0.7659811078564223, 0.18900888772473154, 0.026400818348427904, 0.012884026523166987, 0.005725159547251171]}, "1958-5": {"Total Votes": 2497267.0, "Parties": ["jiy\u00fb minshu t\u00f4", "nihon shakai t\u00f4", "ldp affiliated independent", "nihon ky\u00f4san t\u00f4", "others"], "Percent": [0.6841094684709326, 0.27267128424793985, 0.033982349504478294, 0.007034089666823772, 0.0022028081098256613]}, "1960-11": {"Total Votes": 2076753.0, "Parties": ["jiy\u00fb minshu t\u00f4", "nihon shakai t\u00f4", "minshu shakai t\u00f4", "ldp affiliated independent", "nihon ky\u00f4san t\u00f4"], "Percent": [0.7710454733904321, 0.18103645450373732, 0.02672296609177885, 0.012989026619920616, 0.008206079394131127]}, "2005-9": {"Total Votes": 0, "Parties": [], "Percent": []}, "1986-7": {"Total Votes": 3832802.0, "Parties": ["jiy\u00fb minshu t\u00f4", "nihon shakai t\u00f4", "k\u00f4mei t\u00f4", "nihon ky\u00f4san t\u00f4", "shin jiy\u00fb t\u00f4", "minshu shakai t\u00f4", "ldp affiliated independent", "independent", "others"], "Percent": [0.6074336738500972, 0.11082179564715318, 0.08522042098704811, 0.08140989281470841, 0.06696693437333837, 0.026038913567671903, 0.017934920718576122, 0.003171048230511255, 0.0010023998108955275]}, "1972-12": {"Total Votes": 3635061.0, "Parties": ["jiy\u00fb minshu t\u00f4", "nihon shakai t\u00f4", "nihon ky\u00f4san t\u00f4", "k\u00f4mei t\u00f4", "minshu shakai t\u00f4", "ldp affiliated independent"], "Percent": [0.7098675923182582, 0.16373535409722145, 0.06151286044443271, 0.05175814106008125, 0.012267194415719572, 0.0008588576642867892]}}