{"1953-4": {"Total Votes": 685450.0, "Parties": ["uha shakai t\u00f4", "kaishin t\u00f4", "jiy\u00fb t\u00f4", "jiy\u00fb t\u00f4 b\u00fbnto ha", "saha shakai t\u00f4", "nihon ky\u00f4san t\u00f4"], "Percent": [0.35783499890582826, 0.287656284192866, 0.24519658618425852, 0.0664454008315705, 0.029851922094974104, 0.01301480779050259]}, "1983-12": {"Total Votes": 1053875.0, "Parties": ["jiy\u00fb minshu t\u00f4", "nihon shakai t\u00f4", "nihon ky\u00f4san t\u00f4", "minshu shakai t\u00f4"], "Percent": [0.75693796702645, 0.08339224291305895, 0.08129806665875934, 0.07837172340173171]}, "1976-12": {"Total Votes": 994886.0, "Parties": ["jiy\u00fb minshu t\u00f4", "nihon shakai t\u00f4", "minshu shakai t\u00f4", "nihon ky\u00f4san t\u00f4", "shin jiy\u00fb t\u00f4", "k\u00f4mei t\u00f4", "jsp affiliated independent"], "Percent": [0.6827485762187828, 0.08351308592140205, 0.07805215873979532, 0.06395808162945302, 0.049064917990603946, 0.03709068174645135, 0.005572497753511457]}, "1969-12": {"Total Votes": 930175.0, "Parties": ["jiy\u00fb minshu t\u00f4", "nihon shakai t\u00f4", "minshu shakai t\u00f4", "ldp affiliated independent", "nihon ky\u00f4san t\u00f4"], "Percent": [0.6748665573682372, 0.20963797134947726, 0.06265165157094095, 0.026596070631870347, 0.026247749079474293]}, "2012-12": {"Total Votes": 0, "Parties": [], "Percent": []}, "2009-8": {"Total Votes": 0, "Parties": [], "Percent": []}, "1952-10": {"Total Votes": 1005412.0, "Parties": ["jiy\u00fb t\u00f4", "uha shakai t\u00f4", "kaishin t\u00f4", "independent", "saha shakai t\u00f4", "nihon ky\u00f4san t\u00f4"], "Percent": [0.554622383659634, 0.18742963083790526, 0.18578055563291468, 0.04713689512359112, 0.015478231809447272, 0.00955230293650762]}, "1993-7": {"Total Votes": 1048370.0, "Parties": ["jiy\u00fb minshu t\u00f4", "shint\u00f4 sakigake", "minshu shakai t\u00f4", "nihon shakai t\u00f4", "nihon ky\u00f4san t\u00f4", "independent"], "Percent": [0.5670145082365958, 0.20467869168327976, 0.08873107776834514, 0.07021757585585242, 0.05652202943617234, 0.012836117019754475]}, "1949-1": {"Total Votes": 1191853.0, "Parties": ["minshu jiy\u00fb t\u00f4", "nihon shakai t\u00f4", "nihon ky\u00f4san t\u00f4", "kokumin ky\u00f4d\u00f4 t\u00f4", "independent", "minshu t\u00f4", "farmer-labour party"], "Percent": [0.7555000490832342, 0.1457394494119661, 0.028360041045330256, 0.02773915910770875, 0.02228798350132105, 0.016039729731770612, 0.004333588118668997]}, "1955-2": {"Total Votes": 727441.0, "Parties": ["nihon minshu t\u00f4", "uha shakai t\u00f4", "independent", "jiy\u00fb t\u00f4", "saha shakai t\u00f4"], "Percent": [0.5185863870746906, 0.2620171257875209, 0.10458442677825418, 0.06176995797597331, 0.053042102383561]}, "1967-1": {"Total Votes": 1074565.0, "Parties": ["jiy\u00fb minshu t\u00f4", "nihon shakai t\u00f4", "minshu shakai t\u00f4", "nihon ky\u00f4san t\u00f4"], "Percent": [0.5694266982453365, 0.376321581291034, 0.037572413022944166, 0.0166793074406853]}, "1979-10": {"Total Votes": 730484.0, "Parties": ["jiy\u00fb minshu t\u00f4", "nihon shakai t\u00f4", "minshu shakai t\u00f4", "nihon ky\u00f4san t\u00f4", "ldp affiliated independent", "usdp affiliated independent"], "Percent": [0.633648375597549, 0.10015140646475487, 0.0992013514327487, 0.09678651414678487, 0.05501420975681877, 0.015198142601343766]}, "1980-6": {"Total Votes": 1158474.0, "Parties": ["jiy\u00fb minshu t\u00f4", "nihon shakai t\u00f4", "minshu shakai t\u00f4", "nihon ky\u00f4san t\u00f4", "shakai minshu reng\u00f4"], "Percent": [0.7822730592141041, 0.07226316689023664, 0.06599716523633677, 0.061563746791037176, 0.01790286186828535]}, "1990-2": {"Total Votes": 1294488.0, "Parties": ["jiy\u00fb minshu t\u00f4", "nihon shakai t\u00f4", "minshu shakai t\u00f4", "nihon ky\u00f4san t\u00f4", "ldp affiliated independent"], "Percent": [0.7341620779798654, 0.09051300591430743, 0.07109451767803178, 0.06445328191532096, 0.03977711651247443]}, "1947-4": {"Total Votes": 1048687.0, "Parties": ["nihon shakai t\u00f4", "nihon jiy\u00fb t\u00f4", "minshu t\u00f4", "kokumin ky\u00f4d\u00f4 t\u00f4", "independent", "nihon ky\u00f4san t\u00f4"], "Percent": [0.4902654462198921, 0.3708265669356061, 0.07266991962330037, 0.05072533558630936, 0.009168607983125566, 0.006344123651766447]}, "1963-11": {"Total Votes": 919643.0, "Parties": ["jiy\u00fb minshu t\u00f4", "nihon shakai t\u00f4", "minshu shakai t\u00f4", "nihon ky\u00f4san t\u00f4"], "Percent": [0.6904407471160005, 0.26039669741410526, 0.03775051840768646, 0.011412037062207834]}, "1958-5": {"Total Votes": 1648124.0, "Parties": ["jiy\u00fb minshu t\u00f4", "nihon shakai t\u00f4", "nihon ky\u00f4san t\u00f4"], "Percent": [0.7086754394693604, 0.2868424948608236, 0.004482065669816106]}, "1960-11": {"Total Votes": 792241.0, "Parties": ["jiy\u00fb minshu t\u00f4", "nihon shakai t\u00f4", "ldp affiliated independent", "minshu shakai t\u00f4", "nihon ky\u00f4san t\u00f4"], "Percent": [0.5412746878790671, 0.2766708615181491, 0.12301685976868151, 0.05130383305080146, 0.007733757783300789]}, "2005-9": {"Total Votes": 0, "Parties": [], "Percent": []}, "1986-7": {"Total Votes": 1758173.0, "Parties": ["jiy\u00fb minshu t\u00f4", "nihon shakai t\u00f4", "minshu shakai t\u00f4", "nihon ky\u00f4san t\u00f4"], "Percent": [0.863332561698991, 0.04704372095351254, 0.045747489012742205, 0.04387622833475432]}, "1972-12": {"Total Votes": 1375150.0, "Parties": ["jiy\u00fb minshu t\u00f4", "nihon shakai t\u00f4", "nihon ky\u00f4san t\u00f4", "minshu shakai t\u00f4"], "Percent": [0.7843537068683416, 0.13621786714176634, 0.04055703014216631, 0.038871395847725705]}}