{"1953-4": {"Total Votes": 943810.0, "Parties": ["jiy\u00fb t\u00f4", "kaishin t\u00f4", "independent", "uha shakai t\u00f4"], "Percent": [0.6300314681980483, 0.24340492260094723, 0.06554073383414034, 0.06102287536686409]}, "1983-12": {"Total Votes": 1140386.0, "Parties": ["jiy\u00fb minshu t\u00f4", "nihon shakai t\u00f4", "nihon ky\u00f4san t\u00f4"], "Percent": [0.7060135778587251, 0.23246690155789357, 0.061519520583381414]}, "1976-12": {"Total Votes": 1401830.0, "Parties": ["jiy\u00fb minshu t\u00f4", "nihon shakai t\u00f4", "nihon ky\u00f4san t\u00f4", "k\u00f4mei t\u00f4", "shin jiy\u00fb t\u00f4"], "Percent": [0.7601863278714253, 0.17135173309174437, 0.033777276845266546, 0.022465634206715508, 0.012219027984848377]}, "1969-12": {"Total Votes": 1487913.0, "Parties": ["jiy\u00fb minshu t\u00f4", "nihon shakai t\u00f4", "nihon ky\u00f4san t\u00f4"], "Percent": [0.8148702242671446, 0.17740418962667845, 0.007725586106176907]}, "2012-12": {"Total Votes": 3667120.0, "Parties": ["jiy\u00fb minshu t\u00f4", "nippon ishin no kai", "minshu t\u00f4", "k\u00f4mei t\u00f4", "minna no t\u00f4", "nihon ky\u00f4san t\u00f4", "nippon mirai no t\u00f4", "shakai minshu t\u00f4", "k\u00f4fuku jitsugen t\u00f4"], "Percent": [0.3168958201531447, 0.19292987412465368, 0.18602036475490302, 0.08375455398241671, 0.0750995331486289, 0.057325367045528916, 0.048649348807783765, 0.03502557865572984, 0.004299559327210454]}, "2009-8": {"Total Votes": 4521003.0, "Parties": ["minshu t\u00f4", "jiy\u00fb minshu t\u00f4", "k\u00f4mei t\u00f4", "nihon ky\u00f4san t\u00f4", "kokumin shint\u00f4", "shakai minshu t\u00f4", "shint\u00f4 nippon", "k\u00f4fuku jitsugen t\u00f4"], "Percent": [0.4440983560506374, 0.2948642148655951, 0.07367480180835978, 0.0607865113117598, 0.053159221526727585, 0.049987137809906344, 0.016282670018135357, 0.007147086608878605]}, "1952-10": {"Total Votes": 961561.0, "Parties": ["jiy\u00fb t\u00f4", "kaishin t\u00f4", "uha shakai t\u00f4", "independent", "nihon ky\u00f4san t\u00f4"], "Percent": [0.6206033730569356, 0.25354813683167265, 0.055693814536987254, 0.05434704610523929, 0.01580762946916524]}, "1993-7": {"Total Votes": 866525.0, "Parties": ["jiy\u00fb minshu t\u00f4", "ldp affiliated independent", "nihon shakai t\u00f4", "shint\u00f4 sakigake", "nihon ky\u00f4san t\u00f4", "jsp affiliated independent"], "Percent": [0.6639139090043565, 0.12151524768471769, 0.07967110008366753, 0.06689016473846686, 0.049328063241106716, 0.01868151524768472]}, "1949-1": {"Total Votes": 836278.0, "Parties": ["nihon shakai t\u00f4", "minshu t\u00f4", "minshu jiy\u00fb t\u00f4", "nihon ky\u00f4san t\u00f4", "independent", "kokumin ky\u00f4d\u00f4 t\u00f4"], "Percent": [0.33479417131623695, 0.29878820200937967, 0.23573739832926371, 0.057067147527496837, 0.05389475748495118, 0.01971832333267167]}, "1955-2": {"Total Votes": 869121.0, "Parties": ["jiy\u00fb t\u00f4", "nihon minshu t\u00f4", "saha shakai t\u00f4", "uha shakai t\u00f4", "independent", "nihon ky\u00f4san t\u00f4"], "Percent": [0.71966849264947, 0.08962963730021481, 0.07200263254483553, 0.06825401756487301, 0.03339235848633274, 0.017052861454273916]}, "1967-1": {"Total Votes": 1505300.0, "Parties": ["jiy\u00fb minshu t\u00f4", "nihon shakai t\u00f4", "nihon ky\u00f4san t\u00f4"], "Percent": [0.8132624725968246, 0.18039593436524282, 0.006341593037932638]}, "1979-10": {"Total Votes": 1073644.0, "Parties": ["jiy\u00fb minshu t\u00f4", "nihon shakai t\u00f4", "nihon ky\u00f4san t\u00f4", "minshu shakai t\u00f4", "shin jiy\u00fb t\u00f4"], "Percent": [0.6732538904888399, 0.2077094455890407, 0.06254773463084598, 0.047615410694792686, 0.00887351859648077]}, "1980-6": {"Total Votes": 1224403.0, "Parties": ["jiy\u00fb minshu t\u00f4", "nihon shakai t\u00f4", "nihon ky\u00f4san t\u00f4"], "Percent": [0.7427088956822223, 0.20865842373793594, 0.04863268057984177]}, "1990-2": {"Total Votes": 1156661.0, "Parties": ["jiy\u00fb minshu t\u00f4", "nihon shakai t\u00f4", "ldp affiliated independent", "nihon ky\u00f4san t\u00f4"], "Percent": [0.6877330522944924, 0.21039180883595107, 0.06505968473044392, 0.0368154541391125]}, "1947-4": {"Total Votes": 928112.0, "Parties": ["nihon shakai t\u00f4", "minshu t\u00f4", "nihon jiy\u00fb t\u00f4", "nihon ky\u00f4san t\u00f4", "kokumin ky\u00f4d\u00f4 t\u00f4", "independent"], "Percent": [0.5449169927767339, 0.33453505611391726, 0.06884944920440636, 0.02219236471460341, 0.018889961556363886, 0.01061617563397521]}, "1963-11": {"Total Votes": 1486490.0, "Parties": ["jiy\u00fb minshu t\u00f4", "nihon shakai t\u00f4", "nihon ky\u00f4san t\u00f4"], "Percent": [0.8006969438072238, 0.19092762144380385, 0.008375434748972411]}, "1958-5": {"Total Votes": 1494705.0, "Parties": ["jiy\u00fb minshu t\u00f4", "nihon shakai t\u00f4", "nihon ky\u00f4san t\u00f4"], "Percent": [0.8038776882394854, 0.1867003856948361, 0.009421926065678512]}, "1960-11": {"Total Votes": 1557916.0, "Parties": ["jiy\u00fb minshu t\u00f4", "nihon shakai t\u00f4", "nihon ky\u00f4san t\u00f4"], "Percent": [0.8237363246798929, 0.16993342388164703, 0.006330251438460097]}, "2005-9": {"Total Votes": 4348982.0, "Parties": ["jiy\u00fb minshu t\u00f4", "minshu t\u00f4", "k\u00f4mei t\u00f4", "kokumin shint\u00f4", "nihon ky\u00f4san t\u00f4", "shakai minshu t\u00f4"], "Percent": [0.38297537216755556, 0.32522369602817397, 0.09271204157662644, 0.06901385197731331, 0.0673824357056433, 0.06269260254468748]}, "1986-7": {"Total Votes": 1199043.0, "Parties": ["jiy\u00fb minshu t\u00f4", "nihon shakai t\u00f4", "nihon ky\u00f4san t\u00f4", "ldp affiliated independent"], "Percent": [0.7403804534115958, 0.17746319356353357, 0.04200266379104002, 0.04015368923383065]}, "1972-12": {"Total Votes": 1535914.0, "Parties": ["jiy\u00fb minshu t\u00f4", "nihon shakai t\u00f4", "nihon ky\u00f4san t\u00f4"], "Percent": [0.8028340128418648, 0.18567315617931734, 0.011492830978817824]}}