{"1953-4": {"Total Votes": 3052831.0, "Parties": ["jiy\u00fb t\u00f4", "saha shakai t\u00f4", "jiy\u00fb t\u00f4 b\u00fbnto ha", "kaishin t\u00f4", "farmer-labour party", "uha shakai t\u00f4", "nihon ky\u00f4san t\u00f4"], "Percent": [0.8111022195463817, 0.09486964722252886, 0.03719956984189429, 0.021653671624796787, 0.017147362562814645, 0.01178283370419129, 0.00624469549739242]}, "1983-12": {"Total Votes": 3898913.0, "Parties": ["jiy\u00fb minshu t\u00f4", "nihon shakai t\u00f4", "ldp affiliated independent", "minshu shakai t\u00f4", "nihon ky\u00f4san t\u00f4", "k\u00f4mei t\u00f4", "shin jiy\u00fb t\u00f4"], "Percent": [0.7613532284511093, 0.07916129444283573, 0.05007549540089763, 0.04832859825289766, 0.030196108505114116, 0.02543991107265025, 0.005445363874495276]}, "1976-12": {"Total Votes": 3831779.0, "Parties": ["jiy\u00fb minshu t\u00f4", "nihon shakai t\u00f4", "minshu shakai t\u00f4", "k\u00f4mei t\u00f4", "nihon ky\u00f4san t\u00f4", "shin jiy\u00fb t\u00f4", "ldp affiliated independent"], "Percent": [0.6842385743019104, 0.1505517411103302, 0.05327290535284002, 0.0429902142059863, 0.03905340052231614, 0.028976097003506725, 0.0009170675031101741]}, "1969-12": {"Total Votes": 3947703.0, "Parties": ["jiy\u00fb minshu t\u00f4", "nihon shakai t\u00f4", "k\u00f4mei t\u00f4", "minshu shakai t\u00f4", "nihon ky\u00f4san t\u00f4", "ldp affiliated independent"], "Percent": [0.7456761564889759, 0.15518062022396314, 0.052822616088393684, 0.031507689408245755, 0.012380617285545544, 0.0024323005048758734]}, "2012-12": {"Total Votes": 5356097.0, "Parties": ["jiy\u00fb minshu t\u00f4", "nippon ishin no kai", "minshu t\u00f4", "k\u00f4mei t\u00f4", "minna no t\u00f4", "nihon ky\u00f4san t\u00f4", "nippon mirai no t\u00f4", "shakai minshu t\u00f4", "k\u00f4fuku jitsugen t\u00f4"], "Percent": [0.33188215224630924, 0.18980593518003874, 0.16199818636593027, 0.1438933984952102, 0.05651820719452989, 0.05258007836676595, 0.03830961239126177, 0.020801527679577124, 0.004210902080376812]}, "2009-8": {"Total Votes": 6539896.0, "Parties": ["minshu t\u00f4", "jiy\u00fb minshu t\u00f4", "k\u00f4mei t\u00f4", "nihon ky\u00f4san t\u00f4", "shakai minshu t\u00f4", "kokumin shint\u00f4", "k\u00f4fuku jitsugen t\u00f4"], "Percent": [0.4093765405443756, 0.3223361655904008, 0.1297812686929578, 0.060388116263622546, 0.03835672616200624, 0.031836591896874204, 0.007924590849762748]}, "1952-10": {"Total Votes": 4195163.0, "Parties": ["jiy\u00fb t\u00f4", "saha shakai t\u00f4", "kaishin t\u00f4", "independent", "uha shakai t\u00f4", "nihon ky\u00f4san t\u00f4"], "Percent": [0.9085163079479868, 0.04184891028072092, 0.02015106445208446, 0.015474488118816836, 0.009035644145412228, 0.004973585054978793]}, "1993-7": {"Total Votes": 3208608.0, "Parties": ["jiy\u00fb minshu t\u00f4", "shinsei t\u00f4", "nihon shakai t\u00f4", "minshu shakai t\u00f4", "ldp affiliated independent", "nihon ky\u00f4san t\u00f4", "nihon shint\u00f4", "k\u00f4mei t\u00f4", "independent"], "Percent": [0.6185333328346747, 0.08847730854002733, 0.08182863098265665, 0.05031340693534392, 0.05003883303912476, 0.03719182898004368, 0.033071973890235265, 0.032118600963408434, 0.008426083834485235]}, "1949-1": {"Total Votes": 3422009.0, "Parties": ["minshu jiy\u00fb t\u00f4", "nihon shakai t\u00f4", "kokumin ky\u00f4d\u00f4 t\u00f4", "independent", "nihon ky\u00f4san t\u00f4", "minshu t\u00f4"], "Percent": [0.8063450446798941, 0.0822008358248035, 0.03921497576423674, 0.028928620585159187, 0.025201277962740604, 0.018109245183165795]}, "1955-2": {"Total Votes": 2810438.0, "Parties": ["jiy\u00fb t\u00f4", "nihon minshu t\u00f4", "saha shakai t\u00f4", "farmer-labour party", "uha shakai t\u00f4", "independent", "nihon ky\u00f4san t\u00f4"], "Percent": [0.5163654206212698, 0.34924840896685855, 0.09454398211239672, 0.01392202923530069, 0.010100916654272395, 0.009060153613066719, 0.006759088796835226]}, "1967-1": {"Total Votes": 3669982.0, "Parties": ["jiy\u00fb minshu t\u00f4", "nihon shakai t\u00f4", "ldp affiliated independent", "minshu shakai t\u00f4", "k\u00f4mei t\u00f4", "nihon ky\u00f4san t\u00f4"], "Percent": [0.7343104135115649, 0.168134884585265, 0.04519422711065067, 0.027879155810573458, 0.014911517277196454, 0.009569801704749505]}, "1979-10": {"Total Votes": 3632227.0, "Parties": ["jiy\u00fb minshu t\u00f4", "nihon shakai t\u00f4", "k\u00f4mei t\u00f4", "minshu shakai t\u00f4", "nihon ky\u00f4san t\u00f4", "ldp affiliated independent", "shin jiy\u00fb t\u00f4", "jsp affiliated independent"], "Percent": [0.7023556071798376, 0.11881058094662034, 0.04769470630552551, 0.0434862688923352, 0.0388965227118239, 0.026089228454058627, 0.014016469785616372, 0.008650615724182437]}, "1980-6": {"Total Votes": 3404412.0, "Parties": ["jiy\u00fb minshu t\u00f4", "nihon shakai t\u00f4", "ldp affiliated independent", "k\u00f4mei t\u00f4", "minshu shakai t\u00f4", "nihon ky\u00f4san t\u00f4", "nlc affiliated independent"], "Percent": [0.7035767116318471, 0.08235019733216778, 0.059453438655485885, 0.05125407853103561, 0.05090600080131312, 0.04158368611084675, 0.01087588693730371]}, "1990-2": {"Total Votes": 4745043.0, "Parties": ["jiy\u00fb minshu t\u00f4", "nihon shakai t\u00f4", "minshu shakai t\u00f4", "nihon ky\u00f4san t\u00f4", "k\u00f4mei t\u00f4", "ldp affiliated independent", "independent"], "Percent": [0.8105439718881368, 0.08735579424675392, 0.03312319825131195, 0.027232419179341473, 0.02079306762868113, 0.017630398712930526, 0.003321150092844259]}, "1947-4": {"Total Votes": 2578427.0, "Parties": ["nihon jiy\u00fb t\u00f4", "minshu t\u00f4", "nihon shakai t\u00f4", "kokumin ky\u00f4d\u00f4 t\u00f4", "independent", "nihon ky\u00f4san t\u00f4"], "Percent": [0.5473418483439709, 0.18857194716003203, 0.1737346064092565, 0.06582424090346556, 0.013367840159911451, 0.01115951702336347]}, "1963-11": {"Total Votes": 3850674.0, "Parties": ["jiy\u00fb minshu t\u00f4", "nihon shakai t\u00f4", "minshu shakai t\u00f4", "ldp affiliated independent", "nihon ky\u00f4san t\u00f4"], "Percent": [0.7901821862873878, 0.15786924574762756, 0.026796347860140846, 0.01780753187623777, 0.007344688228606212]}, "1958-5": {"Total Votes": 4525389.0, "Parties": ["jiy\u00fb minshu t\u00f4", "nihon shakai t\u00f4", "nihon ky\u00f4san t\u00f4", "ldp affiliated independent", "independent"], "Percent": [0.8673881957993003, 0.11849257599733415, 0.007303902493244228, 0.0037603397188617376, 0.003054985991259536]}, "1960-11": {"Total Votes": 4378931.0, "Parties": ["jiy\u00fb minshu t\u00f4", "nihon shakai t\u00f4", "minshu shakai t\u00f4", "nihon ky\u00f4san t\u00f4", "ldp affiliated independent", "independent"], "Percent": [0.8731103550158704, 0.09066162494910288, 0.02417188121941177, 0.004832686333719348, 0.0037808314403675234, 0.0034426210415281723]}, "2005-9": {"Total Votes": 6332339.0, "Parties": ["jiy\u00fb minshu t\u00f4", "minshu t\u00f4", "k\u00f4mei t\u00f4", "nihon ky\u00f4san t\u00f4", "shakai minshu t\u00f4", "kokumin shint\u00f4"], "Percent": [0.37250469376323664, 0.301452275375655, 0.15417320519321534, 0.06681054188665515, 0.05285961474898927, 0.05219966903224859]}, "1986-7": {"Total Votes": 4539762.0, "Parties": ["jiy\u00fb minshu t\u00f4", "nihon shakai t\u00f4", "minshu shakai t\u00f4", "nihon ky\u00f4san t\u00f4", "k\u00f4mei t\u00f4", "ldp affiliated independent"], "Percent": [0.836338116403459, 0.06243939660272939, 0.037386321133134295, 0.02580333506470163, 0.022395667438072746, 0.015637163357902904]}, "1972-12": {"Total Votes": 3957412.0, "Parties": ["jiy\u00fb minshu t\u00f4", "nihon shakai t\u00f4", "minshu shakai t\u00f4", "k\u00f4mei t\u00f4", "nihon ky\u00f4san t\u00f4", "independent"], "Percent": [0.767531912269938, 0.11647586857269346, 0.040101712937647124, 0.03643315378838494, 0.0364329010979903, 0.0030244513333461363]}}