{"1953-4": {"Total Votes": 1303195.0, "Parties": ["jiy\u00fb t\u00f4", "kaishin t\u00f4", "uha shakai t\u00f4", "saha shakai t\u00f4", "independent", "jiy\u00fb t\u00f4 b\u00fbnto ha"], "Percent": [0.7047617586009769, 0.09403197526080133, 0.09148285559720534, 0.08450615602423275, 0.01839479126301129, 0.00682246325377246]}, "1983-12": {"Total Votes": 1767244.0, "Parties": ["jiy\u00fb minshu t\u00f4", "nihon shakai t\u00f4", "minshu shakai t\u00f4", "k\u00f4mei t\u00f4", "nihon ky\u00f4san t\u00f4"], "Percent": [0.7861919463299918, 0.08486490829789209, 0.055665771110271135, 0.04423950512775825, 0.02903786913408675]}, "1976-12": {"Total Votes": 1939535.0, "Parties": ["jiy\u00fb minshu t\u00f4", "nihon shakai t\u00f4", "k\u00f4mei t\u00f4", "minshu shakai t\u00f4", "nihon ky\u00f4san t\u00f4", "shin jiy\u00fb t\u00f4"], "Percent": [0.8243996628057756, 0.06907222607480659, 0.03632984194665216, 0.03126831946832617, 0.027048235788475074, 0.011881713915964393]}, "1969-12": {"Total Votes": 1800570.0, "Parties": ["jiy\u00fb minshu t\u00f4", "nihon shakai t\u00f4", "minshu shakai t\u00f4", "k\u00f4mei t\u00f4", "nihon ky\u00f4san t\u00f4"], "Percent": [0.7809876872323764, 0.11457260756316057, 0.06319332211466369, 0.030097691286648118, 0.011148691803151225]}, "2012-12": {"Total Votes": 0, "Parties": [], "Percent": []}, "2009-8": {"Total Votes": 0, "Parties": [], "Percent": []}, "1952-10": {"Total Votes": 1790350.0, "Parties": ["jiy\u00fb t\u00f4", "uha shakai t\u00f4", "independent", "saha shakai t\u00f4", "kaishin t\u00f4", "nihon ky\u00f4san t\u00f4", "ky\u00f4d\u00f4 t\u00f4"], "Percent": [0.8216605691624543, 0.06088139190661044, 0.04190856536431424, 0.04010333175077499, 0.024745440835590805, 0.007062864802971486, 0.003637836177283771]}, "1993-7": {"Total Votes": 1487334.0, "Parties": ["jiy\u00fb minshu t\u00f4", "nihon shakai t\u00f4", "jnp affiliated independent", "ldp affiliated independent", "k\u00f4mei t\u00f4", "shinsei t\u00f4", "nihon shint\u00f4", "nihon ky\u00f4san t\u00f4"], "Percent": [0.6647484694090231, 0.07027137146061342, 0.060828973182889656, 0.06038186446353005, 0.045239334271925474, 0.03432651979985665, 0.032352517995285525, 0.0318509494168761]}, "1949-1": {"Total Votes": 1936156.0, "Parties": ["minshu jiy\u00fb t\u00f4", "nihon shakai t\u00f4", "nihon ky\u00f4san t\u00f4", "minshu t\u00f4", "farmer-labour party", "progressive socialist party", "kokumin ky\u00f4d\u00f4 t\u00f4"], "Percent": [0.8406089178764521, 0.07287945806019763, 0.04019149283425509, 0.023622579998719112, 0.01038036191298635, 0.00811814750464322, 0.004199041812746494]}, "1955-2": {"Total Votes": 1022204.0, "Parties": ["jiy\u00fb t\u00f4", "nihon minshu t\u00f4", "uha shakai t\u00f4", "saha shakai t\u00f4", "independent"], "Percent": [0.4514989180241909, 0.30875539520487105, 0.12308012881968765, 0.09817609792174556, 0.018489460029504873]}, "1967-1": {"Total Votes": 1815623.0, "Parties": ["jiy\u00fb minshu t\u00f4", "nihon shakai t\u00f4", "minshu shakai t\u00f4", "nihon ky\u00f4san t\u00f4"], "Percent": [0.7864523637341012, 0.13968153080237472, 0.06392516508107686, 0.009940940382447236]}, "1979-10": {"Total Votes": 1810311.0, "Parties": ["jiy\u00fb minshu t\u00f4", "nihon shakai t\u00f4", "k\u00f4mei t\u00f4", "minshu shakai t\u00f4", "nihon ky\u00f4san t\u00f4", "shin jiy\u00fb t\u00f4"], "Percent": [0.8175070471316807, 0.07566821391462572, 0.03842709899017351, 0.03381794619819468, 0.029495484477528998, 0.005084209287796407]}, "1980-6": {"Total Votes": 1927995.0, "Parties": ["jiy\u00fb minshu t\u00f4", "nihon shakai t\u00f4", "minshu shakai t\u00f4", "k\u00f4mei t\u00f4", "nihon ky\u00f4san t\u00f4"], "Percent": [0.8347817292057294, 0.07191564293475865, 0.03423712198423751, 0.03202497931789242, 0.02704052655738215]}, "1990-2": {"Total Votes": 1943939.0, "Parties": ["jiy\u00fb minshu t\u00f4", "nihon shakai t\u00f4", "k\u00f4mei t\u00f4", "nihon ky\u00f4san t\u00f4", "minshu shakai t\u00f4", "independent"], "Percent": [0.8055792902966606, 0.10097333301096381, 0.03396351428722815, 0.02797464323726207, 0.0248855545364335, 0.006623664631451913]}, "1947-4": {"Total Votes": 1111539.0, "Parties": ["nihon jiy\u00fb t\u00f4", "nihon shakai t\u00f4", "minshu t\u00f4", "independent", "kokumin ky\u00f4d\u00f4 t\u00f4", "nihon ky\u00f4san t\u00f4", "others"], "Percent": [0.4720626086893937, 0.29327176104482167, 0.1047898454305247, 0.07463975622987587, 0.03042358387784864, 0.02030967874271618, 0.004502765984819246]}, "1963-11": {"Total Votes": 1625980.0, "Parties": ["jiy\u00fb minshu t\u00f4", "nihon shakai t\u00f4", "minshu shakai t\u00f4", "nihon ky\u00f4san t\u00f4"], "Percent": [0.7336418652135943, 0.1753453302008635, 0.08106987785827624, 0.00994292672726602]}, "1958-5": {"Total Votes": 2236952.0, "Parties": ["jiy\u00fb minshu t\u00f4", "nihon shakai t\u00f4", "nihon ky\u00f4san t\u00f4"], "Percent": [0.7858268751408166, 0.20685021404124898, 0.0073229108179344036]}, "1960-11": {"Total Votes": 1878245.0, "Parties": ["jiy\u00fb minshu t\u00f4", "nihon shakai t\u00f4", "minshu shakai t\u00f4", "nihon ky\u00f4san t\u00f4"], "Percent": [0.8660483589734034, 0.07527346006511398, 0.05344563675132903, 0.005232544210153628]}, "2005-9": {"Total Votes": 0, "Parties": [], "Percent": []}, "1986-7": {"Total Votes": 1965708.0, "Parties": ["jiy\u00fb minshu t\u00f4", "nihon shakai t\u00f4", "minshu shakai t\u00f4", "k\u00f4mei t\u00f4", "nihon ky\u00f4san t\u00f4"], "Percent": [0.8350365364540411, 0.06217912324719643, 0.046571515199612556, 0.03454785756582361, 0.021664967533326415]}, "1972-12": {"Total Votes": 1672425.0, "Parties": ["jiy\u00fb minshu t\u00f4", "nihon shakai t\u00f4", "minshu shakai t\u00f4", "k\u00f4mei t\u00f4", "ldp affiliated independent", "nihon ky\u00f4san t\u00f4"], "Percent": [0.7709278442979506, 0.07927649969355877, 0.06956365756311941, 0.032524627412290535, 0.025927620072648996, 0.021779750960431707]}}