{"1953-4": {"Total Votes": 952735.0, "Parties": ["jiy\u00fb t\u00f4", "saha shakai t\u00f4", "kaishin t\u00f4", "uha shakai t\u00f4", "independent", "nihon ky\u00f4san t\u00f4", "jiy\u00fb t\u00f4 b\u00fbnto ha"], "Percent": [0.8443103276357015, 0.06028328968705884, 0.047960870546374386, 0.02645751441901473, 0.01613145313229807, 0.0028832781413509526, 0.0019732664382015987]}, "1983-12": {"Total Votes": 903382.0, "Parties": ["jiy\u00fb minshu t\u00f4", "jsp affiliated independent", "minshu shakai t\u00f4", "nihon shakai t\u00f4", "ldp affiliated independent", "nihon ky\u00f4san t\u00f4"], "Percent": [0.7686382947634556, 0.06603408082073807, 0.0658890701829348, 0.05570179613939618, 0.03491767602188221, 0.00881908207159319]}, "1976-12": {"Total Votes": 897934.0, "Parties": ["jiy\u00fb minshu t\u00f4", "nihon shakai t\u00f4", "ldp affiliated independent", "minshu shakai t\u00f4", "k\u00f4mei t\u00f4", "nihon ky\u00f4san t\u00f4"], "Percent": [0.5574162466283714, 0.2282862660284609, 0.13868502584822495, 0.03233645234504986, 0.02932175416010531, 0.013954254989787668]}, "1969-12": {"Total Votes": 949187.0, "Parties": ["jiy\u00fb minshu t\u00f4", "nihon shakai t\u00f4", "minshu shakai t\u00f4", "nihon ky\u00f4san t\u00f4"], "Percent": [0.7013781267547912, 0.24140027202226746, 0.04917787538177409, 0.008043725841167231]}, "2012-12": {"Total Votes": 0, "Parties": [], "Percent": []}, "2009-8": {"Total Votes": 0, "Parties": [], "Percent": []}, "1952-10": {"Total Votes": 1115632.0, "Parties": ["jiy\u00fb t\u00f4", "kaishin t\u00f4", "saha shakai t\u00f4", "independent", "nihon ky\u00f4san t\u00f4"], "Percent": [0.7795868171583461, 0.14641924935821132, 0.04396969610050626, 0.02701607698595953, 0.003008160396976781]}, "1993-7": {"Total Votes": 998974.0, "Parties": ["jiy\u00fb minshu t\u00f4", "jnp affiliated independent", "nihon shakai t\u00f4", "nihon ky\u00f4san t\u00f4"], "Percent": [0.7969126323608022, 0.09748201654897926, 0.08561183774552691, 0.019993513344691655]}, "1949-1": {"Total Votes": 1031551.0, "Parties": ["minshu t\u00f4", "minshu jiy\u00fb t\u00f4", "nihon shakai t\u00f4", "independent", "new farmers\u2019 party", "nihon ky\u00f4san t\u00f4"], "Percent": [0.5497159132219347, 0.3029254006830491, 0.08891465375924215, 0.02825744921967019, 0.02060295613110743, 0.00958362698499638]}, "1955-2": {"Total Votes": 776200.0, "Parties": ["jiy\u00fb t\u00f4", "nihon minshu t\u00f4", "uha shakai t\u00f4", "saha shakai t\u00f4", "independent"], "Percent": [0.6481538263334192, 0.21229580005153312, 0.06957356351455811, 0.06451945374903376, 0.005457356351455811]}, "1967-1": {"Total Votes": 980549.0, "Parties": ["jiy\u00fb minshu t\u00f4", "nihon shakai t\u00f4", "nihon ky\u00f4san t\u00f4"], "Percent": [0.6996519296842891, 0.2919690907848562, 0.008378979530854654]}, "1979-10": {"Total Votes": 909435.0, "Parties": ["jiy\u00fb minshu t\u00f4", "nihon shakai t\u00f4", "minshu shakai t\u00f4", "nihon ky\u00f4san t\u00f4"], "Percent": [0.8130630556334427, 0.08855718110695102, 0.08382457239934685, 0.014555190860259392]}, "1980-6": {"Total Votes": 1076617.0, "Parties": ["jiy\u00fb minshu t\u00f4", "minshu shakai t\u00f4", "nihon shakai t\u00f4", "nihon ky\u00f4san t\u00f4"], "Percent": [0.843625913393528, 0.07419351542842069, 0.07280397764478919, 0.00937659353326206]}, "1990-2": {"Total Votes": 938874.0, "Parties": ["jiy\u00fb minshu t\u00f4", "ldp affiliated independent", "nihon shakai t\u00f4", "minshu shakai t\u00f4", "nihon ky\u00f4san t\u00f4", "independent"], "Percent": [0.698918065682935, 0.10712513074171827, 0.0895349109678189, 0.06091445710500024, 0.021880465323355424, 0.021626970179172072]}, "1947-4": {"Total Votes": 1330375.0, "Parties": ["minshu t\u00f4", "nihon shakai t\u00f4", "nihon jiy\u00fb t\u00f4", "independent", "nihon ky\u00f4san t\u00f4"], "Percent": [0.670150897303392, 0.2290993141031664, 0.0710145635629052, 0.026484261956215352, 0.00325096307432115]}, "1963-11": {"Total Votes": 1252924.0, "Parties": ["jiy\u00fb minshu t\u00f4", "nihon shakai t\u00f4", "dsp affiliated independent", "nihon ky\u00f4san t\u00f4"], "Percent": [0.8122471913699474, 0.16901583815139626, 0.015676928528785466, 0.003060041949870862]}, "1958-5": {"Total Votes": 1546033.0, "Parties": ["jiy\u00fb minshu t\u00f4", "nihon shakai t\u00f4", "nihon ky\u00f4san t\u00f4"], "Percent": [0.8664498105797225, 0.13163237783410833, 0.0019178115861692474]}, "1960-11": {"Total Votes": 1213588.0, "Parties": ["jiy\u00fb minshu t\u00f4", "nihon shakai t\u00f4", "minshu shakai t\u00f4", "nihon ky\u00f4san t\u00f4"], "Percent": [0.8053046009024479, 0.18200905084756935, 0.009548545305326025, 0.003137802944656671]}, "2005-9": {"Total Votes": 0, "Parties": [], "Percent": []}, "1986-7": {"Total Votes": 1024946.0, "Parties": ["jiy\u00fb minshu t\u00f4", "jsp affiliated independent", "dsp affiliated independent", "ldp affiliated independent", "nihon ky\u00f4san t\u00f4"], "Percent": [0.8141989919468928, 0.09458937348894478, 0.05511412308550889, 0.024086146977499303, 0.012011364501154207]}, "1972-12": {"Total Votes": 1044313.0, "Parties": ["jiy\u00fb minshu t\u00f4", "nihon shakai t\u00f4", "nihon ky\u00f4san t\u00f4", "ldp affiliated independent"], "Percent": [0.7218985112700886, 0.24648740368069727, 0.016547720846144785, 0.015066364203069386]}}