{"1953-4": {"Total Votes": 994661.0, "Parties": ["jiy\u00fb t\u00f4", "kaishin t\u00f4", "independent", "saha shakai t\u00f4", "uha shakai t\u00f4", "jiy\u00fb t\u00f4 b\u00fbnto ha", "nihon ky\u00f4san t\u00f4"], "Percent": [0.3833497040700299, 0.27471168568989834, 0.11950302665933418, 0.09322171071349937, 0.0706984590729907, 0.046212729764211126, 0.012302684030036364]}, "1983-12": {"Total Votes": 2276950.0, "Parties": ["jiy\u00fb minshu t\u00f4", "nihon shakai t\u00f4", "ldp affiliated independent", "nihon ky\u00f4san t\u00f4"], "Percent": [0.8390684907441972, 0.09813478556841389, 0.033984496804936426, 0.028812226882452406]}, "1976-12": {"Total Votes": 2326388.0, "Parties": ["jiy\u00fb minshu t\u00f4", "nihon shakai t\u00f4", "nihon ky\u00f4san t\u00f4", "ldp affiliated independent", "k\u00f4mei t\u00f4"], "Percent": [0.8385548756269375, 0.08367262898536272, 0.03545582250252322, 0.02295274906851308, 0.01936392381666343]}, "1969-12": {"Total Votes": 1856726.0, "Parties": ["jiy\u00fb minshu t\u00f4", "nihon shakai t\u00f4", "k\u00f4mei t\u00f4", "nihon ky\u00f4san t\u00f4", "ldp affiliated independent"], "Percent": [0.8524257214042351, 0.09112060691776816, 0.03344650745451941, 0.019169764413273685, 0.003837399810203552]}, "2012-12": {"Total Votes": 0, "Parties": [], "Percent": []}, "2009-8": {"Total Votes": 0, "Parties": [], "Percent": []}, "1952-10": {"Total Votes": 1394553.0, "Parties": ["jiy\u00fb t\u00f4", "kaishin t\u00f4", "independent", "uha shakai t\u00f4", "saha shakai t\u00f4", "nihon ky\u00f4san t\u00f4"], "Percent": [0.4324496810088967, 0.3594449260802566, 0.08174734126275587, 0.06499717113655773, 0.05036165710446286, 0.010999223407070224]}, "1993-7": {"Total Votes": 2085280.0, "Parties": ["jiy\u00fb minshu t\u00f4", "nihon shakai t\u00f4", "shinsei t\u00f4", "ldp affiliated independent", "nihon ky\u00f4san t\u00f4", "nihon shint\u00f4"], "Percent": [0.7813636538018874, 0.07796650809483618, 0.05176858743190363, 0.04656065372515921, 0.021332387017570783, 0.021008209928642677]}, "1949-1": {"Total Votes": 1625497.0, "Parties": ["minshu jiy\u00fb t\u00f4", "minshu t\u00f4", "nihon shakai t\u00f4", "independent", "nihon ky\u00f4san t\u00f4", "farmer-labour party", "kokumin ky\u00f4d\u00f4 t\u00f4", "japan farmers\u2019 party"], "Percent": [0.6715287693548496, 0.17581515068929687, 0.0638678508788389, 0.03991210072980756, 0.03095668586284687, 0.009394049942879009, 0.007843139667437098, 0.0006822528740440616]}, "1955-2": {"Total Votes": 1477662.0, "Parties": ["nihon minshu t\u00f4", "jiy\u00fb t\u00f4", "saha shakai t\u00f4", "uha shakai t\u00f4", "nihon ky\u00f4san t\u00f4"], "Percent": [0.557274261637641, 0.21761133466246002, 0.18078829935397944, 0.04231278871622875, 0.002013315629690687]}, "1967-1": {"Total Votes": 1770404.0, "Parties": ["jiy\u00fb minshu t\u00f4", "nihon shakai t\u00f4", "nihon ky\u00f4san t\u00f4", "ldp affiliated independent"], "Percent": [0.7008349506666275, 0.2690798258476596, 0.016648177478134935, 0.01343704600757793]}, "1979-10": {"Total Votes": 2118047.0, "Parties": ["jiy\u00fb minshu t\u00f4", "nihon shakai t\u00f4", "nihon ky\u00f4san t\u00f4", "k\u00f4mei t\u00f4"], "Percent": [0.8507771546146049, 0.09096729203837309, 0.03770029654677162, 0.02055525680025042]}, "1980-6": {"Total Votes": 1953527.0, "Parties": ["jiy\u00fb minshu t\u00f4", "nihon shakai t\u00f4", "nihon ky\u00f4san t\u00f4", "k\u00f4mei t\u00f4"], "Percent": [0.8234291105267549, 0.1129065531216103, 0.04234853165582047, 0.02131580469581429]}, "1990-2": {"Total Votes": 2255730.0, "Parties": ["jiy\u00fb minshu t\u00f4", "nihon shakai t\u00f4", "ldp affiliated independent", "jsp affiliated independent", "nihon ky\u00f4san t\u00f4", "independent"], "Percent": [0.7843536238822909, 0.12451756194225373, 0.038369840362100074, 0.025444091269788496, 0.01968896986784766, 0.0076259126757191684]}, "1947-4": {"Total Votes": 1774782.0, "Parties": ["minshu t\u00f4", "nihon shakai t\u00f4", "nihon jiy\u00fb t\u00f4", "independent", "kokumin ky\u00f4d\u00f4 t\u00f4", "nihon ky\u00f4san t\u00f4"], "Percent": [0.4730333077527268, 0.26236630752396634, 0.2265179610791635, 0.014591651256323312, 0.013053434168252777, 0.010437338219567249]}, "1963-11": {"Total Votes": 1860546.0, "Parties": ["jiy\u00fb minshu t\u00f4", "nihon shakai t\u00f4", "nihon ky\u00f4san t\u00f4", "ldp affiliated independent"], "Percent": [0.7465958917436064, 0.23378459871457088, 0.009982553508486218, 0.00963695603333645]}, "1958-5": {"Total Votes": 2126416.0, "Parties": ["jiy\u00fb minshu t\u00f4", "nihon shakai t\u00f4", "ldp affiliated independent", "jsp affiliated independent", "nihon ky\u00f4san t\u00f4"], "Percent": [0.7757437867284671, 0.19811880648001143, 0.011856099653125259, 0.009073012994635104, 0.005208294143761146]}, "1960-11": {"Total Votes": 1871739.0, "Parties": ["jiy\u00fb minshu t\u00f4", "nihon shakai t\u00f4", "minshu shakai t\u00f4", "ldp affiliated independent", "nihon ky\u00f4san t\u00f4"], "Percent": [0.746515940523759, 0.20740071131712276, 0.023282092214779948, 0.015382486553947961, 0.007418769390390434]}, "2005-9": {"Total Votes": 0, "Parties": [], "Percent": []}, "1986-7": {"Total Votes": 2351997.0, "Parties": ["jiy\u00fb minshu t\u00f4", "nihon shakai t\u00f4", "ldp affiliated independent", "nihon ky\u00f4san t\u00f4"], "Percent": [0.8558046630161518, 0.09958133450000148, 0.02812078416766688, 0.016493218316179826]}, "1972-12": {"Total Votes": 2288089.0, "Parties": ["jiy\u00fb minshu t\u00f4", "nihon shakai t\u00f4", "nihon ky\u00f4san t\u00f4", "ldp affiliated independent"], "Percent": [0.8695256172290501, 0.08060787845228048, 0.029966054642105264, 0.019900449676564156]}}