{"2013-9": {"Total Votes": 282211.0, "Parties": ["Rassemblement du Peuple de Guin\u00e9e Arc-en-Ciel", "Parti de l'Espoir pour le D\u00e9veloppement National", "Parti D\u00e9mocratique de Guin\u00e9e-Rassemblement D\u00e9mocratique Africain", "AFIA Party", "Union pour le Progr\u00e8s de la Guin\u00e9e", "Union pour le Progr\u00e8s et le Renouveau", "Guin\u00e9e pour Tous", "G\u00e9n\u00e9ration pour la R\u00e9conciliation, l\u2019Union et la Prosp\u00e9rit\u00e9"], "Percent": [0.8776305671997193, 0.04455885844279635, 0.028188128740552282, 0.016151035927019147, 0.01203000591755814, 0.009818894373358941, 0.009475179918571565, 0.0021473294804242216]}}