{"2013-9": {"Total Votes": 542983.0, "Parties": ["Union des Forces D\u00e9mocratiques de Guin\u00e9e", "Rassemblement du Peuple de Guin\u00e9e Arc-en-Ciel", "Guin\u00e9e pour Tous", "Union pour le Progr\u00e8s de la Guin\u00e9e", "G\u00e9n\u00e9ration pour la R\u00e9conciliation, l\u2019Union et la Prosp\u00e9rit\u00e9", "Parti D\u00e9mocratique de Guin\u00e9e-Rassemblement D\u00e9mocratique Africain", "Union pour le Progr\u00e8s et le Renouveau", "Alliance D\u00e9mocratique pour le Changement", "Union Nationale pour l'Egalit\u00e9 et le D\u00e9veloppement", "Union pour la Nouvelle R\u00e9publique"], "Percent": [0.5520246490221609, 0.3697077072394532, 0.015956300657663316, 0.014952585992563303, 0.014365090619779993, 0.011784899343073356, 0.010832751669941784, 0.004486328301254367, 0.0031013862312448087, 0.0027883009228649885]}}