{"2013-9": {"Total Votes": 294942.0, "Parties": ["Rassemblement du Peuple de Guin\u00e9e Arc-en-Ciel", "L'Union des Forces R\u00e9publicaines", "Parti de l'Espoir pour le D\u00e9veloppement National", "Union des Forces D\u00e9mocratiques de Guin\u00e9e", "Guin\u00e9e pour Tous", "L\u2019Union Guin\u00e9enne Pour La D\u00e9mocratie et le D\u00e9veloppement", "Rassemblement pour une Guin\u00e9e Prosp\u00e8re", "Parti Guin\u00e9en pour la Renaissance et le Progr\u00e9s"], "Percent": [0.6702131266486292, 0.17904537163238873, 0.05301042238813054, 0.0434051440622224, 0.03384733269591988, 0.013189033776132257, 0.003821090248252199, 0.0034684785483247555]}}