{"2013-9": {"Total Votes": 81347.0, "Parties": ["Union des Forces D\u00e9mocratiques de Guin\u00e9e", "L'Union des Forces R\u00e9publicaines"], "Percent": [0.7819956482722166, 0.21800435172778346]}}