{"1997-9": {"Total Votes": 208462.0, "Parties": ["sld", "aws", "uw", "psl", "up", "rop", "kpeir", "kpeirrp", "upr", "bdp", "so"], "Percent": [0.37369400658153523, 0.2858602527079276, 0.11695177058648579, 0.0686695896614251, 0.05733419040400649, 0.031953065786570214, 0.02144275695330564, 0.01801287524824668, 0.017792211530158974, 0.00632729226429757, 0.001961988276040717]}, "2001-9": {"Total Votes": 311993.0, "Parties": ["sld-up", "po", "srp", "psl", "awsp", "pis", "lpr", "uw", "others"], "Percent": [0.5153641267592542, 0.09814963797264682, 0.09601817989506174, 0.0749439891279612, 0.05992121618113227, 0.05664229646177959, 0.054417887580811106, 0.03362895962409413, 0.010913706397258914]}, "1991-10": {"Total Votes": 0, "Parties": [], "Percent": []}, "2005-9": {"Total Votes": 270524.0, "Parties": ["po", "pis", "sld", "srp", "others", "psl", "lpr"], "Percent": [0.24213008827312918, 0.22837530126717037, 0.1618340701749198, 0.114104478715382, 0.09873800476113025, 0.07852907690260384, 0.07628897990566456]}, "1993-9": {"Total Votes": 225609.0, "Parties": ["sld", "psl", "ud", "up", "o(zchn-kk)", "kpn", "bbwr", "s", "kld", "s-o", "x", "pc", "upr", "kdr", "pl", "pwn-psn"], "Percent": [0.2630258544650258, 0.15982075183170885, 0.09885687184465158, 0.07425235695384493, 0.06357902388645843, 0.04661604811864775, 0.04416933721615716, 0.04387236324792007, 0.042932684423050496, 0.040614514491886404, 0.0325385955347526, 0.03135956455637851, 0.02842528445230465, 0.017069354502701577, 0.010336467073565328, 0.0025309274009458842]}}