{"1997-9": {"Total Votes": 251269.0, "Parties": ["sld", "aws", "uw", "psl", "up", "rop", "kpeir", "nc", "upr", "kpeirrp", "bdp"], "Percent": [0.31363996354504536, 0.3060425281272262, 0.09842041795844295, 0.06482693846037514, 0.05373523992215514, 0.04824709773191281, 0.028801802052780087, 0.024698629755361783, 0.021677962661530072, 0.020404427127898785, 0.019504992657271687]}, "2001-9": {"Total Votes": 216414.0, "Parties": ["sld-up", "po", "srp", "pis", "psl", "awsp", "lpr", "uw", "others"], "Percent": [0.47026532479414457, 0.1170441838328389, 0.10610681379208368, 0.07892742613694123, 0.0713724620403486, 0.06994926391083756, 0.05477464489358359, 0.023746153206354488, 0.007813727392867375]}, "1991-10": {"Total Votes": 462246.0, "Parties": ["psl", "sld", "ud", "kpn", "poc", "pl", "wak", "kld", "s", "pppp", "mn", "upr", "sp", "cd", "sn", "sd", "pchd", "srk", "ppe-z", "zp", "e-z", "rik", "rds", "skw", "bl-ch", "muw", "pw", "pzz", "ppn", "chsp"], "Percent": [0.17527247396407974, 0.12226606612063706, 0.09402785529782842, 0.08300125906984593, 0.07267991502360216, 0.06512765929829571, 0.06176797635890846, 0.056045914945721545, 0.04884628531128447, 0.03899006156894813, 0.023833629712317683, 0.022124583014239172, 0.021062378041129613, 0.015338153277691965, 0.01141167257261285, 0.011173704045032299, 0.009650705468516764, 0.008521436637634506, 0.008101746688992441, 0.007478701816781541, 0.007273183542961972, 0.006805899888803797, 0.006388373290412464, 0.005107669941978947, 0.005060076236462836, 0.0038788869995630033, 0.0037707194870263885, 0.002156860199980097, 0.0017977440583585363, 0.0010384081203515011]}, "2005-9": {"Total Votes": 183176.0, "Parties": ["pis", "po", "srp", "others", "sld", "lpr", "psl"], "Percent": [0.2768321177446827, 0.24783268550465126, 0.13725051316766387, 0.11350286063676464, 0.10667336332270604, 0.060859501244704545, 0.05704895837882692]}, "1993-9": {"Total Votes": 286685.0, "Parties": ["sld", "psl", "kpn", "ud", "up", "s", "pc", "o(zchn-kk)", "bbwr", "Unknown", "upr", "x", "s-o", "kld", "pl"], "Percent": [0.20265099325043165, 0.1613652615239723, 0.08442018243019342, 0.08151106615274605, 0.06436332560126969, 0.05752306538535326, 0.05547552191429618, 0.05015958281737796, 0.047710902209742403, 0.041676404415996654, 0.03718366848631773, 0.03618605786839214, 0.033242060100807505, 0.027033154856375464, 0.019498752986727593]}}