{"1997-9": {"Total Votes": 1677245.0, "Parties": ["aws", "sld", "uw", "psl", "rop", "up", "kpeir", "upr", "kpeirrp", "bdp", "prawoclawni", "pwn-psn"], "Percent": [0.3976687961508307, 0.22176068493273193, 0.12443918449600386, 0.07719504306168747, 0.06286857316611466, 0.03783764447054545, 0.02016998112976935, 0.01846241902643919, 0.015478358856338817, 0.015471204266520395, 0.008127614033727928, 0.0005204964092902349]}, "2001-9": {"Total Votes": 1700964.0, "Parties": ["sld-up", "srp", "po", "pis", "psl", "lpr", "awsp", "uw", "others"], "Percent": [0.37791099635265646, 0.11321050886438515, 0.108655444794834, 0.1057000618472819, 0.10501985932682878, 0.09846240132066288, 0.055755442208065546, 0.02975077661843519, 0.005534508666850092]}, "1991-10": {"Total Votes": 1591097.0, "Parties": ["ud", "sld", "wak", "psl", "kpn", "poc", "pl", "kld", "s", "pppp", "sp", "cd", "upr", "kkszp", "sd", "zp", "kwp", "pw", "sn", "ppe-z", "uwil", "pzm", "e-z", "rfw", "pchd", "rimp", "rds", "bl-ch", "wbm", "kwsg", "kr", "bkw", "pko", "o", "pzz", "nkw", "skptz", "ksk", "pv", "gkn", "chsp", "kpmb", "pekapees"], "Percent": [0.11687219572408218, 0.11621730164785679, 0.10607649942146834, 0.10268450006504946, 0.09207546742907566, 0.08595264776440406, 0.06877456245596592, 0.049871880846987966, 0.03891780325146739, 0.030333160077606832, 0.02216521054341753, 0.021448095244978777, 0.017982561716853217, 0.017337723595733007, 0.015324647083113097, 0.010129489276895123, 0.008665719311896133, 0.007150412576983051, 0.005984550281975266, 0.005728123426792961, 0.005668416193355905, 0.005266177989148368, 0.005016036105906806, 0.004854512327029716, 0.004527693786111092, 0.0036949350039626747, 0.003679851071304892, 0.0035824340062233797, 0.0030526108716187636, 0.002960850281283919, 0.002829494367722395, 0.0027873850557194185, 0.0022695033678022144, 0.001823898857203552, 0.0013644674083352556, 0.0013211011019441303, 0.0012079716070107604, 0.0011891166911885322, 0.0010187939515944031, 0.0006756344836298478, 0.0005455355644564724, 0.0005335941177690612, 0.00043743404707569686]}, "2005-9": {"Total Votes": 1547464.0, "Parties": ["pis", "po", "srp", "others", "sld", "lpr", "psl"], "Percent": [0.29981311358454865, 0.20078140751578064, 0.1270859935998511, 0.10378464377846594, 0.10314294872126267, 0.0927129807220071, 0.07267891207808387]}, "1993-9": {"Total Votes": 1693660.0, "Parties": ["sld", "psl", "ud", "o(zchn-kk)", "kpn", "up", "s", "bbwr", "pc", "kdr", "kld", "upr", "pl", "x", "s-o", "Unknown", "pwn-psn"], "Percent": [0.17910737692334944, 0.17100657747127523, 0.10288546697684305, 0.08167932170565521, 0.07653484170376582, 0.061665269298442425, 0.05279572051061016, 0.05115666662730418, 0.042758877224472434, 0.036036748816173254, 0.03202708926230766, 0.0307352124983763, 0.028969805037610857, 0.02496959248019083, 0.018873918023688343, 0.008086038520128007, 0.0007114769198068089]}}