{"2006-10": {"Total Votes": 853372.0, "Parties": ["stranka demokratske akcije", "stranka za bosnu i hercegovinu", "socijaldemokratska partija bosne i hercegovine - socijaldemokrati bih", "hdz-hrvatska koalicija -hnz", "hrvatsko zajedni\u0160tvo (hdz 1990 hz-hss-hkdu-hdu-demokr\u0160cani)", "bosanskohercegovacka patriotska stranka-sefer halilovic", "narodna stranka radom za boljitak", "patriotski blok boss - sdu bih", "hsp \u00d0apic-juri\u0160ic i nhi-koalicija za jednakopravnost", "demokratska narodna zajednica bih", "stranka penzionera - umirovljenika bih", "liberalno demokratska stranka bosne i hercegovine", "politicki pokret mladih bih", "savez nezavisnih socijaldemokrata - snsd - milorad dodik", "pokret za promjene bosne i hercegovine", "evropska ekolo\u0160ka stranka e-5", "gra\u00d0anska demokratska stranka bosne i hercegovine", "narodna bo\u0160njacka stranka", "demokratska stranka invalida bih", "socijalisticka partija", "slobodni demokrati", "kongresna narodna stranka za\u0160tite prava boraca i gra\u00d0ana - pravde i morala bih", "bosansko podrinjska narodna stranka", "demokratski narodni savez-dns"], "Percent": [0.25541147354260507, 0.22994661179415304, 0.1540359889942487, 0.07990419184130719, 0.06104606197531675, 0.04406987808364934, 0.032209868615328374, 0.02766085599246284, 0.022834121578865958, 0.019008123069423417, 0.01381578022245867, 0.009769479195473956, 0.009038262328738228, 0.008513286116722836, 0.0071375672039860685, 0.005921216069896833, 0.005064614259666358, 0.004509170678203644, 0.0040720811088247565, 0.0020530319719887693, 0.0019417088913158624, 0.0011870555865437348, 0.0005777081975972964, 0.0002718626812222571]}}