{"1885-11": {"Total Votes": 28351.0, "Parties": ["independent liberals", "liberals", "conservatives"], "Percent": [0.47426898522097977, 0.32559698070614795, 0.2001340340728722]}, "1892-7": {"Total Votes": 18823.0, "Parties": ["liberals", "liberal unionists", "conservatives"], "Percent": [0.44397811188439673, 0.4426499495298305, 0.11337193858577273]}, "1979-5": {"Total Votes": 46688.0, "Parties": ["liberals", "conservatives", "scottish national party", "labour party", "independents"], "Percent": [0.33661754626456475, 0.247579677861549, 0.20568454420836188, 0.20532042494859493, 0.004797806716929404]}, "2010-5": {"Total Votes": 110692.0, "Parties": ["liberal democrat", "labour party", "scottish national party", "conservative party", "green party", "united kingdom independence party", "christian party", "independent", "trade unionist and socialist coalition", "joy of talk"], "Percent": [0.44640985798431687, 0.2055523434394536, 0.17690528674158928, 0.12902468109709825, 0.014147363856466592, 0.011139016369746685, 0.007543453908141509, 0.007218227152820438, 0.0012196003324540165, 0.000840169117912767]}, "2001-6": {"Total Votes": 24867.0, "Parties": ["liberal democrat", "labour party", "scottish national party", "conservative party", "scottish socialist party", "independent"], "Percent": [0.3635742148228576, 0.2532271685366148, 0.21204809587002854, 0.14127156472433344, 0.02187638235412394, 0.008002573692041662]}, "1874-1": {"Total Votes": 14539.0, "Parties": ["conservatives", "liberals", "home rule party"], "Percent": [0.7580989063897104, 0.23350987000481463, 0.00839122360547493]}, "1922-11": {"Total Votes": 0, "Parties": [], "Percent": []}, "1886-7": {"Total Votes": 10302.0, "Parties": ["liberal unionists", "liberals", "conservatives"], "Percent": [0.4984469035138808, 0.3041157056882159, 0.19743739079790332]}, "1865-7": {"Total Votes": 633.0, "Parties": ["conservatives", "liberals"], "Percent": [0.5308056872037915, 0.46919431279620855]}, "1847-7": {"Total Votes": 124.0, "Parties": ["repealers", "liberals"], "Percent": [0.6129032258064516, 0.3870967741935484]}, "1951-10": {"Total Votes": 0, "Parties": [], "Percent": []}, "1950-2": {"Total Votes": 0, "Parties": [], "Percent": []}, "1966-3": {"Total Votes": 0, "Parties": [], "Percent": []}, "1910-12": {"Total Votes": 15008.0, "Parties": ["liberals", "liberal unionists", "independent conservatives"], "Percent": [0.5869536247334755, 0.4014525586353945, 0.011593816631130065]}, "1837-7": {"Total Votes": 11228.0, "Parties": ["liberals", "conservatives"], "Percent": [0.81857855361596, 0.1814214463840399]}, "1935-11": {"Total Votes": 0, "Parties": [], "Percent": []}, "2005-5": {"Total Votes": 104456.0, "Parties": ["liberal democrat", "labour party", "scottish national party", "conservative party", "green party", "scottish socialist party", "independent", "publican party - free to smoke", "united kingdom independence party"], "Percent": [0.4871620586658498, 0.23284445125220188, 0.12251091368614536, 0.10233016772612391, 0.020697710040591254, 0.013297464961323427, 0.009879757984223022, 0.006490771233820939, 0.004786704449720456]}, "1832-12": {"Total Votes": 467.0, "Parties": ["liberals", "conservatives"], "Percent": [0.550321199143469, 0.44967880085653106]}, "1955-5": {"Total Votes": 0, "Parties": [], "Percent": []}, "1835-12": {"Total Votes": 605.0, "Parties": ["liberals", "conservatives"], "Percent": [0.5107438016528926, 0.48925619834710743]}, "1974-2": {"Total Votes": 43657.0, "Parties": ["liberals", "conservatives", "scottish national party", "labour party"], "Percent": [0.38717731406189154, 0.2675401424742882, 0.17903199945026, 0.16625054401356026]}, "1964-10": {"Total Votes": 0, "Parties": [], "Percent": []}, "1852-7": {"Total Votes": 11843.0, "Parties": ["liberals", "conservatives"], "Percent": [0.8315460609642826, 0.16845393903571731]}, "1924-10": {"Total Votes": 0, "Parties": [], "Percent": []}, "1868-11": {"Total Votes": 13261.0, "Parties": ["liberals", "conservatives"], "Percent": [0.7841037629138075, 0.2158962370861926]}, "1910-1": {"Total Votes": 22915.0, "Parties": ["liberals", "liberal unionists", "conservatives"], "Percent": [0.5903120226925594, 0.22138337333624264, 0.1883046039711979]}, "1859-4": {"Total Votes": 163.0, "Parties": ["conservatives", "liberals"], "Percent": [0.5276073619631901, 0.4723926380368098]}, "1895-7": {"Total Votes": 17314.0, "Parties": ["liberals", "liberal unionists", "conservatives"], "Percent": [0.49855608178352784, 0.3286935427977359, 0.17275037541873628]}, "1970-6": {"Total Votes": 0, "Parties": [], "Percent": []}, "1997-5": {"Total Votes": 29172.0, "Parties": ["liberal democrat", "labour party", "scottish national party", "conservative party", "referendum", "green party", "united kingdom independence party"], "Percent": [0.35585492938434116, 0.2784176607706019, 0.23001508295625941, 0.10791169614699027, 0.01264911559029206, 0.007884272590154943, 0.0072672425613602085]}, "1931-10": {"Total Votes": 0, "Parties": [], "Percent": []}, "1983-6": {"Total Votes": 0, "Parties": [], "Percent": []}, "1929-5": {"Total Votes": 0, "Parties": [], "Percent": []}, "1880-3": {"Total Votes": 18299.0, "Parties": ["liberals", "conservatives", "home rule party"], "Percent": [0.7497130990764522, 0.24127001475490464, 0.009016886168643096]}, "1923-12": {"Total Votes": 0, "Parties": [], "Percent": []}, "1992-4": {"Total Votes": 0, "Parties": [], "Percent": []}, "1987-6": {"Total Votes": 0, "Parties": [], "Percent": []}, "1857-3": {"Total Votes": 322.0, "Parties": ["conservatives"], "Percent": [1.0]}, "1918-12": {"Total Votes": 0, "Parties": [], "Percent": []}, "1841-6": {"Total Votes": 10054.0, "Parties": ["liberals", "conservatives"], "Percent": [0.8104237119554406, 0.18957628804455937]}, "1906-1": {"Total Votes": 19895.0, "Parties": ["liberals", "liberal unionists", "conservatives"], "Percent": [0.6274943453128927, 0.2572505654687107, 0.11525508921839658]}, "1959-10": {"Total Votes": 0, "Parties": [], "Percent": []}, "1974-10": {"Total Votes": 40686.0, "Parties": ["liberals", "scottish national party", "conservatives", "labour party", "independents"], "Percent": [0.32266627341100135, 0.2947942781300693, 0.21928919038489897, 0.15563092955807895, 0.007619328515951433]}, "1945-7": {"Total Votes": 0, "Parties": [], "Percent": []}, "1900-10": {"Total Votes": 12803.0, "Parties": ["liberals", "conservatives", "independent liberals", "liberal unionists"], "Percent": [0.39904709833632745, 0.3146137623994376, 0.19073654612200264, 0.0956025931422323]}}