{"1885-11": {"Total Votes": 28372.0, "Parties": ["liberals", "conservatives", "independent liberals"], "Percent": [0.4920344001127872, 0.30170590723248275, 0.20625969265473001]}, "1892-7": {"Total Votes": 33724.0, "Parties": ["unionists", "liberal unionists", "liberals"], "Percent": [0.4175661250148262, 0.3105503498991816, 0.2718835250859922]}, "1979-5": {"Total Votes": 152319.0, "Parties": ["conservatives", "liberals", "labour party", "mebyon kernow", "ecology party", "cornish nationalist party", "national front"], "Percent": [0.4707488888451211, 0.4110583709189267, 0.09742054504034298, 0.012106171915519402, 0.005705131992725793, 0.0014902933974093842, 0.0014705978899546346]}, "2010-5": {"Total Votes": 280881.0, "Parties": ["liberal democrat", "conservative party", "labour party", "united kingdom independence party", "mebyon kernow", "green party", "british national party", "cornish democrats", "socialist labour party"], "Percent": [0.41763949857768945, 0.409483019499361, 0.08636041597687277, 0.048999398321709194, 0.019150458735193908, 0.012720689544682624, 0.0036385515574211143, 0.0014098497228363612, 0.0005981180642336078]}, "2001-6": {"Total Votes": 201822.0, "Parties": ["liberal democrat", "conservative party", "labour party", "united kingdom independence party", "mebyon kernow", "liberal party"], "Percent": [0.4395160091565835, 0.32700102070141013, 0.18226456976940072, 0.03778577162053691, 0.010216923823963692, 0.0032157049281049638]}, "1874-1": {"Total Votes": 31761.0, "Parties": ["conservatives", "liberals"], "Percent": [0.5208589150215673, 0.47914108497843266]}, "1922-11": {"Total Votes": 86787.0, "Parties": ["conservatives", "liberals", "national liberals", "labour party", "independents", "independent conservatives"], "Percent": [0.3632686923156694, 0.2958046712065171, 0.20765782893751367, 0.1121250878587807, 0.013158652793621165, 0.007985066887897957]}, "1886-7": {"Total Votes": 28002.0, "Parties": ["liberal unionists", "liberals", "unionists", "nationalists"], "Percent": [0.45171773444753943, 0.27465895293193343, 0.26569530747803727, 0.007928005142489822]}, "1865-7": {"Total Votes": 5462.0, "Parties": ["conservatives", "liberals"], "Percent": [0.868363236909557, 0.13163676309044306]}, "1847-7": {"Total Votes": 6730.0, "Parties": ["conservatives", "liberals"], "Percent": [0.9444279346210996, 0.05557206537890044]}, "1951-10": {"Total Votes": 156297.0, "Parties": ["Conservatives", "Labour Party", "Liberals"], "Percent": [0.5234009609909339, 0.2959813688042637, 0.18061767020480238]}, "1950-2": {"Total Votes": 157557.0, "Parties": ["Conservatives", "Liberals", "Labour Party"], "Percent": [0.45737733010910336, 0.2843669275246419, 0.25825574236625476]}, "1966-3": {"Total Votes": 157860.0, "Parties": ["Conservatives", "Liberals", "Labour Party"], "Percent": [0.4186367667553529, 0.35884327885468137, 0.2225199543899658]}, "1910-12": {"Total Votes": 33086.0, "Parties": ["liberals", "liberal unionists", "conservatives"], "Percent": [0.550837212113885, 0.32294626125853837, 0.12621652662757663]}, "1837-7": {"Total Votes": 17568.0, "Parties": ["liberals", "conservatives"], "Percent": [0.5983606557377049, 0.4016393442622951]}, "1935-11": {"Total Votes": 164227.0, "Parties": ["conservatives", "liberals", "labour party", "national liberals", "scottish national party", "independent labour party"], "Percent": [0.5460003531696981, 0.24067297094874776, 0.14034233104178973, 0.04584508028521498, 0.0235344979814525, 0.0036047665730969936]}, "2005-5": {"Total Votes": 207869.0, "Parties": ["liberal democrat", "conservative party", "labour party", "united kingdom independence party", "mebyon kernow", "green party", "independent", "veritas", "liberal party", "removal of tetramasts in cornwall"], "Percent": [0.4385069442774055, 0.3168197278093414, 0.16428135027348956, 0.048718183086463106, 0.011978698122375151, 0.008361035074975105, 0.004623103974137558, 0.004382567867262555, 0.0020349354641625256, 0.00029345405038750364]}, "1832-12": {"Total Votes": 9525.0, "Parties": ["conservatives", "liberals"], "Percent": [0.7255643044619422, 0.27443569553805774]}, "1955-5": {"Total Votes": 147820.0, "Parties": ["Conservatives", "Liberals", "Labour Party"], "Percent": [0.4846773102421864, 0.2671830604789609, 0.24813962927885264]}, "1835-12": {"Total Votes": 1216.0, "Parties": ["liberals", "conservatives"], "Percent": [0.7401315789473685, 0.2598684210526316]}, "1974-2": {"Total Votes": 143291.0, "Parties": ["liberals", "conservatives", "labour party", "mebyon kernow", "independent conservatives"], "Percent": [0.4149876824085253, 0.4098024300200292, 0.16680740590825663, 0.005931984562882526, 0.0024704971003063694]}, "1964-10": {"Total Votes": 150998.0, "Parties": ["Conservatives", "Liberals", "Labour Party", "Independents"], "Percent": [0.4213963098848991, 0.3705015960476298, 0.20634710393515146, 0.0017549901323196334]}, "1852-7": {"Total Votes": 13553.0, "Parties": ["conservatives", "liberals"], "Percent": [0.7291374603408839, 0.2708625396591161]}, "1924-10": {"Total Votes": 144726.0, "Parties": ["conservatives", "liberals", "labour party", "constitutionalists"], "Percent": [0.4635656343711565, 0.3580766413774996, 0.11250915523126459, 0.06584856902007932]}, "1868-11": {"Total Votes": 12053.0, "Parties": ["conservatives", "liberals"], "Percent": [0.8013772504770597, 0.19862274952294035]}, "1910-1": {"Total Votes": 35009.0, "Parties": ["liberals", "liberal unionists"], "Percent": [0.5567711159987432, 0.4432288840012568]}, "1859-4": {"Total Votes": 1566.0, "Parties": ["liberals", "conservatives"], "Percent": [0.6424010217113665, 0.35759897828863346]}, "1895-7": {"Total Votes": 19691.0, "Parties": ["liberal unionists", "liberals"], "Percent": [0.5323751967904119, 0.4676248032095881]}, "1970-6": {"Total Votes": 169617.0, "Parties": ["Conservatives", "Liberals", "Labour Party"], "Percent": [0.48871870154524605, 0.31266913104228944, 0.19861216741246457]}, "1997-5": {"Total Votes": 223460.0, "Parties": ["liberal democrat", "conservative party", "labour party", "referendum", "united kingdom independence party", "independent labour", "mebyon kernow", "liberal party", "natural law party", "radical alternative", "monster raving loony party", "black haired medium build caucasian male"], "Percent": [0.42791551060592503, 0.31359527432202633, 0.17549449565917835, 0.0487067036606104, 0.010516423520988097, 0.007567349861272711, 0.006515707509173902, 0.006291953817237984, 0.0015618007697127002, 0.0007965631432918643, 0.0007204868880336526, 0.00031773024254900205]}, "1931-10": {"Total Votes": 114395.0, "Parties": ["conservatives", "liberals", "labour party", "independents", "independent labour party", "national labour", "new party"], "Percent": [0.46637527863980066, 0.242204641811268, 0.10179640718562874, 0.08909480309454085, 0.07238078587350846, 0.02411818698369684, 0.004029896411556449]}, "1983-6": {"Total Votes": 207071.0, "Parties": ["conservatives", "liberals", "social democratic party", "labour party", "ecology party", "independents", "mebyon kernow", "cornish nationalist party"], "Percent": [0.4904984280753944, 0.3589976384911455, 0.0793833998966538, 0.059844208025266694, 0.0037475068937707356, 0.0030231176746140214, 0.00274784977133447, 0.0017578511718202936]}, "1929-5": {"Total Votes": 212786.0, "Parties": ["conservatives", "liberals", "labour party", "independents"], "Percent": [0.4626714163525796, 0.33207541849557776, 0.15537206395157577, 0.04988110120026693]}, "1880-3": {"Total Votes": 30278.0, "Parties": ["liberals", "conservatives"], "Percent": [0.5628839421362045, 0.4371160578637955]}, "1923-12": {"Total Votes": 129280.0, "Parties": ["liberals", "conservatives", "labour party"], "Percent": [0.6358524133663366, 0.2882038985148515, 0.07594368811881189]}, "1992-4": {"Total Votes": 241889.0, "Parties": ["liberal democrat party", "conservatives", "labour party", "liberal party", "ecology party", "independents", "natural law party", "anti-federal league"],