{"1885-11": {"Total Votes": 13037.0, "Parties": ["conservatives", "liberals"], "Percent": [0.5823425634731917, 0.4176574365268083]}, "1892-7": {"Total Votes": 15528.0, "Parties": ["conservatives", "liberals", "liberal/labour alliance"], "Percent": [0.6056800618238022, 0.23480164863472436, 0.15951828954147346]}, "1979-5": {"Total Votes": 47590.0, "Parties": ["labour party", "conservatives", "liberals", "national front", "socialist unity", "communist party of great britain", "workers revolutionary party", "new britain party", "socialist party of great britain"], "Percent": [0.5231771380542131, 0.3382643412481614, 0.0855221685227989, 0.0278419836100021, 0.009203614204664846, 0.006934229880226938, 0.0045597814666946835, 0.0028577432233662533, 0.0016389997898718217]}, "2010-5": {"Total Votes": 88109.0, "Parties": ["labour party", "liberal democrat", "conservative party", "green party", "united kingdom independence party", "english democrats", "animals count"], "Percent": [0.48443405327492084, 0.3031812868151948, 0.16783756483446638, 0.023357432271391115, 0.01608235254060312, 0.003416223087312306, 0.0016910871761114075]}, "2001-6": {"Total Votes": 58422.0, "Parties": ["labour party", "liberal democrat", "conservative party", "green party", "socialist alliance", "socialist labour party", "independent", "reform 2000 party", "stuckist party"], "Percent": [0.5805347300674404, 0.234124131320393, 0.12168361233781794, 0.032111190989695663, 0.013984457909691555, 0.008763821847933997, 0.004570196158981206, 0.0023792406969977064, 0.0018486186710485776]}, "1874-1": {"Total Votes": 50566.0, "Parties": ["liberals", "conservatives", "liberal/labour alliance"], "Percent": [0.7836095400071194, 0.15300795000593284, 0.06338250998694775]}, "1922-11": {"Total Votes": 50136.0, "Parties": ["conservatives", "liberals", "labour party", "independent labour"], "Percent": [0.4567975107707037, 0.2720599968086804, 0.257220360619116, 0.013922131801499921]}, "1886-7": {"Total Votes": 11033.0, "Parties": ["conservatives", "liberals"], "Percent": [0.6441584337895405, 0.35584156621045954]}, "1865-7": {"Total Votes": 88607.0, "Parties": ["liberals", "conservatives"], "Percent": [0.9884772083469703, 0.011522791653029671]}, "1847-7": {"Total Votes": 247.0, "Parties": ["liberals", "repealers"], "Percent": [0.5263157894736842, 0.47368421052631576]}, "1951-10": {"Total Votes": 45947.0, "Parties": ["Labour Party", "Conservatives"], "Percent": [0.5964698456917753, 0.4035301543082247]}, "1950-2": {"Total Votes": 45518.0, "Parties": ["Labour Party", "Conservatives", "Liberals"], "Percent": [0.5789797442769893, 0.37292939057076324, 0.04809086515224746]}, "1966-3": {"Total Votes": 27227.0, "Parties": ["Labour Party", "Conservatives", "Liberals"], "Percent": [0.5945568736915562, 0.3069379659896426, 0.09850516031880119]}, "1910-12": {"Total Votes": 16378.0, "Parties": ["conservatives", "liberals"], "Percent": [0.5947612651117352, 0.40523873488826473]}, "1837-7": {"Total Votes": 25768.0, "Parties": ["liberals", "conservatives"], "Percent": [0.8300993480285626, 0.16990065197143744]}, "1935-11": {"Total Votes": 62111.0, "Parties": ["labour party", "conservatives", "national labour"], "Percent": [0.49535509008066203, 0.33398270837693805, 0.1706622015423999]}, "2005-5": {"Total Votes": 62455.0, "Parties": ["labour party", "liberal democrat", "conservative party", "green party", "united kingdom independence party", "monster raving loony party", "independent"], "Percent": [0.4557361300136098, 0.34045312625090063, 0.13344007685533585, 0.05932271235289408, 0.007525418301176847, 0.003026178848771115, 0.0004963573773116644]}, "1832-12": {"Total Votes": 41823.0, "Parties": ["liberals", "conservatives"], "Percent": [0.9282452239198526, 0.07175477608014728]}, "1955-5": {"Total Votes": 36622.0, "Parties": ["Labour Party", "Conservatives"], "Percent": [0.6034623996504833, 0.3965376003495167]}, "1835-12": {"Total Votes": 31351.0, "Parties": ["liberals", "conservatives"], "Percent": [0.925616407770087, 0.07438359222991292]}, "1974-2": {"Total Votes": 54580.0, "Parties": ["labour party", "conservatives", "liberals", "independent labour", "national front", "independent liberals", "communist party of great britain"], "Percent": [0.5202638329058263, 0.24142543056064492, 0.18171491388787103, 0.02088677171124954, 0.0159582264565775, 0.010736533528765116, 0.009014290949065591]}, "1964-10": {"Total Votes": 28071.0, "Parties": ["Labour Party", "Conservatives", "Liberals"], "Percent": [0.5530618788073101, 0.3174806740052011, 0.12945744718748886]}, "1852-7": {"Total Votes": 54412.0, "Parties": ["liberals", "conservatives"], "Percent": [0.9368889215614202, 0.06311107843857973]}, "1924-10": {"Total Votes": 61404.0, "Parties": ["conservatives", "labour party", "liberals"], "Percent": [0.4430493127483552, 0.4028890626017849, 0.15406162464985995]}, "1868-11": {"Total Votes": 95327.0, "Parties": ["liberals", "conservatives"], "Percent": [0.8840622279102459, 0.11593777208975421]}, "1910-1": {"Total Votes": 18164.0, "Parties": ["conservatives", "liberals"], "Percent": [0.5703038978198636, 0.42969610218013654]}, "1859-4": {"Total Votes": 64133.0, "Parties": ["liberals", "conservatives"], "Percent": [0.9972401103955841, 0.0027598896044158236]}, "1895-7": {"Total Votes": 7943.0, "Parties": ["conservatives", "liberals"], "Percent": [0.582399597129548, 0.41760040287045197]}, "1970-6": {"Total Votes": 22104.0, "Parties": ["Labour Party", "Conservatives", "National Front"], "Percent": [0.5885812522620341, 0.3556822294607311, 0.05573651827723489]}, "1997-5": {"Total Votes": 71176.0, "Parties": ["labour party", "liberal democrat", "conservative party", "green party", "referendum", "anti child abuse", "natural law party", "independent"], "Percent": [0.6591126222322131, 0.17414577947622795, 0.12950994717320446, 0.021299314375632237, 0.010410812633471957, 0.002402495223108913, 0.001700011239743734, 0.0014190176463976622]}, "1931-10": {"Total Votes": 70998.0, "Parties": ["conservatives", "labour party", "national labour"], "Percent": [0.40550438040508185, 0.35093946308346713, 0.24355615651145102]}, "1983-6": {"Total Votes": 78364.0, "Parties": ["labour party", "social democratic party", "conservatives", "independent labour", "independents", "national front", "british national party", "socialist party of great britain"], "Percent": [0.36255168189474757, 0.27263794599561025, 0.24549538053187686, 0.10441018835179419, 0.006023173906385585, 0.004351487928130264, 0.003445459649839212, 0.0010846817416160482]}, "1929-5": {"Total Votes": 75540.0, "Parties": ["labour party", "conservatives", "liberals"], "Percent": [0.47977230606301297, 0.3207969287794546, 0.19943076515753244]}, "1880-3": {"Total Votes": 88777.0, "Parties": ["liberals", "home rule party", "conservatives"], "Percent": [0.7068272187616161, 0.14899129278979917, 0.14418148844858467]}, "1923-12": {"Total Votes": 50601.0, "Parties": ["conservatives", "labour party", "liberals"], "Percent": [0.3530562637102034, 0.3451117566846505, 0.3018319796051462]}, "1992-4": {"Total Votes": 78216.0, "Parties": ["labour party", "conservatives", "liberal democrat party", "ecology party", "independents", "natural law party", "monster raving loony party"], "Percent": [0.5411680474583206, 0.2415362585660223, 0.1932980464355119, 0.018154853226961237, 0.002122327912447581, 0.0019049810780402987, 0.0018154853226961237]}, "1987-6": {"Total Votes": 80406.0, "Parties": ["labour party", "social democratic party", "conservatives", "ecology party", "socialist party of great britain", "humanist party"], "Percent": [0.44882222719697534, 0.30179339850259934, 0.22886351764793672, 0.01881700370619108, 0.0010073875083948958, 0.0006964654379026441]}, "1857-3": {"Total Votes": 75945.0, "Parties": ["liberals", "conservatives", "irish independent opposition"], "Percent": [0.9205082625584305, 0.07942590032260188, 6.583711896767397e-05]}, "1918-12": {"Total Votes": 34475.0,