{"1885-11": {"Total Votes": 0, "Parties": [], "Percent": []}, "1892-7": {"Total Votes": 0, "Parties": [], "Percent": []}, "1979-5": {"Total Votes": 34714.0, "Parties": ["labour party", "conservatives", "liberals", "national front", "independent labour"], "Percent": [0.5217203433773118, 0.31984213861842486, 0.10598029613412456, 0.029411764705882353, 0.023045457164256496]}, "2010-5": {"Total Votes": 45343.0, "Parties": ["labour party", "conservative party", "british national party", "liberal democrat", "united kingdom independence party", "christian party", "green party", "monster raving loony party", "independent", "the restoration party"], "Percent": [0.543148887369605, 0.17804291731910107, 0.14599827977857663, 0.0820192753015901, 0.028670357056215953, 0.010630086231612377, 0.006991156297554198, 0.0018084379066228525, 0.0016981673025604834, 0.0009924354365613214]}, "2001-6": {"Total Votes": 25126.0, "Parties": ["labour party", "conservative party", "liberal democrat", "british national party"], "Percent": [0.6090105866433176, 0.22956300246756348, 0.09750855687335827, 0.06391785401576057]}, "1874-1": {"Total Votes": 0, "Parties": [], "Percent": []}, "1922-11": {"Total Votes": 0, "Parties": [], "Percent": []}, "1886-7": {"Total Votes": 0, "Parties": [], "Percent": []}, "1865-7": {"Total Votes": 0, "Parties": [], "Percent": []}, "1847-7": {"Total Votes": 0, "Parties": [], "Percent": []}, "1951-10": {"Total Votes": 45213.0, "Parties": ["Labour Party", "Conservatives", "Liberals"], "Percent": [0.6742750978700817, 0.25081281932187643, 0.07491208280804193]}, "1950-2": {"Total Votes": 45677.0, "Parties": ["Labour Party", "Conservatives", "Liberals"], "Percent": [0.6633316548810123, 0.22481774197079493, 0.11185060314819274]}, "1966-3": {"Total Votes": 34759.0, "Parties": ["Labour Party", "Conservatives", "Liberals"], "Percent": [0.6615265111194223, 0.21818809516959636, 0.12028539371098133]}, "1910-12": {"Total Votes": 0, "Parties": [], "Percent": []}, "1837-7": {"Total Votes": 0, "Parties": [], "Percent": []}, "1935-11": {"Total Votes": 0, "Parties": [], "Percent": []}, "2005-5": {"Total Votes": 28906.0, "Parties": ["labour party", "conservative party", "british national party", "liberal democrat", "united kingdom independence party", "green party", "independent", "workers revolutionary party"], "Percent": [0.47830900159136513, 0.17100256002214073, 0.17006849788971148, 0.11108420397149381, 0.02777969971632187, 0.0213796443644918, 0.018335293710648307, 0.002041098733826887]}, "1832-12": {"Total Votes": 0, "Parties": [], "Percent": []}, "1955-5": {"Total Votes": 39211.0, "Parties": ["Labour Party", "Conservatives"], "Percent": [0.6918721787253577, 0.30812782127464233]}, "1835-12": {"Total Votes": 0, "Parties": [], "Percent": []}, "1974-2": {"Total Votes": 38012.0, "Parties": ["labour party", "liberals", "conservatives"], "Percent": [0.6010207302956961, 0.21077554456487424, 0.18820372513942965]}, "1964-10": {"Total Votes": 36814.0, "Parties": ["Labour Party", "Conservatives", "Liberals"], "Percent": [0.6262563155321346, 0.22534905199109034, 0.14839463247677515]}, "1852-7": {"Total Votes": 0, "Parties": [], "Percent": []}, "1924-10": {"Total Votes": 0, "Parties": [], "Percent": []}, "1868-11": {"Total Votes": 0, "Parties": [], "Percent": []}, "1910-1": {"Total Votes": 0, "Parties": [], "Percent": []}, "1859-4": {"Total Votes": 0, "Parties": [], "Percent": []}, "1895-7": {"Total Votes": 0, "Parties": [], "Percent": []}, "1970-6": {"Total Votes": 30406.0, "Parties": ["Labour Party", "Conservatives"], "Percent": [0.69384332039729, 0.30615667960271]}, "1997-5": {"Total Votes": 32964.0, "Parties": ["labour party", "conservative party", "liberal democrat", "referendum", "british national party", "prolife alliance"], "Percent": [0.658233224123286, 0.17601019293775028, 0.09489139667516078, 0.03892124742142944, 0.02712049508554787, 0.004823443756825628]}, "1931-10": {"Total Votes": 0, "Parties": [], "Percent": []}, "1983-6": {"Total Votes": 34220.0, "Parties": ["labour party", "conservatives", "liberals", "national front"], "Percent": [0.4212448860315605, 0.3035943892460549, 0.25628287551139683, 0.018877849210987726]}, "1929-5": {"Total Votes": 0, "Parties": [], "Percent": []}, "1880-3": {"Total Votes": 0, "Parties": [], "Percent": []}, "1923-12": {"Total Votes": 0, "Parties": [], "Percent": []}, "1992-4": {"Total Votes": 35313.0, "Parties": ["labour party", "conservatives", "liberal democrat party"], "Percent": [0.5160705689122986, 0.33857219720782716, 0.14535723387987426]}, "1987-6": {"Total Votes": 34541.0, "Parties": ["labour party", "conservatives", "liberals"], "Percent": [0.4431545120291827, 0.34446020671086536, 0.21238528125995193]}, "1857-3": {"Total Votes": 0, "Parties": [], "Percent": []}, "1918-12": {"Total Votes": 0, "Parties": [], "Percent": []}, "1841-6": {"Total Votes": 0, "Parties": [], "Percent": []}, "1906-1": {"Total Votes": 0, "Parties": [], "Percent": []}, "1959-10": {"Total Votes": 40556.0, "Parties": ["Labour Party", "Conservatives", "Liberals"], "Percent": [0.5783114705592267, 0.28242430219942793, 0.1392642272413453]}, "1974-10": {"Total Votes": 33708.0, "Parties": ["labour party", "conservatives", "liberals", "national front"], "Percent": [0.6391954432182271, 0.15592737629049483, 0.1556010442624896, 0.04927613622878842]}, "1945-7": {"Total Votes": 34771.0, "Parties": ["labour party", "conservatives", "liberals"], "Percent": [0.7047252020361796, 0.16085243450001438, 0.13442236346380604]}, "1900-10": {"Total Votes": 0, "Parties": [], "Percent": []}}