{"1885-11": {"Total Votes": 0, "Parties": [], "Percent": []}, "1892-7": {"Total Votes": 0, "Parties": [], "Percent": []}, "1979-5": {"Total Votes": 35417.0, "Parties": ["conservatives", "labour party", "liberals"], "Percent": [0.5664793743117712, 0.26148459779202077, 0.17203602789620803]}, "2010-5": {"Total Votes": 57111.0, "Parties": ["liberal democrat", "conservative party", "labour party", "united kingdom independence party", "green party", "monster raving loony party", "christian peoples alliance"], "Percent": [0.49776750538425174, 0.36539370699164786, 0.09344959815096916, 0.025389154453607888, 0.00971791773913957, 0.004324911137959412, 0.003957206142424402]}, "2001-6": {"Total Votes": 49093.0, "Parties": ["liberal democrat", "conservative party", "labour party", "green party", "united kingdom independence party", "socialist labour party", "unrepresented people's party"], "Percent": [0.6017558511396737, 0.28244352555354124, 0.08762960096144053, 0.011651355590410037, 0.008921842217831462, 0.006497871386959444, 0.001099953150143605]}, "1874-1": {"Total Votes": 0, "Parties": [], "Percent": []}, "1922-11": {"Total Votes": 0, "Parties": [], "Percent": []}, "1886-7": {"Total Votes": 0, "Parties": [], "Percent": []}, "1865-7": {"Total Votes": 0, "Parties": [], "Percent": []}, "1847-7": {"Total Votes": 0, "Parties": [], "Percent": []}, "1951-10": {"Total Votes": 0, "Parties": [], "Percent": []}, "1950-2": {"Total Votes": 0, "Parties": [], "Percent": []}, "1966-3": {"Total Votes": 34550.0, "Parties": ["Conservatives", "Labour Party"], "Percent": [0.5785528219971057, 0.42144717800289433]}, "1910-12": {"Total Votes": 0, "Parties": [], "Percent": []}, "1837-7": {"Total Votes": 0, "Parties": [], "Percent": []}, "1935-11": {"Total Votes": 0, "Parties": [], "Percent": []}, "2005-5": {"Total Votes": 49750.0, "Parties": ["liberal democrat", "conservative party", "labour party", "united kingdom independence party", "socialist labour party", "veritas", "vote for yourself rainbow dream ticket party"], "Percent": [0.5104924623115578, 0.3302713567839196, 0.13171859296482413, 0.01320603015075377, 0.00735678391959799, 0.004020100502512563, 0.0029346733668341707]}, "1832-12": {"Total Votes": 0, "Parties": [], "Percent": []}, "1955-5": {"Total Votes": 35243.0, "Parties": ["Conservatives", "Labour Party"], "Percent": [0.6487245694180405, 0.35127543058195954]}, "1835-12": {"Total Votes": 0, "Parties": [], "Percent": []}, "1974-2": {"Total Votes": 37665.0, "Parties": ["conservatives", "liberals", "labour party"], "Percent": [0.45602017788397714, 0.28344617018452145, 0.2605336519315014]}, "1964-10": {"Total Votes": 33836.0, "Parties": ["Conservatives", "Labour Party"], "Percent": [0.605834022934153, 0.39416597706584705]}, "1852-7": {"Total Votes": 0, "Parties": [], "Percent": []}, "1924-10": {"Total Votes": 0, "Parties": [], "Percent": []}, "1868-11": {"Total Votes": 0, "Parties": [], "Percent": []}, "1910-1": {"Total Votes": 0, "Parties": [], "Percent": []}, "1859-4": {"Total Votes": 0, "Parties": [], "Percent": []}, "1895-7": {"Total Votes": 0, "Parties": [], "Percent": []}, "1970-6": {"Total Votes": 33561.0, "Parties": ["Conservatives", "Labour Party", "Liberals", "Independent Conservatives"], "Percent": [0.5172372694496589, 0.3119394535323739, 0.11999046512320849, 0.0508328118947588]}, "1997-5": {"Total Votes": 55612.0, "Parties": ["liberal democrat", "conservative party", "labour party", "referendum", "united kingdom independence party", "natural law party", "rainbow dream ticket party"], "Percent": [0.3670251024958642, 0.3660181255844062, 0.2303639502265698, 0.025480112205998707, 0.0075163633748111915, 0.0017981730561749262, 0.0017981730561749262]}, "1931-10": {"Total Votes": 0, "Parties": [], "Percent": []}, "1983-6": {"Total Votes": 33465.0, "Parties": ["conservatives", "social democratic party", "labour party", "ecology party"], "Percent": [0.5451964739279844, 0.28375915135215896, 0.1545794113252652, 0.016464963394591366]}, "1929-5": {"Total Votes": 0, "Parties": [], "Percent": []}, "1880-3": {"Total Votes": 0, "Parties": [], "Percent": []}, "1923-12": {"Total Votes": 0, "Parties": [], "Percent": []}, "1992-4": {"Total Votes": 34972.0, "Parties": ["conservatives", "liberal democrat party", "labour party", "natural law party"], "Percent": [0.5442353883106485, 0.26861489191353083, 0.18254603682946358, 0.004603682946357086]}, "1987-6": {"Total Votes": 35557.0, "Parties": ["conservatives", "social democratic party", "labour party", "ecology party"], "Percent": [0.5585679331777147, 0.28461343757909835, 0.143741035520432, 0.013077593722755012]}, "1857-3": {"Total Votes": 0, "Parties": [], "Percent": []}, "1918-12": {"Total Votes": 0, "Parties": [], "Percent": []}, "1841-6": {"Total Votes": 0, "Parties": [], "Percent": []}, "1906-1": {"Total Votes": 0, "Parties": [], "Percent": []}, "1959-10": {"Total Votes": 35691.0, "Parties": ["Conservatives", "Labour Party"], "Percent": [0.6740634893950856, 0.3259365106049144]}, "1974-10": {"Total Votes": 33570.0, "Parties": ["conservatives", "labour party", "liberals"], "Percent": [0.45665773011617516, 0.2773011617515639, 0.26604110813226095]}, "1945-7": {"Total Votes": 0, "Parties": [], "Percent": []}, "1900-10": {"Total Votes": 0, "Parties": [], "Percent": []}}