{"1885-11": {"Total Votes": 40611.0, "Parties": ["liberals", "conservatives"], "Percent": [0.574795006279087, 0.4252049937209131]}, "1892-7": {"Total Votes": 41702.0, "Parties": ["liberals", "conservatives"], "Percent": [0.5451776893194571, 0.4548223106805429]}, "1979-5": {"Total Votes": 183545.0, "Parties": ["labour party", "conservatives", "liberals", "independents", "campaign for more prosperous britain"], "Percent": [0.4176850363671034, 0.36692364270342426, 0.21164292135443624, 0.0026478520253888694, 0.0011005475496472254]}, "2010-5": {"Total Votes": 200937.0, "Parties": ["labour party", "conservative party", "liberal democrat", "british national party", "green party", "independent", "united kingdom independence party", "trade unionist and socialist coalition", "english democrats"], "Percent": [0.3446403599138038, 0.33717035687802643, 0.2133554298113339, 0.05178737614277112, 0.0197176229365423, 0.01897609698562236, 0.005787883764563022, 0.005275285288423735, 0.0032895882789132913]}, "2001-6": {"Total Votes": 157563.0, "Parties": ["labour party", "conservative party", "liberal democrat", "green party", "united kingdom independence party", "british national party", "socialist alliance", "socialist labour party"], "Percent": [0.4795224767235963, 0.3069058091049295, 0.1609832257573161, 0.0221498702106459, 0.016387095955268684, 0.010357761657241865, 0.0023736537131179274, 0.0013201068778837671]}, "1874-1": {"Total Votes": 37978.0, "Parties": ["liberals", "conservatives"], "Percent": [0.7149928906208858, 0.2850071093791142]}, "1922-11": {"Total Votes": 156792.0, "Parties": ["labour party", "liberals", "conservatives", "national liberals"], "Percent": [0.3386652380223481, 0.2975343129751518, 0.266780192866983, 0.09702025613551712]}, "1886-7": {"Total Votes": 35959.0, "Parties": ["liberals", "conservatives", "liberal unionists"], "Percent": [0.5771295086070246, 0.3616897021607942, 0.06118078923218109]}, "1865-7": {"Total Votes": 3612.0, "Parties": ["liberals"], "Percent": [1.0]}, "1847-7": {"Total Votes": 2026.0, "Parties": ["liberals"], "Percent": [1.0]}, "1951-10": {"Total Votes": 229488.0, "Parties": ["Labour Party", "Conservatives", "Liberals"], "Percent": [0.5142534685909502, 0.3565981663529248, 0.12914836505612495]}, "1950-2": {"Total Votes": 232705.0, "Parties": ["Labour Party", "Conservatives", "Liberals"], "Percent": [0.4939128940074343, 0.30669732064201455, 0.19938978535055113]}, "1966-3": {"Total Votes": 206385.0, "Parties": ["Labour Party", "Conservatives", "Liberals"], "Percent": [0.5020762167793202, 0.35243840395377574, 0.14548537926690408]}, "1910-12": {"Total Votes": 50017.0, "Parties": ["liberals", "conservatives", "labour party"], "Percent": [0.4848551492492552, 0.41541875762240843, 0.09972609312833637]}, "1837-7": {"Total Votes": 2392.0, "Parties": ["conservatives", "liberals"], "Percent": [0.7228260869565217, 0.27717391304347827]}, "1935-11": {"Total Votes": 203923.0, "Parties": ["labour party", "national liberals", "national labour", "conservatives", "liberals"], "Percent": [0.4473649367653477, 0.28775567248422196, 0.14064622431015628, 0.09023503969635598, 0.03399812674391805]}, "2005-5": {"Total Votes": 161663.0, "Parties": ["labour party", "conservative party", "liberal democrat", "british national party", "green party", "independent", "veritas", "monster raving loony party"], "Percent": [0.41851258482151144, 0.2907901003940295, 0.19278993956563964, 0.06309421450795792, 0.025905742192090953, 0.003946481260399721, 0.0033588390664530537, 0.0016020981919177548]}, "1832-12": {"Total Votes": 2422.0, "Parties": ["liberals", "conservatives"], "Percent": [0.5978530140379852, 0.40214698596201487]}, "1955-5": {"Total Votes": 205109.0, "Parties": ["Labour Party", "Conservatives", "Liberals"], "Percent": [0.4989005845672301, 0.35551340994300595, 0.14558600548976397]}, "1835-12": {"Total Votes": 2708.0, "Parties": ["liberals", "conservatives"], "Percent": [0.6543574593796159, 0.345642540620384]}, "1974-2": {"Total Votes": 188716.0, "Parties": ["labour party", "conservatives", "liberals", "national front", "communist party of great britain"], "Percent": [0.4191960406112889, 0.29866042094999895, 0.27662201403166664, 0.004217978337819793, 0.0013035460692257148]}, "1964-10": {"Total Votes": 207705.0, "Parties": ["Labour Party", "Conservatives", "Liberals"], "Percent": [0.4464216075684264, 0.38082857899424666, 0.17274981343732695]}, "1852-7": {"Total Votes": 2430.0, "Parties": ["liberals"], "Percent": [1.0]}, "1924-10": {"Total Votes": 168815.0, "Parties": ["labour party", "conservatives", "liberals"], "Percent": [0.3716138968693541, 0.3276545330687439, 0.30073157006190204]}, "1868-11": {"Total Votes": 24476.0, "Parties": ["liberals", "conservatives", "independents"], "Percent": [0.7664242523288118, 0.15439614316064718, 0.07917960451054094]}, "1910-1": {"Total Votes": 54072.0, "Parties": ["liberals", "conservatives", "labour party"], "Percent": [0.4789354934161858, 0.3694148542683829, 0.1516496523154313]}, "1859-4": {"Total Votes": 3078.0, "Parties": ["liberals"], "Percent": [1.0]}, "1895-7": {"Total Votes": 42787.0, "Parties": ["liberals", "conservatives", "independent labour party"], "Percent": [0.5040549699675134, 0.4334494122046416, 0.06249561782784491]}, "1970-6": {"Total Votes": 214020.0, "Parties": ["Labour Party", "Conservatives", "Liberals", "National Front", "Communist Party of Great Britain"], "Percent": [0.4528595458368377, 0.43462760489673863, 0.10440613026819923, 0.006667601158770208, 0.0014391178394542567]}, "1997-5": {"Total Votes": 191005.0, "Parties": ["labour party", "conservative party", "liberal democrat", "referendum", "british national party", "green party", "independent labour", "socialist labour party", "united kingdom independence party", "monster raving loony party"], "Percent": [0.4866626528101358, 0.3026255857176514, 0.1515771838433549, 0.021936598518363395, 0.014156697468652652, 0.011507552158320465, 0.004031308080940289, 0.003973717965498285, 0.0025025522892070887, 0.00102615114787571]}, "1931-10": {"Total Votes": 218264.0, "Parties": ["national liberals", "labour party", "conservatives", "liberals"], "Percent": [0.34684143972437054, 0.3217892093977935, 0.19932283839753692, 0.13204651248029908]}, "1983-6": {"Total Votes": 237776.0, "Parties": ["labour party", "conservatives", "liberals", "social democratic party", "independents", "ecology party"], "Percent": [0.4310485498957002, 0.3188673373258865, 0.13948422044276967, 0.10406012381400982, 0.0044663885337460464, 0.00207337998788776]}, "1929-5": {"Total Votes": 216430.0, "Parties": ["labour party", "liberals", "conservatives", "communist party of great britain", "independents"], "Percent": [0.4009056045834681, 0.32845261747447213, 0.2689599408584762, 0.0011181444346902, 0.0005636926488934066]}, "1880-3": {"Total Votes": 33905.0, "Parties": ["liberals", "conservatives"], "Percent": [0.8148060758000295, 0.1851939241999705]}, "1923-12": {"Total Votes": 157535.0, "Parties": ["labour party", "liberals", "conservatives"], "Percent": [0.36030088551750405, 0.33866759767670673, 0.3010315168057892]}, "1992-4": {"Total Votes": 227286.0, "Parties": ["conservatives", "labour party", "liberal democrat party", "ecology party", "british national party", "natural law party", "monster raving loony party", "independents"], "Percent": [0.4134394551358201, 0.4101792455320609, 0.16138257525760497, 0.009318655790501834, 0.0029038304163036877, 0.001429916492876816, 0.0007039588888008941, 0.0006423624860308158]}, "1987-6": {"Total Votes": 221585.0, "Parties": ["labour party", "conservatives", "liberals", "social democratic party", "independents", "ecology party"], "Percent": [0.3934833134011779, 0.3832976058848749, 0.13337094117381593, 0.07797910508382788, 0.006218832502200059, 0.0056502019541033914]}, "1857-3": {"Total Votes": 2826.0, "Parties": ["liberals"], "Percent": [1.0]}, "1918-12": {"Total Votes": 115139.0,