{"1885-11": {"Total Votes": 79544.0, "Parties": ["liberals", "conservatives", "liberal/labour alliance", "nationalists"], "Percent": [0.5015966006235543, 0.42954842602836163, 0.04977119581615207, 0.019083777531932012]}, "1892-7": {"Total Votes": 74823.0, "Parties": ["liberals", "conservatives", "liberal unionists", "parnell nationalists", "unionists", "anti-parnell nationalists"], "Percent": [0.47232802747818187, 0.401253625222191, 0.057923365809978214, 0.034320997554227975, 0.019258784063723722, 0.014915199871697206]}, "1979-5": {"Total Votes": 385007.0, "Parties": ["conservatives", "labour party", "liberals", "democratic labour", "independent conservatives", "national front", "independents"], "Percent": [0.5038713581830979, 0.27206518323043477, 0.21439090717831102, 0.004527190414719732, 0.00296098512494578, 0.0017843831410857464, 0.00039999272740495626]}, "2010-5": {"Total Votes": 351108.0, "Parties": ["conservative party", "liberal democrat", "labour party", "united kingdom independence party", "british national party", "lincolnshire independents", "english democrats", "green party", "independent"], "Percent": [0.4976502956355309, 0.20172425578454492, 0.19379507160190027, 0.046555475808013495, 0.03877439420349294, 0.015126399854175923, 0.0031927498091755243, 0.0020620435877279925, 0.001119313715437985]}, "2001-6": {"Total Votes": 354974.0, "Parties": ["conservative party", "labour party", "liberal democrat", "united kingdom independence party", "green party"], "Percent": [0.4470806312575005, 0.3728611109546051, 0.15877219176615753, 0.017119563686354495, 0.0041665023353823095]}, "1874-1": {"Total Votes": 31168.0, "Parties": ["liberals", "conservatives", "home rule party"], "Percent": [0.6187435831622177, 0.2239155544147844, 0.15734086242299794]}, "1922-11": {"Total Votes": 197041.0, "Parties": ["conservatives", "labour party", "liberals", "agriculturalists"], "Percent": [0.4750940159662202, 0.25414507640541817, 0.2480701985881111, 0.022690709040250508]}, "1886-7": {"Total Votes": 35308.0, "Parties": ["conservatives", "liberals"], "Percent": [0.508496657981194, 0.4915033420188059]}, "1865-7": {"Total Votes": 21240.0, "Parties": ["conservatives", "liberals"], "Percent": [0.5403483992467044, 0.4596516007532957]}, "1847-7": {"Total Votes": 8725.0, "Parties": ["conservatives", "liberals"], "Percent": [0.5683667621776505, 0.4316332378223496]}, "1951-10": {"Total Votes": 346738.0, "Parties": ["Conservatives", "Labour Party", "Liberals"], "Percent": [0.5095836049120661, 0.444854616453922, 0.04556177863401185]}, "1950-2": {"Total Votes": 349617.0, "Parties": ["Conservatives", "Labour Party", "Liberals", "Independents"], "Percent": [0.46157938544178345, 0.4079835934751457, 0.09384841126146612, 0.036588609821604785]}, "1966-3": {"Total Votes": 349330.0, "Parties": ["Conservatives", "Labour Party", "Liberals"], "Percent": [0.4640855351673203, 0.4633727421063178, 0.07254172272636189]}, "1910-12": {"Total Votes": 77579.0, "Parties": ["liberals", "conservatives"], "Percent": [0.5057940937624873, 0.49420590623751276]}, "1837-7": {"Total Votes": 8664.0, "Parties": ["conservatives", "liberals"], "Percent": [0.6066481994459834, 0.39335180055401664]}, "1935-11": {"Total Votes": 260342.0, "Parties": ["conservatives", "labour party", "national liberals", "liberals"], "Percent": [0.4806331671416829, 0.38107950311513317, 0.0966497914281983, 0.04163753831498567]}, "2005-5": {"Total Votes": 370816.0, "Parties": ["conservative party", "labour party", "liberal democrat", "united kingdom independence party", "british national party", "independent", "english democrats", "green party", "organization of free democrats"], "Percent": [0.45461360890576463, 0.31013224887814983, 0.17723884622022784, 0.04870879357956506, 0.0027641741456679325, 0.0026104590956161546, 0.0020872885743872974, 0.0011326372109078356, 0.0007119433897134968]}, "1832-12": {"Total Votes": 39595.0, "Parties": ["liberals", "conservatives", "repealers"], "Percent": [0.7498168960727365, 0.22598812981437053, 0.024194974112893043]}, "1955-5": {"Total Votes": 332744.0, "Parties": ["Conservatives", "Labour Party", "Liberals"], "Percent": [0.5271800543360662, 0.4511666626595821, 0.02165328300435169]}, "1835-12": {"Total Votes": 33991.0, "Parties": ["liberals", "conservatives"], "Percent": [0.7426377570533377, 0.2573622429466624]}, "1974-2": {"Total Votes": 371489.0, "Parties": ["conservatives", "labour party", "liberals", "democratic labour", "independent democratic alliance"], "Percent": [0.45444952609633127, 0.28342696553599167, 0.22134975732794243, 0.039785834843023615, 0.0009879161967110736]}, "1964-10": {"Total Votes": 351782.0, "Parties": ["Conservatives", "Labour Party", "Liberals"], "Percent": [0.4816647810291601, 0.40873609223894347, 0.10959912673189647]}, "1852-7": {"Total Votes": 57172.0, "Parties": ["conservatives", "liberals"], "Percent": [0.6752781081648358, 0.32472189183516414]}, "1924-10": {"Total Votes": 203622.0, "Parties": ["conservatives", "labour party", "liberals"], "Percent": [0.5109467542799894, 0.2643329306263567, 0.22472031509365392]}, "1868-11": {"Total Votes": 41237.0, "Parties": ["conservatives", "liberals"], "Percent": [0.744719547978757, 0.25528045202124305]}, "1910-1": {"Total Votes": 95584.0, "Parties": ["liberals", "conservatives", "nationalists", "free traders", "unionists"], "Percent": [0.4613219785738199, 0.45574573150318043, 0.0476962671576833, 0.022273602276531638, 0.012962420488784734]}, "1859-4": {"Total Votes": 13690.0, "Parties": ["liberals", "conservatives"], "Percent": [0.7433162892622353, 0.25668371073776486]}, "1895-7": {"Total Votes": 71125.0, "Parties": ["liberals", "conservatives", "liberal unionists", "liberal/labour alliance"], "Percent": [0.43476977152899826, 0.40420386643233747, 0.11853778558875219, 0.04248857644991213]}, "1970-6": {"Total Votes": 377743.0, "Parties": ["Conservatives", "Labour Party", "Liberals", "Independents"], "Percent": [0.5277741745048883, 0.40745692176956294, 0.05434647366066347, 0.010422430064885385]}, "1997-5": {"Total Votes": 401868.0, "Parties": ["conservative party", "labour party", "liberal democrat", "referendum", "green party", "united kingdom independence party", "non-party conservative", "independent", "natural law party", "prolife alliance", "monster raving loony party"], "Percent": [0.4143499855674002, 0.3788905809867917, 0.17450506136343277, 0.020700827137268955, 0.0031054973274806654, 0.002473448993201748, 0.0022445181004708014, 0.0014382832173748595, 0.0009505608806871907, 0.0007813510904077956, 0.000559885335483293]}, "1931-10": {"Total Votes": 266057.0, "Parties": ["conservatives", "labour party", "liberals", "national liberals"], "Percent": [0.5266540628511935, 0.24177525868516894, 0.11740341355423838, 0.11416726490939912]}, "1983-6": {"Total Votes": 261718.0, "Parties": ["conservatives", "liberals", "labour party", "social democratic party", "independents", "ecology party", "wessex regionalists"], "Percent": [0.5194789811934983, 0.23664020052117166, 0.1859214880138164, 0.052082776117806186, 0.003996668169556546, 0.0010660329056465356, 0.0008138530785043443]}, "1929-5": {"Total Votes": 267191.0, "Parties": ["conservatives", "liberals", "labour party"], "Percent": [0.3966563245019481, 0.3251381970201092, 0.27820547847794275]}, "1880-3": {"Total Votes": 80906.0, "Parties": ["conservatives", "liberals", "home rule party"], "Percent": [0.5563122636145651, 0.43543124119348386, 0.008256495191951154]}, "1923-12": {"Total Votes": 192821.0, "Parties": ["conservatives", "liberals", "labour party"], "Percent": [0.4585340808314447, 0.2863847817405781, 0.2550811374279772]}, "1992-4": {"Total Votes": 304890.0, "Parties": ["conservatives", "labour party", "liberal democrat party", "liberal party", "ecology party"], "Percent": [0.5181475286168782, 0.29303683295614813, 0.17929417166847061, 0.006897569615271082, 0.0026238971432319853]}, "1987-6": {"Total Votes": 280673.0,