{"1885-11": {"Total Votes": 0, "Parties": [], "Percent": []}, "1892-7": {"Total Votes": 49712.0, "Parties": ["liberals", "conservatives"], "Percent": [0.9536530415191503, 0.046346958480849694]}, "1979-5": {"Total Votes": 31386.0, "Parties": ["labour party", "conservatives", "plaid cymru", "liberals", "communist party of great britain", "workers revolutionary party"], "Percent": [0.7132479449436054, 0.1410182884088447, 0.09437328745300452, 0.0406232077996559, 0.007105078697508443, 0.003632192697380998]}, "2010-5": {"Total Votes": 32076.0, "Parties": ["labour party", "liberal democrat", "conservative party", "independent", "plaid cymru", "british national party", "united kingdom independence party", "socialist labour party"], "Percent": [0.43668163112607555, 0.310231949120838, 0.07519640852974187, 0.05751964085297419, 0.05053622646215239, 0.03656939768050879, 0.027185434592842, 0.0060793116348671905]}, "2001-6": {"Total Votes": 31684.0, "Parties": ["labour party", "plaid cymru", "liberal democrat", "conservative party", "independent", "socialist labour party", "prolife alliance"], "Percent": [0.6177881580608509, 0.14679333417497792, 0.07527458654210327, 0.07170811766191137, 0.06110339603585406, 0.02184067668223709, 0.005491730842065396]}, "1874-1": {"Total Votes": 33940.0, "Parties": ["liberals", "liberal/labour alliance"], "Percent": [0.8552740129640543, 0.14472598703594577]}, "1922-11": {"Total Votes": 84811.0, "Parties": ["labour party", "independents", "national liberals"], "Percent": [0.4506490903302638, 0.36674487979153647, 0.18260602987819977]}, "1886-7": {"Total Votes": 0, "Parties": [], "Percent": []}, "1865-7": {"Total Votes": 0, "Parties": [], "Percent": []}, "1847-7": {"Total Votes": 0, "Parties": [], "Percent": []}, "1951-10": {"Total Votes": 36246.0, "Parties": ["Labour Party", "Conservatives"], "Percent": [0.7957015946587209, 0.20429840534127905]}, "1950-2": {"Total Votes": 37075.0, "Parties": ["Labour Party", "Conservatives", "Independents"], "Percent": [0.7878624409979771, 0.169763991908294, 0.04237356709372893]}, "1966-3": {"Total Votes": 29180.0, "Parties": ["Labour Party", "Conservatives", "Plaid Cymru"], "Percent": [0.744928032899246, 0.13989033584647018, 0.11518163125428375]}, "1910-12": {"Total Votes": 29042.0, "Parties": ["liberals", "labour party", "liberal unionists"], "Percent": [0.42207836925831554, 0.39621926864541007, 0.18170236209627436]}, "1837-7": {"Total Votes": 444.0, "Parties": ["liberals", "conservatives"], "Percent": [0.6959459459459459, 0.30405405405405406]}, "1935-11": {"Total Votes": 30170.0, "Parties": ["labour party", "independent labour party"], "Percent": [0.6804772953264833, 0.31952270467351673]}, "2005-5": {"Total Votes": 29976.0, "Parties": ["labour party", "liberal democrat", "plaid cymru", "conservative party", "forward wales", "united kingdom independence party", "socialist labour party"], "Percent": [0.6047838270616493, 0.1399452895649853, 0.09914598345342941, 0.08940485721910862, 0.03436082199092608, 0.023318654923939152, 0.009040565785962103]}, "1832-12": {"Total Votes": 0, "Parties": [], "Percent": []}, "1955-5": {"Total Votes": 33178.0, "Parties": ["Labour Party", "Conservatives"], "Percent": [0.7724998492977274, 0.22750015070227259]}, "1835-12": {"Total Votes": 0, "Parties": [], "Percent": []}, "1974-2": {"Total Votes": 31975.0, "Parties": ["labour party", "plaid cymru", "conservatives", "liberals", "communist party of great britain", "workers revolutionary party"], "Percent": [0.6406880375293198, 0.2294292415949961, 0.08200156372165754, 0.03133698201720094, 0.011540265832681782, 0.005003909304143862]}, "1964-10": {"Total Votes": 30920.0, "Parties": ["Labour Party", "Conservatives", "Plaid Cymru"], "Percent": [0.7527490297542044, 0.15417205692108668, 0.09307891332470893]}, "1852-7": {"Total Votes": 0, "Parties": [], "Percent": []}, "1924-10": {"Total Votes": 72809.0, "Parties": ["labour party", "liberals", "conservatives"], "Percent": [0.6074111716958068, 0.20877913444766444, 0.18380969385652873]}, "1868-11": {"Total Votes": 74694.0, "Parties": ["liberals"], "Percent": [1.0]}, "1910-1": {"Total Votes": 41323.0, "Parties": ["liberals", "labour party", "independent liberals", "conservatives"], "Percent": [0.3738353943324541, 0.3349466398857779, 0.1761246763303729, 0.1150932894513951]}, "1859-4": {"Total Votes": 1812.0, "Parties": ["liberals"], "Percent": [1.0]}, "1895-7": {"Total Votes": 43451.0, "Parties": ["liberals", "conservatives", "independent liberals"], "Percent": [0.8194978251363605, 0.15016915606085016, 0.03033301880278935]}, "1970-6": {"Total Votes": 32180.0, "Parties": ["Independent Labour", "Labour Party", "Conservatives", "Plaid Cymru"], "Percent": [0.5189869484151647, 0.28694841516469854, 0.09847731510254816, 0.09558732131758857]}, "1997-5": {"Total Votes": 39141.0, "Parties": ["labour party", "liberal democrat", "conservative party", "plaid cymru", "independent labour", "referendum"], "Percent": [0.7667663064305971, 0.07475537160522215, 0.06407603280447613, 0.05988605298791549, 0.017654122275874404, 0.01686211389591477]}, "1931-10": {"Total Votes": 35457.0, "Parties": ["independent labour party", "new party"], "Percent": [0.6944467947090842, 0.30555320529091573]}, "1983-6": {"Total Votes": 43139.0, "Parties": ["labour party", "liberals", "conservatives", "plaid cymru", "workers revolutionary party"], "Percent": [0.6734741185470224, 0.14657270683140547, 0.12631261735320706, 0.047706251883446536, 0.005934305384918519]}, "1929-5": {"Total Votes": 83826.0, "Parties": ["labour party", "liberals", "conservatives"], "Percent": [0.6233268914179372, 0.23011953331901797, 0.14655357526304488]}, "1880-3": {"Total Votes": 35563.0, "Parties": ["liberals", "conservatives"], "Percent": [0.8750105446672103, 0.1249894553327897]}, "1923-12": {"Total Votes": 70891.0, "Parties": ["labour party", "liberals", "conservatives"], "Percent": [0.5909071673414115, 0.3308318404310843, 0.0782609922275042]}, "1992-4": {"Total Votes": 44315.0, "Parties": ["labour party", "liberal democrat party", "conservatives", "plaid cymru"], "Percent": [0.7155590657790816, 0.11276091616834029, 0.11066230396028433, 0.061017714092293805]}, "1987-6": {"Total Votes": 44405.0, "Parties": ["labour party", "conservatives", "liberals", "plaid cymru"], "Percent": [0.7539015876590474, 0.11868032879180272, 0.08046391172165297, 0.0469541718274969]}, "1857-3": {"Total Votes": 0, "Parties": [], "Percent": []}, "1918-12": {"Total Votes": 55862.0, "Parties": ["national democratic and labour party (coalition)", "labour party", "liberals (coalition)"], "Percent": [0.4085782821954101, 0.33853066485267264, 0.2528910529519172]}, "1841-6": {"Total Votes": 0, "Parties": [], "Percent": []}, "1906-1": {"Total Votes": 53681.0, "Parties": ["liberals", "labour party"], "Percent": [0.8102308079208659, 0.18976919207913415]}, "1959-10": {"Total Votes": 34493.0, "Parties": ["Labour Party", "Conservatives"], "Percent": [0.7714028933406778, 0.22859710665932217]}, "1974-10": {"Total Votes": 30111.0, "Parties": ["labour party", "plaid cymru", "conservatives", "liberals", "communist party of great britain"], "Percent": [0.7060542658829, 0.14795257547075819, 0.08591544618245824, 0.04317359104646143, 0.016904121417422206]}, "1945-7": {"Total Votes": 77092.0, "Parties": ["labour party", "independent labour", "conservatives"], "Percent": [0.7689124682197894, 0.1476936647122918, 0.08339386706791885]}, "1900-10": {"Total Votes": 30949.0, "Parties": ["liberals", "labour party"], "Percent": [0.8143720314065075, 0.1856279685934925]}}