{"1885-11": {"Total Votes": 6575.0, "Parties": ["conservatives", "independents"], "Percent": [0.5954372623574145, 0.40456273764258555]}, "1892-7": {"Total Votes": 0, "Parties": [], "Percent": []}, "1979-5": {"Total Votes": 42344.0, "Parties": ["democratic unionist party", "ulster unionist party", "social democratic and labour party", "unionist party of northern ireland", "alliance party", "republican clubs", "northern ireland labour party"], "Percent": [0.27607217079161156, 0.252574154543737, 0.1847487247307765, 0.09965992820706594, 0.09729831853391271, 0.045035896467031926, 0.04461080672586435]}, "2010-5": {"Total Votes": 36993.0, "Parties": ["democratic unionist party", "sinn f\u00e9in", "social democratic and labour party", "ucunf uup and con joint party", "alliance party of northern ireland", "independent"], "Percent": [0.4004000756899954, 0.3402805936258211, 0.12283404968507555, 0.07669018462952451, 0.048901143459573436, 0.010893952910010002]}, "2001-6": {"Total Votes": 40932.0, "Parties": ["democratic unionist party", "sinn f\u00e9in", "social democratic and labour party", "ulster unionist party", "workers' party", "vote for yourself rainbow dream ticket party"], "Percent": [0.4084334994625232, 0.2523942147952702, 0.2099091175608326, 0.11980846281637839, 0.006180983093911854, 0.0032737222710837485]}, "1874-1": {"Total Votes": 0, "Parties": [], "Percent": []}, "1922-11": {"Total Votes": 0, "Parties": [], "Percent": []}, "1886-7": {"Total Votes": 5254.0, "Parties": ["unionists", "nationalists"], "Percent": [0.8606775789874381, 0.13932242101256187]}, "1865-7": {"Total Votes": 0, "Parties": [], "Percent": []}, "1847-7": {"Total Votes": 0, "Parties": [], "Percent": []}, "1951-10": {"Total Votes": 57680.0, "Parties": ["Unionists", "Northern Ireland Labour Party"], "Percent": [0.6067094313453537, 0.39329056865464634]}, "1950-2": {"Total Votes": 56558.0, "Parties": ["Unionists", "Northern Ireland Labour Party"], "Percent": [0.6437992856890272, 0.35620071431097283]}, "1966-3": {"Total Votes": 46818.0, "Parties": ["Unionists", "Northern Ireland Labour Party"], "Percent": [0.5743731043615703, 0.42562689563842965]}, "1910-12": {"Total Votes": 0, "Parties": [], "Percent": []}, "1837-7": {"Total Votes": 0, "Parties": [], "Percent": []}, "1935-11": {"Total Votes": 0, "Parties": [], "Percent": []}, "2005-5": {"Total Votes": 30540.0, "Parties": ["democratic unionist party", "sinn f\u00e9in", "social democratic and labour party", "ulster unionist party", "alliance party of northern ireland", "workers' party", "vote for yourself rainbow dream ticket party"], "Percent": [0.456286836935167, 0.2864112639161755, 0.16208251473477406, 0.07053045186640472, 0.014341846758349706, 0.0054027504911591355, 0.0049443352979698756]}, "1832-12": {"Total Votes": 0, "Parties": [], "Percent": []}, "1955-5": {"Total Votes": 53344.0, "Parties": ["Unionists", "Northern Ireland Labour Party", "Sinn F\u00e9in"], "Percent": [0.6325922315536893, 0.2824122675464907, 0.08499550089982004]}, "1835-12": {"Total Votes": 0, "Parties": [], "Percent": []}, "1974-2": {"Total Votes": 49206.0, "Parties": ["unionists", "unionists pro-assembly", "social democratic and labour party", "northern ireland labour party"], "Percent": [0.4375685891964395, 0.25921635572897617, 0.24393366662602123, 0.059281388448563184]}, "1964-10": {"Total Votes": 50283.0, "Parties": ["Unionists", "Northern Ireland Labour Party", "Independent Republicans"], "Percent": [0.5961458146888611, 0.3493029453294354, 0.05455123998170356]}, "1852-7": {"Total Votes": 0, "Parties": [], "Percent": []}, "1924-10": {"Total Votes": 35374.0, "Parties": ["unionists", "sinn f\u00e9in"], "Percent": [0.9663029343585684, 0.03369706564143156]}, "1868-11": {"Total Votes": 0, "Parties": [], "Percent": []}, "1910-1": {"Total Votes": 10226.0, "Parties": ["unionists", "labour party"], "Percent": [0.613631918638764, 0.38636808136123607]}, "1859-4": {"Total Votes": 0, "Parties": [], "Percent": []}, "1895-7": {"Total Votes": 0, "Parties": [], "Percent": []}, "1970-6": {"Total Votes": 59176.0, "Parties": ["Unionists", "Northern Ireland Labour Party", "Protestant Unionists", "Independent Unionists"], "Percent": [0.4844531566851426, 0.31928484520751654, 0.1888096525618494, 0.007452345545491415]}, "1997-5": {"Total Votes": 41452.0, "Parties": ["ulster unionist party", "social democratic and labour party", "sinn f\u00e9in", "alliance party of northern ireland", "green party", "workers' party", "natural law party"], "Percent": [0.5181414648267876, 0.20394673357135965, 0.20204091479301362, 0.05358004438869053, 0.013002991411753354, 0.007164913635047766, 0.0021229373733474863]}, "1931-10": {"Total Votes": 0, "Parties": [], "Percent": []}, "1983-6": {"Total Votes": 43553.0, "Parties": ["ulster unionist party", "democratic unionist party", "social democratic and labour party", "sinn f\u00e9in", "alliance party", "workers' party", "independent democratic unionist party"], "Percent": [0.3521915826693913, 0.18965398480012857, 0.13647739535738065, 0.12515785364957638, 0.08906389915734851, 0.05538080040410534, 0.0520744839620692]}, "1929-5": {"Total Votes": 61748.0, "Parties": ["unionists", "independent unionists", "independents"], "Percent": [0.4504113493554447, 0.3533393794130984, 0.19624927123145688]}, "1880-3": {"Total Votes": 0, "Parties": [], "Percent": []}, "1923-12": {"Total Votes": 47113.0, "Parties": ["independent unionists", "unionists"], "Percent": [0.6440260649926772, 0.35597393500732283]}, "1992-4": {"Total Votes": 35914.0, "Parties": ["ulster unionist party", "social democratic and labour party", "sinn f\u00e9in", "alliance party", "conservatives", "new agenda", "workers' party", "natural law party"], "Percent": [0.48003564069722116, 0.21203430417107536, 0.1306732750459431, 0.06253828590521802, 0.058667928941359915, 0.038592192459764994, 0.011666759480982346, 0.005791613298435151]}, "1987-6": {"Total Votes": 36816.0, "Parties": ["ulster unionist party", "social democratic and labour party", "protestant unionists", "sinn f\u00e9in", "workers' party", "alliance party"], "Percent": [0.38991199478487615, 0.1574043893959148, 0.15403628857018686, 0.13749456757931333, 0.0831703607127336, 0.07798239895697523]}, "1857-3": {"Total Votes": 0, "Parties": [], "Percent": []}, "1918-12": {"Total Votes": 0, "Parties": [], "Percent": []}, "1841-6": {"Total Votes": 0, "Parties": [], "Percent": []}, "1906-1": {"Total Votes": 9523.0, "Parties": ["unionists", "labour party"], "Percent": [0.5152787986978893, 0.48472120130211066]}, "1959-10": {"Total Votes": 52969.0, "Parties": ["Unionists", "Northern Ireland Labour Party", "Sinn F\u00e9in"], "Percent": [0.6073930034548509, 0.3519039438161944, 0.04070305272895467]}, "1974-10": {"Total Votes": 47670.0, "Parties": ["ulster unionist party", "social democratic and labour party", "alliance party", "northern ireland labour party"], "Percent": [0.6213971050975456, 0.23914411579609818, 0.07986154814348646, 0.05959723096286973]}, "1945-7": {"Total Votes": 46606.0, "Parties": ["unionists", "northern ireland labour party"], "Percent": [0.5527399905591555, 0.44726000944084454]}, "1900-10": {"Total Votes": 7882.0, "Parties": ["unionists", "independent unionists"], "Percent": [0.5293072824156305, 0.4706927175843694]}}