{"1885-11": {"Total Votes": 0, "Parties": [], "Percent": []}, "1892-7": {"Total Votes": 0, "Parties": [], "Percent": []}, "1979-5": {"Total Votes": 119931.0, "Parties": ["labour party", "conservatives", "liberals", "democratic labour", "independents"], "Percent": [0.4863963445647914, 0.3966363992629095, 0.09788961986475558, 0.017026456879372306, 0.0020511794281711983]}, "2010-5": {"Total Votes": 125874.0, "Parties": ["conservative party", "labour party", "liberal democrat", "united kingdom independence party", "british national party", "green party"], "Percent": [0.4028631806409584, 0.34807823696712586, 0.1698523920746143, 0.05266377488599711, 0.023396412285301173, 0.003146003146003146]}, "2001-6": {"Total Votes": 117097.0, "Parties": ["labour party", "conservative party", "liberal democrat", "united kingdom independence party", "independent", "socialist labour party"], "Percent": [0.5225923806758499, 0.35219518860431953, 0.10275241893472932, 0.013510166784802343, 0.005542413554574412, 0.003407431445724485]}, "1874-1": {"Total Votes": 1700.0, "Parties": ["conservatives", "liberals"], "Percent": [0.5270588235294118, 0.47294117647058825]}, "1922-11": {"Total Votes": 0, "Parties": [], "Percent": []}, "1886-7": {"Total Votes": 0, "Parties": [], "Percent": []}, "1865-7": {"Total Votes": 0, "Parties": [], "Percent": []}, "1847-7": {"Total Votes": 0, "Parties": [], "Percent": []}, "1951-10": {"Total Votes": 0, "Parties": [], "Percent": []}, "1950-2": {"Total Votes": 0, "Parties": [], "Percent": []}, "1966-3": {"Total Votes": 0, "Parties": [], "Percent": []}, "1910-12": {"Total Votes": 0, "Parties": [], "Percent": []}, "1837-7": {"Total Votes": 319.0, "Parties": ["liberals", "conservatives"], "Percent": [0.5141065830721003, 0.48589341692789967]}, "1935-11": {"Total Votes": 0, "Parties": [], "Percent": []}, "2005-5": {"Total Votes": 118831.0, "Parties": ["labour party", "conservative party", "liberal democrat", "united kingdom independence party"], "Percent": [0.46705825920845573, 0.34504464323282646, 0.1488079709840025, 0.039089126574715354]}, "1832-12": {"Total Votes": 281.0, "Parties": ["liberals", "conservatives"], "Percent": [0.5587188612099644, 0.4412811387900356]}, "1955-5": {"Total Votes": 0, "Parties": [], "Percent": []}, "1835-12": {"Total Votes": 0, "Parties": [], "Percent": []}, "1974-2": {"Total Votes": 121581.0, "Parties": ["labour party", "conservatives", "liberals", "independents"], "Percent": [0.48566799088673396, 0.3516092152556732, 0.12735542560103963, 0.03536736825655325]}, "1964-10": {"Total Votes": 0, "Parties": [], "Percent": []}, "1852-7": {"Total Votes": 408.0, "Parties": ["liberals", "conservatives"], "Percent": [0.5416666666666666, 0.4583333333333333]}, "1924-10": {"Total Votes": 0, "Parties": [], "Percent": []}, "1868-11": {"Total Votes": 1453.0, "Parties": ["conservatives", "liberals"], "Percent": [0.5230557467309016, 0.4769442532690984]}, "1910-1": {"Total Votes": 0, "Parties": [], "Percent": []}, "1859-4": {"Total Votes": 0, "Parties": [], "Percent": []}, "1895-7": {"Total Votes": 0, "Parties": [], "Percent": []}, "1970-6": {"Total Votes": 0, "Parties": [], "Percent": []}, "1997-5": {"Total Votes": 138849.0, "Parties": ["labour party", "conservative party", "liberal democrat", "referendum", "socialist labour party"], "Percent": [0.537692025149623, 0.3235169140577174, 0.10036082362854612, 0.035556611858925884, 0.0028736253051876498]}, "1931-10": {"Total Votes": 0, "Parties": [], "Percent": []}, "1983-6": {"Total Votes": 109897.0, "Parties": ["conservatives", "labour party", "liberals", "social democratic party"], "Percent": [0.44813780175982965, 0.2832015432632374, 0.15199686979626378, 0.11666378518066917]}, "1929-5": {"Total Votes": 0, "Parties": [], "Percent": []}, "1880-3": {"Total Votes": 1960.0, "Parties": ["liberals", "conservatives"], "Percent": [0.55, 0.45]}, "1923-12": {"Total Votes": 0, "Parties": [], "Percent": []}, "1992-4": {"Total Votes": 122376.0, "Parties": ["conservatives", "labour party", "liberal democrat party", "social democrats", "ecology party"], "Percent": [0.4404376675165065, 0.43416192717526314, 0.11080604040007845, 0.00813885075505001, 0.0064555141531019156]}, "1987-6": {"Total Votes": 118000.0, "Parties": ["conservatives", "labour party", "liberals", "social democratic party", "independents"], "Percent": [0.45716949152542374, 0.3271949152542373, 0.14809322033898306, 0.06577966101694915, 0.0017627118644067796]}, "1857-3": {"Total Votes": 0, "Parties": [], "Percent": []}, "1918-12": {"Total Votes": 0, "Parties": [], "Percent": []}, "1841-6": {"Total Votes": 345.0, "Parties": ["liberals", "conservatives"], "Percent": [0.5072463768115942, 0.4927536231884058]}, "1906-1": {"Total Votes": 0, "Parties": [], "Percent": []}, "1959-10": {"Total Votes": 0, "Parties": [], "Percent": []}, "1974-10": {"Total Votes": 108364.0, "Parties": ["labour party", "conservatives", "liberals"], "Percent": [0.5143128714333174, 0.32200730870030636, 0.16367981986637628]}, "1945-7": {"Total Votes": 0, "Parties": [], "Percent": []}, "1900-10": {"Total Votes": 0, "Parties": [], "Percent": []}}