{"1885-11": {"Total Votes": 0, "Parties": [], "Percent": []}, "1892-7": {"Total Votes": 0, "Parties": [], "Percent": []}, "1979-5": {"Total Votes": 68720.0, "Parties": ["conservatives", "labour party", "liberals"], "Percent": [0.585593713620489, 0.2311117578579744, 0.18329452852153666]}, "2010-5": {"Total Votes": 55220.0, "Parties": ["conservative party", "liberal democrat", "labour party", "united kingdom independence party", "british national party", "independent"], "Percent": [0.5111915972473742, 0.25766026801883374, 0.14293734154291923, 0.04574429554509236, 0.031818181818181815, 0.010648315827598696]}, "2001-6": {"Total Votes": 47056.0, "Parties": ["conservative party", "labour party", "liberal democrat", "united kingdom independence party", "green party"], "Percent": [0.4807250935056103, 0.2977091125467528, 0.1782131927915675, 0.025990309418565113, 0.01736229173750425]}, "1874-1": {"Total Votes": 0, "Parties": [], "Percent": []}, "1922-11": {"Total Votes": 0, "Parties": [], "Percent": []}, "1886-7": {"Total Votes": 0, "Parties": [], "Percent": []}, "1865-7": {"Total Votes": 0, "Parties": [], "Percent": []}, "1847-7": {"Total Votes": 0, "Parties": [], "Percent": []}, "1951-10": {"Total Votes": 0, "Parties": [], "Percent": []}, "1950-2": {"Total Votes": 0, "Parties": [], "Percent": []}, "1966-3": {"Total Votes": 0, "Parties": [], "Percent": []}, "1910-12": {"Total Votes": 0, "Parties": [], "Percent": []}, "1837-7": {"Total Votes": 0, "Parties": [], "Percent": []}, "1935-11": {"Total Votes": 0, "Parties": [], "Percent": []}, "2005-5": {"Total Votes": 49284.0, "Parties": ["conservative party", "labour party", "liberal democrat", "united kingdom independence party", "veritas", "independent"], "Percent": [0.5120728836945053, 0.24971593214836457, 0.18571950328707085, 0.03153153153153153, 0.014122230338446555, 0.006837919000081162]}, "1832-12": {"Total Votes": 0, "Parties": [], "Percent": []}, "1955-5": {"Total Votes": 0, "Parties": [], "Percent": []}, "1835-12": {"Total Votes": 0, "Parties": [], "Percent": []}, "1974-2": {"Total Votes": 67957.0, "Parties": ["conservatives", "liberals", "labour party"], "Percent": [0.474402931265359, 0.28679900525332197, 0.23879806348131907]}, "1964-10": {"Total Votes": 0, "Parties": [], "Percent": []}, "1852-7": {"Total Votes": 0, "Parties": [], "Percent": []}, "1924-10": {"Total Votes": 0, "Parties": [], "Percent": []}, "1868-11": {"Total Votes": 0, "Parties": [], "Percent": []}, "1910-1": {"Total Votes": 0, "Parties": [], "Percent": []}, "1859-4": {"Total Votes": 0, "Parties": [], "Percent": []}, "1895-7": {"Total Votes": 0, "Parties": [], "Percent": []}, "1970-6": {"Total Votes": 0, "Parties": [], "Percent": []}, "1997-5": {"Total Votes": 52630.0, "Parties": ["conservative party", "labour party", "liberal democrat", "referendum", "united kingdom independence party"], "Percent": [0.45804674140224205, 0.29015770473114194, 0.1921337640129204, 0.04402432072962189, 0.01563746912407372]}, "1931-10": {"Total Votes": 0, "Parties": [], "Percent": []}, "1983-6": {"Total Votes": 55117.0, "Parties": ["conservatives", "liberals", "labour party", "ecology party"], "Percent": [0.6034798700945262, 0.27049730573144404, 0.11637062975125642, 0.009652194422773373]}, "1929-5": {"Total Votes": 0, "Parties": [], "Percent": []}, "1880-3": {"Total Votes": 0, "Parties": [], "Percent": []}, "1923-12": {"Total Votes": 0, "Parties": [], "Percent": []}, "1992-4": {"Total Votes": 65451.0, "Parties": ["conservatives", "labour party", "liberal democrat party", "ecology party", "natural law party"], "Percent": [0.5898000030557211, 0.19966081496081037, 0.19376327328841422, 0.013154879222624559, 0.0036210294724297568]}, "1987-6": {"Total Votes": 59804.0, "Parties": ["conservatives", "liberals", "labour party"], "Percent": [0.6199083673332887, 0.2349508394087352, 0.14514079325797605]}, "1857-3": {"Total Votes": 0, "Parties": [], "Percent": []}, "1918-12": {"Total Votes": 0, "Parties": [], "Percent": []}, "1841-6": {"Total Votes": 0, "Parties": [], "Percent": []}, "1906-1": {"Total Votes": 0, "Parties": [], "Percent": []}, "1959-10": {"Total Votes": 0, "Parties": [], "Percent": []}, "1974-10": {"Total Votes": 63257.0, "Parties": ["conservatives", "labour party", "liberals"], "Percent": [0.4891632546595634, 0.26474540367074, 0.24609134166969662]}, "1945-7": {"Total Votes": 0, "Parties": [], "Percent": []}, "1900-10": {"Total Votes": 0, "Parties": [], "Percent": []}}