{"1885-11": {"Total Votes": 19826.0, "Parties": ["liberals", "conservatives"], "Percent": [0.5716231211540401, 0.4283768788459599]}, "1892-7": {"Total Votes": 18748.0, "Parties": ["liberals", "conservatives", "liberal unionists"], "Percent": [0.5064540217623212, 0.3594516748453168, 0.13409430339236186]}, "1979-5": {"Total Votes": 497153.0, "Parties": ["conservatives", "labour party", "liberals", "scottish national party", "national front", "mebyon kernow", "workers revolutionary party"], "Percent": [0.5056873839642927, 0.3509523225244542, 0.12286358525443877, 0.010580243908816803, 0.00497432379971558, 0.003292748912306674, 0.001649391635975243]}, "2010-5": {"Total Votes": 49014.0, "Parties": ["liberal democrat", "conservative party", "labour party", "scottish national party", "united kingdom independence party", "scottish jacobite party"], "Percent": [0.4535438854204921, 0.33776063981719506, 0.10207287713714448, 0.09174929611947606, 0.01213938874607255, 0.0027339127596197007]}, "2001-6": {"Total Votes": 28797.0, "Parties": ["liberal democrat", "conservative party", "labour party", "scottish national party", "scottish socialist party", "united kingdom independence party"], "Percent": [0.4876896898982533, 0.22686390943501059, 0.15619682605826996, 0.09744070562905859, 0.01607806368718964, 0.015730805292217938]}, "1874-1": {"Total Votes": 7470.0, "Parties": ["liberals", "conservatives"], "Percent": [0.5279785809906292, 0.47202141900937084]}, "1922-11": {"Total Votes": 20474.0, "Parties": ["conservatives", "liberals"], "Percent": [0.51318745726287, 0.48681254273713004]}, "1886-7": {"Total Votes": 16563.0, "Parties": ["liberals", "conservatives", "liberal unionists"], "Percent": [0.4726196944997887, 0.301153172734408, 0.2262271327658033]}, "1865-7": {"Total Votes": 0, "Parties": [], "Percent": []}, "1847-7": {"Total Votes": 1647.0, "Parties": ["conservatives", "liberals"], "Percent": [0.7710989678202793, 0.22890103217972071]}, "1951-10": {"Total Votes": 357378.0, "Parties": ["Conservatives", "Labour Party", "Communist Party of Great Britain", "Independents"], "Percent": [0.5390874648131669, 0.4560941076395302, 0.0024371953505811774, 0.0023812321967216785]}, "1950-2": {"Total Votes": 353227.0, "Parties": ["Conservatives", "Labour Party", "Liberals", "Communist Party of Great Britain"], "Percent": [0.48775150257483146, 0.4250835864755526, 0.08256730091414304, 0.004597610035472939]}, "1966-3": {"Total Votes": 312338.0, "Parties": ["Conservatives", "Labour Party", "Liberals"], "Percent": [0.47949657102241805, 0.4517477860522895, 0.06875564292529247]}, "1910-12": {"Total Votes": 21498.0, "Parties": ["conservatives", "liberals"], "Percent": [0.5100939622290446, 0.4899060377709554]}, "1837-7": {"Total Votes": 2206.0, "Parties": ["liberals", "conservatives"], "Percent": [0.8032638259292838, 0.19673617407071622]}, "1935-11": {"Total Votes": 0, "Parties": [], "Percent": []}, "2005-5": {"Total Votes": 45388.0, "Parties": ["liberal democrat", "conservative party", "labour party", "scottish national party", "liberal party", "scottish socialist party", "united kingdom independence party"], "Percent": [0.41845862342469375, 0.28844628536176964, 0.15876443112717017, 0.08559531153608883, 0.02018154578302635, 0.015312417379042919, 0.013241385388208337]}, "1832-12": {"Total Votes": 3925.0, "Parties": ["conservatives", "liberals"], "Percent": [0.753375796178344, 0.24662420382165606]}, "1955-5": {"Total Votes": 298040.0, "Parties": ["Conservatives", "Labour Party", "Liberals"], "Percent": [0.5306267615085223, 0.42427526506509194, 0.04509797342638572]}, "1835-12": {"Total Votes": 2977.0, "Parties": ["conservatives", "liberals"], "Percent": [0.7487403426268056, 0.2512596573731945]}, "1974-2": {"Total Votes": 498459.0, "Parties": ["conservatives", "labour party", "liberals", "scottish national party"], "Percent": [0.42293548717146245, 0.34978804676011466, 0.2113052427581807, 0.015971223310242165]}, "1964-10": {"Total Votes": 306945.0, "Parties": ["Conservatives", "Labour Party", "Liberals"], "Percent": [0.4752121715616804, 0.4006678720943492, 0.12411995634397041]}, "1852-7": {"Total Votes": 2137.0, "Parties": ["conservatives", "liberals"], "Percent": [0.8413664014974263, 0.1586335985025737]}, "1924-10": {"Total Votes": 23277.0, "Parties": ["conservatives", "liberals", "labour party"], "Percent": [0.5635176354341195, 0.37827039566954507, 0.05821196889633544]}, "1868-11": {"Total Votes": 5246.0, "Parties": ["conservatives", "liberals"], "Percent": [0.5394586351505909, 0.46054136484940905]}, "1910-1": {"Total Votes": 22231.0, "Parties": ["liberals", "conservatives"], "Percent": [0.5003373667401376, 0.4996626332598623]}, "1859-4": {"Total Votes": 3461.0, "Parties": ["liberals", "conservatives"], "Percent": [0.5735336607916787, 0.42646633920832133]}, "1895-7": {"Total Votes": 19471.0, "Parties": ["conservatives", "liberals"], "Percent": [0.5269888552205845, 0.4730111447794155]}, "1970-6": {"Total Votes": 318767.0, "Parties": ["Conservatives", "Labour Party", "Liberals", "Scottish National Party"], "Percent": [0.543588263527906, 0.41372224853890144, 0.03583181446009154, 0.006857673473101043]}, "1997-5": {"Total Votes": 34931.0, "Parties": ["liberal democrat", "conservative party", "labour party", "scottish national party", "referendum", "united kingdom independence party", "natural law party"], "Percent": [0.46500243336864105, 0.23867052188600382, 0.1496092296241161, 0.11333772293950932, 0.02639489278864046, 0.0057828290057542015, 0.001202370387335032]}, "1931-10": {"Total Votes": 0, "Parties": [], "Percent": []}, "1983-6": {"Total Votes": 457168.0, "Parties": ["conservatives", "social democratic party", "labour party", "liberals", "scottish national party", "independents", "mebyon kernow", "ecology party", "national front"], "Percent": [0.5009121373324467, 0.180646939418332, 0.17613000034998075, 0.1278501557414342, 0.009075438350890702, 0.0020736359500227487, 0.0012730549819759912, 0.001041192734399608, 0.0009974451405172714]}, "1929-5": {"Total Votes": 29702.0, "Parties": ["conservatives", "liberals", "labour party"], "Percent": [0.4745135007743586, 0.40051175005050166, 0.12497474917513972]}, "1880-3": {"Total Votes": 9398.0, "Parties": ["liberals", "conservatives"], "Percent": [0.5781017237710151, 0.4218982762289849]}, "1923-12": {"Total Votes": 21610.0, "Parties": ["liberals", "conservatives"], "Percent": [0.5058769088385007, 0.49412309116149933]}, "1992-4": {"Total Votes": 522709.0, "Parties": ["conservatives", "liberal democrat party", "labour party", "scottish national party", "ecology party", "natural law party", "monster raving loony party", "liberal party", "independents", "anti-federal league"], "Percent": [0.4910131641123456, 0.25744534721996365, 0.222487081722335, 0.017914365354336735, 0.005798637482805921, 0.0016318831319146981, 0.001522835841739859, 0.001396570558379519, 0.0007001983895437041, 8.991618663539369e-05]}, "1987-6": {"Total Votes": 493840.0, "Parties": ["conservatives", "labour party", "liberals", "social democratic party", "scottish national party", "ecology party", "monster raving loony party", "independents", "humanist party"], "Percent": [0.4957739348776932, 0.18592256601328364, 0.1796573789081484, 0.12577150494087155, 0.009452454236189858, 0.001840677142394298, 0.0007553053620605864, 0.0005548355742750688, 0.00027134294508342785]}, "1857-3": {"Total Votes": 699.0, "Parties": ["conservatives", "liberals"], "Percent": [0.5636623748211731, 0.4363376251788269]}, "1918-12": {"Total Votes": 0, "Parties": [], "Percent": []}, "1841-6": {"Total Votes": 3030.0, "Parties": ["liberals", "conservatives"], "Percent": [0.5900990099009901, 0.4099009900990099]}, "1906-1": {"Total Votes": 20245.0, "Parties": ["liberals", "conservatives"], "Percent": [0.5478883674981477, 0.4521116325018523]}, "1959-10": {"Total Votes": 307847.0, "Parties": ["Conservatives", "Labour Party", "Liberals"], "Percent": [0.5287041939664834, 0.4002832575922455, 0.07101254844127115]},