{"1885-11": {"Total Votes": 56944.0, "Parties": ["conservatives", "liberals"], "Percent": [0.5021073335206518, 0.4978926664793481]}, "1892-7": {"Total Votes": 59414.0, "Parties": ["conservatives", "liberals", "liberal unionists"], "Percent": [0.466152758609082, 0.46096879523344664, 0.0728784461574713]}, "1979-5": {"Total Votes": 324967.0, "Parties": ["conservatives", "labour party", "liberals", "scottish national party", "plaid cymru", "ecology party", "independents", "wessex regionalists"], "Percent": [0.4341856250019233, 0.3445765262318943, 0.18798524157837565, 0.016007779251431684, 0.00814851969584604, 0.006028304412448033, 0.0025910323202048206, 0.00047697150787618433]}, "2010-5": {"Total Votes": 286279.0, "Parties": ["liberal democrat", "conservative party", "labour party", "united kingdom independence party", "british national party", "green party", "independent", "independent leave the eu alliance"], "Percent": [0.45114381425113265, 0.4148260962208195, 0.07741748434219764, 0.03743900181291677, 0.012044194649275707, 0.005204712884982832, 0.001100325207227914, 0.0008243706314469451]}, "2001-6": {"Total Votes": 293644.0, "Parties": ["conservative party", "liberal democrat", "labour party", "united kingdom independence party", "liberal party", "green party", "wessex regionalists"], "Percent": [0.3893524131260983, 0.36277260900954894, 0.21822683249104358, 0.02337864897631145, 0.0030240699622672354, 0.0026767105747095123, 0.0005687158600209777]}, "1874-1": {"Total Votes": 1199.0, "Parties": ["conservatives", "liberals"], "Percent": [0.5354462051709759, 0.4645537948290242]}, "1922-11": {"Total Votes": 200277.0, "Parties": ["conservatives", "liberals", "labour party", "independent conservatives", "communist party of great britain", "national liberals"], "Percent": [0.4326357994178064, 0.2175187365498784, 0.21674980152488804, 0.07204022428935923, 0.04125286478227655, 0.019802573435791428]}, "1886-7": {"Total Votes": 21583.0, "Parties": ["conservatives", "liberals"], "Percent": [0.5611824120835843, 0.43881758791641573]}, "1865-7": {"Total Votes": 4705.0, "Parties": ["liberals", "conservatives"], "Percent": [0.6567481402763018, 0.3432518597236982]}, "1847-7": {"Total Votes": 28327.0, "Parties": ["conservatives", "liberals"], "Percent": [0.5107847636530518, 0.4892152363469482]}, "1951-10": {"Total Votes": 333476.0, "Parties": ["Conservatives", "Labour Party", "Liberals"], "Percent": [0.49549592774292606, 0.4762561623625088, 0.028247909894565125]}, "1950-2": {"Total Votes": 328804.0, "Parties": ["Labour Party", "Conservatives", "Liberals", "Scottish National Party", "Communist Party of Great Britain"], "Percent": [0.4463388523253976, 0.432439994647267, 0.10632169924940085, 0.011836838967895768, 0.0030626148100388073]}, "1966-3": {"Total Votes": 323140.0, "Parties": ["Labour Party", "Conservatives", "Liberals", "Communist Party of Great Britain"], "Percent": [0.4609333415856904, 0.41431577644364675, 0.11634276165129666, 0.008408120319366219]}, "1910-12": {"Total Votes": 76592.0, "Parties": ["conservatives", "liberals", "liberal unionists"], "Percent": [0.4700360350950491, 0.4679731564654272, 0.06199080843952371]}, "1837-7": {"Total Votes": 32387.0, "Parties": ["conservatives", "liberals"], "Percent": [0.5081977336585667, 0.4918022663414333]}, "1935-11": {"Total Votes": 261838.0, "Parties": ["conservatives", "labour party", "liberals"], "Percent": [0.5139055446497454, 0.35223687929177583, 0.1338575760584789]}, "2005-5": {"Total Votes": 307112.0, "Parties": ["conservative party", "liberal democrat", "labour party", "united kingdom independence party", "independent", "british national party", "green party", "veritas"], "Percent": [0.3834822475188205, 0.36784951418375056, 0.19498424027716274, 0.025179738987730856, 0.015004298106228347, 0.007394696397405507, 0.004529292245174399, 0.0015759722837271094]}, "1832-12": {"Total Votes": 41869.0, "Parties": ["liberals", "conservatives"], "Percent": [0.8779287778547373, 0.12207122214526261]}, "1955-5": {"Total Votes": 314278.0, "Parties": ["Conservatives", "Labour Party", "Liberals"], "Percent": [0.5087279415040188, 0.44903556723665033, 0.04223649125933091]}, "1835-12": {"Total Votes": 19424.0, "Parties": ["liberals", "conservatives"], "Percent": [0.8162067545304779, 0.18379324546952225]}, "1974-2": {"Total Votes": 317874.0, "Parties": ["conservatives", "labour party", "liberals", "scottish national party", "plaid cymru", "independent conservatives", "communist party of great britain"], "Percent": [0.3706122551702876, 0.35529171936050136, 0.23710023468418304, 0.021108992871389294, 0.00958870495856849, 0.004530096830819758, 0.0017679961242504892]}, "1964-10": {"Total Votes": 324775.0, "Parties": ["Conservatives", "Labour Party", "Liberals", "Independents", "Communist Party of Great Britain", "Christian Socialists"], "Percent": [0.4221291663459318, 0.4208205680855978, 0.14514048187206527, 0.006275113540143176, 0.004818720652759603, 0.0008159495035024247]}, "1852-7": {"Total Votes": 26600.0, "Parties": ["conservatives", "liberals"], "Percent": [0.7028571428571428, 0.29714285714285715]}, "1924-10": {"Total Votes": 216097.0, "Parties": ["conservatives", "labour party", "liberals"], "Percent": [0.5110205139358713, 0.28893968912108914, 0.20003979694303947]}, "1868-11": {"Total Votes": 60783.0, "Parties": ["conservatives", "liberals"], "Percent": [0.5635128243094287, 0.4364871756905713]}, "1910-1": {"Total Votes": 80898.0, "Parties": ["liberals", "conservatives", "liberal unionists"], "Percent": [0.47096343543721725, 0.4672674231748622, 0.06176914138792059]}, "1859-4": {"Total Votes": 5121.0, "Parties": ["liberals", "conservatives"], "Percent": [0.502050380785003, 0.4979496192149971]}, "1895-7": {"Total Votes": 49473.0, "Parties": ["conservatives", "liberals", "liberal unionists"], "Percent": [0.47452145614779784, 0.43637943929011785, 0.08909910456208436]}, "1970-6": {"Total Votes": 336056.0, "Parties": ["Conservatives", "Labour Party", "Liberals", "Scottish National Party", "Communist Party of Great Britain"], "Percent": [0.45562941890637265, 0.41737686576046856, 0.09174066227057395, 0.029810507772514108, 0.005442545290070703]}, "1997-5": {"Total Votes": 329357.0, "Parties": ["liberal democrat", "conservative party", "labour party", "referendum", "green party", "british national party", "united kingdom independence party", "musician", "prolife alliance", "rainbow dream ticket party", "natural law party"], "Percent": [0.36508105186773016, 0.35092619862337826, 0.23149652201107004, 0.0452062655416463, 0.0022103674735924846, 0.002122317120935641, 0.0010049885079108688, 0.0009290830314825554, 0.00044936042045561503, 0.0002945132485418558, 0.00027933215325619314]}, "1931-10": {"Total Votes": 268098.0, "Parties": ["conservatives", "labour party", "liberals", "communist party of great britain"], "Percent": [0.6086393781378451, 0.26986400495341256, 0.11342867160515932, 0.008067945303583018]}, "1983-6": {"Total Votes": 251738.0, "Parties": ["conservatives", "social democratic party", "liberals", "labour party", "independents"], "Percent": [0.5116192231605876, 0.18954627430105903, 0.18041773590002305, 0.1162478449816873, 0.0021689216566430176]}, "1929-5": {"Total Votes": 264466.0, "Parties": ["conservatives", "labour party", "liberals", "communist party of great britain"], "Percent": [0.4160875121943841, 0.32748254974174373, 0.24636815318415223, 0.010061784879719888]}, "1880-3": {"Total Votes": 23657.0, "Parties": ["conservatives", "liberals"], "Percent": [0.7082047596905778, 0.29179524030942217]}, "1923-12": {"Total Votes": 198382.0, "Parties": ["conservatives", "liberals", "labour party", "communist party of great britain"], "Percent": [0.444934520268976, 0.3251151818209313, 0.186035023338811, 0.04391527457128167]}, "1992-4": {"Total Votes": 298110.0, "Parties": ["conservatives", "liberal democrat party", "labour party", "ecology party", "independents", "natural law party", "liberal party", "monster raving loony party"],