{"1885-11": {"Total Votes": 40543.0, "Parties": ["liberals", "conservatives", "independent liberals"], "Percent": [0.38988234713760694, 0.3377155119256099, 0.27240214093678317]}, "1892-7": {"Total Votes": 35111.0, "Parties": ["liberals", "conservatives", "liberal unionists", "independent liberals"], "Percent": [0.49081484435077327, 0.43504884509128194, 0.0687249010281678, 0.005411409529776993]}, "1979-5": {"Total Votes": 421740.0, "Parties": ["labour party", "conservatives", "liberals", "national front", "scottish national party", "independent labour", "ecology party", "workers revolutionary party", "communist party of great britain"], "Percent": [0.4796533409209466, 0.3791032389623939, 0.09728505714421207, 0.018421302224119123, 0.014025228813961208, 0.007208232560345237, 0.0022004078342106512, 0.0011239152084222507, 0.0009792763313890074]}, "2010-5": {"Total Votes": 139524.0, "Parties": ["labour party", "liberal democrat", "conservative party", "green party", "british national party", "united kingdom independence party", "independent", "english democrats", "workers revolutionary party", "socialist labour party", "alliance for workers liberty"], "Percent": [0.45253863134657835, 0.32337088959605514, 0.174894641782059, 0.023974370000860067, 0.009819099223072733, 0.005067228577162352, 0.0038488002064161007, 0.0031177431839683497, 0.0015122846248674063, 0.0013187695306900605, 0.0005375419282704051]}, "2001-6": {"Total Votes": 63350.0, "Parties": ["labour party", "conservative party", "liberal democrat", "green party", "socialist alliance", "socialist labour party", "workers revolutionary party"], "Percent": [0.607292817679558, 0.1804104183109708, 0.14451460142067876, 0.04292028413575375, 0.020789265982636147, 0.002967640094711918, 0.0011049723756906078]}, "1874-1": {"Total Votes": 27256.0, "Parties": ["liberals", "conservatives", "liberal/labour alliance"], "Percent": [0.6620193718814206, 0.2097152920457881, 0.1282653360727913]}, "1922-11": {"Total Votes": 114108.0, "Parties": ["labour party", "conservatives", "national liberals", "liberals"], "Percent": [0.32420163354015497, 0.3101710660076419, 0.2164265432747923, 0.14920075717741088]}, "1886-7": {"Total Votes": 29589.0, "Parties": ["liberals", "conservatives", "liberal unionists"], "Percent": [0.49298725877860017, 0.4665585183683125, 0.04045422285308729]}, "1865-7": {"Total Votes": 0, "Parties": [], "Percent": []}, "1847-7": {"Total Votes": 0, "Parties": [], "Percent": []}, "1951-10": {"Total Votes": 339358.0, "Parties": ["Labour Party", "Conservatives", "Liberals"], "Percent": [0.5901643691912375, 0.404593379263197, 0.00524225154556545]}, "1950-2": {"Total Votes": 342235.0, "Parties": ["Labour Party", "Conservatives", "Liberals", "Communist Party of Great Britain"], "Percent": [0.5640627054509328, 0.3713325638815434, 0.06006399111721478, 0.004540739550308998]}, "1966-3": {"Total Votes": 298093.0, "Parties": ["Labour Party", "Conservatives", "Liberals", "Communist Party of Great Britain"], "Percent": [0.5800169745683393, 0.3525443401891356, 0.06086355600433423, 0.006575129238190766]}, "1910-12": {"Total Votes": 29175.0, "Parties": ["conservatives", "liberals"], "Percent": [0.5131790916880892, 0.4868209083119109]}, "1837-7": {"Total Votes": 9434.0, "Parties": ["liberals", "conservatives"], "Percent": [0.8200127199491202, 0.1799872800508798]}, "1935-11": {"Total Votes": 142994.0, "Parties": ["labour party", "conservatives", "national labour", "national liberals"], "Percent": [0.4681245366938473, 0.40724785655342177, 0.06807977957117081, 0.05654782718156007]}, "2005-5": {"Total Votes": 70980.0, "Parties": ["labour party", "liberal democrat", "conservative party", "green party", "united kingdom independence party", "socialist labour party", "veritas", "workers revolutionary party", "for integrity and trust in government"], "Percent": [0.5352493660185969, 0.2212172442941674, 0.1696393350239504, 0.05512820512820513, 0.009016624401239785, 0.003958861651169343, 0.003395322626091857, 0.0015919977458438996, 0.0008030431107354185]}, "1832-12": {"Total Votes": 15456.0, "Parties": ["liberals", "conservatives"], "Percent": [0.990424430641822, 0.009575569358178054]}, "1955-5": {"Total Votes": 335067.0, "Parties": ["Labour Party", "Conservatives", "Liberals", "Communist Party of Great Britain", "Independent Labour Party"], "Percent": [0.5713663237501755, 0.41899978213312555, 0.00463787839447036, 0.002862114144335312, 0.0021339015778933765]}, "1835-12": {"Total Votes": 441.0, "Parties": ["liberals", "conservatives"], "Percent": [0.546485260770975, 0.45351473922902497]}, "1974-2": {"Total Votes": 444351.0, "Parties": ["labour party", "conservatives", "liberals", "scottish national party", "national front", "communist party of great britain", "independent democratic alliance"], "Percent": [0.5111477188078793, 0.31557710008529294, 0.15385809866524436, 0.011335633316904879, 0.0033419526455437257, 0.002876104701013388, 0.00186339177812135]}, "1964-10": {"Total Votes": 307189.0, "Parties": ["Labour Party", "Conservatives", "Liberals", "Communist Party of Great Britain"], "Percent": [0.5321088971284779, 0.3616014896366732, 0.10108434872342432, 0.005205264511424563]}, "1852-7": {"Total Votes": 32717.0, "Parties": ["liberals", "conservatives"], "Percent": [0.9933367973836231, 0.006663202616376807]}, "1924-10": {"Total Votes": 133867.0, "Parties": ["labour party", "conservatives", "liberals"], "Percent": [0.41509856798165334, 0.32744440377389494, 0.25745702824445155]}, "1868-11": {"Total Votes": 26365.0, "Parties": ["liberals", "conservatives"], "Percent": [0.9053669637777356, 0.09463303622226436]}, "1910-1": {"Total Votes": 38548.0, "Parties": ["liberals", "conservatives", "liberal unionists"], "Percent": [0.5274981840821833, 0.4357165092871226, 0.0367853066306942]}, "1859-4": {"Total Votes": 34293.0, "Parties": ["liberals"], "Percent": [1.0]}, "1895-7": {"Total Votes": 28788.0, "Parties": ["liberals", "conservatives", "liberal unionists"], "Percent": [0.48054745032652496, 0.4357718493816868, 0.08368070029178824]}, "1970-6": {"Total Votes": 283533.0, "Parties": ["Labour Party", "Conservatives", "Liberals", "Communist Party of Great Britain"], "Percent": [0.5372178899810603, 0.415757601407949, 0.04304613572317861, 0.003978372887812001]}, "1997-5": {"Total Votes": 73951.0, "Parties": ["labour party", "conservative party", "liberal democrat", "referendum", "liberal party", "socialist labour party", "socialist party", "rainbow dream ticket party", "united kingdom independence party", "workers revolutionary party"], "Percent": [0.6428716312152641, 0.19365525821151844, 0.10972130194317858, 0.021487200984435642, 0.013928141607280498, 0.009262890292220525, 0.0031507349461129667, 0.002339386891319928, 0.0021500723452015525, 0.0014333815634677016]}, "1931-10": {"Total Votes": 159090.0, "Parties": ["conservatives", "labour party", "nationals", "national liberals", "independent labour party", "national labour"], "Percent": [0.4820353259161481, 0.2563706078320448, 0.10002514300081715, 0.08199761141492237, 0.07050726004148596, 0.009064051794581683]}, "1983-6": {"Total Votes": 227053.0, "Parties": ["conservatives", "labour party", "social democratic party", "liberals", "scottish national party", "national front", "independents", "british national party", "ecology party", "new britain party", "monster raving loony party", "revolutionary communist party", "nationalist party"], "Percent": [0.3271086486415066, 0.3266021589672896, 0.15909060880058842, 0.12412079998942979, 0.0491294983990522, 0.00861032446168956, 0.0015238732806877688, 0.0011979581859741999, 0.001043809154690755, 0.0006782557376471572, 0.0004360215456303154, 0.00023782993398017204, 0.00022021290183349263]}, "1929-5": {"Total Votes": 159130.0, "Parties": ["labour party", "liberals", "conservatives"], "Percent": [0.46749198768302647, 0.29382894488782757, 0.238679067429146]}, "1880-3": {"Total Votes": 86111.0, "Parties": ["conservatives", "liberals"],