{"1885-11": {"Total Votes": 10392.0, "Parties": ["liberals", "conservatives"], "Percent": [0.6210546574287914, 0.3789453425712086]}, "1892-7": {"Total Votes": 14995.0, "Parties": ["liberals", "liberal unionists", "scottish united trades councils labour party"], "Percent": [0.5393131043681227, 0.41647215738579524, 0.044214738246082026]}, "1979-5": {"Total Votes": 101562.0, "Parties": ["labour party", "scottish national party", "conservatives", "liberals"], "Percent": [0.4459935802760875, 0.2995510131742187, 0.21600598649101044, 0.03844942005868337]}, "2010-5": {"Total Votes": 46841.0, "Parties": ["labour party", "conservative party", "scottish national party", "liberal democrat", "green party", "united kingdom independence party"], "Percent": [0.41754018915053054, 0.24025960163104973, 0.1727332892124421, 0.1451079182767234, 0.01592621848380692, 0.008432783245447365]}, "2001-6": {"Total Votes": 35930.0, "Parties": ["labour party", "conservative party", "scottish national party", "liberal democrat", "scottish socialist party", "green party"], "Percent": [0.422349011967715, 0.247731700528806, 0.16356804898413582, 0.11711661564152519, 0.028165878096298357, 0.02106874478151962]}, "1874-1": {"Total Votes": 2298.0, "Parties": ["conservatives", "liberals"], "Percent": [0.5095735422106179, 0.4904264577893821]}, "1922-11": {"Total Votes": 41602.0, "Parties": ["labour party", "conservatives", "liberals"], "Percent": [0.4622614297389549, 0.3603672900341329, 0.17737128022691218]}, "1886-7": {"Total Votes": 13338.0, "Parties": ["liberals", "liberal unionists"], "Percent": [0.5628280101964312, 0.43717198980356875]}, "1865-7": {"Total Votes": 1418.0, "Parties": ["liberals", "conservatives"], "Percent": [0.5119887165021156, 0.48801128349788436]}, "1847-7": {"Total Votes": 2439.0, "Parties": ["liberals"], "Percent": [1.0]}, "1951-10": {"Total Votes": 80247.0, "Parties": ["Labour Party", "Conservatives"], "Percent": [0.5747753810111281, 0.42522461898887187]}, "1950-2": {"Total Votes": 76512.0, "Parties": ["Labour Party", "Conservatives", "Liberals"], "Percent": [0.5608270598076119, 0.3858741112505228, 0.05329882894186533]}, "1966-3": {"Total Votes": 76861.0, "Parties": ["Labour Party", "Conservatives", "Scottish National Party"], "Percent": [0.5213307138861061, 0.2496064323909395, 0.22906285372295443]}, "1910-12": {"Total Votes": 15670.0, "Parties": ["liberals", "conservatives"], "Percent": [0.5860242501595405, 0.4139757498404595]}, "1837-7": {"Total Votes": 2631.0, "Parties": ["liberals", "conservatives"], "Percent": [0.6735081717977955, 0.32649182820220446]}, "1935-11": {"Total Votes": 64322.0, "Parties": ["labour party", "conservatives", "liberals", "independent labour party"], "Percent": [0.48033332296881315, 0.4165137899940923, 0.07869780168527098, 0.024455085351823638]}, "2005-5": {"Total Votes": 43691.0, "Parties": ["labour party", "conservative party", "liberal democrat", "scottish national party", "green party", "scottish socialist party", "independent", "operation christian vote", "united kingdom independence party"], "Percent": [0.3600054931221533, 0.2508983543521549, 0.20718225721544484, 0.12595271337346364, 0.02980018768167357, 0.010482708109221578, 0.005973770341717974, 0.004920921929001396, 0.0047835938751687995]}, "1832-12": {"Total Votes": 3176.0, "Parties": ["liberals", "conservatives"], "Percent": [0.853589420654912, 0.14641057934508817]}, "1955-5": {"Total Votes": 74823.0, "Parties": ["Labour Party", "Conservatives"], "Percent": [0.5683145556847493, 0.4316854443152507]}, "1835-12": {"Total Votes": 3064.0, "Parties": ["liberals", "conservatives"], "Percent": [0.745757180156658, 0.254242819843342]}, "1974-2": {"Total Votes": 94689.0, "Parties": ["labour party", "scottish national party", "conservatives", "communist party of great britain"], "Percent": [0.3845114004794643, 0.37147926369483253, 0.2406087296306857, 0.0034006061950173725]}, "1964-10": {"Total Votes": 77826.0, "Parties": ["Labour Party", "Conservatives", "Scottish National Party"], "Percent": [0.5791252280728805, 0.3552668773931591, 0.06560789453396038]}, "1852-7": {"Total Votes": 1684.0, "Parties": ["liberals"], "Percent": [1.0]}, "1924-10": {"Total Votes": 44576.0, "Parties": ["labour party", "liberals", "conservatives"], "Percent": [0.5110597631012204, 0.26363962670495333, 0.22530061019382627]}, "1868-11": {"Total Votes": 7766.0, "Parties": ["liberals"], "Percent": [1.0]}, "1910-1": {"Total Votes": 23429.0, "Parties": ["liberals", "conservatives"], "Percent": [0.6228605574288275, 0.3771394425711725]}, "1859-4": {"Total Votes": 0, "Parties": [], "Percent": []}, "1895-7": {"Total Votes": 15844.0, "Parties": ["liberals", "conservatives"], "Percent": [0.5220903812168645, 0.47790961878313554]}, "1970-6": {"Total Votes": 85418.0, "Parties": ["Labour Party", "Conservatives", "Scottish National Party", "Liberals"], "Percent": [0.4988761151045447, 0.2884989112365075, 0.18171813903392725, 0.030906834625020488]}, "1997-5": {"Total Votes": 42958.0, "Parties": ["labour party", "conservative party", "scottish national party", "liberal democrat", "united kingdom independence party", "value party"], "Percent": [0.4744634293961544, 0.32522463801852974, 0.13389822617440292, 0.06227012430746311, 0.003584896876018437, 0.0005586852274314446]}, "1931-10": {"Total Votes": 61817.0, "Parties": ["conservatives", "labour party"], "Percent": [0.5693579436077454, 0.43064205639225456]}, "1983-6": {"Total Votes": 42607.0, "Parties": ["conservatives", "labour party", "liberals", "scottish national party"], "Percent": [0.39991081277724316, 0.27943765109019647, 0.23878705377050718, 0.08186448236205318]}, "1929-5": {"Total Votes": 59983.0, "Parties": ["labour party", "conservatives", "liberals"], "Percent": [0.5477551973059034, 0.3395462047580148, 0.11269859793608189]}, "1880-3": {"Total Votes": 5890.0, "Parties": ["liberals", "conservatives"], "Percent": [0.766044142614601, 0.23395585738539898]}, "1923-12": {"Total Votes": 38349.0, "Parties": ["labour party", "liberals", "conservatives"], "Percent": [0.5145896894312759, 0.3242066285952697, 0.16120368197345433]}, "1992-4": {"Total Votes": 47950.0, "Parties": ["conservatives", "labour party", "scottish national party", "liberal democrat party", "ecology party", "monster raving loony party"], "Percent": [0.39987486965589153, 0.3852137643378519, 0.1367674661105318, 0.06959332638164754, 0.007132429614181439, 0.0014181438998957247]}, "1987-6": {"Total Votes": 45535.0, "Parties": ["conservatives", "labour party", "liberals", "scottish national party"], "Percent": [0.3775337652355331, 0.3654990666520259, 0.14942352036894696, 0.10754364774349402]}, "1857-3": {"Total Votes": 0, "Parties": [], "Percent": []}, "1918-12": {"Total Votes": 30848.0, "Parties": ["conservatives (coalition)", "labour party", "liberals"], "Percent": [0.4429460580912863, 0.30997147302904565, 0.24708246887966806]}, "1841-6": {"Total Votes": 3630.0, "Parties": ["liberals", "conservatives"], "Percent": [0.7192837465564738, 0.2807162534435262]}, "1906-1": {"Total Votes": 15281.0, "Parties": ["liberals", "conservatives"], "Percent": [0.6200510437798573, 0.3799489562201427]}, "1959-10": {"Total Votes": 78641.0, "Parties": ["Labour Party", "Conservatives"], "Percent": [0.5850892028331277, 0.41491079716687224]}, "1974-10": {"Total Votes": 94061.0, "Parties": ["scottish national party", "labour party", "conservatives", "liberals"], "Percent": [0.45001647866809835, 0.37587310362424387, 0.14080224535142088, 0.03330817235623691]}, "1945-7": {"Total Votes": 68699.0, "Parties": ["labour party", "conservatives"], "Percent": [0.5922648073479964, 0.40773519265200364]}, "1900-10": {"Total Votes": 17148.0, "Parties": ["liberals", "conservatives", "liberal unionists"], "Percent": [0.5095637975274084, 0.36884767902962445, 0.12158852344296711]}}