{"1885-11": {"Total Votes": 41066.0, "Parties": ["liberals", "conservatives"], "Percent": [0.5552281692884624, 0.44477183071153753]}, "1892-7": {"Total Votes": 41006.0, "Parties": ["liberals", "conservatives", "liberal unionists"], "Percent": [0.5108032970784764, 0.40211188606545384, 0.08708481685606985]}, "1979-5": {"Total Votes": 223537.0, "Parties": ["conservatives", "liberals", "labour party", "ecology party", "wessex regionalists"], "Percent": [0.47431968756850096, 0.28226647042771447, 0.23725826149585974, 0.005520338914810524, 0.000635241593114339]}, "2010-5": {"Total Votes": 342337.0, "Parties": ["conservative party", "liberal democrat", "labour party", "united kingdom independence party", "green party", "british national party", "independent", "english democrats", "christian party", "libertarian party"], "Percent": [0.4773308172940699, 0.30360434308882767, 0.15296038698709163, 0.04005994093539407, 0.010136210809816058, 0.008611397541019522, 0.005129448467445821, 0.000896777152338193, 0.0008588028755290839, 0.00041187484846803005]}, "2001-6": {"Total Votes": 244512.0, "Parties": ["conservative party", "labour party", "liberal democrat", "united kingdom independence party", "green party", "independent", "official monster raving loony party", "rock 'n' roll loony party"], "Percent": [0.4210877175762335, 0.3052978994895956, 0.2365855254547834, 0.024874034812197354, 0.004478307813113467, 0.004408781573092527, 0.001930375605287266, 0.0013373576756968983]}, "1874-1": {"Total Votes": 32950.0, "Parties": ["conservatives", "liberals", "independents"], "Percent": [0.7926555386949925, 0.20722306525037937, 0.00012139605462822458]}, "1922-11": {"Total Votes": 111340.0, "Parties": ["conservatives", "liberals", "labour party"], "Percent": [0.4996766660679001, 0.34609304832045984, 0.15423028561164004]}, "1886-7": {"Total Votes": 31377.0, "Parties": ["liberals", "conservatives", "liberal unionists", "independent liberals"], "Percent": [0.4070816202951206, 0.2880772540395831, 0.22535615259585046, 0.07948497306944577]}, "1865-7": {"Total Votes": 19307.0, "Parties": ["conservatives", "liberals"], "Percent": [0.7318589112757031, 0.26814108872429687]}, "1847-7": {"Total Votes": 1578.0, "Parties": ["conservatives", "liberals"], "Percent": [0.6894803548795945, 0.3105196451204056]}, "1951-10": {"Total Votes": 204564.0, "Parties": ["Conservatives", "Labour Party", "Liberals"], "Percent": [0.5007919281985099, 0.4617332472966895, 0.037474824504800455]}, "1950-2": {"Total Votes": 204106.0, "Parties": ["Conservatives", "Labour Party", "Liberals", "Communist Party of Great Britain"], "Percent": [0.4100271427591546, 0.3920756861630722, 0.19645184364986823, 0.0014453274279051082]}, "1966-3": {"Total Votes": 225637.0, "Parties": ["Conservatives", "Labour Party", "Liberals", "Communist Party of Great Britain"], "Percent": [0.43794679064160574, 0.4064448649822503, 0.1518944144798947, 0.0037139298962492852]}, "1910-12": {"Total Votes": 50563.0, "Parties": ["liberals", "conservatives", "liberal unionists"], "Percent": [0.4933844906354449, 0.37195182247888775, 0.13466368688566738]}, "1837-7": {"Total Votes": 11000.0, "Parties": ["conservatives", "liberals"], "Percent": [0.8294545454545454, 0.17054545454545456]}, "1935-11": {"Total Votes": 154876.0, "Parties": ["conservatives", "labour party", "liberals"], "Percent": [0.5620690100467471, 0.24008884526976418, 0.1978421446834887]}, "2005-5": {"Total Votes": 254886.0, "Parties": ["conservative party", "labour party", "liberal democrat", "united kingdom independence party", "green party", "independent", "socialist unity"], "Percent": [0.4422290749590013, 0.2586097314093359, 0.25113187856531943, 0.03133165415126763, 0.010942146685184749, 0.004939463132537683, 0.0008160510973533266]}, "1832-12": {"Total Votes": 14686.0, "Parties": ["liberals", "conservatives"], "Percent": [0.9658858777066597, 0.03411412229334059]}, "1955-5": {"Total Votes": 199763.0, "Parties": ["Conservatives", "Labour Party", "Liberals"], "Percent": [0.4961178997111578, 0.4167288236560324, 0.08715327663280988]}, "1835-12": {"Total Votes": 826.0, "Parties": ["liberals", "conservatives"], "Percent": [0.8135593220338984, 0.1864406779661017]}, "1974-2": {"Total Votes": 218229.0, "Parties": ["conservatives", "liberals", "labour party", "workers revolutionary party"], "Percent": [0.4154351621461859, 0.2997126871314078, 0.28375238854597695, 0.001099762176429347]}, "1964-10": {"Total Votes": 221738.0, "Parties": ["Conservatives", "Labour Party", "Liberals", "Communist Party of Great Britain"], "Percent": [0.4323976945764822, 0.37467641991900347, 0.18866860889879045, 0.004257276605723872]}, "1852-7": {"Total Votes": 8584.0, "Parties": ["conservatives", "liberals"], "Percent": [0.6821994408201304, 0.3178005591798695]}, "1924-10": {"Total Votes": 124328.0, "Parties": ["conservatives", "liberals", "labour party"], "Percent": [0.5390579756772408, 0.3040988353387813, 0.15684318898397787]}, "1868-11": {"Total Votes": 17414.0, "Parties": ["liberals", "conservatives"], "Percent": [0.7330883197427357, 0.2669116802572643]}, "1910-1": {"Total Votes": 52465.0, "Parties": ["liberals", "conservatives", "liberal unionists"], "Percent": [0.4799771276088821, 0.37918612408272184, 0.14083674830839607]}, "1859-4": {"Total Votes": 2478.0, "Parties": ["liberals", "conservatives"], "Percent": [0.6214689265536723, 0.3785310734463277]}, "1895-7": {"Total Votes": 43110.0, "Parties": ["liberals", "conservatives", "liberal unionists"], "Percent": [0.4799350498724194, 0.4115286476455579, 0.10853630248202273]}, "1970-6": {"Total Votes": 247240.0, "Parties": ["Conservatives", "Labour Party", "Liberals", "Communist Party of Great Britain"], "Percent": [0.5099255783853746, 0.3716469826888853, 0.11658307717197863, 0.0018443617537615272]}, "1997-5": {"Total Votes": 275720.0, "Parties": ["conservative party", "labour party", "liberal democrat", "referendum", "united kingdom independence party", "natural law party", "green party", "independent", "route 66 party posse party"], "Percent": [0.40167923980850134, 0.2938705933555781, 0.2545589728710286, 0.027567822428550704, 0.0158276512403888, 0.0029123748730596256, 0.0022595386624111417, 0.0006673436819962281, 0.00065646307848542]}, "1931-10": {"Total Votes": 156510.0, "Parties": ["conservatives", "labour party", "liberals"], "Percent": [0.5995016292888633, 0.2059868379017315, 0.19451153280940514]}, "1983-6": {"Total Votes": 231813.0, "Parties": ["conservatives", "liberals", "labour party", "social democratic party", "ecology party", "independents", "wessex regionalists", "workers revolutionary party"], "Percent": [0.49934214215768746, 0.19582163209138398, 0.16138007790762382, 0.13701992554343373, 0.0029247712595928616, 0.001716901122887845, 0.0010094343285320495, 0.0007851155888582607]}, "1929-5": {"Total Votes": 159187.0, "Parties": ["conservatives", "liberals", "labour party"], "Percent": [0.4323971178551012, 0.34845182081451376, 0.219151061330385]}, "1880-3": {"Total Votes": 20795.0, "Parties": ["conservatives", "liberals"], "Percent": [0.7748978119740321, 0.22510218802596782]}, "1923-12": {"Total Votes": 118077.0, "Parties": ["conservatives", "liberals", "labour party"], "Percent": [0.4569560541002905, 0.4287710561752077, 0.11427288972450181]}, "1992-4": {"Total Votes": 278125.0, "Parties": ["conservatives", "liberal democrat party", "labour party", "ecology party", "liberal party", "independents", "natural law party", "monster raving loony party"], "Percent": [0.5084512359550561, 0.27443775280898874, 0.19563505617977528, 0.010477303370786518, 0.005695280898876404, 0.004688539325842697, 0.0003343820224719101, 0.00028044943820224716]}, "1987-6": {"Total Votes": 255430.0, "Parties": ["conservatives", "labour party", "liberals", "social democratic party", "independents"], "Percent": [0.519429980816662, 0.17935637943859375, 0.16799906040793955, 0.13030184394941863, 0.0029127353873859767]}, "1857-3": {"Total Votes": 9295.0, "Parties": ["liberals", "conservatives"],