{"1885-11": {"Total Votes": 31069.0, "Parties": ["liberals", "conservatives", "nationalists"], "Percent": [0.47400946280858736, 0.44809939167659074, 0.07789114551482185]}, "1892-7": {"Total Votes": 21275.0, "Parties": ["liberal unionists", "liberals", "conservatives", "parnell nationalists", "anti-parnell nationalists"], "Percent": [0.4666509988249119, 0.3007755581668625, 0.09301997649823737, 0.07877790834312573, 0.06077555816686252]}, "1979-5": {"Total Votes": 159893.0, "Parties": ["conservatives", "labour party", "liberals", "national front", "independents"], "Percent": [0.4823600783023647, 0.3063423664575685, 0.2077576879538191, 0.002213980599525933, 0.001325886686721745]}, "2010-5": {"Total Votes": 240924.0, "Parties": ["conservative party", "liberal democrat", "labour party", "united kingdom independence party", "british national party", "green party", "monster raving loony party", "impact party"], "Percent": [0.4675457820723548, 0.23502017233650446, 0.21599757599907024, 0.044262921087147813, 0.02851106573027179, 0.007554249472862811, 0.0007429728877156282, 0.00036526041407248757]}, "2001-6": {"Total Votes": 211918.0, "Parties": ["conservative party", "labour party", "liberal democrat", "united kingdom independence party", "green party", "independent", "socialist alliance"], "Percent": [0.39029719042271066, 0.3813456148132769, 0.18619937900508687, 0.02838833888579545, 0.008503289008012532, 0.003053067695995621, 0.0022131201691220188]}, "1874-1": {"Total Votes": 21960.0, "Parties": ["home rule party", "conservatives", "liberals"], "Percent": [0.35382513661202186, 0.34444444444444444, 0.3017304189435337]}, "1922-11": {"Total Votes": 65623.0, "Parties": ["conservatives", "labour party", "liberals", "national liberals"], "Percent": [0.5527939899120735, 0.25460585465461805, 0.10148880727793609, 0.09111134815537235]}, "1886-7": {"Total Votes": 3095.0, "Parties": ["conservatives", "liberals"], "Percent": [0.589983844911147, 0.410016155088853]}, "1865-7": {"Total Votes": 13921.0, "Parties": ["conservatives", "liberals"], "Percent": [0.5169887220745636, 0.48301127792543636]}, "1847-7": {"Total Votes": 7863.0, "Parties": ["conservatives", "liberals", "repealers"], "Percent": [0.480986900674043, 0.25957013862393485, 0.2594429607020221]}, "1951-10": {"Total Votes": 113397.0, "Parties": ["Conservatives", "Labour Party"], "Percent": [0.5663377338024815, 0.43366226619751846]}, "1950-2": {"Total Votes": 112100.0, "Parties": ["Conservatives", "Labour Party"], "Percent": [0.5614719000892061, 0.438528099910794]}, "1966-3": {"Total Votes": 119012.0, "Parties": ["Conservatives", "Labour Party", "Liberals"], "Percent": [0.505629684401573, 0.44387120626491444, 0.050499109333512586]}, "1910-12": {"Total Votes": 20956.0, "Parties": ["conservatives", "liberals", "liberal/labour alliance"], "Percent": [0.5046764649742317, 0.4068047337278107, 0.08851880129795762]}, "1837-7": {"Total Votes": 10079.0, "Parties": ["liberals", "conservatives"], "Percent": [0.5583887290405795, 0.44161127095942054]}, "1935-11": {"Total Votes": 58211.0, "Parties": ["conservatives", "labour party"], "Percent": [0.6359622751713594, 0.3640377248286406]}, "2005-5": {"Total Votes": 222606.0, "Parties": ["conservative party", "labour party", "liberal democrat", "united kingdom independence party", "green party", "independent", "world"], "Percent": [0.4177740042945832, 0.30830256147633034, 0.22983657223974197, 0.03420392981321258, 0.008939561377501055, 0.0005660224791784587, 0.00037734831945230587]}, "1832-12": {"Total Votes": 25597.0, "Parties": ["conservatives", "liberals", "repealers"], "Percent": [0.7010587178184944, 0.20170332460835252, 0.09723795757315311]}, "1955-5": {"Total Votes": 106606.0, "Parties": ["Conservatives", "Labour Party"], "Percent": [0.5880907266007542, 0.4119092733992458]}, "1835-12": {"Total Votes": 7732.0, "Parties": ["conservatives", "liberals"], "Percent": [0.6083807553026384, 0.39161924469736153]}, "1974-2": {"Total Votes": 152161.0, "Parties": ["conservatives", "labour party", "liberals"], "Percent": [0.41988420160225026, 0.3365711318931921, 0.24354466650455764]}, "1964-10": {"Total Votes": 119839.0, "Parties": ["Conservatives", "Labour Party", "Liberals"], "Percent": [0.47763249025776255, 0.34419512846402256, 0.17817238127821494]}, "1852-7": {"Total Votes": 15579.0, "Parties": ["liberals", "conservatives"], "Percent": [0.7915784068297067, 0.20842159317029335]}, "1924-10": {"Total Votes": 51097.0, "Parties": ["conservatives", "labour party", "liberals"], "Percent": [0.5542204043290213, 0.3255572734211402, 0.12022232224983855]}, "1868-11": {"Total Votes": 41841.0, "Parties": ["conservatives", "liberals"], "Percent": [0.6362419636241964, 0.3637580363758036]}, "1910-1": {"Total Votes": 31263.0, "Parties": ["liberals", "liberal unionists", "conservatives"], "Percent": [0.46096024053993534, 0.29597287528388194, 0.24306688417618272]}, "1859-4": {"Total Votes": 2504.0, "Parties": ["liberals", "conservatives"], "Percent": [0.7859424920127795, 0.21405750798722045]}, "1895-7": {"Total Votes": 11220.0, "Parties": ["conservatives", "liberals", "parnell nationalists", "anti-parnell nationalists"], "Percent": [0.410427807486631, 0.32067736185383244, 0.15935828877005348, 0.10953654188948307]}, "1970-6": {"Total Votes": 132519.0, "Parties": ["Conservatives", "Labour Party", "Liberals"], "Percent": [0.5187708932304047, 0.37251262083172976, 0.10871648593786552]}, "1997-5": {"Total Votes": 235527.0, "Parties": ["labour party", "conservative party", "liberal democrat", "referendum", "united kingdom independence party", "green party", "country field and shooting sports", "people's peace party"], "Percent": [0.39682499246370906, 0.37176629431020647, 0.20477057832010767, 0.017955478565090204, 0.0036598776361096604, 0.003388146581920544, 0.0010911700144781702, 0.0005434621083782327]}, "1931-10": {"Total Votes": 92886.0, "Parties": ["conservatives", "labour party"], "Percent": [0.7072971168959801, 0.29270288310402]}, "1983-6": {"Total Votes": 208204.0, "Parties": ["conservatives", "labour party", "liberals", "social democratic party", "independents"], "Percent": [0.48933257766421395, 0.21261839349868397, 0.15658680909108375, 0.14016541468943922, 0.0012968050565791242]}, "1929-5": {"Total Votes": 90562.0, "Parties": ["conservatives", "labour party", "liberals"], "Percent": [0.4563393034606126, 0.29632737792893266, 0.2473333186104547]}, "1880-3": {"Total Votes": 40857.0, "Parties": ["liberals", "conservatives", "home rule party"], "Percent": [0.423868614925227, 0.42071126122818614, 0.15542012384658688]}, "1923-12": {"Total Votes": 46649.0, "Parties": ["conservatives", "labour party", "liberals"], "Percent": [0.4673626444296769, 0.3244228172093721, 0.20821453836095094]}, "1992-4": {"Total Votes": 248331.0, "Parties": ["conservatives", "labour party", "liberal democrat party", "ecology party"], "Percent": [0.4633332125268291, 0.3071746982857557, 0.21965441286025508, 0.00983767632716012]}, "1987-6": {"Total Votes": 228334.0, "Parties": ["conservatives", "labour party", "liberals", "social democratic party", "ecology party"], "Percent": [0.4823460369458775, 0.25431166624331025, 0.213428573931171, 0.047023220370159505, 0.0028905025094817243]}, "1857-3": {"Total Votes": 7008.0, "Parties": ["liberals", "conservatives", "irish independent opposition"], "Percent": [0.5630707762557078, 0.36287100456621, 0.0740582191780822]}, "1918-12": {"Total Votes": 47196.0, "Parties": ["sinn f\u00e9in", "conservatives (coalition)", "nationalists", "labour party"], "Percent": [0.3670014408000678, 0.2601067887109077, 0.19349097381133995, 0.17940079667768455]}, "1841-6": {"Total Votes": 8837.0, "Parties": ["conservatives", "liberals"], "Percent": [0.6158198483648296, 0.38418015163517033]}, "1906-1": {"Total Votes": 30985.0, "Parties": ["liberals", "liberal unionists", "conservatives"], "Percent": [0.4998224947555268, 0.26115862514119736, 0.23901888010327577]}, "1959-10": {"Total Votes": 114338.0,