{"1885-11": {"Total Votes": 0, "Parties": [], "Percent": []}, "1892-7": {"Total Votes": 0, "Parties": [], "Percent": []}, "1979-5": {"Total Votes": 28931.0, "Parties": ["labour party", "conservatives", "liberals", "plaid cymru"], "Percent": [0.6922678096159829, 0.13608240295876395, 0.10652932840206007, 0.06512045902319312]}, "2010-5": {"Total Votes": 48667.0, "Parties": ["conservative party", "labour party", "liberal democrat", "plaid cymru", "united kingdom independence party", "green party", "christian party"], "Percent": [0.4179628906651324, 0.3294634968253642, 0.1521153964698872, 0.054800994513736205, 0.03141759303018472, 0.00939034664146136, 0.004849281854233875]}, "2001-6": {"Total Votes": 45184.0, "Parties": ["labour party", "conservative party", "liberal democrat", "plaid cymru", "united kingdom independence party"], "Percent": [0.4542315864022663, 0.3502124645892351, 0.12218927053824363, 0.06345166430594901, 0.009915014164305949]}, "1874-1": {"Total Votes": 0, "Parties": [], "Percent": []}, "1922-11": {"Total Votes": 0, "Parties": [], "Percent": []}, "1886-7": {"Total Votes": 0, "Parties": [], "Percent": []}, "1865-7": {"Total Votes": 0, "Parties": [], "Percent": []}, "1847-7": {"Total Votes": 0, "Parties": [], "Percent": []}, "1951-10": {"Total Votes": 0, "Parties": [], "Percent": []}, "1950-2": {"Total Votes": 0, "Parties": [], "Percent": []}, "1966-3": {"Total Votes": 0, "Parties": [], "Percent": []}, "1910-12": {"Total Votes": 0, "Parties": [], "Percent": []}, "1837-7": {"Total Votes": 0, "Parties": [], "Percent": []}, "1935-11": {"Total Votes": 0, "Parties": [], "Percent": []}, "2005-5": {"Total Votes": 47324.0, "Parties": ["labour party", "conservative party", "liberal democrat", "plaid cymru", "united kingdom independence party", "liberal party", "socialist labour party"], "Percent": [0.41165159327191275, 0.3734468768489561, 0.12974389316203194, 0.05120023666638492, 0.017749978869072775, 0.012784210971177415, 0.003423210210464035]}, "1832-12": {"Total Votes": 0, "Parties": [], "Percent": []}, "1955-5": {"Total Votes": 0, "Parties": [], "Percent": []}, "1835-12": {"Total Votes": 0, "Parties": [], "Percent": []}, "1974-2": {"Total Votes": 29726.0, "Parties": ["labour party", "liberals", "conservatives", "plaid cymru"], "Percent": [0.6950144654511202, 0.1680683576666891, 0.07747426495323959, 0.059442911928951084]}, "1964-10": {"Total Votes": 0, "Parties": [], "Percent": []}, "1852-7": {"Total Votes": 0, "Parties": [], "Percent": []}, "1924-10": {"Total Votes": 0, "Parties": [], "Percent": []}, "1868-11": {"Total Votes": 0, "Parties": [], "Percent": []}, "1910-1": {"Total Votes": 0, "Parties": [], "Percent": []}, "1859-4": {"Total Votes": 0, "Parties": [], "Percent": []}, "1895-7": {"Total Votes": 0, "Parties": [], "Percent": []}, "1970-6": {"Total Votes": 0, "Parties": [], "Percent": []}, "1997-5": {"Total Votes": 53914.0, "Parties": ["labour party", "conservative party", "liberal democrat", "plaid cymru"], "Percent": [0.5388952776644286, 0.3435471306154246, 0.09172014690061951, 0.025837444819527395]}, "1931-10": {"Total Votes": 0, "Parties": [], "Percent": []}, "1983-6": {"Total Votes": 46671.0, "Parties": ["conservatives", "labour party", "social democratic party", "plaid cymru"], "Percent": [0.48040539092798523, 0.2577189260997193, 0.23899209359130938, 0.02288358938098605]}, "1929-5": {"Total Votes": 0, "Parties": [], "Percent": []}, "1880-3": {"Total Votes": 0, "Parties": [], "Percent": []}, "1923-12": {"Total Votes": 0, "Parties": [], "Percent": []}, "1992-4": {"Total Votes": 54606.0, "Parties": ["labour party", "conservatives", "liberal democrat party", "plaid cymru"], "Percent": [0.4431930557081639, 0.44317474270226714, 0.09238911474929495, 0.021243086840273963]}, "1987-6": {"Total Votes": 51786.0, "Parties": ["conservatives", "labour party", "social democratic party", "plaid cymru"], "Percent": [0.46786776348820147, 0.34715946394778513, 0.16670528714324334, 0.018267485420770092]}, "1857-3": {"Total Votes": 0, "Parties": [], "Percent": []}, "1918-12": {"Total Votes": 0, "Parties": [], "Percent": []}, "1841-6": {"Total Votes": 0, "Parties": [], "Percent": []}, "1906-1": {"Total Votes": 0, "Parties": [], "Percent": []}, "1959-10": {"Total Votes": 0, "Parties": [], "Percent": []}, "1974-10": {"Total Votes": 28647.0, "Parties": ["labour party", "liberals", "conservatives", "plaid cymru"], "Percent": [0.7409501867560303, 0.11055258840367228, 0.07515621181973679, 0.07334101302056062]}, "1945-7": {"Total Votes": 0, "Parties": [], "Percent": []}, "1900-10": {"Total Votes": 0, "Parties": [], "Percent": []}}