{"1885-11": {"Total Votes": 5407.0, "Parties": ["liberals", "conservatives"], "Percent": [0.7029776216016275, 0.2970223783983725]}, "1892-7": {"Total Votes": 5579.0, "Parties": ["liberals", "conservatives"], "Percent": [0.5144291091593476, 0.48557089084065247]}, "1979-5": {"Total Votes": 0, "Parties": [], "Percent": []}, "2010-5": {"Total Votes": 99357.0, "Parties": ["labour party", "scottish national party", "liberal democrat", "conservative party", "british national party", "united kingdom independence party", "scottish socialist party", "independent"], "Percent": [0.4916513179745765, 0.25670058476000684, 0.11982044546433568, 0.11377155107340198, 0.009662127479694435, 0.004458669243233995, 0.0024356613021729724, 0.0014996427025775738]}, "2001-6": {"Total Votes": 67688.0, "Parties": ["labour party", "scottish national party", "liberal democrat", "conservative party", "scottish socialist party", "united kingdom independence party", "rock 'n' roll loony party"], "Percent": [0.5365057321829572, 0.2447996690698499, 0.09746188393806879, 0.08614525469802624, 0.026666469684434466, 0.005303746602056495, 0.0031172438246070203]}, "1874-1": {"Total Votes": 0, "Parties": [], "Percent": []}, "1922-11": {"Total Votes": 27223.0, "Parties": ["labour party", "conservatives", "liberals"], "Percent": [0.4637622598538001, 0.3303456635932851, 0.2058920765529148]}, "1886-7": {"Total Votes": 4353.0, "Parties": ["liberals", "conservatives"], "Percent": [0.5841948081782679, 0.41580519182173215]}, "1865-7": {"Total Votes": 0, "Parties": [], "Percent": []}, "1847-7": {"Total Votes": 0, "Parties": [], "Percent": []}, "1951-10": {"Total Votes": 0, "Parties": [], "Percent": []}, "1950-2": {"Total Votes": 0, "Parties": [], "Percent": []}, "1966-3": {"Total Votes": 0, "Parties": [], "Percent": []}, "1910-12": {"Total Votes": 9600.0, "Parties": ["liberals", "conservatives"], "Percent": [0.6078125, 0.3921875]}, "1837-7": {"Total Votes": 520.0, "Parties": ["conservatives", "liberals"], "Percent": [0.6326923076923077, 0.36730769230769234]}, "1935-11": {"Total Votes": 38635.0, "Parties": ["labour party", "conservatives"], "Percent": [0.5410896855183124, 0.45891031448168756]}, "2005-5": {"Total Votes": 90726.0, "Parties": ["labour party", "scottish national party", "liberal democrat", "conservative party", "scottish socialist party"], "Percent": [0.493552013755704, 0.2257236073451932, 0.15356127240261885, 0.11005665410136015, 0.017106452395123782]}, "1832-12": {"Total Votes": 520.0, "Parties": ["conservatives", "liberals"], "Percent": [0.5134615384615384, 0.48653846153846153]}, "1955-5": {"Total Votes": 0, "Parties": [], "Percent": []}, "1835-12": {"Total Votes": 0, "Parties": [], "Percent": []}, "1974-2": {"Total Votes": 0, "Parties": [], "Percent": []}, "1964-10": {"Total Votes": 0, "Parties": [], "Percent": []}, "1852-7": {"Total Votes": 0, "Parties": [], "Percent": []}, "1924-10": {"Total Votes": 28888.0, "Parties": ["conservatives", "labour party"], "Percent": [0.5111118803655497, 0.4888881196344503]}, "1868-11": {"Total Votes": 1970.0, "Parties": ["liberals"], "Percent": [1.0]}, "1910-1": {"Total Votes": 9987.0, "Parties": ["liberals", "liberal unionists"], "Percent": [0.6459397216381295, 0.35406027836187043]}, "1859-4": {"Total Votes": 0, "Parties": [], "Percent": []}, "1895-7": {"Total Votes": 6913.0, "Parties": ["liberals", "conservatives"], "Percent": [0.5439027918414582, 0.4560972081585419]}, "1970-6": {"Total Votes": 0, "Parties": [], "Percent": []}, "1997-5": {"Total Votes": 82488.0, "Parties": ["labour party", "scottish national party", "conservative party", "liberal democrat", "referendum", "socialist party of great britain"], "Percent": [0.5452793133546697, 0.27148191252060905, 0.10900979536417418, 0.06312433323634953, 0.008522451750557656, 0.002582193773639802]}, "1931-10": {"Total Votes": 37432.0, "Parties": ["conservatives", "labour party"], "Percent": [0.5470185937166061, 0.4529814062833939]}, "1983-6": {"Total Votes": 81862.0, "Parties": ["labour party", "conservatives", "scottish national party", "liberals", "social democratic party", "communist party of great britain"], "Percent": [0.4147101219124869, 0.21331020497911118, 0.1602208594952481, 0.11854095917519729, 0.09078693410862183, 0.002430920329334734]}, "1929-5": {"Total Votes": 35026.0, "Parties": ["labour party", "conservatives", "liberals"], "Percent": [0.515702620910181, 0.32093302118426315, 0.16336435790555587]}, "1880-3": {"Total Votes": 1003.0, "Parties": ["liberals", "conservatives"], "Percent": [0.744765702891326, 0.25523429710867396]}, "1923-12": {"Total Votes": 26144.0, "Parties": ["labour party", "conservatives", "liberals"], "Percent": [0.508873929008568, 0.3116967564259486, 0.17942931456548347]}, "1992-4": {"Total Votes": 93639.0, "Parties": ["labour party", "scottish national party", "conservatives", "liberal democrat party", "ecology party"], "Percent": [0.4469078055083886, 0.28531915120836404, 0.18419675562532706, 0.07856769081258877, 0.005008596845331539]}, "1987-6": {"Total Votes": 88131.0, "Parties": ["labour party", "scottish national party", "conservatives", "liberals", "social democratic party", "communist party of great britain"], "Percent": [0.4649782709829685, 0.20951764986213706, 0.16666099329407358, 0.09083069521507756, 0.0662649918870772, 0.0017473987586660766]}, "1857-3": {"Total Votes": 0, "Parties": [], "Percent": []}, "1918-12": {"Total Votes": 21621.0, "Parties": ["conservatives (coalition)", "labour party"], "Percent": [0.5965496508024606, 0.4034503491975394]}, "1841-6": {"Total Votes": 0, "Parties": [], "Percent": []}, "1906-1": {"Total Votes": 8043.0, "Parties": ["liberals", "conservatives"], "Percent": [0.6567201293049857, 0.3432798706950143]}, "1959-10": {"Total Votes": 0, "Parties": [], "Percent": []}, "1974-10": {"Total Votes": 0, "Parties": [], "Percent": []}, "1945-7": {"Total Votes": 38633.0, "Parties": ["labour party", "conservatives"], "Percent": [0.6409546242849378, 0.35904537571506223]}, "1900-10": {"Total Votes": 6861.0, "Parties": ["liberals", "conservatives"], "Percent": [0.5577904095612884, 0.44220959043871155]}}