{"1885-11": {"Total Votes": 119861.0, "Parties": ["nationalists", "conservatives", "liberals", "loyalists"], "Percent": [0.5337015376144033, 0.2793569217677143, 0.18416332251524684, 0.0027782181026355527]}, "1892-7": {"Total Votes": 131737.0, "Parties": ["anti-parnell nationalists", "conservatives", "liberals", "parnell nationalists", "liberal unionists", "unionists", "liberal/labour alliance", "social democratic federation"], "Percent": [0.4407721445000265, 0.176351366738274, 0.15457312676013574, 0.09186485193984985, 0.058419426584786355, 0.043548889074443785, 0.03027243674897713, 0.004197757653506608]}, "1979-5": {"Total Votes": 569008.0, "Parties": ["conservatives", "labour party", "liberals", "scottish labour party", "national front", "scottish national party", "independent conservatives", "ecology party", "united country party", "workers revolutionary party"], "Percent": [0.5035799145178979, 0.29133333801985206, 0.1615179399938138, 0.02240741782189354, 0.00864311222337823, 0.005681818181818182, 0.0024498776818603603, 0.0023830947895284423, 0.0015166746337485588, 0.00048681213620898126]}, "2010-5": {"Total Votes": 416341.0, "Parties": ["conservative party", "liberal democrat", "labour party", "united kingdom independence party", "british national party", "green party", "christian party", "independent", "english democrats", "justice party", "monster raving loony party", "peace party, non-violence, justice, environment"], "Percent": [0.5182314497010863, 0.27384763931488854, 0.13078942501459143, 0.0519598117888942, 0.009955781438772545, 0.009451387204238833, 0.0018470436493163056, 0.0011168729478960755, 0.0009343302725410181, 0.0006364974864353979, 0.0006220862225915775, 0.0006076749587477573]}, "2001-6": {"Total Votes": 442757.0, "Parties": ["conservative party", "labour party", "liberal democrat", "united kingdom independence party", "scottish national party", "green party", "scottish socialist party", "official monster raving loony party", "legalise cannabis alliance", "socialist alliance", "independent", "residents and motorists of great britain", "prolife alliance", "justice party", "socialist labour party"], "Percent": [0.3880006414353698, 0.3321009041076708, 0.2051147695011033, 0.030190375307448558, 0.025092770978211526, 0.004684285059298893, 0.004566839146529586, 0.002222438041634576, 0.002077889225918506, 0.0016758628322081864, 0.0012535092612877944, 0.001038944612959253, 0.0007814670349650033, 0.0006120738915477338, 0.0005872295638465343]}, "1874-1": {"Total Votes": 11608.0, "Parties": ["conservatives", "liberals"], "Percent": [0.896106133700896, 0.10389386629910406]}, "1922-11": {"Total Votes": 74129.0, "Parties": ["conservatives", "labour party", "liberals"], "Percent": [0.45206329506670806, 0.39442053717168724, 0.15351616776160476]}, "1886-7": {"Total Votes": 52643.0, "Parties": ["nationalists", "liberals", "conservatives", "unionists", "liberal unionists"], "Percent": [0.3144767585433961, 0.26685409266189236, 0.26273198715878654, 0.08981251068518131, 0.06612465095074369]}, "1865-7": {"Total Votes": 26566.0, "Parties": ["conservatives", "liberals"], "Percent": [0.5493864337875479, 0.45061356621245197]}, "1847-7": {"Total Votes": 608.0, "Parties": ["liberals", "conservatives"], "Percent": [0.5098684210526316, 0.49013157894736836]}, "1951-10": {"Total Votes": 360389.0, "Parties": ["Conservatives", "Labour Party", "Communist Party of Great Britain"], "Percent": [0.5151572328789169, 0.47839972918152335, 0.006443037939559753]}, "1950-2": {"Total Votes": 364811.0, "Parties": ["Conservatives", "Labour Party", "Liberals", "Communist Party of Great Britain"], "Percent": [0.4523191460783803, 0.44155192688816947, 0.09718182839881473, 0.008947098634635468]}, "1966-3": {"Total Votes": 280052.0, "Parties": ["Conservatives", "Labour Party", "Liberals", "Independent Conservatives", "Communist Party of Great Britain"], "Percent": [0.4636174710410924, 0.3881172068044506, 0.14198791652978734, 0.0037278791081656265, 0.0025495265165040777]}, "1910-12": {"Total Votes": 85182.0, "Parties": ["liberals", "conservatives", "independent nationalists", "nationalists", "independent liberals", "unionists", "labour party"], "Percent": [0.2897208330398441, 0.27334413373717453, 0.17311169026320114, 0.1515930595665751, 0.04569040407597849, 0.03477260454086544, 0.0317672747763612]}, "1837-7": {"Total Votes": 29159.0, "Parties": ["liberals", "conservatives"], "Percent": [0.6548578483487089, 0.3451421516512912]}, "1935-11": {"Total Votes": 499034.0, "Parties": ["unionists", "conservatives", "labour party", "independent republicans", "social credit party of great britain"], "Percent": [0.5296352553132653, 0.24182520629856882, 0.14014075193273404, 0.08110068652636894, 0.00729809992906295]}, "2005-5": {"Total Votes": 408013.0, "Parties": ["conservative party", "liberal democrat", "labour party", "united kingdom independence party", "british national party", "legalise cannabis alliance", "independent", "green party", "people of horsham first party", "protest vote party", "democratic socialist alliance - people before profit", "justice party", "vote for yourself rainbow dream ticket party"], "Percent": [0.4436917451159645, 0.2569182844664263, 0.24014430912740525, 0.04545198314759579, 0.003129802236693439, 0.0029214755412205005, 0.0024533532019813094, 0.002345513500795318, 0.0008676194140872963, 0.0007671324198003496, 0.0006445873048162681, 0.0005146894829331419, 0.0001495050402805793]}, "1832-12": {"Total Votes": 17442.0, "Parties": ["liberals", "conservatives"], "Percent": [0.8216947597752551, 0.17830524022474487]}, "1955-5": {"Total Votes": 249612.0, "Parties": ["Conservatives", "Labour Party", "Independents"], "Percent": [0.576526769546336, 0.4178645257439546, 0.005608704709709469]}, "1835-12": {"Total Votes": 5224.0, "Parties": ["liberals", "conservatives"], "Percent": [0.63208269525268, 0.3679173047473201]}, "1974-2": {"Total Votes": 571825.0, "Parties": ["conservatives", "labour party", "liberals", "scottish national party", "national front", "communist party of great britain"], "Percent": [0.43138197875224066, 0.3022970314344424, 0.24646351593581955, 0.01156297818388493, 0.007629956717527215, 0.0006645389760853408]}, "1964-10": {"Total Votes": 278075.0, "Parties": ["Conservatives", "Labour Party", "Liberals", "Communist Party of Great Britain", "Independents"], "Percent": [0.481395307021487, 0.3423428931043783, 0.16981389912793313, 0.0033372291647936706, 0.0031106715814078934]}, "1852-7": {"Total Votes": 11282.0, "Parties": ["conservatives", "liberals"], "Percent": [0.8227264669384861, 0.1772735330615139]}, "1924-10": {"Total Votes": 286988.0, "Parties": ["unionists", "conservatives", "labour party", "liberals", "northern ireland labour party"], "Percent": [0.45162863952499754, 0.24598937934687162, 0.16797566448771378, 0.10325170390399599, 0.031154612736421033]}, "1868-11": {"Total Votes": 31153.0, "Parties": ["conservatives", "liberals"], "Percent": [0.5101916348345263, 0.4898083651654736]}, "1910-1": {"Total Votes": 184958.0, "Parties": ["nationalists", "liberals", "conservatives", "independent nationalists", "unionists"], "Percent": [0.5269682846916597, 0.18713437645303257, 0.1760994387915094, 0.0819429275835595, 0.027854972480238757]}, "1859-4": {"Total Votes": 2783.0, "Parties": ["liberals", "conservatives"], "Percent": [0.5282069708947179, 0.4717930291052821]}, "1895-7": {"Total Votes": 76443.0, "Parties": ["anti-parnell nationalists", "conservatives", "liberals", "parnell nationalists", "unionists", "independent nationalists", "liberal unionists", "social democratic federation", "independent labour party"], "Percent": [0.3387883782687754, 0.1636775113483249, 0.1606425702811245, 0.10522873251965517, 0.09082584409298432, 0.07969336629907252, 0.04237144015802624, 0.010635375377732428, 0.008136781654304514]}, "1970-6": {"Total Votes": 286823.0, "Parties": ["Conservatives", "Labour Party", "Liberals", "Independents"],