{"1885-11": {"Total Votes": 7874.0, "Parties": ["liberals", "conservatives"], "Percent": [0.5603251206502413, 0.4396748793497587]}, "1892-7": {"Total Votes": 7122.0, "Parties": ["liberals", "liberal unionists"], "Percent": [0.6206121875877563, 0.37938781241224373]}, "1979-5": {"Total Votes": 116503.0, "Parties": ["conservatives", "scottish national party", "labour party", "plaid cymru", "liberals"], "Percent": [0.45862338308884754, 0.22705853068161336, 0.19774598079019423, 0.06749182424486923, 0.049080281194475675]}, "2010-5": {"Total Votes": 37960.0, "Parties": ["scottish national party", "conservative party", "labour party", "liberal democrat", "united kingdom independence party"], "Percent": [0.39567966280295047, 0.30922023182297154, 0.17215489989462593, 0.1077449947312961, 0.015200210748155954]}, "2001-6": {"Total Votes": 35013.0, "Parties": ["scottish national party", "conservative party", "labour party", "liberal democrat", "scottish socialist party"], "Percent": [0.3526404478336618, 0.24950732585039842, 0.23371319224288123, 0.1432325136377917, 0.0209065204352669]}, "1874-1": {"Total Votes": 2429.0, "Parties": ["liberals", "conservatives"], "Percent": [0.6735282009057225, 0.3264717990942775]}, "1922-11": {"Total Votes": 33925.0, "Parties": ["independent labour", "national liberals"], "Percent": [0.7032571849668386, 0.2967428150331614]}, "1886-7": {"Total Votes": 7147.0, "Parties": ["liberals", "conservatives"], "Percent": [0.5214775430250455, 0.47852245697495455]}, "1865-7": {"Total Votes": 0, "Parties": [], "Percent": []}, "1847-7": {"Total Votes": 0, "Parties": [], "Percent": []}, "1951-10": {"Total Votes": 92776.0, "Parties": ["Conservatives", "Labour Party", "Liberals"], "Percent": [0.5320233681124429, 0.34705096145554887, 0.12092567043200828]}, "1950-2": {"Total Votes": 95248.0, "Parties": ["Conservatives", "Labour Party", "Liberals"], "Percent": [0.4066017134218041, 0.3069775743322694, 0.2864207122459264]}, "1966-3": {"Total Votes": 85217.0, "Parties": ["Conservatives", "Labour Party", "Liberals", "Plaid Cymru"], "Percent": [0.5312202964197285, 0.3473015947522208, 0.09101470363894527, 0.03046340518910546]}, "1910-12": {"Total Votes": 0, "Parties": [], "Percent": []}, "1837-7": {"Total Votes": 0, "Parties": [], "Percent": []}, "1935-11": {"Total Votes": 25231.0, "Parties": ["liberals", "conservatives", "labour party"], "Percent": [0.44496849114184933, 0.27922000713408107, 0.2758115017240696]}, "2005-5": {"Total Votes": 38145.0, "Parties": ["scottish national party", "conservative party", "labour party", "liberal democrat", "scottish socialist party"], "Percent": [0.33661030279197796, 0.29463887796565735, 0.17957792633372657, 0.17459693275658672, 0.014575960152051383]}, "1832-12": {"Total Votes": 0, "Parties": [], "Percent": []}, "1955-5": {"Total Votes": 88717.0, "Parties": ["Conservatives", "Labour Party", "Liberals", "Plaid Cymru"], "Percent": [0.5164286438901226, 0.3528635999864738, 0.10610142362794053, 0.024606332495463103]}, "1835-12": {"Total Votes": 0, "Parties": [], "Percent": []}, "1974-2": {"Total Votes": 105746.0, "Parties": ["conservatives", "labour party", "scottish national party", "liberals", "plaid cymru"], "Percent": [0.4133300550375428, 0.22807482079700417, 0.20819700035935162, 0.07843322678872014, 0.07196489701738128]}, "1964-10": {"Total Votes": 88926.0, "Parties": ["Labour Party", "Conservatives", "Liberals", "Plaid Cymru"], "Percent": [0.42318332096349776, 0.31494725951915076, 0.24143670017767582, 0.020432719339675685]}, "1852-7": {"Total Votes": 0, "Parties": [], "Percent": []}, "1924-10": {"Total Votes": 20987.0, "Parties": ["liberals", "labour party"], "Percent": [0.6388240339257636, 0.3611759660742364]}, "1868-11": {"Total Votes": 0, "Parties": [], "Percent": []}, "1910-1": {"Total Votes": 8324.0, "Parties": ["liberals", "conservatives"], "Percent": [0.707352234502643, 0.29264776549735705]}, "1859-4": {"Total Votes": 0, "Parties": [], "Percent": []}, "1895-7": {"Total Votes": 7421.0, "Parties": ["liberals", "conservatives"], "Percent": [0.5691955262094057, 0.4308044737905943]}, "1970-6": {"Total Votes": 96412.0, "Parties": ["Conservatives", "Labour Party", "Scottish National Party", "Plaid Cymru", "Liberals"], "Percent": [0.459963490021989, 0.27605484794423935, 0.13572999211716386, 0.07405717130647638, 0.05419449861013152]}, "1997-5": {"Total Votes": 43076.0, "Parties": ["scottish national party", "conservative party", "labour party", "liberal democrat", "referendum"], "Percent": [0.48268177175225185, 0.24614634599312843, 0.15630513511003807, 0.09436809360200575, 0.020498653542575913]}, "1931-10": {"Total Votes": 25451.0, "Parties": ["liberals", "conservatives"], "Percent": [0.5830419236965149, 0.41695807630348514]}, "1983-6": {"Total Votes": 43623.0, "Parties": ["conservatives", "scottish national party", "social democratic party", "labour party", "ecology party"], "Percent": [0.4405474176466543, 0.3596955734360314, 0.11411411411411411, 0.08016413359924811, 0.005478761203952044]}, "1929-5": {"Total Votes": 26661.0, "Parties": ["liberals", "labour party", "conservatives"], "Percent": [0.494392558418664, 0.283672780465849, 0.22193466111548704]}, "1880-3": {"Total Votes": 2479.0, "Parties": ["liberals", "conservatives"], "Percent": [0.5623235175473982, 0.4376764824526019]}, "1923-12": {"Total Votes": 0, "Parties": [], "Percent": []}, "1992-4": {"Total Votes": 47398.0, "Parties": ["scottish national party", "conservatives", "labour party", "liberal democrat party", "ecology party"], "Percent": [0.40098738343390017, 0.3808599518967045, 0.12646103211105955, 0.08221865901514831, 0.009472973543187477]}, "1987-6": {"Total Votes": 46091.0, "Parties": ["scottish national party", "conservatives", "labour party", "social democratic party"], "Percent": [0.42385715215551845, 0.3903582044216875, 0.10785185828035843, 0.07793278514243562]}, "1857-3": {"Total Votes": 0, "Parties": [], "Percent": []}, "1918-12": {"Total Votes": 26974.0, "Parties": ["independent labour", "liberals (coalition)"], "Percent": [0.6701267887595462, 0.32987321124045377]}, "1841-6": {"Total Votes": 0, "Parties": [], "Percent": []}, "1906-1": {"Total Votes": 7994.0, "Parties": ["liberals", "conservatives"], "Percent": [0.6700025018764073, 0.3299974981235927]}, "1959-10": {"Total Votes": 88244.0, "Parties": ["Conservatives", "Labour Party", "Liberals", "Plaid Cymru"], "Percent": [0.498345496577671, 0.31970445582702506, 0.1352499886677848, 0.046700058927519154]}, "1974-10": {"Total Votes": 99641.0, "Parties": ["conservatives", "scottish national party", "labour party", "liberals", "plaid cymru"], "Percent": [0.35185315281861884, 0.2645196254553848, 0.21481117210786724, 0.10448510151443682, 0.06433094810369226]}, "1945-7": {"Total Votes": 24139.0, "Parties": ["liberals", "labour party"], "Percent": [0.5223911512490161, 0.47760884875098386]}, "1900-10": {"Total Votes": 0, "Parties": [], "Percent": []}}