{"1885-11": {"Total Votes": 10998.0, "Parties": ["liberals", "conservatives"], "Percent": [0.5063647935988361, 0.4936352064011639]}, "1892-7": {"Total Votes": 13766.0, "Parties": ["liberals", "liberal unionists"], "Percent": [0.5249164608455615, 0.47508353915443846]}, "1979-5": {"Total Votes": 103073.0, "Parties": ["labour party", "conservatives", "liberals", "plaid cymru", "national front"], "Percent": [0.502857198296353, 0.34059355990414564, 0.09462225801131238, 0.04944068766796348, 0.012486296120225471]}, "2010-5": {"Total Votes": 169108.0, "Parties": ["labour party", "conservative party", "liberal democrat", "plaid cymru", "united kingdom independence party", "green party", "independent", "christian party", "communist party of britain", "trade unionist and socialist coalition", "monster raving loony party"], "Percent": [0.36794238001750357, 0.29776829008680844, 0.24103531471012607, 0.04466376516782175, 0.024581923977576463, 0.013251886368474583, 0.0043404215057832865, 0.0034593277668708757, 0.001159022636421695, 0.0009579676892873194, 0.0008397000733259219]}, "2001-6": {"Total Votes": 147916.0, "Parties": ["labour party", "conservative party", "liberal democrat", "plaid cymru", "united kingdom independence party", "socialist alliance", "green party", "prolife alliance"], "Percent": [0.48665458773898695, 0.2318680872927878, 0.19235917683009277, 0.06375240001081695, 0.01214878714946321, 0.004800021633900322, 0.004468752535222694, 0.003948186808729279]}, "1874-1": {"Total Votes": 7711.0, "Parties": ["conservatives", "liberals"], "Percent": [0.6394760731422643, 0.3605239268577357]}, "1922-11": {"Total Votes": 73474.0, "Parties": ["conservatives", "labour party", "liberals"], "Percent": [0.4167188393173095, 0.30631243705256284, 0.27696872363012764]}, "1886-7": {"Total Votes": 10272.0, "Parties": ["liberals", "liberal unionists"], "Percent": [0.5166471962616822, 0.48335280373831774]}, "1865-7": {"Total Votes": 783.0, "Parties": ["conservatives", "liberals"], "Percent": [0.6360153256704981, 0.36398467432950193]}, "1847-7": {"Total Votes": 0, "Parties": [], "Percent": []}, "1951-10": {"Total Votes": 104598.0, "Parties": ["Conservatives", "Labour Party"], "Percent": [0.5067305302204631, 0.4932694697795369]}, "1950-2": {"Total Votes": 101179.0, "Parties": ["Labour Party", "Conservatives", "Liberals"], "Percent": [0.47718400063254235, 0.46334713725180127, 0.05946886211565641]}, "1966-3": {"Total Votes": 89519.0, "Parties": ["Labour Party", "Conservatives"], "Percent": [0.5563958489259264, 0.4436041510740737]}, "1910-12": {"Total Votes": 24063.0, "Parties": ["conservatives", "liberals"], "Percent": [0.5062128579146408, 0.4937871420853593]}, "1837-7": {"Total Votes": 864.0, "Parties": ["conservatives", "liberals"], "Percent": [0.5162037037037037, 0.4837962962962963]}, "1935-11": {"Total Votes": 92253.0, "Parties": ["labour party", "conservatives", "national labour", "liberals"], "Percent": [0.4101763628283091, 0.33573975914062415, 0.1837772213369755, 0.07030665669409125]}, "2005-5": {"Total Votes": 152965.0, "Parties": ["labour party", "liberal democrat", "conservative party", "plaid cymru", "united kingdom independence party", "green party", "respect party (respect-unity coalition)", "vote for yourself rainbow dream ticket party", "independent", "socialist alternative", "new millennium bean party", "forward wales"], "Percent": [0.41369594351649075, 0.26190958716046153, 0.23320367404308176, 0.062406432844114665, 0.014160101984114014, 0.0047657960971464065, 0.002523453077501389, 0.00185663387049325, 0.0017781845520217043, 0.001758572222403818, 0.0010394534697479815, 0.0009021671624227765]}, "1832-12": {"Total Votes": 1982.0, "Parties": ["conservatives", "liberals"], "Percent": [0.6781029263370333, 0.3218970736629667]}, "1955-5": {"Total Votes": 96755.0, "Parties": ["Conservatives", "Labour Party"], "Percent": [0.5218231615937161, 0.4781768384062839]}, "1835-12": {"Total Votes": 0, "Parties": [], "Percent": []}, "1974-2": {"Total Votes": 107804.0, "Parties": ["conservatives", "labour party", "liberals", "plaid cymru"], "Percent": [0.414446588252755, 0.3539664576453564, 0.18607843864791662, 0.045508515453972026]}, "1964-10": {"Total Votes": 92855.0, "Parties": ["Labour Party", "Conservatives", "Liberals", "Plaid Cymru"], "Percent": [0.4761509880997254, 0.4283883474234021, 0.08406655538204728, 0.011394109094825265]}, "1852-7": {"Total Votes": 1560.0, "Parties": ["liberals", "conservatives"], "Percent": [0.5032051282051282, 0.4967948717948718]}, "1924-10": {"Total Votes": 77235.0, "Parties": ["conservatives", "labour party", "liberals"], "Percent": [0.4675988865151809, 0.35403638246908786, 0.17836473101573122]}, "1868-11": {"Total Votes": 6708.0, "Parties": ["conservatives", "liberals"], "Percent": [0.6271615980918306, 0.37283840190816936]}, "1910-1": {"Total Votes": 24859.0, "Parties": ["liberals", "conservatives"], "Percent": [0.5312763988897381, 0.4687236011102619]}, "1859-4": {"Total Votes": 1854.0, "Parties": ["conservatives"], "Percent": [1.0]}, "1895-7": {"Total Votes": 15948.0, "Parties": ["conservatives", "liberals"], "Percent": [0.5258339603712064, 0.47416603962879356]}, "1970-6": {"Total Votes": 90323.0, "Parties": ["Labour Party", "Conservatives", "Plaid Cymru", "Liberals"], "Percent": [0.4634699910321845, 0.4191734109805919, 0.06980503304806085, 0.04755156493916278]}, "1997-5": {"Total Votes": 173418.0, "Parties": ["labour party", "conservative party", "liberal democrat", "plaid cymru", "referendum", "new labour", "socialist labour party", "socialist party", "natural law party", "monster raving loony party"], "Percent": [0.5182161021347265, 0.24356756507398308, 0.13934539667162577, 0.03465614872735241, 0.02402288113113979, 0.02273120437324845, 0.012859103437936085, 0.00198364644961884, 0.0014416035244322967, 0.001176348475936754]}, "1931-10": {"Total Votes": 97262.0, "Parties": ["labour party", "conservatives", "national labour", "liberals"], "Percent": [0.3407497275400465, 0.3129793752955934, 0.24798996524850403, 0.09828093191585614]}, "1983-6": {"Total Votes": 163264.0, "Parties": ["conservatives", "labour party", "social democratic party", "liberals", "plaid cymru", "ecology party", "independents"], "Percent": [0.40527611720893764, 0.29883501568012544, 0.14071075068600547, 0.13140680125441004, 0.019594031752254017, 0.002156017248137985, 0.002021266170129361]}, "1929-5": {"Total Votes": 100137.0, "Parties": ["labour party", "conservatives", "liberals"], "Percent": [0.4091195062764013, 0.32451541388298033, 0.26636507984061836]}, "1880-3": {"Total Votes": 9504.0, "Parties": ["conservatives", "liberals"], "Percent": [0.5969065656565656, 0.40309343434343436]}, "1923-12": {"Total Votes": 71454.0, "Parties": ["conservatives", "labour party", "liberals"], "Percent": [0.3533322137319115, 0.339715061438128, 0.3069527248299605]}, "1992-4": {"Total Votes": 183835.0, "Parties": ["labour party", "conservatives", "liberal democrat party", "plaid cymru", "ecology party", "natural law party", "british national party"], "Percent": [0.4747790137895395, 0.3648325944461065, 0.13254276933119372, 0.01967525226425871, 0.005472298528571817, 0.002039872711942775, 0.0006581989283868687]}, "1987-6": {"Total Votes": 174884.0, "Parties": ["conservatives", "labour party", "social democratic party", "liberals", "plaid cymru"], "Percent": [0.38864618833055053, 0.37949154868369894, 0.10878639555362411, 0.10842615676677111, 0.01464971066535532]}, "1857-3": {"Total Votes": 943.0, "Parties": ["conservatives", "liberals"], "Percent": [0.5938494167550371, 0.4061505832449629]}, "1918-12": {"Total Votes": 60061.0, "Parties": ["conservatives", "liberals", "labour party", "independent conservatives"], "Percent": [0.37365345232347114, 0.27074141289688813, 0.24175421654651102, 0.11385091823312965]}, "1841-6": {"Total Votes": 0, "Parties": [], "Percent": []}, "1906-1": {"Total Votes": 21863.0, "Parties": ["liberals", "conservatives"], "Percent": [0.5687234139871015, 0.4312765860128985]},