{"1885-11": {"Total Votes": 56256.0, "Parties": ["conservatives", "liberals", "nationalists", "liberal/labour alliance", "loyalists"], "Percent": [0.39089163822525597, 0.3037542662116041, 0.2635985494880546, 0.03617391922639363, 0.005581626848691695]}, "1892-7": {"Total Votes": 53895.0, "Parties": ["conservatives", "anti-parnell nationalists", "liberals", "parnell nationalists", "liberal unionists", "liberal/labour alliance", "unionists"], "Percent": [0.3146488542536413, 0.24941089154838111, 0.23900176268670562, 0.07835606271453752, 0.05163744317654699, 0.044215604415994064, 0.02272938120419334]}, "1979-5": {"Total Votes": 155664.0, "Parties": ["labour party", "conservatives", "liberals", "plaid cymru", "national front", "independents"], "Percent": [0.38554836057148734, 0.3815140302189331, 0.11747096310001029, 0.10721168670983657, 0.006636087984376606, 0.0016188714153561516]}, "2010-5": {"Total Votes": 38011.0, "Parties": ["plaid cymru", "labour party", "conservative party", "liberal democrat", "united kingdom independence party"], "Percent": [0.3563705243219068, 0.26479177080318855, 0.2237773276156902, 0.12125437373391913, 0.03380600352529531]}, "2001-6": {"Total Votes": 68139.0, "Parties": ["labour party", "plaid cymru", "conservative party", "liberal democrat", "scottish national party", "united kingdom independence party", "scottish socialist party"], "Percent": [0.4847003918460794, 0.23672199474603384, 0.11373809418981788, 0.07478830038597573, 0.06492610692848443, 0.013824681900233346, 0.011300430003375453]}, "1874-1": {"Total Votes": 0, "Parties": [], "Percent": []}, "1922-11": {"Total Votes": 118997.0, "Parties": ["conservatives", "labour party", "liberals", "national liberals"], "Percent": [0.4818692908224577, 0.27910787666915976, 0.2006353101338689, 0.03838752237451364]}, "1886-7": {"Total Votes": 43649.0, "Parties": ["conservatives", "liberals", "nationalists", "unionists", "liberal/labour alliance"], "Percent": [0.46429471465554767, 0.2474741689385782, 0.16204265848014848, 0.08098696419161952, 0.04520149373410617]}, "1865-7": {"Total Votes": 0, "Parties": [], "Percent": []}, "1847-7": {"Total Votes": 0, "Parties": [], "Percent": []}, "1951-10": {"Total Votes": 407098.0, "Parties": ["Labour Party", "Conservatives"], "Percent": [0.5404521761344935, 0.4595478238655066]}, "1950-2": {"Total Votes": 410380.0, "Parties": ["Labour Party", "Conservatives", "Liberals", "Communist Party of Great Britain", "Independents"], "Percent": [0.5050246113358351, 0.3972513280374287, 0.09467322968955602, 0.002436765924265315, 0.0006140650129148594]}, "1966-3": {"Total Votes": 242558.0, "Parties": ["Labour Party", "Conservatives", "Liberals", "New East Islington Liberal Association", "Plaid Cymru", "Independents"], "Percent": [0.5733515282942636, 0.33002415917017786, 0.08596706767041284, 0.004646311397686327, 0.0037186982082635907, 0.0022922352591957388]}, "1910-12": {"Total Votes": 50352.0, "Parties": ["conservatives", "liberals", "nationalists", "labour party", "liberal/labour alliance", "independent nationalists", "unionists", "independents"], "Percent": [0.4267556402923419, 0.18408404829996824, 0.12112726406101049, 0.10970765808706705, 0.07727597712106768, 0.054853829043533524, 0.02532173498570067, 0.0008738481093104544]}, "1837-7": {"Total Votes": 6682.0, "Parties": ["conservatives", "liberals"], "Percent": [0.8153247530679437, 0.18467524693205628]}, "1935-11": {"Total Votes": 169301.0, "Parties": ["conservatives", "labour party", "liberals"], "Percent": [0.5089219791968151, 0.44354138487073314, 0.047536635932451665]}, "2005-5": {"Total Votes": 38291.0, "Parties": ["plaid cymru", "labour party", "conservative party", "liberal democrat", "united kingdom independence party", "legalise cannabis alliance"], "Percent": [0.45861951894701103, 0.28317359170562273, 0.13671619962915568, 0.09712465070120917, 0.017262542111723383, 0.007103496905278003]}, "1832-12": {"Total Votes": 5898.0, "Parties": ["liberals", "conservatives"], "Percent": [0.8355374703289251, 0.16446252967107494]}, "1955-5": {"Total Votes": 276328.0, "Parties": ["Labour Party", "Conservatives", "Liberals"], "Percent": [0.5425653571118381, 0.4375090472192467, 0.019925595668915202]}, "1835-12": {"Total Votes": 6118.0, "Parties": ["conservatives", "liberals"], "Percent": [0.7898005884275907, 0.2101994115724093]}, "1974-2": {"Total Votes": 159133.0, "Parties": ["labour party", "conservatives", "liberals", "plaid cymru", "national front", "independents"], "Percent": [0.36565011656915913, 0.29189420170549163, 0.22550947949199726, 0.10784689536425505, 0.006698799117719141, 0.002400507751377778]}, "1964-10": {"Total Votes": 252916.0, "Parties": ["Labour Party", "Conservatives", "Liberals", "New East Islington Liberal Association"], "Percent": [0.5459243385155546, 0.38120166379351245, 0.06475667810656503, 0.008117319584367932]}, "1852-7": {"Total Votes": 0, "Parties": [], "Percent": []}, "1924-10": {"Total Votes": 142169.0, "Parties": ["conservatives", "labour party", "liberals"], "Percent": [0.4874972743706434, 0.3818694652139355, 0.1306332604154211]}, "1868-11": {"Total Votes": 0, "Parties": [], "Percent": []}, "1910-1": {"Total Votes": 57630.0, "Parties": ["conservatives", "liberals", "nationalists", "labour party", "independent nationalists", "liberal/labour alliance", "unionists"], "Percent": [0.38311643241367344, 0.18453930244664238, 0.11264966163456533, 0.1060211695297588, 0.10126670137081381, 0.07419746659725837, 0.03820926600728787]}, "1859-4": {"Total Votes": 0, "Parties": [], "Percent": []}, "1895-7": {"Total Votes": 41697.0, "Parties": ["conservatives", "liberals", "anti-parnell nationalists", "liberal unionists", "liberal/labour alliance", "parnell nationalists", "unionists"], "Percent": [0.43216538360073864, 0.2862556059188911, 0.10837710147012974, 0.06544835359858023, 0.04772525601362208, 0.0310573902199199, 0.02897090917811833]}, "1970-6": {"Total Votes": 234476.0, "Parties": ["Labour Party", "Conservatives", "Liberals", "Plaid Cymru"], "Percent": [0.541671642300278, 0.39609171087872536, 0.05229106603660929, 0.009945580784387315]}, "1997-5": {"Total Votes": 78305.0, "Parties": ["labour party", "plaid cymru", "conservative party", "scottish national party", "liberal democrat", "referendum"], "Percent": [0.5406806717323287, 0.18462422578379414, 0.11082306366132431, 0.07266458080582339, 0.06786284400740694, 0.02334461400932252]}, "1931-10": {"Total Votes": 181588.0, "Parties": ["conservatives", "labour party", "independent labour party", "liberals"], "Percent": [0.622216225741789, 0.26816750005506973, 0.05745423706412318, 0.05216203713901799]}, "1983-6": {"Total Votes": 274495.0, "Parties": ["conservatives", "labour party", "liberals", "social democratic party", "plaid cymru", "scottish national party", "communist party of great britain", "workers revolutionary party", "ecology party", "british national party"], "Percent": [0.3773402065611396, 0.3165339987977923, 0.11865061294376947, 0.10854478223647061, 0.05136341281261954, 0.02097670267217982, 0.0031475983169092334, 0.001519153354341609, 0.0013625020492176543, 0.0005610302555602106]}, "1929-5": {"Total Votes": 174590.0, "Parties": ["labour party", "conservatives", "liberals"], "Percent": [0.42476086832006416, 0.3806518128186036, 0.19458731886133224]}, "1880-3": {"Total Votes": 28528.0, "Parties": ["liberals", "conservatives"], "Percent": [0.593592260235558, 0.40640773976444194]}, "1923-12": {"Total Votes": 122455.0, "Parties": ["conservatives", "labour party", "liberals"], "Percent": [0.37820423829161737, 0.35707811032624226, 0.2647176513821404]}, "1992-4": {"Total Votes": 301171.0, "Parties": ["labour party", "conservatives", "liberal democrat party", "plaid cymru", "scottish national party", "ecology party", "natural law party"], "Percent": [0.36889009898031355, 0.3644640420226383, 0.16076581078523497, 0.05962393457537412, 0.04084058558094903, 0.00491747213377118, 0.0004980559217188906]}, "1987-6": {"Total Votes": 289312.0,