{"1885-11": {"Total Votes": 23284.0, "Parties": ["liberals", "conservatives"], "Percent": [0.5886016148428105, 0.41139838515718946]}, "1892-7": {"Total Votes": 23811.0, "Parties": ["liberals", "liberal unionists", "conservatives"], "Percent": [0.5352988114736886, 0.39196169837470074, 0.0727394901516106]}, "1979-5": {"Total Votes": 185661.0, "Parties": ["conservatives", "labour party", "liberals", "national front"], "Percent": [0.5485912496431669, 0.28208401333613414, 0.1615740516317374, 0.007750685388961602]}, "2010-5": {"Total Votes": 291559.0, "Parties": ["conservative party", "labour party", "liberal democrat", "united kingdom independence party", "british national party", "independent", "green party", "english democrats", "workers revolutionary party"], "Percent": [0.44667803086167807, 0.2713790347751227, 0.20299150429244167, 0.03751213305025741, 0.021745169931300354, 0.010059713471372859, 0.006935131482821658, 0.0024420443203605445, 0.0002572378146447203]}, "2001-6": {"Total Votes": 254794.0, "Parties": ["labour party", "conservative party", "liberal democrat", "united kingdom independence party", "independent", "green party", "socialist alliance", "workers revolutionary party"], "Percent": [0.42824006844745166, 0.39351397599629506, 0.14756626922141022, 0.02224542179172194, 0.0038187712426509257, 0.0031319418824619105, 0.0010636043234927039, 0.00041994709451556947]}, "1874-1": {"Total Votes": 20666.0, "Parties": ["home rule party", "liberals", "conservatives"], "Percent": [0.6147778960611632, 0.2771218426400852, 0.10810026129875157]}, "1922-11": {"Total Votes": 78282.0, "Parties": ["conservatives", "liberals", "labour party", "national liberals"], "Percent": [0.45857285199662756, 0.30768248128560843, 0.16075215247438746, 0.07299251424337651]}, "1886-7": {"Total Votes": 19876.0, "Parties": ["liberals", "conservatives", "liberal unionists"], "Percent": [0.5053833769370095, 0.2504528074059167, 0.24416381565707385]}, "1865-7": {"Total Votes": 15114.0, "Parties": ["liberals", "conservatives"], "Percent": [0.7337567817917162, 0.26624321820828367]}, "1847-7": {"Total Votes": 8435.0, "Parties": ["conservatives", "liberals"], "Percent": [0.7843509187907529, 0.2156490812092472]}, "1951-10": {"Total Votes": 185836.0, "Parties": ["Conservatives", "Labour Party", "Liberals"], "Percent": [0.49737402871348935, 0.45319529047116813, 0.04943068081534256]}, "1950-2": {"Total Votes": 182331.0, "Parties": ["Conservatives", "Labour Party", "Liberals", "Communist Party of Great Britain"], "Percent": [0.4448228770752094, 0.42382260833319624, 0.13021921669929962, 0.0011352978922947825]}, "1966-3": {"Total Votes": 219831.0, "Parties": ["Labour Party", "Conservatives", "Liberals", "Communist Party of Great Britain"], "Percent": [0.4560048400816991, 0.43783633791412496, 0.10349313791048578, 0.002665684093690153]}, "1910-12": {"Total Votes": 32095.0, "Parties": ["liberals", "conservatives"], "Percent": [0.5268733447577505, 0.4731266552422496]}, "1837-7": {"Total Votes": 2184.0, "Parties": ["conservatives", "liberals"], "Percent": [0.8113553113553114, 0.18864468864468864]}, "1935-11": {"Total Votes": 111971.0, "Parties": ["conservatives", "labour party", "national liberals", "liberals"], "Percent": [0.3441069562654616, 0.2947995463110984, 0.2572898339748685, 0.1038036634485715]}, "2005-5": {"Total Votes": 265851.0, "Parties": ["conservative party", "labour party", "liberal democrat", "united kingdom independence party", "green party", "veritas", "respect party (respect-unity coalition)", "independent", "open forum", "workers revolutionary party"], "Percent": [0.405840113447006, 0.3418869968516199, 0.2029520295202952, 0.031927658726128544, 0.007831454461333605, 0.0028925977333167825, 0.0027270914910983973, 0.002196719214898571, 0.0013767110148165704, 0.000368627539486404]}, "1832-12": {"Total Votes": 20184.0, "Parties": ["liberals", "conservatives"], "Percent": [0.7680340864050733, 0.2319659135949267]}, "1955-5": {"Total Votes": 179013.0, "Parties": ["Conservatives", "Labour Party", "Liberals"], "Percent": [0.5353354225670762, 0.4471239518917621, 0.017540625541161814]}, "1835-12": {"Total Votes": 10464.0, "Parties": ["liberals", "conservatives"], "Percent": [0.6676223241590215, 0.33237767584097855]}, "1974-2": {"Total Votes": 179183.0, "Parties": ["conservatives", "labour party", "liberals"], "Percent": [0.42657506571493947, 0.2989680940714242, 0.2744568402136363]}, "1964-10": {"Total Votes": 210749.0, "Parties": ["Conservatives", "Labour Party", "Liberals", "Communist Party of Great Britain"], "Percent": [0.4777436666366151, 0.43939473022410547, 0.08017119891434835, 0.002690404224931079]}, "1852-7": {"Total Votes": 36273.0, "Parties": ["liberals", "conservatives"], "Percent": [0.7912772585669782, 0.20872274143302183]}, "1924-10": {"Total Votes": 85242.0, "Parties": ["conservatives", "liberals", "labour party"], "Percent": [0.5016306515567444, 0.36721334553389173, 0.1311560029093639]}, "1868-11": {"Total Votes": 7626.0, "Parties": ["liberals", "conservatives"], "Percent": [0.6695515342250197, 0.3304484657749803]}, "1910-1": {"Total Votes": 33346.0, "Parties": ["liberals", "liberal unionists", "conservatives"], "Percent": [0.5196125472320519, 0.3928507167276435, 0.08753673604030468]}, "1859-4": {"Total Votes": 28839.0, "Parties": ["liberals", "conservatives"], "Percent": [0.7641041644994625, 0.23589583550053747]}, "1895-7": {"Total Votes": 25479.0, "Parties": ["liberals", "liberal unionists", "conservatives"], "Percent": [0.49515287099179717, 0.4272930648769575, 0.07755406413124534]}, "1970-6": {"Total Votes": 232487.0, "Parties": ["Conservatives", "Labour Party", "Liberals", "Communist Party of Great Britain"], "Percent": [0.5049443624804828, 0.4092787983844258, 0.08385415098478625, 0.0019226881503051783]}, "1997-5": {"Total Votes": 300228.0, "Parties": ["labour party", "conservative party", "liberal democrat", "referendum", "independent conservative", "united kingdom independence party", "natural law party", "green party"], "Percent": [0.4395925763086721, 0.385833433257391, 0.12828250529597507, 0.030696670530396895, 0.006135337143770734, 0.005079472933903567, 0.003194239044992472, 0.001185765484898144]}, "1931-10": {"Total Votes": 106691.0, "Parties": ["conservatives", "national liberals", "labour party", "liberals"], "Percent": [0.37719207805719324, 0.30007217103598244, 0.19408384962180503, 0.12865190128501935]}, "1983-6": {"Total Votes": 277779.0, "Parties": ["conservatives", "labour party", "liberals", "social democratic party", "independents"], "Percent": [0.5091241598536966, 0.2256686070581289, 0.15543291609516918, 0.10729752789087728, 0.0024767891021279507]}, "1929-5": {"Total Votes": 112050.0, "Parties": ["conservatives", "liberals", "labour party"], "Percent": [0.4135296742525658, 0.40484605087014724, 0.18162427487728694]}, "1880-3": {"Total Votes": 51538.0, "Parties": ["liberals", "home rule party", "conservatives"], "Percent": [0.37985564049827314, 0.3731809538592883, 0.24696340564243863]}, "1923-12": {"Total Votes": 77824.0, "Parties": ["liberals", "conservatives", "labour party"], "Percent": [0.505345394736842, 0.43599660773026316, 0.05865799753289473]}, "1992-4": {"Total Votes": 314603.0, "Parties": ["conservatives", "labour party", "liberal democrat party", "ecology party", "liberal party", "natural law party"], "Percent": [0.5320197200916711, 0.30324885649532907, 0.14796108110857176, 0.007994202216762078, 0.0050285598039433825, 0.00374758028372266]}, "1987-6": {"Total Votes": 293920.0, "Parties": ["conservatives", "labour party", "social democratic party", "liberals", "independents", "ecology party"], "Percent": [0.5414908818726184, 0.24165078933043005, 0.1345978497550354, 0.07650381056069679, 0.0029599891126837236, 0.002796679368535656]}, "1857-3": {"Total Votes": 23630.0, "Parties": ["liberals", "conservatives", "irish independent opposition"], "Percent": [0.44257300042319087, 0.3752010156580618, 0.18222598391874736]}, "1918-12": {"Total Votes": 55015.0,