{"1885-11": {"Total Votes": 84934.0, "Parties": ["liberals", "conservatives", "liberal/labour alliance", "nationalists"], "Percent": [0.46934089999293577, 0.43105234652789226, 0.06313137259519155, 0.0364753808839805]}, "1892-7": {"Total Votes": 63685.0, "Parties": ["conservatives", "liberals", "liberal unionists", "liberal/labour alliance", "anti-parnell nationalists", "parnell nationalists", "independent liberals"], "Percent": [0.3788019156787312, 0.30870691685640256, 0.17577137473502394, 0.07453874538745388, 0.029488890633587186, 0.023396404176807724, 0.009295752531993405]}, "1979-5": {"Total Votes": 1386593.0, "Parties": ["conservatives", "labour party", "liberals", "national front", "independents", "ecology party", "communist party of great britain", "workers revolutionary party", "independent conservatives", "mebyon kernow", "independent liberals", "campaign for more prosperous britain"], "Percent": [0.464441259980398, 0.42655342988173167, 0.08994852851557741, 0.01358437551610314, 0.0014669048523972066, 0.000949810074044799, 0.0007969173362334875, 0.0006836901671939783, 0.0006620544024093588, 0.0006238312179565309, 0.00016154704372515943, 0.00012765101222925545]}, "2010-5": {"Total Votes": 1175003.0, "Parties": ["labour party", "conservative party", "liberal democrat", "united kingdom independence party", "british national party", "respect party (respect-unity coalition)", "green party", "socialist alternative", "independent", "christian party", "english democrats", "solihull and meriden residents' association", "socialist labour party", "democratic labour party", "national front", "social democratic party", "christian movement for great britain", "common good", "equal parenting alliance", "impact party"], "Percent": [0.3761164865110983, 0.3348323365982895, 0.1934990804278797, 0.038294370312246015, 0.03016162511925502, 0.010416994680013583, 0.005096157201300762, 0.002257866575659807, 0.002051909654698754, 0.0017276551634336254, 0.000978720905393433, 0.0008314872387559861, 0.0007353172715303705, 0.0007165939150793658, 0.000639147304304755, 0.0005421262754222756, 0.0005089348708045852, 0.0002595738053434757, 0.0002093611675885083, 0.0001242550019021228]}, "2001-6": {"Total Votes": 1044034.0, "Parties": ["labour party", "conservative party", "liberal democrat", "united kingdom independence party", "socialist alliance", "people's justice", "socialist labour party", "british national party", "independent", "green party", "national front", "muslim party", "prolife alliance", "pro-euro conservative party", "marxist party", "communist party of britain"], "Percent": [0.5126164473570785, 0.30580134363440276, 0.13073616376478162, 0.014737067949894354, 0.00722102920019846, 0.007129078171783677, 0.006869508081154444, 0.004670345984900875, 0.004472076579881498, 0.0020248382715505435, 0.0011829116676276828, 0.0011014966945520931, 0.0007336925808929594, 0.0004348517385449133, 0.0002116789299965327, 5.746939275923964e-05]}, "1874-1": {"Total Votes": 100595.0, "Parties": ["liberals", "conservatives", "home rule party"], "Percent": [0.6572593071226205, 0.25378994979869773, 0.08895074307868184]}, "1922-11": {"Total Votes": 467417.0, "Parties": ["conservatives", "labour party", "liberals", "independents", "national liberals"], "Percent": [0.48670887023792453, 0.2936927839595051, 0.1623710733670363, 0.05472629365213503, 0.0025009787833989777]}, "1886-7": {"Total Votes": 50846.0, "Parties": ["conservatives", "liberals", "liberal unionists"], "Percent": [0.4698304684734295, 0.44215867521535623, 0.08801085631121426]}, "1865-7": {"Total Votes": 32238.0, "Parties": ["liberals", "conservatives"], "Percent": [0.6420373472299771, 0.3579626527700229]}, "1847-7": {"Total Votes": 35125.0, "Parties": ["liberals", "conservatives", "repealers", "confederates"], "Percent": [0.8128398576512454, 0.12233451957295373, 0.06377224199288256, 0.0010533807829181494]}, "1951-10": {"Total Votes": 1079919.0, "Parties": ["Labour Party", "Conservatives", "Liberals", "Independents"], "Percent": [0.5227280934959011, 0.46980653178618026, 0.006960707238228052, 0.0005046674796906064]}, "1950-2": {"Total Votes": 1094836.0, "Parties": ["Labour Party", "Conservatives", "Liberals", "Communist Party of Great Britain", "Independents"], "Percent": [0.513971955617097, 0.42947710890032853, 0.05471869759489092, 0.001523515850775824, 0.00030872203690781084]}, "1966-3": {"Total Votes": 1042131.0, "Parties": ["Labour Party", "Conservatives", "Liberals", "Communist Party of Great Britain", "Union Movement"], "Percent": [0.5178456451252291, 0.44323122524903297, 0.034382433686359966, 0.003257747826328936, 0.0012829481130491273]}, "1910-12": {"Total Votes": 97294.0, "Parties": ["conservatives", "liberals", "liberal/labour alliance", "nationalists", "independent nationalists"], "Percent": [0.4984993935905606, 0.42949205500853077, 0.03278722223364236, 0.0252019651777088, 0.014019363989557424]}, "1837-7": {"Total Votes": 37181.0, "Parties": ["liberals", "conservatives", "chartists"], "Percent": [0.7000080686372072, 0.298835426696431, 0.0011565046663618516]}, "1935-11": {"Total Votes": 753412.0, "Parties": ["conservatives", "labour party", "independent labour", "liberals", "national liberals", "independents", "christian socialists"], "Percent": [0.5322426507674419, 0.34498786852346386, 0.03946579029800428, 0.03798585634420476, 0.037911527822758334, 0.0054419096058995605, 0.0019643966382271584]}, "2005-5": {"Total Votes": 1088778.0, "Parties": ["labour party", "conservative party", "liberal democrat", "united kingdom independence party", "british national party", "respect party (respect-unity coalition)", "socialist alternative", "green party", "socialist labour party", "independent", "democratic labour party", "common good", "national front", "peace and progress", "families first", "workers revolutionary party"], "Percent": [0.44387193716258044, 0.2946440872243928, 0.1808394365058809, 0.03033492594449925, 0.026493922544357066, 0.012690373978901114, 0.003403816021264206, 0.0032623730457448626, 0.0015861819397526402, 0.0009248901061557084, 0.0007072148775967186, 0.000393101256638176, 0.0003820797260782272, 0.00030217362951859793, 0.0001322583667193863, 3.12276699198551e-05]}, "1832-12": {"Total Votes": 30002.0, "Parties": ["liberals", "repealers", "conservatives"], "Percent": [0.520331977868142, 0.31167922138524096, 0.16798880074661687]}, "1955-5": {"Total Votes": 1035121.0, "Parties": ["Labour Party", "Conservatives", "Liberals", "Independents", "Communist Party of Great Britain"], "Percent": [0.4960666434165667, 0.49566862231565195, 0.005293100999786499, 0.00207511972030323, 0.000896513547691526]}, "1835-12": {"Total Votes": 25328.0, "Parties": ["liberals", "conservatives"], "Percent": [0.8571936197094124, 0.1428063802905875]}, "1974-2": {"Total Votes": 1409054.0, "Parties": ["labour party", "conservatives", "liberals", "national front", "independent liberals", "people", "communist party of great britain", "british movement", "communist party of england (marxist-leninist)", "workers revolutionary party"], "Percent": [0.460129278224965, 0.4035097306419769, 0.11746675429046723, 0.010205428606710603, 0.0033937663141370028, 0.0029175602922244287, 0.0014371344178434609, 0.0005045938622650374, 0.0002370384669430696, 0.00019871488246724398]}, "1964-10": {"Total Votes": 1053734.0, "Parties": ["Conservatives", "Labour Party", "Liberals", "Independents", "Communist Party of Great Britain"], "Percent": [0.48284007159302067, 0.4605450711469878, 0.054043999719094196, 0.0014908885923772034, 0.0010799689485202148]}, "1852-7": {"Total Votes": 7719.0, "Parties": ["liberals", "conservatives"], "Percent": [0.8626765125016196, 0.1373234874983806]}, "1924-10": {"Total Votes": 573024.0, "Parties": ["conservatives", "labour party", "liberals", "independents"], "Percent": [0.5148597615457643, 0.39107088010275315, 0.09189841961244206, 0.0021709387390405985]}, "1868-11": {"Total Votes": 204703.0,