{"1885-11": {"Total Votes": 0, "Parties": [], "Percent": []}, "1892-7": {"Total Votes": 0, "Parties": [], "Percent": []}, "1979-5": {"Total Votes": 83603.0, "Parties": ["conservatives", "scottish national party", "labour party", "liberals"], "Percent": [0.4546487566235662, 0.22763537193641376, 0.1978517517313972, 0.1198641197086229]}, "2010-5": {"Total Votes": 52173.0, "Parties": ["labour party", "conservative party", "scottish national party", "liberal democrat", "united kingdom independence party"], "Percent": [0.4590497000364173, 0.3162747014739425, 0.12303298641059551, 0.08832154562704847, 0.013321066451996244]}, "2001-6": {"Total Votes": 42586.0, "Parties": ["labour party", "conservative party", "liberal democrat", "scottish national party", "scottish socialist party"], "Percent": [0.4891278824026675, 0.2816888179213826, 0.11635279199737003, 0.09634621706664162, 0.016484290611938197]}, "1874-1": {"Total Votes": 311.0, "Parties": ["home rule party", "liberals", "conservatives"], "Percent": [0.6109324758842444, 0.2057877813504823, 0.1832797427652733]}, "1922-11": {"Total Votes": 22963.0, "Parties": ["liberals", "conservatives"], "Percent": [0.5402604189348081, 0.4597395810651918]}, "1886-7": {"Total Votes": 0, "Parties": [], "Percent": []}, "1865-7": {"Total Votes": 0, "Parties": [], "Percent": []}, "1847-7": {"Total Votes": 135.0, "Parties": ["liberals", "repealers"], "Percent": [0.5555555555555556, 0.4444444444444444]}, "1951-10": {"Total Votes": 0, "Parties": [], "Percent": []}, "1950-2": {"Total Votes": 0, "Parties": [], "Percent": []}, "1966-3": {"Total Votes": 0, "Parties": [], "Percent": []}, "1910-12": {"Total Votes": 0, "Parties": [], "Percent": []}, "1837-7": {"Total Votes": 0, "Parties": [], "Percent": []}, "1935-11": {"Total Votes": 0, "Parties": [], "Percent": []}, "2005-5": {"Total Votes": 50891.0, "Parties": ["labour party", "conservative party", "scottish national party", "liberal democrat", "green party", "scottish socialist party", "operation christian vote"], "Percent": [0.4111532491010198, 0.3537364170482011, 0.12147530997622369, 0.08368866793735631, 0.014639130691084868, 0.00976597040734118, 0.005541254838773064]}, "1832-12": {"Total Votes": 440.0, "Parties": ["repealers", "liberals"], "Percent": [0.5113636363636364, 0.48863636363636365]}, "1955-5": {"Total Votes": 0, "Parties": [], "Percent": []}, "1835-12": {"Total Votes": 0, "Parties": [], "Percent": []}, "1974-2": {"Total Votes": 79632.0, "Parties": ["conservatives", "scottish national party", "labour party", "liberals"], "Percent": [0.43981062889290734, 0.23224331926863573, 0.1987894313843681, 0.12915662045408882]}, "1964-10": {"Total Votes": 0, "Parties": [], "Percent": []}, "1852-7": {"Total Votes": 103.0, "Parties": ["liberals", "conservatives"], "Percent": [0.5728155339805825, 0.42718446601941745]}, "1924-10": {"Total Votes": 23120.0, "Parties": ["conservatives", "liberals"], "Percent": [0.5306228373702422, 0.46937716262975776]}, "1868-11": {"Total Votes": 0, "Parties": [], "Percent": []}, "1910-1": {"Total Votes": 0, "Parties": [], "Percent": []}, "1859-4": {"Total Votes": 123.0, "Parties": ["conservatives", "liberals"], "Percent": [0.5528455284552846, 0.44715447154471544]}, "1895-7": {"Total Votes": 0, "Parties": [], "Percent": []}, "1970-6": {"Total Votes": 0, "Parties": [], "Percent": []}, "1997-5": {"Total Votes": 49527.0, "Parties": ["labour party", "conservative party", "scottish national party", "liberal democrat", "referendum", "natural law party"], "Percent": [0.47505401094352573, 0.280352131160781, 0.1206816483938054, 0.11078805500030287, 0.010761806691299695, 0.002362347810285299]}, "1931-10": {"Total Votes": 32483.0, "Parties": ["conservatives", "liberals", "labour party", "new party"], "Percent": [0.5819351660868762, 0.28248622356309455, 0.1052242711572207, 0.030354339192808544]}, "1983-6": {"Total Votes": 42057.0, "Parties": ["conservatives", "social democratic party", "labour party", "scottish national party"], "Percent": [0.4453479801222151, 0.23862852795016287, 0.20838385999952447, 0.10763963192809758]}, "1929-5": {"Total Votes": 31724.0, "Parties": ["liberals", "conservatives", "labour party"], "Percent": [0.42431597528684906, 0.42113226579246, 0.15455175892069095]}, "1880-3": {"Total Votes": 261.0, "Parties": ["liberals", "conservatives"], "Percent": [0.7241379310344828, 0.27586206896551724]}, "1923-12": {"Total Votes": 0, "Parties": [], "Percent": []}, "1992-4": {"Total Votes": 49214.0, "Parties": ["conservatives", "labour party", "scottish national party", "liberal democrat party", "independents", "natural law party"], "Percent": [0.4285162758564636, 0.2981671881984801, 0.1416466859023855, 0.11681635307026456, 0.012679318892997928, 0.0021741780794082986]}, "1987-6": {"Total Votes": 44881.0, "Parties": ["conservatives", "labour party", "social democratic party", "scottish national party", "ecology party"], "Percent": [0.41855128005169223, 0.2515986720438493, 0.17967514092823245, 0.14239878790579533, 0.007776119070430695]}, "1857-3": {"Total Votes": 0, "Parties": [], "Percent": []}, "1918-12": {"Total Votes": 0, "Parties": [], "Percent": []}, "1841-6": {"Total Votes": 163.0, "Parties": ["liberals", "conservatives"], "Percent": [0.6809815950920245, 0.31901840490797545]}, "1906-1": {"Total Votes": 0, "Parties": [], "Percent": []}, "1959-10": {"Total Votes": 0, "Parties": [], "Percent": []}, "1974-10": {"Total Votes": 77824.0, "Parties": ["conservatives", "scottish national party", "labour party", "liberals"], "Percent": [0.3931692023026316, 0.3184621710526315, 0.19659745065789475, 0.09177117598684212]}, "1945-7": {"Total Votes": 47148.0, "Parties": ["independent conservatives", "labour party", "conservatives"], "Percent": [0.578900483583609, 0.2507423432595232, 0.17035717315686774]}, "1900-10": {"Total Votes": 0, "Parties": [], "Percent": []}}