{"1885-11": {"Total Votes": 7044.0, "Parties": ["conservatives", "liberals"], "Percent": [0.6179727427597955, 0.3820272572402044]}, "1892-7": {"Total Votes": 7659.0, "Parties": ["conservatives", "liberals"], "Percent": [0.7242459851155504, 0.27575401488444967]}, "1979-5": {"Total Votes": 203516.0, "Parties": ["conservatives", "labour party", "liberals", "national front", "independents", "socialist unity"], "Percent": [0.4465742251223491, 0.4297549087049667, 0.09238094302167887, 0.017919966980483107, 0.01102616010534798, 0.002343796065174237]}, "2010-5": {"Total Votes": 137634.0, "Parties": ["labour party", "conservative party", "liberal democrat", "green party", "united kingdom independence party", "christian party", "british national party", "english democrats", "independent ealing action communities public services"], "Percent": [0.43793684700001456, 0.32985308862635687, 0.18677797637211735, 0.01414621387157243, 0.010535187526337968, 0.008813229289274454, 0.0075926006655332254, 0.002964383800514408, 0.0013804728482787684]}, "2001-6": {"Total Votes": 128986.0, "Parties": ["labour party", "conservative party", "liberal democrat", "independent", "green party", "socialist labour party", "united kingdom independence party", "socialist alliance", "prolife alliance"], "Percent": [0.5225760935295303, 0.24108042733319895, 0.1232226753291055, 0.06444885491448683, 0.02448327725489588, 0.00947389639185648, 0.008869179600886918, 0.004101220287473059, 0.0017443753585660458]}, "1874-1": {"Total Votes": 230.0, "Parties": ["home rule party", "conservatives"], "Percent": [0.5391304347826087, 0.4608695652173913]}, "1922-11": {"Total Votes": 42500.0, "Parties": ["conservatives", "labour party", "liberals", "independent conservatives"], "Percent": [0.5815294117647059, 0.26988235294117646, 0.11475294117647059, 0.03383529411764706]}, "1886-7": {"Total Votes": 0, "Parties": [], "Percent": []}, "1865-7": {"Total Votes": 304.0, "Parties": ["liberals"], "Percent": [1.0]}, "1847-7": {"Total Votes": 178.0, "Parties": ["confederates", "liberals"], "Percent": [0.6179775280898876, 0.38202247191011235]}, "1951-10": {"Total Votes": 194616.0, "Parties": ["Conservatives", "Labour Party"], "Percent": [0.5051177703785917, 0.49488222962140826]}, "1950-2": {"Total Votes": 195282.0, "Parties": ["Labour Party", "Conservatives", "Liberals", "Communist Party of Great Britain"], "Percent": [0.4614454993291753, 0.44837721858645446, 0.08248584098892883, 0.007691441095441464]}, "1966-3": {"Total Votes": 155877.0, "Parties": ["Labour Party", "Conservatives", "Liberals", "British National Party"], "Percent": [0.48849413319476254, 0.4385701546732359, 0.05517812121095479, 0.01775759092104672]}, "1910-12": {"Total Votes": 0, "Parties": [], "Percent": []}, "1837-7": {"Total Votes": 308.0, "Parties": ["liberals", "conservatives"], "Percent": [0.512987012987013, 0.487012987012987]}, "1935-11": {"Total Votes": 71140.0, "Parties": ["conservatives", "labour party"], "Percent": [0.6692296879392747, 0.3307703120607253]}, "2005-5": {"Total Votes": 133175.0, "Parties": ["labour party", "conservative party", "liberal democrat", "green party", "united kingdom independence party", "veritas", "workers revolutionary party"], "Percent": [0.4540792190726488, 0.2635855077905012, 0.23000563168762905, 0.04124648019523183, 0.00519617045241224, 0.003716913835179275, 0.0021700769663975973]}, "1832-12": {"Total Votes": 27.0, "Parties": ["repealers", "conservatives"], "Percent": [0.8148148148148148, 0.18518518518518517]}, "1955-5": {"Total Votes": 178084.0, "Parties": ["Conservatives", "Labour Party", "Liberals"], "Percent": [0.4942835965050202, 0.4610633184339974, 0.04465308506098246]}, "1835-12": {"Total Votes": 267.0, "Parties": ["liberals", "conservatives"], "Percent": [0.5131086142322098, 0.4868913857677903]}, "1974-2": {"Total Votes": 204763.0, "Parties": ["labour party", "conservatives", "liberals", "independents"], "Percent": [0.418869619999707, 0.38253493062711524, 0.19465919135781368, 0.003936258015364104]}, "1964-10": {"Total Votes": 156454.0, "Parties": ["Conservatives", "Labour Party", "Liberals", "British National Party"], "Percent": [0.469594896902604, 0.44737111227581267, 0.061238447083487794, 0.021795543738095544]}, "1852-7": {"Total Votes": 220.0, "Parties": ["conservatives", "liberals"], "Percent": [0.5045454545454545, 0.4954545454545455]}, "1924-10": {"Total Votes": 50343.0, "Parties": ["conservatives", "labour party", "independent labour", "liberals"], "Percent": [0.6231452237649723, 0.2452773970561945, 0.07051625846691695, 0.06106112071191625]}, "1868-11": {"Total Votes": 249.0, "Parties": ["liberals", "conservatives"], "Percent": [0.5060240963855421, 0.4939759036144578]}, "1910-1": {"Total Votes": 21126.0, "Parties": ["conservatives", "liberals"], "Percent": [0.611379342989681, 0.38862065701031906]}, "1859-4": {"Total Votes": 182.0, "Parties": ["liberals", "conservatives"], "Percent": [0.7032967032967034, 0.2967032967032967]}, "1895-7": {"Total Votes": 0, "Parties": [], "Percent": []}, "1970-6": {"Total Votes": 146978.0, "Parties": ["Conservatives", "Labour Party", "Liberals", "National Front", "Communist Party of Great Britain"], "Percent": [0.48259603478071544, 0.4684374532242921, 0.036515669011688824, 0.010695478234837867, 0.0017553647484657567]}, "1997-5": {"Total Votes": 160259.0, "Parties": ["labour party", "conservative party", "liberal democrat", "socialist labour party", "united kingdom independence party", "referendum", "green party", "prolife alliance", "glow bowling party", "christian party", "natural law party"], "Percent": [0.5652537454994727, 0.29018027068682567, 0.09195739396851346, 0.01710980350557535, 0.009372328543170744, 0.009303689652375217, 0.008960495198397594, 0.004605045582463388, 0.0013041389251149701, 0.001017103563606412, 0.0009359848744844283]}, "1931-10": {"Total Votes": 75769.0, "Parties": ["conservatives", "labour party"], "Percent": [0.7521281790705961, 0.24787182092940385]}, "1983-6": {"Total Votes": 147213.0, "Parties": ["conservatives", "labour party", "liberals", "social democratic party", "national front", "british national party", "independents", "communist party of great britain"], "Percent": [0.4125111233382921, 0.37673303308811046, 0.12960811884819956, 0.07195696032279758, 0.003770047482219641, 0.0020786207739805587, 0.0020378635039025087, 0.0013042326424976055]}, "1929-5": {"Total Votes": 69566.0, "Parties": ["conservatives", "labour party", "liberals"], "Percent": [0.4778483742057902, 0.3205732685507288, 0.201578357243481]}, "1880-3": {"Total Votes": 253.0, "Parties": ["home rule party", "conservatives"], "Percent": [0.525691699604743, 0.4743083003952569]}, "1923-12": {"Total Votes": 43175.0, "Parties": ["conservatives", "liberals", "labour party"], "Percent": [0.49315576143601625, 0.2621656050955414, 0.24467863346844237]}, "1992-4": {"Total Votes": 149294.0, "Parties": ["conservatives", "labour party", "liberal democrat party", "independent labour", "ecology party", "independent conservatives", "national front", "christian democrat party"], "Percent": [0.4292670837408067, 0.3883612201428055, 0.09728455262770104, 0.06249413908127587, 0.013744691682184146, 0.0057872386030249036, 0.0018553994132383084, 0.0012056747089635217]}, "1987-6": {"Total Votes": 153744.0, "Parties": ["conservatives", "labour party", "liberals", "social democratic party", "ecology party", "workers revolutionary party"], "Percent": [0.4822887397231762, 0.35574071183265693, 0.09818919762722447, 0.058363253200124886, 0.003752991986679155, 0.001665105630138412]}, "1857-3": {"Total Votes": 0, "Parties": [], "Percent": []}, "1918-12": {"Total Votes": 33232.0, "Parties": ["conservatives (coalition)", "labour party"], "Percent": [0.7637518054886856, 0.2362481945113144]}, "1841-6": {"Total Votes": 0, "Parties": [], "Percent": []}, "1906-1": {"Total Votes": 15243.0, "Parties": ["conservatives", "liberals"], "Percent": [0.5419536836580725, 0.45804631634192744]},