{"1885-11": {"Total Votes": 0, "Parties": [], "Percent": []}, "1892-7": {"Total Votes": 0, "Parties": [], "Percent": []}, "1979-5": {"Total Votes": 84669.0, "Parties": ["independent republicans", "ulster unionist party", "social democratic and labour party", "united ulster unionist council", "alliance party"], "Percent": [0.5290720334478971, 0.20563606514781088, 0.12737837933600255, 0.12527607506879732, 0.01263744699949214]}, "2010-5": {"Total Votes": 46803.0, "Parties": ["independent", "sinn f\u00e9in", "social democratic and labour party", "alliance party of northern ireland"], "Percent": [0.4591158686408991, 0.4551844967202957, 0.07636262632737217, 0.009337008311433028]}, "2001-6": {"Total Votes": 51974.0, "Parties": ["sinn f\u00e9in", "ulster unionist party", "social democratic and labour party", "independent"], "Percent": [0.3413052680186247, 0.34028552737907414, 0.18674721976372802, 0.13166198483857314]}, "1874-1": {"Total Votes": 58094.0, "Parties": ["conservatives", "liberals", "home rule party"], "Percent": [0.8722931800185906, 0.09147244121596033, 0.0362343787654491]}, "1922-11": {"Total Votes": 334564.0, "Parties": ["nationalists", "unionists"], "Percent": [0.5383304838536125, 0.4616695161463875]}, "1886-7": {"Total Votes": 0, "Parties": [], "Percent": []}, "1865-7": {"Total Votes": 14338.0, "Parties": ["conservatives", "liberals"], "Percent": [0.6652252754917004, 0.33477472450829965]}, "1847-7": {"Total Votes": 0, "Parties": [], "Percent": []}, "1951-10": {"Total Votes": 62799.0, "Parties": ["Nationalists", "Unionists"], "Percent": [0.5209796334336534, 0.4790203665663466]}, "1950-2": {"Total Votes": 62065.0, "Parties": ["Nationalists", "Unionists"], "Percent": [0.5186175783452832, 0.48138242165471684]}, "1966-3": {"Total Votes": 54367.0, "Parties": ["Unionists", "Unity", "Independent Republicans"], "Percent": [0.5398863281034451, 0.26937296521787113, 0.19074070667868376]}, "1910-12": {"Total Votes": 0, "Parties": [], "Percent": []}, "1837-7": {"Total Votes": 0, "Parties": [], "Percent": []}, "1935-11": {"Total Votes": 388238.0, "Parties": ["nationalists", "unionists"], "Percent": [0.5228442347220004, 0.4771557652779996]}, "2005-5": {"Total Votes": 48793.0, "Parties": ["sinn f\u00e9in", "democratic unionist party", "ulster unionist party", "social democratic and labour party"], "Percent": [0.3819810218678909, 0.2880741089910438, 0.18176787653966758, 0.14817699260139774]}, "1832-12": {"Total Votes": 5542.0, "Parties": ["liberals", "conservatives"], "Percent": [0.7376398412125587, 0.26236015878744134]}, "1955-5": {"Total Votes": 60797.0, "Parties": ["Sinn F\u00e9in", "Unionists"], "Percent": [0.5021464874911591, 0.4978535125088409]}, "1835-12": {"Total Votes": 12161.0, "Parties": ["conservatives", "liberals"], "Percent": [0.8024011183290848, 0.19759888167091522]}, "1974-2": {"Total Votes": 61654.0, "Parties": ["unionists", "unity", "social democratic and labour party", "unionists pro-assembly"], "Percent": [0.43562461478573977, 0.2632270412300905, 0.24994323158270348, 0.051205112401466246]}, "1964-10": {"Total Votes": 54493.0, "Parties": ["Unionists", "Independent Republicans", "Liberals", "Northern Ireland Labour Party"], "Percent": [0.5507129356064082, 0.2961481291175013, 0.11021599104472134, 0.042922944231369164]}, "1852-7": {"Total Votes": 23071.0, "Parties": ["conservatives", "liberals"], "Percent": [0.8963633999393178, 0.10363660006068223]}, "1924-10": {"Total Votes": 205848.0, "Parties": ["unionists", "sinn f\u00e9in"], "Percent": [0.8688644048035443, 0.13113559519645565]}, "1868-11": {"Total Votes": 12790.0, "Parties": ["conservatives", "liberals"], "Percent": [0.924941360437842, 0.07505863956215794]}, "1910-1": {"Total Votes": 0, "Parties": [], "Percent": []}, "1859-4": {"Total Votes": 0, "Parties": [], "Percent": []}, "1895-7": {"Total Votes": 0, "Parties": [], "Percent": []}, "1970-6": {"Total Votes": 64203.0, "Parties": ["Unity", "Unionists"], "Percent": [0.5110820366649533, 0.48891796333504667]}, "1997-5": {"Total Votes": 48290.0, "Parties": ["ulster unionist party", "sinn f\u00e9in", "social democratic and labour party", "alliance party of northern ireland", "natural law party"], "Percent": [0.5148477945744461, 0.23139366328432387, 0.22903292607165043, 0.02023193207703458, 0.00449368399254504]}, "1931-10": {"Total Votes": 382138.0, "Parties": ["nationalists", "unionists"], "Percent": [0.5288508339919087, 0.4711491660080913]}, "1983-6": {"Total Votes": 60156.0, "Parties": ["ulster unionist party", "sinn f\u00e9in", "social democratic and labour party", "workers' party"], "Percent": [0.47592925061506747, 0.34832768136179265, 0.16495445175876056, 0.01078861626437928]}, "1929-5": {"Total Votes": 0, "Parties": [], "Percent": []}, "1880-3": {"Total Votes": 48946.0, "Parties": ["conservatives", "liberals"], "Percent": [0.671638131818739, 0.328361868181261]}, "1923-12": {"Total Votes": 326172.0, "Parties": ["nationalists", "unionists"], "Percent": [0.5375752670370234, 0.4624247329629766]}, "1992-4": {"Total Votes": 55128.0, "Parties": ["ulster unionist party", "social democratic and labour party", "sinn f\u00e9in", "progressive socialists", "alliance party", "new agenda"], "Percent": [0.488372514874474, 0.2323683064867218, 0.22863154839645916, 0.01984472500362792, 0.017232622260920042, 0.013550282977797127]}, "1987-6": {"Total Votes": 55375.0, "Parties": ["ulster unionist party", "sinn f\u00e9in", "social democratic and labour party", "workers' party", "alliance party"], "Percent": [0.4956388261851016, 0.2640722347629797, 0.19107900677200904, 0.03221670428893905, 0.016993227990970656]}, "1857-3": {"Total Votes": 0, "Parties": [], "Percent": []}, "1918-12": {"Total Votes": 0, "Parties": [], "Percent": []}, "1841-6": {"Total Votes": 0, "Parties": [], "Percent": []}, "1906-1": {"Total Votes": 0, "Parties": [], "Percent": []}, "1959-10": {"Total Votes": 39428.0, "Parties": ["Unionists", "Sinn F\u00e9in"], "Percent": [0.8136349802171046, 0.1863650197828954]}, "1974-10": {"Total Votes": 63265.0, "Parties": ["unity", "ulster unionist party", "communist party of ireland (marxist-leninist)"], "Percent": [0.5183750889117206, 0.4787007033905003, 0.002924207697779183]}, "1945-7": {"Total Votes": 323070.0, "Parties": ["nationalists", "unionists"], "Percent": [0.684167517875383, 0.31583248212461695]}, "1900-10": {"Total Votes": 0, "Parties": [], "Percent": []}}