{"1885-11": {"Total Votes": 0, "Parties": [], "Percent": []}, "1892-7": {"Total Votes": 0, "Parties": [], "Percent": []}, "1979-5": {"Total Votes": 0, "Parties": [], "Percent": []}, "2010-5": {"Total Votes": 75095.0, "Parties": ["conservative party", "labour party", "liberal democrat", "plaid cymru", "united kingdom independence party", "british national party", "christian party", "independent"], "Percent": [0.38143684666089617, 0.3262134629469339, 0.15377854717358014, 0.10264331846327984, 0.020227711565350557, 0.011239097143618084, 0.003182635328583794, 0.0012783807177575073]}, "2001-6": {"Total Votes": 101727.0, "Parties": ["labour party", "conservative party", "liberal democrat", "plaid cymru", "scottish national party", "scottish socialist party", "united kingdom independence party"], "Percent": [0.47676624691576475, 0.24619815781454285, 0.1294838145231846, 0.06601000717606928, 0.0641422631159869, 0.012720320072350506, 0.0046791903821011135]}, "1874-1": {"Total Votes": 0, "Parties": [], "Percent": []}, "1922-11": {"Total Votes": 0, "Parties": [], "Percent": []}, "1886-7": {"Total Votes": 0, "Parties": [], "Percent": []}, "1865-7": {"Total Votes": 0, "Parties": [], "Percent": []}, "1847-7": {"Total Votes": 0, "Parties": [], "Percent": []}, "1951-10": {"Total Votes": 0, "Parties": [], "Percent": []}, "1950-2": {"Total Votes": 0, "Parties": [], "Percent": []}, "1966-3": {"Total Votes": 0, "Parties": [], "Percent": []}, "1910-12": {"Total Votes": 0, "Parties": [], "Percent": []}, "1837-7": {"Total Votes": 0, "Parties": [], "Percent": []}, "1935-11": {"Total Votes": 0, "Parties": [], "Percent": []}, "2005-5": {"Total Votes": 69618.0, "Parties": ["labour party", "conservative party", "liberal democrat", "plaid cymru", "united kingdom independence party", "independent", "socialist labour party"], "Percent": [0.4067338906604614, 0.31320922749863545, 0.15530466258726192, 0.09190151972191099, 0.015010485793903875, 0.013344250050274354, 0.0044959636875520695]}, "1832-12": {"Total Votes": 0, "Parties": [], "Percent": []}, "1955-5": {"Total Votes": 0, "Parties": [], "Percent": []}, "1835-12": {"Total Votes": 0, "Parties": [], "Percent": []}, "1974-2": {"Total Votes": 0, "Parties": [], "Percent": []}, "1964-10": {"Total Votes": 0, "Parties": [], "Percent": []}, "1852-7": {"Total Votes": 0, "Parties": [], "Percent": []}, "1924-10": {"Total Votes": 0, "Parties": [], "Percent": []}, "1868-11": {"Total Votes": 0, "Parties": [], "Percent": []}, "1910-1": {"Total Votes": 0, "Parties": [], "Percent": []}, "1859-4": {"Total Votes": 0, "Parties": [], "Percent": []}, "1895-7": {"Total Votes": 0, "Parties": [], "Percent": []}, "1970-6": {"Total Votes": 0, "Parties": [], "Percent": []}, "1997-5": {"Total Votes": 120085.0, "Parties": ["labour party", "conservative party", "liberal democrat", "scottish national party", "plaid cymru", "referendum", "conservatory"], "Percent": [0.4979889245118042, 0.2378481908648041, 0.11156264312778448, 0.06880959320481325, 0.058117167006703586, 0.020818586834325685, 0.00485489444976475]}, "1931-10": {"Total Votes": 0, "Parties": [], "Percent": []}, "1983-6": {"Total Votes": 48643.0, "Parties": ["conservatives", "labour party", "liberals", "plaid cymru"], "Percent": [0.41613387332195795, 0.2939374627387291, 0.25789938942910595, 0.03202927451020702]}, "1929-5": {"Total Votes": 0, "Parties": [], "Percent": []}, "1880-3": {"Total Votes": 0, "Parties": [], "Percent": []}, "1923-12": {"Total Votes": 0, "Parties": [], "Percent": []}, "1992-4": {"Total Votes": 55541.0, "Parties": ["labour party", "conservatives", "liberal democrat party", "plaid cymru"], "Percent": [0.449739831835941, 0.4130282133919087, 0.11177328460056535, 0.025458670171584954]}, "1987-6": {"Total Votes": 52484.0, "Parties": ["conservatives", "labour party", "liberals", "plaid cymru"], "Percent": [0.41399283591189695, 0.39067144272540205, 0.1698231842085207, 0.025512537154180323]}, "1857-3": {"Total Votes": 0, "Parties": [], "Percent": []}, "1918-12": {"Total Votes": 0, "Parties": [], "Percent": []}, "1841-6": {"Total Votes": 0, "Parties": [], "Percent": []}, "1906-1": {"Total Votes": 0, "Parties": [], "Percent": []}, "1959-10": {"Total Votes": 0, "Parties": [], "Percent": []}, "1974-10": {"Total Votes": 0, "Parties": [], "Percent": []}, "1945-7": {"Total Votes": 0, "Parties": [], "Percent": []}, "1900-10": {"Total Votes": 0, "Parties": [], "Percent": []}}