{"1885-11": {"Total Votes": 53221.0, "Parties": ["liberals", "conservatives", "scottish land restoration league", "independent liberals"], "Percent": [0.5347513199676819, 0.43860506191165144, 0.019992108378271735, 0.006651509742394919]}, "1892-7": {"Total Votes": 56520.0, "Parties": ["liberals", "conservatives", "liberal unionists", "scottish parliamentary labour party", "independent liberals", "scottish united trades councils labour party"], "Percent": [0.5008138711960368, 0.2517692852087757, 0.20721868365180468, 0.029883227176220807, 0.006334041047416843, 0.003980891719745223]}, "1979-5": {"Total Votes": 381144.0, "Parties": ["labour party", "conservatives", "scottish national party", "liberals", "independent labour", "communist party of great britain", "workers revolutionary party", "national front", "socialist unity", "independent democrats"], "Percent": [0.5742212916902798, 0.255806204479147, 0.11306487836618183, 0.04743876330205906, 0.004559956341959994, 0.0034134080557479585, 0.0007661146443339001, 0.0002728627500367315, 0.0002413785865709548, 0.00021514178368280755]}, "2010-5": {"Total Votes": 229223.0, "Parties": ["labour party", "scottish national party", "liberal democrat", "conservative party", "british national party", "green party", "trade unionist and socialist coalition", "scottish socialist party", "united kingdom independence party", "communist party of britain", "socialist labour party", "pirate party uk"], "Percent": [0.5619767649843166, 0.17320251458187008, 0.1369975962272547, 0.07626634325525798, 0.019910741941253713, 0.01566160463827801, 0.0076606623244613314, 0.004318938326433211, 0.0019849666045728396, 0.0007808989499308534, 0.0006805599787106879, 0.0005584081876600516]}, "2001-6": {"Total Votes": 250745.0, "Parties": ["labour party", "scottish national party", "liberal democrat", "conservative party", "scottish socialist party", "scottish unionist party", "green party", "socialist labour party", "independent", "communist party of britain"], "Percent": [0.572880815170791, 0.17172824981554968, 0.09630501106702027, 0.07740932022572733, 0.06792956988175237, 0.005140680771301522, 0.005128716425053341, 0.0016789965901613192, 0.001104707970248659, 0.0006939320823944645]}, "1874-1": {"Total Votes": 295449.0, "Parties": ["liberals", "conservatives"], "Percent": [0.8194815348841932, 0.1805184651158068]}, "1922-11": {"Total Votes": 387448.0, "Parties": ["labour party", "conservatives", "national liberals", "liberals", "communist party of great britain"], "Percent": [0.43008868286841073, 0.3039711135429787, 0.15065763663769072, 0.1036758481138114, 0.011606718837108464]}, "1886-7": {"Total Votes": 50523.0, "Parties": ["liberals", "liberal unionists", "conservatives"], "Percent": [0.4943689012924807, 0.3206262494309522, 0.18500484927656713]}, "1865-7": {"Total Votes": 62148.0, "Parties": ["liberals"], "Percent": [1.0]}, "1847-7": {"Total Votes": 31332.0, "Parties": ["liberals"], "Percent": [1.0]}, "1951-10": {"Total Votes": 584388.0, "Parties": ["Labour Party", "Conservatives", "Independent Labour Party", "Communist Party of Great Britain", "Independents"], "Percent": [0.5234912421199613, 0.4657094259293483, 0.005118174911189141, 0.004368672868026038, 0.0013124841714751158]}, "1950-2": {"Total Votes": 574972.0, "Parties": ["Labour Party", "Conservatives", "Liberals", "Communist Party of Great Britain", "Independent Labour Party", "Nationalist Irish Anti-Partition of Ireland League of Great", "Independents"], "Percent": [0.49794946536526985, 0.4440007513409348, 0.031164995860668, 0.01629644573996647, 0.0052263414566274535, 0.00340712243378808, 0.0019548778027451775]}, "1966-3": {"Total Votes": 452367.0, "Parties": ["Labour Party", "Conservatives", "Scottish National Party", "Communist Party of Great Britain", "Independents", "Socialist Party of Great Britain"], "Percent": [0.6024687919322143, 0.35002111117742896, 0.03245594837819735, 0.013643789224236072, 0.0011406667595116355, 0.00026969252841166575]}, "1910-12": {"Total Votes": 66747.0, "Parties": ["liberals", "conservatives", "liberal unionists", "labour party", "independents"], "Percent": [0.5170569463796126, 0.24923966620222632, 0.2095974350907157, 0.02305721605465414, 0.0010487362727912865]}, "1837-7": {"Total Votes": 19448.0, "Parties": ["liberals", "conservatives"], "Percent": [0.5666392431098314, 0.4333607568901687]}, "1935-11": {"Total Votes": 462396.0, "Parties": ["conservatives", "labour party", "independent labour party", "liberals"], "Percent": [0.4603456777307763, 0.3593240425955242, 0.17815898061401916, 0.002171299059680447]}, "2005-5": {"Total Votes": 218784.0, "Parties": ["labour party", "liberal democrat", "scottish national party", "conservative party", "scottish socialist party", "green party", "socialist labour party", "british national party", "scottish unionist party", "independent", "independent green voice", "operation christian vote", "communist party of britain"], "Percent": [0.5119250036565745, 0.15487421383647798, 0.1478261664472722, 0.07412333625859295, 0.04000292525961678, 0.029855930963873047, 0.022757605675003657, 0.007272012578616352, 0.005786529179464678, 0.0028429866900687435, 0.0017323021793184145, 0.0006353298230217932, 0.00036565745209887377]}, "1832-12": {"Total Votes": 74430.0, "Parties": ["liberals"], "Percent": [0.9999999999999999]}, "1955-5": {"Total Votes": 509865.0, "Parties": ["Labour Party", "Conservatives", "Communist Party of Great Britain", "Independent Labour Party"], "Percent": [0.5055730438449394, 0.4813999784256618, 0.007890323909270101, 0.005136653820128858]}, "1835-12": {"Total Votes": 16495.0, "Parties": ["liberals", "conservatives"], "Percent": [0.8607456805092453, 0.13925431949075479]}, "1974-2": {"Total Votes": 424996.0, "Parties": ["labour party", "conservatives", "scottish national party", "liberals", "communist party of great britain", "international marxist group"], "Percent": [0.4912634471853852, 0.2882097713860836, 0.19443712411410932, 0.019734303381678885, 0.0061435872337621995, 0.0002117666989806963]}, "1964-10": {"Total Votes": 483736.0, "Parties": ["Labour Party", "Conservatives", "Liberals", "Scottish National Party", "Communist Party of Great Britain", "Independents", "Socialist Party of Great Britain"], "Percent": [0.5873306927745712, 0.3794590437759439, 0.014704301519837266, 0.008198686887062365, 0.007580581143433608, 0.0025447764896555144, 0.00018191740949608878]}, "1852-7": {"Total Votes": 21790.0, "Parties": ["liberals", "conservatives"], "Percent": [0.922854520422212, 0.07714547957778797]}, "1924-10": {"Total Votes": 406311.0, "Parties": ["labour party", "conservatives", "liberals"], "Percent": [0.4858495093659783, 0.45923688996852163, 0.05491360066550007]}, "1868-11": {"Total Votes": 173276.0, "Parties": ["liberals", "conservatives"], "Percent": [0.9375562686119255, 0.06244373138807452]}, "1910-1": {"Total Votes": 70685.0, "Parties": ["liberals", "conservatives", "liberal unionists", "independent liberals", "labour party"], "Percent": [0.4727169838013723, 0.22741741529320225, 0.1813821885831506, 0.08392162410695339, 0.0345617882153215]}, "1859-4": {"Total Votes": 0, "Parties": [], "Percent": []}, "1895-7": {"Total Votes": 47351.0, "Parties": ["liberals", "conservatives", "liberal unionists", "independent labour party"], "Percent": [0.43160651306202613, 0.38573630968722944, 0.13877214842347574, 0.04388502882726869]}, "1970-6": {"Total Votes": 428371.0, "Parties": ["Labour Party", "Conservatives", "Scottish National Party", "Communist Party of Great Britain", "Independents", "Independent Conservatives", "Independent Labour"], "Percent": [0.5494046048868855, 0.35479292482450964, 0.08463224634720837, 0.006004141270067301, 0.002754621578024656, 0.0014333369905992703, 0.0009781241027053652]}, "1997-5": {"Total Votes": 320452.0,