{"1885-11": {"Total Votes": 20681.0, "Parties": ["conservatives", "liberals", "scottish land restoration league"], "Percent": [0.5332914269135922, 0.4635655916058218, 0.0031429814805860453]}, "1892-7": {"Total Votes": 23998.0, "Parties": ["conservatives", "liberals", "liberal/labour alliance", "liberal unionists"], "Percent": [0.4247020585048754, 0.2818568214017835, 0.1708475706308859, 0.12259354946245521]}, "1979-5": {"Total Votes": 36389.0, "Parties": ["labour party", "conservatives", "liberals", "national front", "fellowship party"], "Percent": [0.5214487894693451, 0.3334249361070653, 0.10635082030283877, 0.02613427134573635, 0.012641182775014427]}, "2010-5": {"Total Votes": 125628.0, "Parties": ["labour party", "conservative party", "liberal democrat", "british national party", "united kingdom independence party", "green party", "english democrats", "independent", "christian party", "christian peoples alliance", "trade unionist and socialist coalition"], "Percent": [0.45169866590250585, 0.31224726971694206, 0.14258763969815647, 0.04043684528926672, 0.01711401916770147, 0.014288216002801923, 0.008127169102429395, 0.004831725411532461, 0.0035262839494380233, 0.003016843378864584, 0.002125322380361066]}, "2001-6": {"Total Votes": 99679.0, "Parties": ["labour party", "conservative party", "liberal democrat", "socialist labour party", "united kingdom independence party", "socialist alliance", "independent"], "Percent": [0.5749957363135666, 0.2580182385457318, 0.13044874045686655, 0.015369335567170617, 0.013824376247755295, 0.004825489822329678, 0.00251808304657952]}, "1874-1": {"Total Votes": 45954.0, "Parties": ["conservatives", "liberals"], "Percent": [0.5115550332941637, 0.48844496670583626]}, "1922-11": {"Total Votes": 56494.0, "Parties": ["conservatives", "labour party", "liberals", "communist party of great britain"], "Percent": [0.448507806138705, 0.1922328034835558, 0.18621446525294721, 0.17304492512479203]}, "1886-7": {"Total Votes": 18362.0, "Parties": ["conservatives", "liberals", "liberal unionists"], "Percent": [0.4295283738154885, 0.4122644592092365, 0.15820716697527504]}, "1865-7": {"Total Votes": 30028.0, "Parties": ["liberals", "conservatives"], "Percent": [0.8372185959770881, 0.16278140402291194]}, "1847-7": {"Total Votes": 17010.0, "Parties": ["liberals"], "Percent": [1.0]}, "1951-10": {"Total Votes": 91291.0, "Parties": ["Labour Party", "Conservatives"], "Percent": [0.5890832612196164, 0.4109167387803836]}, "1950-2": {"Total Votes": 91373.0, "Parties": ["Labour Party", "Conservatives", "Liberals", "Independents", "Communist Party of Great Britain", "Nationalist Irish Anti-Partition of Ireland League of Great"], "Percent": [0.5464086765236995, 0.1997854946209493, 0.1618311755113655, 0.07067733356680858, 0.013439418646646165, 0.0078579011305309]}, "1966-3": {"Total Votes": 112338.0, "Parties": ["Labour Party", "Conservatives", "Liberals", "Communist Party of Great Britain"], "Percent": [0.5851626341932383, 0.2934625861240186, 0.11512578112481975, 0.00624899855792341]}, "1910-12": {"Total Votes": 33362.0, "Parties": ["conservatives", "liberals", "labour party"], "Percent": [0.49835141778070857, 0.25430130088124214, 0.24734728133804929]}, "1837-7": {"Total Votes": 6675.0, "Parties": ["liberals", "conservatives"], "Percent": [0.7647940074906368, 0.2352059925093633]}, "1935-11": {"Total Votes": 81492.0, "Parties": ["labour party", "conservatives", "national liberals", "scottish national party"], "Percent": [0.4587076032003141, 0.2764197712658911, 0.2490919354047023, 0.015780690129092428]}, "2005-5": {"Total Votes": 108571.0, "Parties": ["labour party", "conservative party", "liberal democrat", "united kingdom independence party", "british national party", "green party", "english democrats", "independent"], "Percent": [0.49176115168875667, 0.26001418426651685, 0.16706118576783854, 0.02956590618120861, 0.023938252387838373, 0.014543478461099189, 0.011200044210700831, 0.0019157970360409319]}, "1832-12": {"Total Votes": 18002.0, "Parties": ["liberals"], "Percent": [1.0]}, "1955-5": {"Total Votes": 122322.0, "Parties": ["Labour Party", "Conservatives"], "Percent": [0.5503670639786793, 0.44963293602132076]}, "1835-12": {"Total Votes": 6919.0, "Parties": ["liberals", "conservatives"], "Percent": [0.8463650816591993, 0.1536349183408007]}, "1974-2": {"Total Votes": 39313.0, "Parties": ["labour party", "conservatives", "liberals"], "Percent": [0.5129092157810393, 0.28728410449469644, 0.19980667972426425]}, "1964-10": {"Total Votes": 118025.0, "Parties": ["Labour Party", "Conservatives", "Liberals", "Independents"], "Percent": [0.5352594789239569, 0.28800677822495235, 0.17285320906587587, 0.003880533785214997]}, "1852-7": {"Total Votes": 19603.0, "Parties": ["liberals", "conservatives"], "Percent": [0.8638473703004641, 0.1361526296995358]}, "1924-10": {"Total Votes": 62098.0, "Parties": ["labour party", "conservatives", "liberals", "communist party of great britain"], "Percent": [0.3749396115816935, 0.2974814003671616, 0.2053528293986924, 0.12222615865245258]}, "1868-11": {"Total Votes": 54400.0, "Parties": ["liberals", "conservatives"], "Percent": [0.6663235294117648, 0.3336764705882353]}, "1910-1": {"Total Votes": 35367.0, "Parties": ["conservatives", "liberals", "labour party", "liberal unionists"], "Percent": [0.42409590861537594, 0.2634093929369186, 0.23807504170554472, 0.07441965674216078]}, "1859-4": {"Total Votes": 28364.0, "Parties": ["liberals", "conservatives"], "Percent": [0.9636511070370892, 0.03634889296291073]}, "1895-7": {"Total Votes": 25209.0, "Parties": ["conservatives", "liberal/labour alliance", "liberal unionists", "liberals"], "Percent": [0.4547582212701813, 0.2622079416081558, 0.14165575786425483, 0.14137807925740806]}, "1970-6": {"Total Votes": 113416.0, "Parties": ["Labour Party", "Conservatives", "Liberals", "Communist Party of Great Britain"], "Percent": [0.5440061367002892, 0.257485716301051, 0.19357938915144246, 0.004928757847217324]}, "1997-5": {"Total Votes": 125418.0, "Parties": ["labour party", "conservative party", "liberal democrat", "referendum", "british national party", "liberal party", "fellowship party for peace and justice", "united kingdom independence party", "constitutionalist"], "Percent": [0.5992122342885391, 0.23455963258862367, 0.10964135929451913, 0.03570460380487649, 0.009639764627087022, 0.00465642890175254, 0.003412588304709053, 0.002184694381986637, 0.000988693807906361]}, "1931-10": {"Total Votes": 80327.0, "Parties": ["conservatives", "labour party", "national liberals", "communist party of great britain"], "Percent": [0.36448516688037647, 0.30589963524095265, 0.22424589490457755, 0.10536930297409339]}, "1983-6": {"Total Votes": 113977.0, "Parties": ["conservatives", "labour party", "social democratic party", "liberals", "british national party", "fellowship party", "communist party of great britain"], "Percent": [0.3623187134246383, 0.33397966256349965, 0.21298156645639033, 0.0792265106117901, 0.008063030260491152, 0.002123235389596147, 0.0013072812935943216]}, "1929-5": {"Total Votes": 78317.0, "Parties": ["labour party", "conservatives", "liberals", "communist party of great britain"], "Percent": [0.38337781069244226, 0.29657673302092774, 0.23060127430826005, 0.08944418197836995]}, "1880-3": {"Total Votes": 75065.0, "Parties": ["conservatives", "liberals"], "Percent": [0.5212549124092454, 0.4787450875907547]}, "1923-12": {"Total Votes": 55538.0, "Parties": ["liberals", "labour party", "conservatives", "communist party of great britain"], "Percent": [0.3986999891965861, 0.22172206417227844, 0.1934891425690518, 0.1860888040620836]}, "1992-4": {"Total Votes": 116558.0, "Parties": ["labour party", "conservatives", "social democrats", "liberal democrat party", "ecology party", "independent conservatives", "natural law party", "independents", "fellowship party"],