{"1885-11": {"Total Votes": 17565.0, "Parties": ["conservatives", "liberals"], "Percent": [0.5388556789069172, 0.4611443210930828]}, "1892-7": {"Total Votes": 17038.0, "Parties": ["conservatives", "liberals"], "Percent": [0.5801737293109519, 0.419826270689048]}, "1979-5": {"Total Votes": 48204.0, "Parties": ["conservatives", "liberals", "labour party"], "Percent": [0.47738776864990456, 0.3742842917600199, 0.1483279395900755]}, "2010-5": {"Total Votes": 95949.0, "Parties": ["conservative party", "liberal democrat", "labour party", "united kingdom independence party", "green party", "british national party", "independent"], "Percent": [0.4898122961156448, 0.36091048369446266, 0.07169433761685895, 0.04522194082272874, 0.01597723790763843, 0.010276292613784406, 0.006107411228882011]}, "2001-6": {"Total Votes": 44624.0, "Parties": ["liberal democrat", "conservative party", "labour party", "united kingdom independence party", "green party"], "Percent": [0.40883829329508786, 0.3871459304410183, 0.15101738974542847, 0.026532807457870206, 0.026465579060595195]}, "1874-1": {"Total Votes": 7408.0, "Parties": ["conservatives", "liberals"], "Percent": [0.5078293736501079, 0.492170626349892]}, "1922-11": {"Total Votes": 37908.0, "Parties": ["conservatives", "liberals", "labour party"], "Percent": [0.6361717843199324, 0.2558299039780521, 0.1079983117020154]}, "1886-7": {"Total Votes": 9218.0, "Parties": ["conservatives", "liberals"], "Percent": [0.6170535908006075, 0.3829464091993925]}, "1865-7": {"Total Votes": 2474.0, "Parties": ["liberals", "conservatives"], "Percent": [0.793856103476152, 0.206143896523848]}, "1847-7": {"Total Votes": 0, "Parties": [], "Percent": []}, "1951-10": {"Total Votes": 104292.0, "Parties": ["Conservatives", "Labour Party"], "Percent": [0.6326180339815134, 0.3673819660184866]}, "1950-2": {"Total Votes": 108728.0, "Parties": ["Conservatives", "Labour Party", "Liberals"], "Percent": [0.537993893017438, 0.3094878964020307, 0.15251821058053122]}, "1966-3": {"Total Votes": 112903.0, "Parties": ["Conservatives", "Labour Party", "Liberals"], "Percent": [0.47869410024534337, 0.33310009477161817, 0.18820580498303852]}, "1910-12": {"Total Votes": 20836.0, "Parties": ["conservatives", "liberals"], "Percent": [0.5775100787099251, 0.4224899212900749]}, "1837-7": {"Total Votes": 29578.0, "Parties": ["conservatives", "liberals"], "Percent": [0.8922848062749341, 0.10771519372506592]}, "1935-11": {"Total Votes": 56129.0, "Parties": ["conservatives", "liberals", "labour party"], "Percent": [0.5774911364891588, 0.37980366655383135, 0.04270519695700974]}, "2005-5": {"Total Votes": 46894.0, "Parties": ["liberal democrat", "conservative party", "labour party", "green party", "united kingdom independence party", "independent"], "Percent": [0.4325713310871327, 0.4120569795709472, 0.10235851068366955, 0.022433573591504243, 0.021964430417537425, 0.008615174649208855]}, "1832-12": {"Total Votes": 12361.0, "Parties": ["liberals", "conservatives"], "Percent": [0.783755359598738, 0.216244640401262]}, "1955-5": {"Total Votes": 101631.0, "Parties": ["Conservatives", "Labour Party", "Liberals"], "Percent": [0.6024441361395637, 0.3173244384095404, 0.08023142545089589]}, "1835-12": {"Total Votes": 23080.0, "Parties": ["liberals", "conservatives"], "Percent": [0.5685441941074524, 0.4314558058925477]}, "1974-2": {"Total Votes": 45213.0, "Parties": ["conservatives", "liberals", "labour party"], "Percent": [0.4130670382412138, 0.3370269612722005, 0.2499060004865857]}, "1964-10": {"Total Votes": 113107.0, "Parties": ["Conservatives", "Labour Party", "Liberals"], "Percent": [0.4827641083222082, 0.28200730281945413, 0.23522858885833767]}, "1852-7": {"Total Votes": 59128.0, "Parties": ["conservatives", "liberals"], "Percent": [0.9212555811121632, 0.07874441888783655]}, "1924-10": {"Total Votes": 41181.0, "Parties": ["conservatives", "liberals"], "Percent": [0.6235885481168499, 0.37641145188314995]}, "1868-11": {"Total Votes": 29536.0, "Parties": ["conservatives", "liberals"], "Percent": [0.5787513542795233, 0.4212486457204767]}, "1910-1": {"Total Votes": 22304.0, "Parties": ["conservatives", "liberals"], "Percent": [0.5785060975609756, 0.4214939024390244]}, "1859-4": {"Total Votes": 0, "Parties": [], "Percent": []}, "1895-7": {"Total Votes": 3025.0, "Parties": ["conservatives", "liberals"], "Percent": [0.5517355371900826, 0.44826446280991733]}, "1970-6": {"Total Votes": 119004.0, "Parties": ["Conservatives", "Labour Party", "Liberals"], "Percent": [0.545469059863534, 0.31036771873214347, 0.14416322140432253]}, "1997-5": {"Total Votes": 52553.0, "Parties": ["liberal democrat", "conservative party", "labour party", "referendum"], "Percent": [0.47947786044564533, 0.35297699465301696, 0.12551138850303503, 0.04203375639830267]}, "1931-10": {"Total Votes": 58602.0, "Parties": ["conservatives", "liberals"], "Percent": [0.6200129688406539, 0.37998703115934607]}, "1983-6": {"Total Votes": 48544.0, "Parties": ["conservatives", "liberals", "labour party", "ecology party"], "Percent": [0.48067732366512855, 0.43377142386288725, 0.07601351351351351, 0.009537738958470666]}, "1929-5": {"Total Votes": 54423.0, "Parties": ["conservatives", "liberals", "labour party"], "Percent": [0.4836925564559102, 0.4813773588372563, 0.03493008470683351]}, "1880-3": {"Total Votes": 32130.0, "Parties": ["liberals", "conservatives"], "Percent": [0.5179582944288826, 0.4820417055711173]}, "1923-12": {"Total Votes": 40905.0, "Parties": ["conservatives", "liberals", "labour party"], "Percent": [0.5630118567412297, 0.4130057450189463, 0.023982398239823982]}, "1992-4": {"Total Votes": 56642.0, "Parties": ["conservatives", "liberal democrat party", "labour party", "ecology party"], "Percent": [0.4718583383355108, 0.4116026976448572, 0.10601673669715052, 0.01052222732248155]}, "1987-6": {"Total Votes": 52348.0, "Parties": ["conservatives", "liberals", "labour party"], "Percent": [0.4749942691220295, 0.44800183388095055, 0.07700389699701994]}, "1857-3": {"Total Votes": 27556.0, "Parties": ["conservatives", "liberals"], "Percent": [0.8783568006967629, 0.12164319930323704]}, "1918-12": {"Total Votes": 31879.0, "Parties": ["conservatives (coalition)", "liberals", "labour party", "agriculturalists"], "Percent": [0.6269958279745287, 0.16597132908811443, 0.1170049248721729, 0.09002791806518398]}, "1841-6": {"Total Votes": 15444.0, "Parties": ["conservatives", "liberals"], "Percent": [0.7236467236467237, 0.2763532763532764]}, "1906-1": {"Total Votes": 19620.0, "Parties": ["conservatives", "liberals"], "Percent": [0.5035168195718654, 0.49648318042813455]}, "1959-10": {"Total Votes": 106519.0, "Parties": ["Conservatives", "Labour Party", "Liberals"], "Percent": [0.5728555468977365, 0.2667035927862635, 0.16044086031599997]}, "1974-10": {"Total Votes": 43828.0, "Parties": ["conservatives", "liberals", "labour party"], "Percent": [0.3892488819932463, 0.3638769736241672, 0.24687414438258648]}, "1945-7": {"Total Votes": 61479.0, "Parties": ["conservatives", "liberals", "labour party"], "Percent": [0.5150213894175246, 0.34901348427918477, 0.13596512630329055]}, "1900-10": {"Total Votes": 0, "Parties": [], "Percent": []}}