{"1885-11": {"Total Votes": 44787.0, "Parties": ["conservatives", "liberals", "nationalists"], "Percent": [0.48205952620179965, 0.39893272601424523, 0.11900774778395516]}, "1892-7": {"Total Votes": 36271.0, "Parties": ["liberals", "conservatives", "parnell nationalists", "independent conservatives", "liberal unionists", "anti-parnell nationalists"], "Percent": [0.36445093876650764, 0.3444900885004549, 0.1018444487331477, 0.08712194315017507, 0.07148961980645695, 0.030602961043257697]}, "1979-5": {"Total Votes": 561654.0, "Parties": ["conservatives", "labour party", "liberals", "national front", "ecology party"], "Percent": [0.5108892663454725, 0.3443668165810268, 0.1320457078557261, 0.01107621418168481, 0.0016219950360898347]}, "2010-5": {"Total Votes": 561324.0, "Parties": ["conservative party", "liberal democrat", "labour party", "united kingdom independence party", "british national party", "green party", "independent", "english democrats", "no candidate deserves my vote", "your right to democracy party limited", "citizens for undead rights and equality"], "Percent": [0.5036253571912123, 0.24013404023344806, 0.18969080245989836, 0.03319651395628906, 0.017804334038808246, 0.008417598392372319, 0.0041330853482124405, 0.0017529982683797594, 0.0005825512538213224, 0.0004703166085896915, 0.00019240224896851016]}, "2001-6": {"Total Votes": 534949.0, "Parties": ["conservative party", "labour party", "liberal democrat", "united kingdom independence party", "mebyon kernow", "green party", "socialist alliance", "british national party", "independent", "prolife alliance", "socialist labour party"], "Percent": [0.4090109524459341, 0.36488898941768283, 0.19851425089120645, 0.01707826353540244, 0.0021254362565403433, 0.0016824033692931476, 0.0016244539199063838, 0.0015851978412895434, 0.001422565515591206, 0.0013253599875876019, 0.0007421268195659773]}, "1874-1": {"Total Votes": 29870.0, "Parties": ["conservatives", "liberals"], "Percent": [0.6024104452628055, 0.3975895547371945]}, "1922-11": {"Total Votes": 106439.0, "Parties": ["conservatives", "labour party", "liberals"], "Percent": [0.5919916571933219, 0.31001794455039977, 0.09799039825627824]}, "1886-7": {"Total Votes": 0, "Parties": [], "Percent": []}, "1865-7": {"Total Votes": 24767.0, "Parties": ["conservatives", "liberals"], "Percent": [0.8975653086768685, 0.10243469132313159]}, "1847-7": {"Total Votes": 2229.0, "Parties": ["liberals", "conservatives"], "Percent": [0.8761776581426649, 0.12382234185733512]}, "1951-10": {"Total Votes": 395633.0, "Parties": ["Conservatives", "Labour Party", "Liberals"], "Percent": [0.5584443158179423, 0.4240343955130133, 0.01752128866904429]}, "1950-2": {"Total Votes": 391492.0, "Parties": ["Conservatives", "Labour Party", "Liberals"], "Percent": [0.4949373167267786, 0.3829018217485926, 0.12216086152462888]}, "1966-3": {"Total Votes": 522469.0, "Parties": ["Conservatives", "Labour Party", "Liberals", "Independent Conservatives"], "Percent": [0.46699995597824945, 0.4375455768667615, 0.09213752394878931, 0.0033169432061997935]}, "1910-12": {"Total Votes": 36699.0, "Parties": ["conservatives", "liberals"], "Percent": [0.5595792800893757, 0.44042071991062426]}, "1837-7": {"Total Votes": 3163.0, "Parties": ["liberals", "conservatives"], "Percent": [0.5365159658552008, 0.4634840341447992]}, "1935-11": {"Total Votes": 191735.0, "Parties": ["conservatives", "labour party", "liberals"], "Percent": [0.6501577698385792, 0.312926695699794, 0.03691553446162672]}, "2005-5": {"Total Votes": 557919.0, "Parties": ["conservative party", "labour party", "liberal democrat", "united kingdom independence party", "green party", "british national party", "mebyon kernow", "veritas", "independent", "socialist labour party", "st albans party"], "Percent": [0.43635187186670465, 0.28684271372726144, 0.23733731957506377, 0.024302810981522406, 0.006058227090312393, 0.0034574911411871614, 0.001903502121275669, 0.0010252384306682512, 0.0010216536809106698, 0.0009284501872135561, 0.000770721197879979]}, "1832-12": {"Total Votes": 25511.0, "Parties": ["liberals", "conservatives"], "Percent": [0.8414409470424521, 0.1585590529575477]}, "1955-5": {"Total Votes": 411212.0, "Parties": ["Conservatives", "Labour Party", "Liberals"], "Percent": [0.5643706895713161, 0.4232001984377888, 0.012429111990895208]}, "1835-12": {"Total Votes": 3169.0, "Parties": ["conservatives", "liberals"], "Percent": [0.807194698643105, 0.19280530135689491]}, "1974-2": {"Total Votes": 549369.0, "Parties": ["conservatives", "labour party", "liberals", "independents", "national front"], "Percent": [0.4036649319491999, 0.35004159317325884, 0.24340834666681227, 0.001700132333640959, 0.0011849958770880774]}, "1964-10": {"Total Votes": 517571.0, "Parties": ["Conservatives", "Labour Party", "Liberals", "Independents"], "Percent": [0.4608816954582076, 0.3789972776681846, 0.1587569628128315, 0.0013640640607762028]}, "1852-7": {"Total Votes": 39167.0, "Parties": ["conservatives", "liberals"], "Percent": [0.5283018867924529, 0.4716981132075472]}, "1924-10": {"Total Votes": 125079.0, "Parties": ["conservatives", "labour party", "liberals"], "Percent": [0.5985097418431551, 0.21834200785103813, 0.18314825030580673]}, "1868-11": {"Total Votes": 28919.0, "Parties": ["liberals", "conservatives"], "Percent": [0.5180331270099243, 0.48196687299007573]}, "1910-1": {"Total Votes": 62186.0, "Parties": ["conservatives", "liberals", "liberal unionists"], "Percent": [0.5105972405364552, 0.4389412407937478, 0.05046151866979706]}, "1859-4": {"Total Votes": 0, "Parties": [], "Percent": []}, "1895-7": {"Total Votes": 7285.0, "Parties": ["liberals", "liberal unionists"], "Percent": [0.5755662319835277, 0.4244337680164722]}, "1970-6": {"Total Votes": 555624.0, "Parties": ["Conservatives", "Labour Party", "Liberals", "Independents"], "Percent": [0.5103703223762833, 0.3772767195081566, 0.11137747829467409, 0.0009754798208860668]}, "1997-5": {"Total Votes": 633962.0, "Parties": ["conservative party", "labour party", "liberal democrat", "referendum", "united kingdom independence party", "natural law party", "welwyn hatfield residents' association", "prolife alliance", "british national party", "green party", "mebyon kernow", "people's party", "socialist party", "third way", "rainbow dream ticket party", "logic party truth only allowed"], "Percent": [0.3933059079250807, 0.374956227660333, 0.18904603115013202, 0.02960114328619065, 0.0035680372009678817, 0.0025064593776914076, 0.001992232972954215, 0.0011388695221480152, 0.0009622027818702067, 0.0007602979358384257, 0.0007098217243304804, 0.00037857158630958955, 0.00034229180928825386, 0.00027130963685520585, 0.0002618453471974661, 0.0001987500828125345]}, "1931-10": {"Total Votes": 190118.0, "Parties": ["conservatives", "labour party", "liberals"], "Percent": [0.7590233433972585, 0.19878706908341134, 0.0421895875193301]}, "1983-6": {"Total Votes": 555259.0, "Parties": ["conservatives", "labour party", "liberals", "social democratic party", "communist party of great britain", "independents", "british national party"], "Percent": [0.5027995944235033, 0.1894845468511091, 0.151491466144628, 0.15041809317813848, 0.00200987287013808, 0.0019018151889478605, 0.001894611343535179]}, "1929-5": {"Total Votes": 190796.0, "Parties": ["conservatives", "liberals", "labour party", "independents"], "Percent": [0.43226797207488626, 0.261860835656932, 0.1994853141575295, 0.10638587811065221]}, "1880-3": {"Total Votes": 964.0, "Parties": ["conservatives", "liberals"], "Percent": [0.5850622406639004, 0.4149377593360996]}, "1923-12": {"Total Votes": 110215.0, "Parties": ["conservatives", "liberals", "labour party"], "Percent": [0.4826294061606859, 0.3351358707979858, 0.18223472304132832]}, "1992-4": {"Total Votes": 608699.0, "Parties": ["conservatives", "labour party", "liberal democrat party", "ecology party", "natural law party", "national front"],