{"2007-10": {"Total Votes": 410308.0, "Parties": ["Union of Forces for Change", "Rally of the Togolese People", "Action Committee for Renewal", "Democratic Convention of African Peoples", "Independent", "Citizens\u2019 Movement for Democracy and Development", "Party for Renewal and Redemption", "Patriotic Pan-African Convergence", "Party of Democrats for Renewal", "The Nest", "Movement of Centrist Republicans", "Union for Democracy and Social Progress", "Socialist Pact for Renewal", "Togolese Alliance of Democrats", "Democratic Alliance for the Fatherland", "New Popular Dynamic", "JUVENTO, Togolese Youth Movement"], "Percent": [0.6456759312516451, 0.20741004318706924, 0.07795363483042007, 0.019821694921863572, 0.011508427815202237, 0.0061539136453590965, 0.005610419489749164, 0.003916569991323591, 0.003848328572681985, 0.003599734833344707, 0.003280462481842908, 0.003280462481842908, 0.0024664398451894674, 0.0019814383341294835, 0.0018303323357087846, 0.0008968872164325336, 0.0007652787661951509]}, "2013-7": {"Total Votes": 70654.0, "Parties": ["Union for the Republic", "Union of Forces for Change"], "Percent": [0.6624961077929062, 0.3375038922070937]}}