{"2007-10": {"Total Votes": 202553.0, "Parties": ["Rally of the Togolese People", "Union of Forces for Change", "Action Committee for Renewal", "Independent", "Democratic Pan-African Party", "Patriotic Pan-African Convergence", "The Nest", "Party of Democrats for Renewal", "Democratic Convention of African Peoples", "Socialist Pact for Renewal", "Alliance of Democrats for Integral Development", "Democratic Alliance for the Fatherland", "Citizens\u2019 Movement for Democracy and Development", "Regrouping of the Live Forces of Youth for Change", "Togolese Alliance of Democrats", "Union for Democracy and Social Progress", "Believers\u2019 Movement for Equality and Peace", "Union of Socialist Democrats of Togo", "Action Party for Change in Togo"], "Percent": [0.43975650817316947, 0.24399046175568864, 0.11766796838358354, 0.03637566464085943, 0.03475633537888849, 0.02381598890167018, 0.016198229599166638, 0.015467556639496824, 0.011300745977595988, 0.010960094395047222, 0.010639190730327371, 0.008442234871860698, 0.007474586898243917, 0.0058947534719308034, 0.005830572738986833, 0.00522332426574773, 0.0028733220441069744, 0.0016736360360004542, 0.0016588250976287688]}, "2013-7": {"Total Votes": 504622.0, "Parties": ["Union for the Republic", "Save Togo Group", "Rainbow Coalition"], "Percent": [0.5859118310339224, 0.298579927153394, 0.11550824181268356]}}