{"2001-4": {"Total Votes": 9421709.0, "Parties": ["peru posible", "partido aprista peruano", "alianza electoral unidad nacional", "frente independiente moralizador", "movimiento independiente somos peru - causa democratica", "alianza electoral cambio 90 - nueva mayoria", "accion popular", "agrupacion independiente union por el peru - social democracia", "alianza electoral solucion popular", "todos por la victoria", "frente popular agricola fia del peru - frepap", "partido proyecto pais", "partido renacimiento andino"], "Percent": [0.2629697011444527, 0.1971421532972415, 0.13840769227748387, 0.10981786849922873, 0.05775947866782978, 0.048048183190544304, 0.041758135387115015, 0.04141881265914708, 0.03573449360407969, 0.02029132931191146, 0.016585526044160352, 0.016512078647302728, 0.013554547269502802]}, "1963-6": {"Total Votes": 1844057.0, "Parties": ["alianza accion popular - democracia cristiana", "partido aprista peruano", "union nacional odriista 1963", "union del pueblo peruano", "de avanzada peruano", "campesina", "luciano castillo", "accion departamental regional", "union revolucionaria", "frente patriotico", "obrero-campesina", "democratica", "frente moqueguano de renovacion", "unidad piurana", "frente regional huanuque\u00f1o", "coalicion popular ancashina", "union moqueguana", "frente civico independiente", "la libertad", "popular socialista", "movimiento democratico chalaco", "augusto c. pe\u00f1aloza vega", "cabellista"], "Percent": [0.350592741981403, 0.34690955865247114, 0.23975831549675522, 0.013296769026120125, 0.006706951032424703, 0.006385919741092602, 0.005224350440360574, 0.004954293712179179, 0.004911995670415828, 0.002983096509489674, 0.0027233431504557616, 0.002157200129930908, 0.0021078524145403317, 0.0018681635112146751, 0.001665892106371983, 0.0015211026557205118, 0.0013605870100544615, 0.0012624338618600183, 0.0012271854937238925, 0.0010579933266704879, 0.0006518236692249752, 0.00037200585448280614, 0.00030042455303713495]}, "2006-4": {"Total Votes": 10753323.0, "Parties": ["union por el peru", "partido aprista peruano", "unidad nacional", "alianza por el futuro", "frente de centro", "peru posible", "restauracion nacional", "alianza para el progreso", "frente independiente moralizador", "fuerza democratica", "partido justicia nacional", "partido socialista", "movimiento nueva izquierda", "avanza pais - partido de integracion social", "concertacion descentralista", "frente popular agricola fia del peru - frepap", "partido renacimiento andino", "con fuerza peru", "peru ahora", "partido reconstruccion democratica", "partido proyecto pais", "resurgimiento peruano", "y se llama peru", "progresemos peru"], "Percent": [0.2115436316755295, 0.20585478553931652, 0.15332162904434285, 0.13094268627474503, 0.07070009893685887, 0.041053542239919694, 0.040193064041692046, 0.02309983620877007, 0.014547410135453015, 0.014268798584400376, 0.014057701047387863, 0.012476701388026755, 0.01237812720774778, 0.011406148592393256, 0.00853540807804248, 0.007906300219941315, 0.007015970784100879, 0.006638413074730482, 0.004318944013864366, 0.0026759170165352605, 0.0020025437718182554, 0.0019137340150574853, 0.0018467779680755424, 0.0013018301412502907]}, "1985-4": {"Total Votes": 6103181.0, "Parties": ["partido aprista peruano", "alianza electoral izquierda unida", "convergencia democratica", "accion popular", "izquierda nacionalista", "frente democratico de unidad nacional", "movimiento civico nacional 7 de junio", "movimiento de interes popular", "partido avanzada nacional", "partido socialista del peru", "partido socialista de los trabajadores", "movimiento revolucionario velasquista", "movimiento regionalista loreto", "partido mariateguista para la liberacion nacional", "lista democratica junin", "movimiento de izquierda", "frente unico de junin", "movimiento independiente madre de dios", "frente lambayecano victor raul", "concordancia de los movimientos independientes de moquegua", "frente de izquierda revolucionario", "asociacion de vecinos del cercado de lima", "democracia cristiana pasque\u00f1a", "representacion independiente ancashina", "movimiento andino revolucionario", "frente revolucionario de izquierda de huanuco", "frente de defensa de la constitucion", "reivindicacion departamental huancavelica", "unidad democratica independiente", "lista avanzada democratica independiente", "movimiento independiente por el departamento de cajamarca", "movimiento popular huanuque\u00f1o", "movimiento andino restaurador", "frente independiente andino", "republicanos por el plan peru", "lista diputados piura", "movimiento regionalista del oriente peruano", "juan velasco alvarado", "movimiento de lucha por la justicia social"], "Percent": [0.5024142328402188, 0.24250583425266264, 0.11046141348257571, 0.08511266501845513, 0.01860111964564053, 0.010537619644575509, 0.004213540447186475, 0.003572071678686901, 0.0032854998073955197, 0.0030910110645579743, 0.002861950186304486, 0.0024538023696167627, 0.002392359000986535, 0.0018452672467029897, 0.0011299025868641288, 0.0007663216935561963, 0.0007609146771167364, 0.0005854324163088069, 0.0003735756812717827, 0.00037341183228876875, 0.00034293592144817595, 0.00028231179773301825, 0.00027985406298780915, 0.00022168767401786052, 0.00021742760045949809, 0.00020989054724085686, 0.00018973712233014226, 0.00016909215047038585, 0.0001531987991180337, 0.00013304537420731911, 0.00012714681081881727, 9.519625913109901e-05, 7.635362608449594e-05, 4.341998049869404e-05, 4.2764584566638286e-05, 2.9328967959495222e-05, 2.162806575784005e-05, 2.0317273893728534e-05, 6.717808303571531e-06]}, "2011-4": {"Total Votes": 12839144.0, "Parties": ["gana peru", "fuerza 2011", "peru posible", "alianza por el gran cambio", "alianza solidaridad nacional", "partido aprista peruano", "cambio radical", "fonavistas del peru", "partido descentralista fuerza social", "partido politico adelante", "fuerza nacional", "despertar nacional", "justicia, tecnologia, ecologia"], "Percent": [0.25274293987200397, 0.2296711525316641, 0.14831051042032087, 0.14417472068231343, 0.10216927234401298, 0.06425895682765144, 0.027063720135859524, 0.013244808220859584, 0.008427353100798621, 0.0032927428806780257, 0.0029311144107426476, 0.002351402866110077, 0.0013613057069848272]}, "1980-5": {"Total Votes": 3685027.0, "Parties": ["accion popular", "partido aprista peruano", "partido popular cristiano", "unidad democratico popular", "partido revolucionario de los trabajadores", "union de izquierda revolucionaria", "alianza unidad de izquierda", "frente nacional de trabajadores y campesinos", "frente obrero campesino estudiantil y popular", "union nacional", "movimiento democratico peruano", "accion politica socialista", "organizacion politica de la revolucion peruana", "movimiento popular de accion e integracion social", "partido socialista del peru", "movimiento civico nisei", "movimiento regionalista loreto", "accion chalaca", "avanzada chalaca", "movimiento independiente madre de dios", "provincial de lima", "humanismo lambayecano", "cooperacion popular", "democracia nisei callao", "huanuque\u00f1a", "partido comunista revolucionario"], "Percent": [0.38493639259630935, 0.27082922323228564, 0.09408262137563712, 0.0436862470749875, 0.04174867646831354, 0.04149033372075701, 0.03808628810589448, 0.026002523183683592, 0.01700313186307726, 0.009227069435312143, 0.006794522808109683, 0.006433060056276385, 0.006300903629742741, 0.0048195033577772975, 0.0027858683260665387, 0.0014265838486393722, 0.000964443408420074, 0.0008236031920525955, 0.0005158713898161398, 0.0004865635991269535, 0.00045020022919777794, 0.0004198069647793625, 0.00033703959292564204, 0.00017666084943203944, 0.00014491074285208764, 2.7950948527649866e-05]}, "1990-4": {"Total Votes": 5199103.0,