{"1979-7": {"Total Votes": 38495.0, "Parties": ["Movimiento Nacionalista Revolucionario", "Acci\u00f3n Democr\u00e1tica Nacionalista", "Unidad Democr\u00e1tica y Popular", "Alianza Popular de Integraci\u00f3n Nacional", "Partido de la Uni\u00f3n Boliviana", "Partido Socialista", "Vanguardia Obrera", "Movimiento Indio T\u00fapaj Katari"], "Percent": [0.4126509936355371, 0.33884920119496037, 0.15854007013897908, 0.0750487076243668, 0.005403299129757112, 0.004312248343940771, 0.0035069489544096635, 0.0016885309780490974]}, "1997-6": {"Total Votes": 174776.0, "Parties": ["adn-nfr-pdc", "movimiento nacionalista revolucionario", "unidad c\u00edvica solidaridad", "movimiento de la izquierda revolucionaria - nueva mayor\u00eda", "movimiento bolivia libre", "conciencia de patria movimiento patri\u00f3tico", "izquierda unida", "eje de convergencia patri\u00f3tica - pachakuti", "vanguardia socialista de bolivia", "partido dem\u00f3cratico boliviano"], "Percent": [0.3512896507529638, 0.3307662379274042, 0.17642010344669748, 0.08586419187989197, 0.02728063349658992, 0.01423536412322058, 0.011237240811095344, 0.001195816359225523, 0.0009555087655055614, 0.0007552524374055934]}, "2009-1": {"Total Votes": 302741.0, "Parties": ["Plan Progreso para Bolivia Convergencia Nacional", "Movimiento Al Socialismo-Instrumento Pol\u00edtico por la Soberan\u00eda de los Pueblos", "Alianza por el Consenso y la Unidad Nacional", "Alianza Social", "Movimiento de Unidad Social Patri\u00f3tica", "Bolivia Social Dem\u00f3crata", "Pueblos por la Libertad y Soberan\u00eda", "Agrupaci\u00f3n ciudadana Gente"], "Percent": [0.5112521924681493, 0.3588909331739011, 0.10474630129384524, 0.011590765704017627, 0.004234642813494042, 0.003369216591079504, 0.0030884485418228784, 0.0028274994136902503]}, "1989-5": {"Total Votes": 41013.0, "Parties": ["adn-pdc", "movimiento nacionalista revolucionario", "movimiento de la izquierda revolucionaria", "izquierda unida", "falange socialista boliviana", "conciencia de patria", "partido socialista uno", "movimiento de la izquierda nacional", "movimiento revolucionario tupaj katari de liberaci\u00f3n", "frente unico de liberaci\u00f3n katarista"], "Percent": [0.37995269792504816, 0.35761831614366174, 0.15241508789895886, 0.06271182308048667, 0.020383780752444347, 0.01321532197108234, 0.008216906834418355, 0.0023407212347304513, 0.0018774534903567162, 0.0012678906688123278]}, "1993-6": {"Total Votes": 69073.0, "Parties": ["mnr-mrtkl", "acuerdo patri\u00f3tico", "unidad c\u00edvica solidaridad", "movimiento bolivia libre", "falange socialista boliviana", "alianza renovadora boliviana", "conciencia de patria", "izquierda unida", "alternativa al socialismo democr\u00e1tico", "vanguardia revolucionaria 9 de abril", "independents", "movimiento katarista nacional", "eje de convergencia patri\u00f3tica", "movimiento federalista democr\u00e1tico"], "Percent": [0.4139823085720904, 0.3693483705644753, 0.11521144296613728, 0.019269468533290868, 0.015765928799965256, 0.015693541615392412, 0.012508505494187309, 0.012450595746529035, 0.00919317244075109, 0.008034977487585597, 0.004039204899164652, 0.0018096796143210806, 0.0014187888176277273, 0.0012740144484820407]}, "1985-7": {"Total Votes": 49844.0, "Parties": ["movimiento nacionalista revolucionario", "acci\u00f3n democr\u00e1tica nacionalista", "falange socialista boliviana", "movimiento de la izquierda revolucionaria", "frente del pueblo unido", "movimiento nacionalista revolucionario de izquierda", "partido democr\u00e1ta cristiano", "partido socialista uno", "movimiento nacionalista revolucionario vanguardia", "fuerza nacional progresista", "movimiento nacionalista revolucionario de izquierda uno", "izquierda unida", "partido obrero revolucionario", "movimiento revolucionario tupaj katari de liberaci\u00f3n", "alianza renovadora nacional", "movimiento revolucionario tupaj katari", "acci\u00f3n c\u00edvica popular", "acci\u00f3n humanista revolucionario"], "Percent": [0.3870877136666399, 0.37442821603402615, 0.06917582858518578, 0.06339780113955541, 0.03721611427654281, 0.019681405986678436, 0.010673300698178316, 0.008145413690715031, 0.006801219805794077, 0.0040727068453575155, 0.0035912045582216514, 0.00343070379584303, 0.00343070379584303, 0.002307198459192681, 0.002006259529732766, 0.0019260091485434555, 0.001424444266110264, 0.0012037557178396598]}, "2002-6": {"Total Votes": 205037.0, "Parties": ["mnr-mbl", "acci\u00f3n democr\u00e1tica nacionalista", "movimiento de la izquierda revolucionaria - nueva mayor\u00eda", "nueva fuerza republicana", "ucs-fsb", "movimiento al socialismo", "partido libertad y justicia", "movimiento ind\u00edgena pachakuti", "partido socialista", "movimiento ciudadano para el cambio", "conciencia de patria movimiento patri\u00f3tico"], "Percent": [0.41976326224047367, 0.20493862083428843, 0.14373991035764278, 0.10642469407960514, 0.08979842662543833, 0.025171066685525052, 0.003765174090530002, 0.002297146368704185, 0.0015753254290688996, 0.001277818149894897, 0.0012485551388286015]}, "1980-6": {"Total Votes": 36183.0, "Parties": ["Movimiento Nacionalista Revolucionario", "Acci\u00f3n Democr\u00e1tica Nacionalista", "Unidad Democr\u00e1tica y Popular", "Falange Socialista Boliviana", "Frente Democr\u00e1tico Revolucionario", "Movimiento Nacionalista Revolucionario Unido", "Partido Socialista", "Alianza de Fuerzas de Izquierda Nacional", "Partido de la Uni\u00f3n Boliviana", "Partido Revolucionario Aut\u00e9ntico", "Movimiento Indio T\u00fapaj Katari", "Partido Revolucionario de la Izquierda Nacional"], "Percent": [0.3627394080092861, 0.2670867534477517, 0.19315700743443054, 0.08191692231158279, 0.03239090180471492, 0.02409971533593124, 0.01589144073183539, 0.005333996628250836, 0.005112898322416604, 0.00497471188127021, 0.004145593234391841, 0.0031506508581377996]}, "2005-12": {"Total Votes": 188041.0, "Parties": ["poder democr\u00e1tico y social", "movimiento nacionalista revolucionario", "movimiento al socialismo", "frente de unidad nacional", "nueva fuerza republicana", "uni\u00f3n social de los trabajadores de bolivia", "movimiento ind\u00edgena pachakuti", "frente patri\u00f3tico agropecuario de bolivia"], "Percent": [0.4630373163299494, 0.32604591551842416, 0.1360235267840524, 0.06631532484936796, 0.0037651363266521663, 0.0020048819140506594, 0.00169643854265825, 0.0011114597348450604]}}