{"1995-12": {"Total Votes": 3530.0, "Parties": ["partido africano da independ\u00eancia de cabo verde", "partido da converg\u00eancia democr\u00e1tica", "partido social democr\u00e1ta"], "Percent": [0.8830028328611899, 0.10594900849858357, 0.01104815864022663]}, "2006-1": {"Total Votes": 4826.0, "Parties": ["Movimento para a Democracia", "Partido Africano da Independ\u00eancia de Cabo Verde", "Partido Social Democr\u00e1tico"], "Percent": [0.5847492747617073, 0.39784500621632823, 0.01740571902196436]}, "2001-1": {"Total Votes": 0, "Parties": [], "Percent": []}, "2011-2": {"Total Votes": 2809.0, "Parties": ["Partido Africano da Independ\u00eancia de Cabo Verde"], "Percent": [1.0]}}