{"1995-12": {"Total Votes": 28747.0, "Parties": ["partido africano da independ\u00eancia de cabo verde", "partido da converg\u00eancia democr\u00e1tica", "movimento para a democracia", "uniatildeo caboverdiana independente e democraacutetica", "partido social democr\u00e1ta"], "Percent": [0.8023793787177792, 0.11670783038230076, 0.051901067937523915, 0.027446342227014996, 0.0015653807353810832]}, "2006-1": {"Total Votes": 22554.0, "Parties": ["Partido Africano da Independ\u00eancia de Cabo Verde", "Movimento para a Democracia", "Partido Social Democr\u00e1tico"], "Percent": [0.8713753657887735, 0.12343708433093908, 0.0051875498802873106]}, "2001-1": {"Total Votes": 21589.0, "Parties": ["partido africano da independ\u00eancia de cabo verde", "movimento para a democracia", "alian\u00e7a democr\u00e1tica para a mudan\u00e7a", "partido da renova\u00e7\u00e3o democr\u00e1tica", "partido social democr\u00e1ta"], "Percent": [0.7189309370512761, 0.2579554402705081, 0.01584140071332623, 0.0046319885126684885, 0.0026402334522210385]}, "2011-2": {"Total Votes": 15976.0, "Parties": ["Uni\u00e3o Caboverdiana Independente e Democr\u00e1tica", "Movimento para a Democracia", "Partido Africano da Independ\u00eancia de Cabo Verde", "Partido Social Democr\u00e1tico"], "Percent": [0.4552453680520781, 0.4469203805708563, 0.08763144717075613, 0.010202804206309464]}}