{"1995-12": {"Total Votes": 2406.0, "Parties": ["partido africano da independ\u00eancia de cabo verde", "partido da converg\u00eancia democr\u00e1tica", "uniatildeo caboverdiana independente e democraacutetica", "partido social democr\u00e1ta"], "Percent": [0.7236076475477972, 0.15004156275976724, 0.08187863674147963, 0.04447215295095595]}, "2006-1": {"Total Votes": 2745.0, "Parties": ["Movimento para a Democracia"], "Percent": [1.0]}, "2001-1": {"Total Votes": 8008.0, "Parties": ["movimento para a democracia", "alian\u00e7a democr\u00e1tica para a mudan\u00e7a", "partido social democr\u00e1ta"], "Percent": [0.5695554445554445, 0.4245754245754246, 0.005869130869130869]}, "2011-2": {"Total Votes": 288.0, "Parties": ["Partido do Trabalho e Solidariedade"], "Percent": [1.0]}}