{"1995-12": {"Total Votes": 446.0, "Parties": ["partido da converg\u00eancia democr\u00e1tica"], "Percent": [1.0]}, "2006-1": {"Total Votes": 9090.0, "Parties": ["Movimento para a Democracia", "Partido da Renova\u00e7\u00e3o Democr\u00e1tica"], "Percent": [0.9485148514851485, 0.05148514851485149]}, "2001-1": {"Total Votes": 6955.0, "Parties": ["partido africano da independ\u00eancia de cabo verde", "movimento para a democracia", "partido da renova\u00e7\u00e3o democr\u00e1tica", "alian\u00e7a democr\u00e1tica para a mudan\u00e7a", "partido social democr\u00e1ta"], "Percent": [0.47519769949676494, 0.23076923076923078, 0.18576563623292594, 0.08957584471603164, 0.018691588785046728]}, "2011-2": {"Total Votes": 2960.0, "Parties": ["Movimento para a Democracia", "Uni\u00e3o Caboverdiana Independente e Democr\u00e1tica", "Partido do Trabalho e Solidariedade"], "Percent": [0.6881756756756757, 0.3118243243243244, 0.0]}}