{"1928-6": {"Total Votes": 732162.0, "Parties": ["parti ouvrier socialiste luxembourgeois", "parti de la droite", "parti radical", "parti national ind\u00e9pendant"], "Percent": [0.4820927608917152, 0.3590858307314501, 0.09259016447179723, 0.06623124390503742]}, "1979-6": {"Total Votes": 2689634.0, "Parties": ["parti chr\u00e9tien social", "parti ouvrier socialiste luxembourgeois", "parti d\u00e9mocratique", "parti communiste luxembourgeois", "parti social-d\u00e9mocrate", "enr\u00f4l\u00e9s de force", "socialistes ind\u00e9pendants - liste jean gremling", "others"], "Percent": [0.33247571974476825, 0.2523703968644061, 0.21332419206479394, 0.06391650313760162, 0.05576149022506408, 0.04166254590773317, 0.024876618900564165, 0.015612533155068681]}, "1989-6": {"Total Votes": 2689228.0, "Parties": ["parti chr\u00e9tien social", "parti ouvrier socialiste luxembourgeois", "parti d\u00e9mocratique", "comit\u00e9 d'action 5/6 pensions pour tous", "parti communiste luxembourgeois", "gr\u00ebng l\u00ebscht ekologesch initiativ", "di gr\u00ebng alternativ", "others"], "Percent": [0.31005775635238064, 0.2795073530396084, 0.15468082289787255, 0.0684542180878676, 0.05635966902025414, 0.04660370931732081, 0.04572724960471927, 0.03860922167997656]}, "1994-6": {"Total Votes": 2590335.0, "Parties": ["parti chr\u00e9tien social", "parti ouvrier socialiste luxembourgeois", "parti d\u00e9mocratique", "ga-glei", "others", "comit\u00e8 d'action pour la d\u00e9mocratie et le droit aux pensions"], "Percent": [0.29208268428600936, 0.2764298826213598, 0.1775878409549344, 0.1040965743813059, 0.07554003632734763, 0.07426298142904296]}, "1959-2": {"Total Votes": 2039602.0, "Parties": ["parti ouvrier socialiste luxembourgeois", "parti chr\u00e9tien social", "parti d\u00e9mocratique", "parti communiste luxembourgeois", "others"], "Percent": [0.3647451806774067, 0.34773892161313824, 0.1716864368636626, 0.10807255533187357, 0.007756905513918892]}, "1984-6": {"Total Votes": 2915341.0, "Parties": ["parti ouvrier socialiste luxembourgeois", "parti chr\u00e9tien social", "parti d\u00e9mocratique", "di gr\u00ebng alternativ", "parti communiste luxembourgeois", "others"], "Percent": [0.3467323376579275, 0.3364361150205071, 0.17652000229132714, 0.05826488222132506, 0.05467868081298208, 0.027367981995931177]}, "1974-5": {"Total Votes": 2652599.0, "Parties": ["parti ouvrier socialiste luxembourgeois", "parti chr\u00e9tien social", "parti d\u00e9mocratique", "parti communiste luxembourgeois", "parti social-d\u00e9mocrate", "others"], "Percent": [0.3041884581876115, 0.26315926380127563, 0.22010752473328987, 0.11483266034557052, 0.08553347113529033, 0.01217862179696215]}, "1934-6": {"Total Votes": 974129.0, "Parties": ["parti ouvrier socialiste luxembourgeois", "parti de la droite", "parti radical", "parti communiste luxembourgeois", "others"], "Percent": [0.4154778268586604, 0.33904955093216604, 0.14545814774018637, 0.07282403049288133, 0.027190443976105833]}, "1954-5": {"Total Votes": 1964430.0, "Parties": ["parti chr\u00e9tien social", "parti ouvrier socialiste luxembourgeois", "parti communiste luxembourgeois", "groupement d\u00e9mocratique", "others"], "Percent": [0.3886022917589326, 0.3747560361020754, 0.1043111742337472, 0.09843669664991882, 0.03389380125532597]}, "1948-6": {"Total Votes": 1055560.0, "Parties": ["parti ouvrier socialiste luxembourgeois", "parti chr\u00e9tien social", "parti communiste luxembourgeois", "groupement patriotique et d\u00e9mocratique"], "Percent": [0.4356616393194134, 0.3157395126757361, 0.18314449202319147, 0.06545435598165902]}, "1919-10": {"Total Votes": 871690.0, "Parties": ["parti de la droite", "parti radical-lib\u00e9ral", "parti ouvrier", "parti populaire ind\u00e9pendant", "others"], "Percent": [0.40643347979212796, 0.24142757172848145, 0.23187830536085074, 0.07439227248218977, 0.045868370636350075]}, "1931-6": {"Total Votes": 484483.0, "Parties": ["parti de la droite", "parti ouvrier socialiste luxembourgeois", "parti radical socialiste", "parti radical", "parti national ind\u00e9pendant", "others"], "Percent": [0.38214756761331153, 0.23918692709548117, 0.16195408301220063, 0.12004549179228167, 0.08373668425930321, 0.012929246227421809]}, "1925-3": {"Total Votes": 922693.0, "Parties": ["parti de la droite", "parti ouvrier socialiste luxembourgeois", "parti radical socialiste", "parti national ind\u00e9pendant", "parti radical", "gauche lib\u00e9rale", "others"], "Percent": [0.33924826567449845, 0.24467293021622577, 0.14495287164853315, 0.09747879305467799, 0.08888872030025155, 0.04280947183949591, 0.041948947266317184]}, "1964-6": {"Total Votes": 2317329.0, "Parties": ["parti ouvrier socialiste luxembourgeois", "parti chr\u00e9tien social", "parti communiste luxembourgeois", "parti d\u00e9mocratique", "mouvement ind\u00e9pendant populaire"], "Percent": [0.38687644266308324, 0.31454877576727347, 0.13889352785038292, 0.0968192259277815, 0.0628620277914789]}, "1937-6": {"Total Votes": 610251.0, "Parties": ["parti de la droite", "parti ouvrier socialiste luxembourgeois", "liste d\u00e9mocratique", "parti radical"], "Percent": [0.36567412425379064, 0.30488438363886333, 0.167165641678588, 0.162275850428758]}, "1968-12": {"Total Votes": 2277089.0, "Parties": ["parti chr\u00e9tien social", "parti ouvrier socialiste luxembourgeois", "parti communiste luxembourgeois", "parti d\u00e9mocratique", "others"], "Percent": [0.33673694791903175, 0.32872189009740066, 0.17063145094460513, 0.15997134938511406, 0.0039383616538484]}, "1951-6": {"Total Votes": 756068.0, "Parties": ["parti ouvrier socialiste luxembourgeois", "parti chr\u00e9tien social", "groupement patriotique et d\u00e9mocratique", "others"], "Percent": [0.3989588238094986, 0.3632993328642397, 0.1972520990175487, 0.04048974430871297]}, "1945-10": {"Total Votes": 1785496.0, "Parties": ["parti chr\u00e9tien social", "parti ouvrier socialiste luxembourgeois", "groupement patriotique et d\u00e9mocratique", "parti communiste luxembourgeois", "others"], "Percent": [0.37136907615586934, 0.28720086743403517, 0.16071556587077204, 0.1592437059506154, 0.021470784588708124]}}