{"1994-3": {"Total Votes": 442.0, "Parties": ["independent", "anguilla for good government"], "Percent": [0.5656108597285068, 0.4343891402714932]}, "1999-3": {"Total Votes": 368.0, "Parties": ["anguilla national alliance", "independent"], "Percent": [0.8206521739130435, 0.1793478260869565]}, "1989-2": {"Total Votes": 314.0, "Parties": ["Independent", "Anguilla United Party"], "Percent": [0.6751592356687898, 0.3248407643312102]}, "2000-3": {"Total Votes": 486.0, "Parties": ["anguilla national alliance", "anguilla patriotic movement", "independent"], "Percent": [0.7181069958847737, 0.18518518518518517, 0.09670781893004116]}, "2010-3": {"Total Votes": 593.0, "Parties": ["Anguilla Progressive Party", "Anguilla United Front"], "Percent": [0.5345699831365935, 0.4654300168634064]}, "2005-2": {"Total Votes": 449.0, "Parties": ["anguilla united front", "anguilla progressive party", "anguilla united movement"], "Percent": [0.688195991091314, 0.2383073496659243, 0.07349665924276169]}}