{"1878-0": {"Total Votes": 7108.0, "Parties": ["gruppe der demokraten", "schweizerische freisinnig-demokratische partei", "evangelische konservative"], "Percent": [0.3739448508722566, 0.3307540799099606, 0.29530106921778276]}, "1905-0": {"Total Votes": 6014.0, "Parties": ["schweizerische freisinnig-demokratische partei", "sozialdemokratische partei der schweiz", "other parties"], "Percent": [0.7697040239441304, 0.19787163285666778, 0.032424343199201865]}, "1911-0": {"Total Votes": 6163.0, "Parties": ["schweizerische freisinnig-demokratische partei", "sozialdemokratische partei der schweiz"], "Percent": [0.7749472659419114, 0.2250527340580886]}, "1908-0": {"Total Votes": 0, "Parties": [], "Percent": []}, "1893-0": {"Total Votes": 0, "Parties": [], "Percent": []}, "1928-0": {"Total Votes": 11342.0, "Parties": ["schweizerische bauern-, gewerbe- und b\u00fcrgerpartei", "kommunistische partei der schweiz", "schweizerische freisinnig-demokratische partei", "sozialdemokratische partei der schweiz", "schweizerische konservative volkspartei"], "Percent": [0.29465702697936874, 0.2566566743078822, 0.24907423734791043, 0.12572738494092753, 0.07388467642391112]}, "1869-0": {"Total Votes": 5570.0, "Parties": ["gruppe der demokraten", "liberal-konservative", "schweizerische freisinnig-demokratische partei"], "Percent": [0.663016157989228, 0.3319569120287253, 0.005026929982046679]}, "1875-0": {"Total Votes": 5613.0, "Parties": ["gruppe der demokraten", "schweizerische freisinnig-demokratische partei", "evangelische konservative"], "Percent": [0.8588989845002672, 0.11010154997327633, 0.03099946552645644]}, "1884-0": {"Total Votes": 6687.0, "Parties": ["schweizerische freisinnig-demokratische partei", "evangelische konservative"], "Percent": [0.9750261701809481, 0.024973829819051892]}, "1854-0": {"Total Votes": 5516.0, "Parties": ["schweizerische freisinnig-demokratische partei", "liberal-konservative"], "Percent": [0.5998912255257433, 0.4001087744742567]}, "1881-0": {"Total Votes": 6724.0, "Parties": ["schweizerische freisinnig-demokratische partei", "other parties"], "Percent": [0.9121058893515764, 0.08789411064842356]}, "1963-0": {"Total Votes": 14503.0, "Parties": ["sozialdemokratische partei der schweiz", "schweizerische freisinnig-demokratische partei", "landesring der unabh\u00e4ngigen"], "Percent": [0.45232020961180447, 0.4305316141487968, 0.11714817623939874]}, "1931-0": {"Total Votes": 11465.0, "Parties": ["schweizerische bauern-, gewerbe- und b\u00fcrgerpartei", "other parties", "schweizerische freisinnig-demokratische partei", "sozialdemokratische partei der schweiz", "kommunistische partei der schweiz"], "Percent": [0.3208024422154383, 0.27945922372437854, 0.236197121674662, 0.1521151330135194, 0.011426079372001744]}, "1991-0": {"Total Votes": 32201.0, "Parties": ["sozialdemokratische partei der schweiz", "schweizerische freisinnig-demokratische partei", "schweizerische volkspartei", "auto-partei der schweiz", "gr\u00fcn-alternativ", "other parties"], "Percent": [0.3415111331946213, 0.2856122480668302, 0.1920126704139623, 0.11431322008633273, 0.03906710971708953, 0.02748361852116394]}, "1925-0": {"Total Votes": 10350.0, "Parties": ["schweizerische bauern-, gewerbe- und b\u00fcrgerpartei", "kommunistische partei der schweiz", "schweizerische freisinnig-demokratische partei"], "Percent": [0.40647342995169083, 0.3615458937198068, 0.23198067632850242]}, "1919-0": {"Total Votes": 11009.0, "Parties": ["schweizerische bauern-, gewerbe- und b\u00fcrgerpartei", "sozialdemokratische partei der schweiz", "other parties", "schweizerische freisinnig-demokratische partei"], "Percent": [0.3341811245344718, 0.3179217004269234, 0.21782178217821782, 0.13007539286038697]}, "1943-0": {"Total Votes": 14126.0, "Parties": ["sozialdemokratische partei der schweiz", "schweizerische freisinnig-demokratische partei", "schweizerische bauern-, gewerbe- und b\u00fcrgerpartei"], "Percent": [0.5043890698003681, 0.3208268441172306, 0.17478408608240126]}, "1939-0": {"Total Votes": 13212.0, "Parties": ["sozialdemokratische partei der schweiz", "schweizerische freisinnig-demokratische partei", "schweizerische bauern-, gewerbe- und b\u00fcrgerpartei"], "Percent": [0.440357250983954, 0.3511958825310324, 0.20844686648501362]}, "1851-0": {"Total Votes": 2169.0, "Parties": ["schweizerische freisinnig-demokratische partei", "evangelische konservative", "liberal-konservative", "other parties"], "Percent": [0.7422775472568004, 0.10603964960811434, 0.08898109727985247, 0.06270170585523283]}, "1872-0": {"Total Votes": 5432.0, "Parties": ["liberal-konservative", "gruppe der demokraten", "evangelische konservative", "other parties"], "Percent": [0.46115611192930783, 0.41494845360824745, 0.10290868924889543, 0.020986745213549336]}, "1983-0": {"Total Votes": 31811.0, "Parties": ["sozialdemokratische partei der schweiz", "schweizerische freisinnig-demokratische partei", "schweizerische volkspartei", "schweizerische christlich demokratische volkspartei", "landesring der unabh\u00e4ngigen", "progressive organisationen der schweiz", "other parties"], "Percent": [0.3534626387098802, 0.2619534123416428, 0.2264939800697872, 0.06340574015277733, 0.05592405142875106, 0.026688881204614757, 0.012071296092546603]}, "1967-0": {"Total Votes": 14982.0, "Parties": ["sozialdemokratische partei der schweiz", "schweizerische freisinnig-demokratische partei", "landesring der unabh\u00e4ngigen"], "Percent": [0.42043785876385, 0.4025497263382726, 0.17701241489787745]}, "1848-0": {"Total Votes": 2913.0, "Parties": ["schweizerische freisinnig-demokratische partei", "evangelische konservative", "liberal-konservative"], "Percent": [0.7260556127703398, 0.2090628218331617, 0.06488156539649846]}, "1987-0": {"Total Votes": 30834.0, "Parties": ["sozialdemokratische partei der schweiz", "schweizerische freisinnig-demokratische partei", "schweizerische volkspartei", "other parties"], "Percent": [0.39190503989102937, 0.34303042096387104, 0.23506518777972368, 0.029999351365375883]}, "1890-0": {"Total Votes": 0, "Parties": [], "Percent": []}, "1902-0": {"Total Votes": 0, "Parties": [], "Percent": []}, "1914-0": {"Total Votes": 5097.0, "Parties": ["schweizerische freisinnig-demokratische partei", "other parties"], "Percent": [0.9619383951343928, 0.03806160486560722]}, "1975-0": {"Total Votes": 29630.0, "Parties": ["schweizerische freisinnig-demokratische partei", "sozialdemokratische partei der schweiz", "landesring der unabh\u00e4ngigen", "freie liste", "other parties"], "Percent": [0.37418157273034086, 0.3289908876139048, 0.15521430982112724, 0.086297671279109, 0.055315558555518056]}, "1947-0": {"Total Votes": 14572.0, "Parties": ["sozialdemokratische partei der schweiz", "schweizerische freisinnig-demokratische partei", "schweizerische bauern-, gewerbe- und b\u00fcrgerpartei", "schweizerische konservative volkspartei"], "Percent": [0.4606780126269558, 0.2952237167169915, 0.1588663189678836, 0.08523195168816909]}, "1899-0": {"Total Votes": 0, "Parties": [], "Percent": []}, "1971-0": {"Total Votes": 30957.0, "Parties": ["sozialdemokratische partei der schweiz", "schweizerische freisinnig-demokratische partei", "landesring der unabh\u00e4ngigen", "schweizerische christlich demokratische volkspartei", "nationale aktion gegen die \u00dcberfremdung von volk und heimat"], "Percent": [0.40213845010821464, 0.3311367380560132, 0.12191103789126853, 0.08049875633943858, 0.06431501760506508]}, "1951-0": {"Total Votes": 0, "Parties": [], "Percent": []}, "1995-0": {"Total Votes": 30008.0, "Parties": ["sozialdemokratische partei der schweiz", "schweizerische freisinnig-demokratische partei", "schweizerische volkspartei", "freiheitspartei der schweiz", "other parties"], "Percent": [0.37813249800053317, 0.3186483604372167, 0.20377899226872834, 0.08574380165289257, 0.013696347640629165]}, "1866-0": {"Total Votes": 5998.0, "Parties": ["liberal-konservative", "gruppe der demokraten", "schweizerische freisinnig-demokratische partei"],