{"1878-0": {"Total Votes": 20390.0, "Parties": ["katholische konservative", "schweizerische freisinnig-demokratische partei"], "Percent": [0.5702305051495832, 0.4297694948504169]}, "1905-0": {"Total Votes": 15256.0, "Parties": ["katholische konservative", "schweizerische freisinnig-demokratische partei", "gruppe der demokraten", "sozialdemokratische partei der schweiz", "other parties"], "Percent": [0.432813319349764, 0.4065285789197693, 0.08114840062926063, 0.07832983744100681, 0.0011798636601992659]}, "1911-0": {"Total Votes": 11608.0, "Parties": ["schweizerische freisinnig-demokratische partei", "katholische konservative", "sozialdemokratische partei der schweiz", "gruppe der demokraten", "liberal-konservative", "other parties"], "Percent": [0.43159889731219847, 0.20951068228807718, 0.13507925568573398, 0.11345623707787733, 0.10733976567884218, 0.003015161957270848]}, "1908-0": {"Total Votes": 22635.0, "Parties": ["schweizerische freisinnig-demokratische partei", "katholische konservative", "gruppe der demokraten", "sozialdemokratische partei der schweiz", "liberal-konservative"], "Percent": [0.5120830572122819, 0.2590236359620057, 0.09379279876297769, 0.0827037773359841, 0.05239673072675061]}, "1893-0": {"Total Votes": 17573.0, "Parties": ["schweizerische freisinnig-demokratische partei", "katholische konservative"], "Percent": [0.5634211574574631, 0.43657884254253687]}, "1928-0": {"Total Votes": 26913.0, "Parties": ["schweizerische freisinnig-demokratische partei", "schweizerische konservative volkspartei", "sozialdemokratische partei der schweiz", "schweizerische bauern-, gewerbe- und b\u00fcrgerpartei", "kommunistische partei der schweiz"], "Percent": [0.43934158213502766, 0.35611042990376396, 0.13476758443874706, 0.06613904061234348, 0.003641362910117787]}, "1869-0": {"Total Votes": 7666.0, "Parties": ["schweizerische freisinnig-demokratische partei", "katholische konservative", "liberal-konservative"], "Percent": [0.6749282546308375, 0.16305765718758153, 0.162014088181581]}, "1875-0": {"Total Votes": 21363.0, "Parties": ["katholische konservative", "schweizerische freisinnig-demokratische partei"], "Percent": [0.5538079857697888, 0.4461920142302111]}, "1884-0": {"Total Votes": 19491.0, "Parties": ["katholische konservative", "schweizerische freisinnig-demokratische partei"], "Percent": [0.5778051408342312, 0.4221948591657688]}, "1854-0": {"Total Votes": 14500.0, "Parties": ["schweizerische freisinnig-demokratische partei", "katholische konservative", "liberal-konservative", "gruppe der demokraten"], "Percent": [0.8566896551724138, 0.07241379310344828, 0.03572413793103448, 0.03517241379310345]}, "1881-0": {"Total Votes": 19389.0, "Parties": ["katholische konservative", "schweizerische freisinnig-demokratische partei"], "Percent": [0.5967301046985404, 0.40326989530145957]}, "1963-0": {"Total Votes": 35941.0, "Parties": ["schweizerische freisinnig-demokratische partei", "konservativ-christlich soziale partei", "sozialdemokratische partei der schweiz", "schweizerische bauern-, gewerbe- und b\u00fcrgerpartei"], "Percent": [0.40780723964274784, 0.3682980440165827, 0.19014495979521995, 0.03374975654544949]}, "1931-0": {"Total Votes": 27436.0, "Parties": ["schweizerische freisinnig-demokratische partei", "schweizerische konservative volkspartei", "sozialdemokratische partei der schweiz", "kommunistische partei der schweiz"], "Percent": [0.43366379938766586, 0.40370316372649073, 0.15814987607522962, 0.004483160810613792]}, "1991-0": {"Total Votes": 120232.0, "Parties": ["schweizerische freisinnig-demokratische partei", "schweizerische christlich demokratische volkspartei", "lega dei ticinesi", "partito socialista autonomo", "sozialdemokratische partei der schweiz", "schweizerische volkspartei", "gr\u00fcne partei der schweiz", "other parties", "partei der arbeit der schweiz"], "Percent": [0.29430600838379134, 0.2694291037327833, 0.23529509614744826, 0.0998569432430634, 0.06728657928005856, 0.009598110320047907, 0.00951493778694524, 0.007701776565307073, 0.0070114445405549276]}, "1925-0": {"Total Votes": 25580.0, "Parties": ["schweizerische freisinnig-demokratische partei", "schweizerische konservative volkspartei", "sozialdemokratische partei der schweiz", "schweizerische bauern-, gewerbe- und b\u00fcrgerpartei", "kommunistische partei der schweiz", "other parties"], "Percent": [0.4224394057857701, 0.35711493354182955, 0.12521501172791244, 0.09343236903831117, 0.0014073494917904612, 0.00039093041438623924]}, "1919-0": {"Total Votes": 23767.0, "Parties": ["schweizerische freisinnig-demokratische partei", "schweizerische konservative volkspartei", "sozialdemokratische partei der schweiz"], "Percent": [0.4216350401817646, 0.3735852232086507, 0.2047797366095847]}, "1943-0": {"Total Votes": 32462.0, "Parties": ["schweizerische konservative volkspartei", "schweizerische freisinnig-demokratische partei", "sozialdemokratische partei der schweiz", "sozialpolitische gruppe"], "Percent": [0.3589427638469595, 0.31153348530589614, 0.22780481794097715, 0.10171893290616721]}, "1939-0": {"Total Votes": 0, "Parties": [], "Percent": []}, "1851-0": {"Total Votes": 15450.0, "Parties": ["schweizerische freisinnig-demokratische partei", "katholische konservative", "liberal-konservative", "gruppe der demokraten"], "Percent": [0.5280258899676376, 0.4040129449838188, 0.050614886731391584, 0.017346278317152103]}, "1872-0": {"Total Votes": 20599.0, "Parties": ["katholische konservative", "schweizerische freisinnig-demokratische partei"], "Percent": [0.5159959221321423, 0.48400407786785765]}, "1983-0": {"Total Votes": 94406.0, "Parties": ["schweizerische freisinnig-demokratische partei", "schweizerische christlich demokratische volkspartei", "sozialdemokratische partei der schweiz", "partito socialista autonomo", "schweizerische volkspartei", "other parties"], "Percent": [0.3789483719255132, 0.339554689320594, 0.13755481643115905, 0.10552295404953076, 0.020835540113975808, 0.017583628159227167]}, "1967-0": {"Total Votes": 37956.0, "Parties": ["schweizerische freisinnig-demokratische partei", "konservativ-christlich soziale partei", "sozialdemokratische partei der schweiz", "partei der arbeit der schweiz", "schweizerische bauern-, gewerbe- und b\u00fcrgerpartei"], "Percent": [0.41000105385182845, 0.3702444936241964, 0.15697122984508377, 0.03559384550532195, 0.027189377173569396]}, "1848-0": {"Total Votes": 12500.0, "Parties": ["schweizerische freisinnig-demokratische partei", "katholische konservative", "liberal-konservative"], "Percent": [0.63896, 0.332, 0.02904]}, "1987-0": {"Total Votes": 98967.0, "Parties": ["schweizerische christlich demokratische volkspartei", "schweizerische freisinnig-demokratische partei", "partito socialista autonomo", "sozialdemokratische partei der schweiz", "gr\u00fcne partei der schweiz", "other parties", "schweizerische volkspartei", "partei der arbeit der schweiz", "gr\u00fcn-alternativ"], "Percent": [0.3823597764911536, 0.3483383350005557, 0.10992553073246637, 0.09272787898996636, 0.019117483605646326, 0.014277486434872231, 0.012509220245132216, 0.011822122525690381, 0.008922165974516758]}, "1890-0": {"Total Votes": 21904.0, "Parties": ["katholische konservative", "schweizerische freisinnig-demokratische partei"], "Percent": [0.533327246165084, 0.466672753834916]}, "1902-0": {"Total Votes": 17772.0, "Parties": ["schweizerische freisinnig-demokratische partei", "katholische konservative", "gruppe der demokraten", "liberal-konservative", "sozialdemokratische partei der schweiz"], "Percent": [0.41199639882961964, 0.33901643033986045, 0.12401530497411659, 0.0649898717083052, 0.059981994148098135]}, "1914-0": {"Total Votes": 11251.0, "Parties": ["schweizerische freisinnig-demokratische partei", "schweizerische konservative volkspartei", "gruppe der demokraten", "liberal-demokratische partei"], "Percent": [0.3921429206292774, 0.26228779664029866, 0.24913341036352324, 0.09643587236690072]}, "1975-0": {"Total Votes": 88395.0,