{"1878-0": {"Total Votes": 2088.0, "Parties": ["katholische konservative", "other parties"], "Percent": [0.8457854406130269, 0.15421455938697318]}, "1905-0": {"Total Votes": 2078.0, "Parties": ["katholische konservative", "other parties"], "Percent": [0.96390760346487, 0.03609239653512993]}, "1911-0": {"Total Votes": 1835.0, "Parties": ["katholische konservative", "other parties"], "Percent": [0.9389645776566757, 0.06103542234332425]}, "1908-0": {"Total Votes": 0, "Parties": [], "Percent": []}, "1893-0": {"Total Votes": 1803.0, "Parties": ["katholische konservative", "other parties"], "Percent": [0.942318358291736, 0.057681641708264]}, "1928-0": {"Total Votes": 1974.0, "Parties": ["schweizerische freisinnig-demokratische partei", "other parties"], "Percent": [0.9098277608915907, 0.09017223910840932]}, "1869-0": {"Total Votes": 0, "Parties": [], "Percent": []}, "1875-0": {"Total Votes": 0, "Parties": [], "Percent": []}, "1884-0": {"Total Votes": 2397.0, "Parties": ["katholische konservative", "other parties", "schweizerische freisinnig-demokratische partei"], "Percent": [0.9549436795994993, 0.035878181059657906, 0.00917813934084272]}, "1854-0": {"Total Votes": 0, "Parties": [], "Percent": []}, "1881-0": {"Total Votes": 1838.0, "Parties": ["katholische konservative", "other parties"], "Percent": [0.9945593035908596, 0.00544069640914037]}, "1963-0": {"Total Votes": 0, "Parties": [], "Percent": []}, "1931-0": {"Total Votes": 2081.0, "Parties": ["schweizerische freisinnig-demokratische partei", "other parties"], "Percent": [0.8952426717924075, 0.10475732820759251]}, "1991-0": {"Total Votes": 7958.0, "Parties": ["schweizerische freisinnig-demokratische partei", "other parties"], "Percent": [0.93151545614476, 0.06848454385524001]}, "1925-0": {"Total Votes": 1891.0, "Parties": ["schweizerische freisinnig-demokratische partei", "other parties"], "Percent": [0.9048122686409307, 0.09518773135906927]}, "1919-0": {"Total Votes": 2469.0, "Parties": ["schweizerische freisinnig-demokratische partei", "other parties"], "Percent": [0.9651680842446334, 0.034831915755366545]}, "1943-0": {"Total Votes": 0, "Parties": [], "Percent": []}, "1939-0": {"Total Votes": 3489.0, "Parties": ["schweizerische freisinnig-demokratische partei", "other parties"], "Percent": [0.9882487818859272, 0.0117512181140728]}, "1851-0": {"Total Votes": 0, "Parties": [], "Percent": []}, "1872-0": {"Total Votes": 3576.0, "Parties": ["katholische konservative", "other parties"], "Percent": [0.9060402684563759, 0.09395973154362416]}, "1983-0": {"Total Votes": 5667.0, "Parties": ["schweizerische freisinnig-demokratische partei", "other parties"], "Percent": [0.8468325392623963, 0.15316746073760368]}, "1967-0": {"Total Votes": 0, "Parties": [], "Percent": []}, "1848-0": {"Total Votes": 0, "Parties": [], "Percent": []}, "1987-0": {"Total Votes": 10252.0, "Parties": ["schweizerische freisinnig-demokratische partei", "other parties", "auto-partei der schweiz"], "Percent": [0.8549551307062037, 0.12797502926258292, 0.01706984003121342]}, "1890-0": {"Total Votes": 2552.0, "Parties": ["katholische konservative", "other parties"], "Percent": [0.7966300940438872, 0.20336990595611285]}, "1902-0": {"Total Votes": 1905.0, "Parties": ["katholische konservative", "other parties"], "Percent": [0.9490813648293963, 0.050918635170603674]}, "1914-0": {"Total Votes": 3827.0, "Parties": ["schweizerische freisinnig-demokratische partei", "schweizerische konservative volkspartei", "other parties"], "Percent": [0.5860987718839822, 0.40789129866736346, 0.006009929448654298]}, "1975-0": {"Total Votes": 8575.0, "Parties": ["schweizerische freisinnig-demokratische partei", "schweizerische christlich demokratische volkspartei", "other parties"], "Percent": [0.7602332361516035, 0.18612244897959185, 0.053644314868804666]}, "1947-0": {"Total Votes": 4948.0, "Parties": ["schweizerische freisinnig-demokratische partei", "sozialdemokratische partei der schweiz"], "Percent": [0.7663702506063056, 0.23362974939369444]}, "1899-0": {"Total Votes": 1799.0, "Parties": ["katholische konservative", "other parties"], "Percent": [0.9021678710394664, 0.09783212896053363]}, "1971-0": {"Total Votes": 0, "Parties": [], "Percent": []}, "1951-0": {"Total Votes": 0, "Parties": [], "Percent": []}, "1995-0": {"Total Votes": 8777.0, "Parties": ["schweizerische freisinnig-demokratische partei", "other parties"], "Percent": [0.8602028027799932, 0.13979719722000683]}, "1866-0": {"Total Votes": 0, "Parties": [], "Percent": []}, "1863-0": {"Total Votes": 0, "Parties": [], "Percent": []}, "1955-0": {"Total Votes": 0, "Parties": [], "Percent": []}, "1979-0": {"Total Votes": 11445.0, "Parties": ["schweizerische freisinnig-demokratische partei", "schweizerische christlich demokratische volkspartei", "sozialdemokratische partei der schweiz", "other parties"], "Percent": [0.38986456968108346, 0.3493228484054172, 0.23023154215814767, 0.03058103975535168]}, "1860-0": {"Total Votes": 0, "Parties": [], "Percent": []}, "1922-0": {"Total Votes": 1549.0, "Parties": ["schweizerische freisinnig-demokratische partei", "other parties"], "Percent": [0.8463524854744997, 0.15364751452550032]}, "1959-0": {"Total Votes": 0, "Parties": [], "Percent": []}, "1917-0": {"Total Votes": 1404.0, "Parties": ["schweizerische freisinnig-demokratische partei", "schweizerische konservative volkspartei"], "Percent": [0.967948717948718, 0.03205128205128205]}, "1887-0": {"Total Votes": 1869.0, "Parties": ["katholische konservative", "other parties"], "Percent": [0.9390048154093098, 0.060995184590690206]}, "1896-0": {"Total Votes": 2118.0, "Parties": ["katholische konservative", "other parties"], "Percent": [0.9254013220018886, 0.07459867799811143]}, "1857-0": {"Total Votes": 0, "Parties": [], "Percent": []}, "1935-0": {"Total Votes": 3198.0, "Parties": ["schweizerische freisinnig-demokratische partei", "other parties"], "Percent": [0.9402751719824891, 0.059724828017510945]}}