{"1878-0": {"Total Votes": 14054.0, "Parties": ["katholische konservative", "schweizerische freisinnig-demokratische partei", "other parties"], "Percent": [0.7501778852995589, 0.24000284616479295, 0.009819268535648214]}, "1905-0": {"Total Votes": 15482.0, "Parties": ["katholische konservative", "schweizerische freisinnig-demokratische partei", "other parties"], "Percent": [0.8263144296602506, 0.1428755974680274, 0.030809972871721998]}, "1911-0": {"Total Votes": 13763.0, "Parties": ["katholische konservative", "schweizerische freisinnig-demokratische partei", "other parties"], "Percent": [0.8197340696069171, 0.16428104337717067, 0.01598488701591223]}, "1908-0": {"Total Votes": 13566.0, "Parties": ["katholische konservative", "schweizerische freisinnig-demokratische partei"], "Percent": [0.8184431667403803, 0.18155683325961963]}, "1893-0": {"Total Votes": 12995.0, "Parties": ["katholische konservative", "schweizerische freisinnig-demokratische partei"], "Percent": [0.782070026933436, 0.21792997306656406]}, "1928-0": {"Total Votes": 30366.0, "Parties": ["schweizerische konservative volkspartei", "schweizerische freisinnig-demokratische partei", "sozialdemokratische partei der schweiz"], "Percent": [0.6776987420140947, 0.18929065402094447, 0.1330106039649608]}, "1869-0": {"Total Votes": 15485.0, "Parties": ["katholische konservative", "schweizerische freisinnig-demokratische partei", "liberal-konservative", "other parties"], "Percent": [0.6016790442363578, 0.35744268647077815, 0.03248304811107523, 0.008395221181788828]}, "1875-0": {"Total Votes": 13025.0, "Parties": ["katholische konservative", "schweizerische freisinnig-demokratische partei", "other parties"], "Percent": [0.6967370441458733, 0.2436852207293666, 0.05957773512476008]}, "1884-0": {"Total Votes": 17436.0, "Parties": ["katholische konservative", "schweizerische freisinnig-demokratische partei", "liberal-konservative", "other parties"], "Percent": [0.7279766001376462, 0.18674007799954118, 0.07352603808212893, 0.011757283780683643]}, "1854-0": {"Total Votes": 9439.0, "Parties": ["katholische konservative", "schweizerische freisinnig-demokratische partei", "liberal-konservative", "other parties"], "Percent": [0.4044920012713211, 0.389236147897023, 0.13009852738637567, 0.07617332344528022]}, "1881-0": {"Total Votes": 18771.0, "Parties": ["katholische konservative", "schweizerische freisinnig-demokratische partei", "liberal-konservative", "other parties"], "Percent": [0.6884023227318736, 0.2724415321506579, 0.029087422087262265, 0.010068723030206169]}, "1963-0": {"Total Votes": 36440.0, "Parties": ["konservativ-christlich soziale partei", "schweizerische freisinnig-demokratische partei", "sozialdemokratische partei der schweiz"], "Percent": [0.6415477497255763, 0.20658616904500549, 0.15186608122941822]}, "1931-0": {"Total Votes": 32046.0, "Parties": ["schweizerische konservative volkspartei", "schweizerische freisinnig-demokratische partei", "sozialdemokratische partei der schweiz"], "Percent": [0.6825812893964925, 0.20754540348249392, 0.10987330712101355]}, "1991-0": {"Total Votes": 99156.0, "Parties": ["schweizerische christlich demokratische volkspartei", "schweizerische freisinnig-demokratische partei", "sozialdemokratische partei der schweiz", "liberale partei der schweiz", "gr\u00fcne partei der schweiz"], "Percent": [0.5438097543265158, 0.25899592561216667, 0.144630682964218, 0.03925128081003671, 0.01331235628706281]}, "1925-0": {"Total Votes": 28595.0, "Parties": ["schweizerische konservative volkspartei", "schweizerische freisinnig-demokratische partei", "sozialdemokratische partei der schweiz"], "Percent": [0.6816576324532261, 0.22755726525616365, 0.09078510229061025]}, "1919-0": {"Total Votes": 27369.0, "Parties": ["schweizerische konservative volkspartei", "schweizerische freisinnig-demokratische partei", "sozialdemokratische partei der schweiz"], "Percent": [0.7061273703825496, 0.22667982023457195, 0.06719280938287844]}, "1943-0": {"Total Votes": 32317.0, "Parties": ["schweizerische konservative volkspartei", "schweizerische freisinnig-demokratische partei", "sozialdemokratische partei der schweiz"], "Percent": [0.6221493331683016, 0.2117461398025807, 0.1661045270291178]}, "1939-0": {"Total Votes": 0, "Parties": [], "Percent": []}, "1851-0": {"Total Votes": 6839.0, "Parties": ["katholische konservative", "liberal-konservative", "schweizerische freisinnig-demokratische partei", "other parties"], "Percent": [0.5401374469951747, 0.23585319491153678, 0.22298581663985964, 0.0010235414534288639]}, "1872-0": {"Total Votes": 16216.0, "Parties": ["katholische konservative", "schweizerische freisinnig-demokratische partei", "liberal-konservative"], "Percent": [0.742106561420819, 0.21077947705969413, 0.04711396151948693]}, "1983-0": {"Total Votes": 93126.0, "Parties": ["schweizerische christlich demokratische volkspartei", "schweizerische freisinnig-demokratische partei", "sozialdemokratische partei der schweiz", "other parties"], "Percent": [0.5752314069110668, 0.25127246955737387, 0.14122801365891374, 0.03226810987264566]}, "1967-0": {"Total Votes": 43521.0, "Parties": ["konservativ-christlich soziale partei", "schweizerische freisinnig-demokratische partei", "other parties", "sozialdemokratische partei der schweiz", "landesring der unabh\u00e4ngigen"], "Percent": [0.5793295190827417, 0.18331380253211094, 0.14976677925599136, 0.07359665448863767, 0.013993244640518371]}, "1848-0": {"Total Votes": 7554.0, "Parties": ["katholische konservative", "schweizerische freisinnig-demokratische partei", "liberal-konservative", "other parties"], "Percent": [0.3799311622981202, 0.32234577707175005, 0.2953402171035213, 0.0023828435266084196]}, "1987-0": {"Total Votes": 90206.0, "Parties": ["schweizerische christlich demokratische volkspartei", "schweizerische freisinnig-demokratische partei", "sozialdemokratische partei der schweiz", "gr\u00fcne partei der schweiz", "other parties"], "Percent": [0.5869010930536771, 0.2454493049242844, 0.14535618473272288, 0.01657317695053544, 0.005720240338780125]}, "1890-0": {"Total Votes": 18455.0, "Parties": ["katholische konservative", "schweizerische freisinnig-demokratische partei", "other parties"], "Percent": [0.7325386074234624, 0.2525060959089678, 0.014955296667569765]}, "1902-0": {"Total Votes": 13702.0, "Parties": ["katholische konservative", "schweizerische freisinnig-demokratische partei", "other parties"], "Percent": [0.8417019413224347, 0.15107283608232375, 0.00722522259524157]}, "1914-0": {"Total Votes": 13618.0, "Parties": ["schweizerische konservative volkspartei", "schweizerische freisinnig-demokratische partei", "other parties"], "Percent": [0.7993097371126451, 0.1704361873990307, 0.030254075488324275]}, "1975-0": {"Total Votes": 83933.0, "Parties": ["schweizerische christlich demokratische volkspartei", "schweizerische freisinnig-demokratische partei", "sozialdemokratische partei der schweiz", "other parties", "freie liste"], "Percent": [0.5865273491951914, 0.18114448429104166, 0.16620399604446404, 0.04540526372225465, 0.02071890674704824]}, "1947-0": {"Total Votes": 33265.0, "Parties": ["schweizerische konservative volkspartei", "schweizerische freisinnig-demokratische partei", "sozialdemokratische partei der schweiz", "partei der arbeit der schweiz"], "Percent": [0.6428979407785961, 0.22519164286787915, 0.11131820231474522, 0.020592214038779498]}, "1899-0": {"Total Votes": 12159.0, "Parties": ["katholische konservative", "schweizerische freisinnig-demokratische partei", "other parties"], "Percent": [0.8100172711571675, 0.16654330125832717, 0.023439427584505304]}, "1971-0": {"Total Votes": 79184.0, "Parties": ["schweizerische christlich demokratische volkspartei", "schweizerische freisinnig-demokratische partei", "sozialdemokratische partei der schweiz", "other parties"], "Percent": [0.61573045059608, 0.19275358658314812, 0.1547534855526369, 0.036762477268134974]}, "1951-0": {"Total Votes": 33931.0,