{"1878-0": {"Total Votes": 3920.0, "Parties": ["schweizerische freisinnig-demokratische partei", "other parties"], "Percent": [0.9801020408163266, 0.01989795918367347]}, "1905-0": {"Total Votes": 4056.0, "Parties": ["schweizerische freisinnig-demokratische partei", "gruppe der demokraten", "other parties"], "Percent": [0.6390532544378699, 0.3328402366863905, 0.028106508875739646]}, "1911-0": {"Total Votes": 6213.0, "Parties": ["schweizerische freisinnig-demokratische partei", "gruppe der demokraten", "katholische konservative", "sozialdemokratische partei der schweiz", "other parties"], "Percent": [0.6069531627233221, 0.2520521487204249, 0.0740383067761146, 0.05504587155963303, 0.011910510220505393]}, "1908-0": {"Total Votes": 4554.0, "Parties": ["schweizerische freisinnig-demokratische partei", "gruppe der demokraten", "other parties"], "Percent": [0.6264822134387352, 0.3377250768555116, 0.035792709705753184]}, "1893-0": {"Total Votes": 5611.0, "Parties": ["schweizerische freisinnig-demokratische partei", "gruppe der demokraten"], "Percent": [0.7299946533594724, 0.27000534664052755]}, "1928-0": {"Total Votes": 14240.0, "Parties": ["sozialdemokratische partei der schweiz", "schweizerische freisinnig-demokratische partei", "schweizerische bauern-, gewerbe- und b\u00fcrgerpartei", "schweizerische konservative volkspartei", "other parties", "kommunistische partei der schweiz"], "Percent": [0.31109550561797755, 0.2782303370786517, 0.16193820224719102, 0.1259129213483146, 0.061657303370786516, 0.06116573033707865]}, "1869-0": {"Total Votes": 3014.0, "Parties": ["schweizerische freisinnig-demokratische partei", "liberal-konservative", "other parties", "gruppe der demokraten"], "Percent": [0.466821499668215, 0.28931652289316523, 0.14001327140013273, 0.10384870603848706]}, "1875-0": {"Total Votes": 4431.0, "Parties": ["schweizerische freisinnig-demokratische partei", "gruppe der demokraten", "liberal-konservative", "other parties"], "Percent": [0.43601895734597157, 0.29496727600993006, 0.19995486346197247, 0.06905890318212593]}, "1884-0": {"Total Votes": 3820.0, "Parties": ["schweizerische freisinnig-demokratische partei", "evangelische konservative", "other parties"], "Percent": [0.8392670157068063, 0.15157068062827225, 0.009162303664921465]}, "1854-0": {"Total Votes": 2502.0, "Parties": ["schweizerische freisinnig-demokratische partei", "gruppe der demokraten"], "Percent": [0.7110311750599521, 0.28896882494004794]}, "1881-0": {"Total Votes": 3783.0, "Parties": ["schweizerische freisinnig-demokratische partei", "other parties"], "Percent": [0.9421094369547978, 0.05789056304520222]}, "1963-0": {"Total Votes": 25074.0, "Parties": ["sozialdemokratische partei der schweiz", "schweizerische freisinnig-demokratische partei", "schweizerische bauern-, gewerbe- und b\u00fcrgerpartei", "konservativ-christlich soziale partei", "other parties"], "Percent": [0.34529791816223976, 0.23697854351120684, 0.15350562335486959, 0.1460875807609476, 0.11813033421073622]}, "1931-0": {"Total Votes": 15399.0, "Parties": ["sozialdemokratische partei der schweiz", "schweizerische freisinnig-demokratische partei", "schweizerische bauern-, gewerbe- und b\u00fcrgerpartei", "schweizerische konservative volkspartei", "kommunistische partei der schweiz"], "Percent": [0.37424508084940583, 0.2969673355412689, 0.15332164426261446, 0.12442366387427756, 0.05104227547243328]}, "1991-0": {"Total Votes": 71097.0, "Parties": ["schweizerische freisinnig-demokratische partei", "sozialdemokratische partei der schweiz", "schweizerische volkspartei", "schweizerische christlich demokratische volkspartei", "gr\u00fcne partei der schweiz", "schweizer demokraten", "auto-partei der schweiz", "other parties"], "Percent": [0.2476194494845071, 0.24420158375177575, 0.12280405642994782, 0.11550417035880557, 0.1100327721282192, 0.09070706218265187, 0.04271628901360114, 0.026414616650491583]}, "1925-0": {"Total Votes": 14812.0, "Parties": ["sozialdemokratische partei der schweiz", "schweizerische freisinnig-demokratische partei", "schweizerische bauern-, gewerbe- und b\u00fcrgerpartei", "other parties", "schweizerische konservative volkspartei", "kommunistische partei der schweiz"], "Percent": [0.280110721036997, 0.21739130434782608, 0.1802592492573589, 0.16817445314609775, 0.09910883067782879, 0.05495544153389144]}, "1919-0": {"Total Votes": 15943.0, "Parties": ["schweizerische freisinnig-demokratische partei", "sozialdemokratische partei der schweiz", "schweizerische konservative volkspartei", "gr\u00fctlianer"], "Percent": [0.5143323088502791, 0.2841372389136298, 0.10154926927178072, 0.09998118296431036]}, "1943-0": {"Total Votes": 18058.0, "Parties": ["sozialdemokratische partei der schweiz", "other parties", "landesring der unabh\u00e4ngigen", "schweizerische freisinnig-demokratische partei", "schweizerische konservative volkspartei"], "Percent": [0.3512570605825673, 0.17759441798648798, 0.17022926126924354, 0.16973086720567063, 0.13118839295603058]}, "1939-0": {"Total Votes": 17281.0, "Parties": ["other parties", "sozialdemokratische partei der schweiz", "schweizerische freisinnig-demokratische partei", "schweizerische konservative volkspartei", "kommunistische partei der schweiz"], "Percent": [0.33910074648457844, 0.2726115386841039, 0.2380649267982177, 0.12684451131300273, 0.023378276720097218]}, "1851-0": {"Total Votes": 2502.0, "Parties": ["schweizerische freisinnig-demokratische partei", "gruppe der demokraten"], "Percent": [0.8009592326139089, 0.19904076738609114]}, "1872-0": {"Total Votes": 5738.0, "Parties": ["schweizerische freisinnig-demokratische partei", "gruppe der demokraten", "liberal-konservative", "other parties"], "Percent": [0.6509236667828512, 0.17288253746950158, 0.17009410944579992, 0.006099686301847334]}, "1983-0": {"Total Votes": 70091.0, "Parties": ["sozialdemokratische partei der schweiz", "schweizerische freisinnig-demokratische partei", "schweizerische volkspartei", "schweizerische christlich demokratische volkspartei", "progressive organisationen der schweiz", "landesring der unabh\u00e4ngigen", "nationale aktion gegen die \u00dcberfremdung von volk und heimat", "other parties", "gr\u00fcne partei der schweiz"], "Percent": [0.3255054143898646, 0.2505314519695824, 0.11184032186728682, 0.10805952262059323, 0.07217759769442582, 0.043828736927708264, 0.03917764049592672, 0.029761310296614402, 0.019118003737997744]}, "1967-0": {"Total Votes": 28889.0, "Parties": ["sozialdemokratische partei der schweiz", "schweizerische freisinnig-demokratische partei", "schweizerische bauern-, gewerbe- und b\u00fcrgerpartei", "konservativ-christlich soziale partei", "landesring der unabh\u00e4ngigen", "other parties"], "Percent": [0.3307487278895081, 0.22756066322821836, 0.145280210460729, 0.1380802381529302, 0.10799958461698224, 0.05033057565163211]}, "1848-0": {"Total Votes": 3813.0, "Parties": ["schweizerische freisinnig-demokratische partei", "gruppe der demokraten"], "Percent": [0.7469184369263048, 0.2530815630736952]}, "1987-0": {"Total Votes": 70840.0, "Parties": ["sozialdemokratische partei der schweiz", "schweizerische freisinnig-demokratische partei", "schweizerische christlich demokratische volkspartei", "schweizerische volkspartei", "progressive organisationen der schweiz", "gr\u00fcne partei der schweiz", "nationale aktion gegen die \u00dcberfremdung von volk und heimat", "other parties", "landesring der unabh\u00e4ngigen", "auto-partei der schweiz", "gr\u00fcn-alternativ"], "Percent": [0.22820440429136082, 0.21973461321287407, 0.1226849237718803, 0.11960756634669678, 0.0740824392998306, 0.0691981931112366, 0.06164596273291925, 0.03228402032749859, 0.02652456239412761, 0.025762281197063804, 0.020271033314511574]}, "1890-0": {"Total Votes": 7786.0, "Parties": ["schweizerische freisinnig-demokratische partei", "gruppe der demokraten", "sozialdemokratische partei der schweiz", "other parties", "katholische konservative"],