{"1878-0": {"Total Votes": 4061.0, "Parties": ["liberal-konservative", "schweizerische freisinnig-demokratische partei", "gruppe der demokraten", "other parties"], "Percent": [0.49913814331445455, 0.45604530903718293, 0.023885742427973405, 0.02093080522038907]}, "1905-0": {"Total Votes": 3728.0, "Parties": ["gruppe der demokraten", "other parties"], "Percent": [0.9790772532188842, 0.02092274678111588]}, "1911-0": {"Total Votes": 4122.0, "Parties": ["gruppe der demokraten", "other parties"], "Percent": [0.9769529354682193, 0.023047064531780688]}, "1908-0": {"Total Votes": 4154.0, "Parties": ["gruppe der demokraten", "other parties"], "Percent": [0.9836302359171882, 0.01636976408281175]}, "1893-0": {"Total Votes": 4346.0, "Parties": ["schweizerische freisinnig-demokratische partei", "gruppe der demokraten", "other parties"], "Percent": [0.5089737689829729, 0.4689369535204786, 0.02208927749654855]}, "1928-0": {"Total Votes": 0, "Parties": [], "Percent": []}, "1869-0": {"Total Votes": 0, "Parties": [], "Percent": []}, "1875-0": {"Total Votes": 4374.0, "Parties": ["schweizerische freisinnig-demokratische partei", "liberal-konservative", "gruppe der demokraten", "evangelische konservative", "other parties"], "Percent": [0.4849108367626886, 0.44010059442158206, 0.04298125285779607, 0.022862368541380886, 0.009144947416552356]}, "1884-0": {"Total Votes": 3767.0, "Parties": ["liberal-konservative", "gruppe der demokraten", "other parties"], "Percent": [0.5110167241837006, 0.4539421290151314, 0.03504114680116804]}, "1854-0": {"Total Votes": 0, "Parties": [], "Percent": []}, "1881-0": {"Total Votes": 3250.0, "Parties": ["liberal-konservative", "schweizerische freisinnig-demokratische partei", "gruppe der demokraten", "other parties"], "Percent": [0.4590769230769231, 0.4390769230769231, 0.056, 0.04584615384615385]}, "1963-0": {"Total Votes": 0, "Parties": [], "Percent": []}, "1931-0": {"Total Votes": 7629.0, "Parties": ["schweizerische freisinnig-demokratische partei", "sozialpolitische gruppe", "sozialdemokratische partei der schweiz", "schweizerische konservative volkspartei"], "Percent": [0.3899593655787128, 0.2440686852798532, 0.2430200550530869, 0.1229518940883471]}, "1991-0": {"Total Votes": 10210.0, "Parties": ["sozialdemokratische partei der schweiz", "schweizerische volkspartei", "other parties"], "Percent": [0.5369245837414299, 0.4279138099902057, 0.03516160626836435]}, "1925-0": {"Total Votes": 0, "Parties": [], "Percent": []}, "1919-0": {"Total Votes": 6875.0, "Parties": ["schweizerische freisinnig-demokratische partei", "gruppe der demokraten", "gr\u00fctlianer", "schweizerische konservative volkspartei"], "Percent": [0.3613090909090909, 0.2999272727272727, 0.22603636363636365, 0.11272727272727273]}, "1943-0": {"Total Votes": 7925.0, "Parties": ["sozialdemokratische partei der schweiz", "schweizerische freisinnig-demokratische partei", "sozialpolitische gruppe", "schweizerische konservative volkspartei"], "Percent": [0.3843533123028391, 0.24958990536277603, 0.22902208201892746, 0.13703470031545742]}, "1939-0": {"Total Votes": 7616.0, "Parties": ["sozialpolitische gruppe", "sozialdemokratische partei der schweiz", "schweizerische freisinnig-demokratische partei"], "Percent": [0.4263392857142857, 0.29516806722689076, 0.27849264705882354]}, "1851-0": {"Total Votes": 0, "Parties": [], "Percent": []}, "1872-0": {"Total Votes": 5364.0, "Parties": ["schweizerische freisinnig-demokratische partei", "liberal-konservative", "evangelische konservative", "gruppe der demokraten", "other parties"], "Percent": [0.46308724832214765, 0.4220730797912006, 0.06991051454138703, 0.02703206562266965, 0.017897091722595078]}, "1983-0": {"Total Votes": 5465.0, "Parties": ["schweizerische volkspartei", "other parties"], "Percent": [0.9231473010064044, 0.0768526989935956]}, "1967-0": {"Total Votes": 0, "Parties": [], "Percent": []}, "1848-0": {"Total Votes": 0, "Parties": [], "Percent": []}, "1987-0": {"Total Votes": 4776.0, "Parties": ["schweizerische volkspartei", "other parties"], "Percent": [0.8561557788944724, 0.14384422110552764]}, "1890-0": {"Total Votes": 4714.0, "Parties": ["gruppe der demokraten", "liberal-konservative", "other parties"], "Percent": [0.5010606703436572, 0.4660585490029699, 0.03288078065337293]}, "1902-0": {"Total Votes": 4511.0, "Parties": ["gruppe der demokraten", "schweizerische freisinnig-demokratische partei", "other parties"], "Percent": [0.49501219241853245, 0.48392817557082685, 0.021059632010640657]}, "1914-0": {"Total Votes": 4210.0, "Parties": ["gruppe der demokraten", "schweizerische freisinnig-demokratische partei", "other parties"], "Percent": [0.5009501187648456, 0.4731591448931116, 0.025890736342042756]}, "1975-0": {"Total Votes": 7037.0, "Parties": ["sozialdemokratische partei der schweiz", "other parties"], "Percent": [0.6471507744777604, 0.3528492255222396]}, "1947-0": {"Total Votes": 8241.0, "Parties": ["sozialdemokratische partei der schweiz", "schweizerische freisinnig-demokratische partei", "sozialpolitische gruppe"], "Percent": [0.39339885936172797, 0.31003518990413786, 0.2965659507341342]}, "1899-0": {"Total Votes": 4297.0, "Parties": ["gruppe der demokraten", "schweizerische freisinnig-demokratische partei", "other parties"], "Percent": [0.535024435652781, 0.44705608564114496, 0.017919478706074004]}, "1971-0": {"Total Votes": 13319.0, "Parties": ["sozialdemokratische partei der schweiz", "schweizerische freisinnig-demokratische partei"], "Percent": [0.574517606426909, 0.4254823935730911]}, "1951-0": {"Total Votes": 0, "Parties": [], "Percent": []}, "1995-0": {"Total Votes": 5361.0, "Parties": ["sozialdemokratische partei der schweiz", "other parties"], "Percent": [0.8390225704159672, 0.16097742958403283]}, "1866-0": {"Total Votes": 0, "Parties": [], "Percent": []}, "1863-0": {"Total Votes": 0, "Parties": [], "Percent": []}, "1955-0": {"Total Votes": 0, "Parties": [], "Percent": []}, "1979-0": {"Total Votes": 7817.0, "Parties": ["schweizerische volkspartei", "schweizerische freisinnig-demokratische partei", "other parties"], "Percent": [0.8179608545477804, 0.14353332480491238, 0.03850582064730715]}, "1860-0": {"Total Votes": 0, "Parties": [], "Percent": []}, "1922-0": {"Total Votes": 6758.0, "Parties": ["gruppe der demokraten", "schweizerische freisinnig-demokratische partei", "gr\u00fctlianer"], "Percent": [0.45649600473512875, 0.35646641018052677, 0.18703758508434448]}, "1959-0": {"Total Votes": 8253.0, "Parties": ["sozialdemokratische partei der schweiz", "schweizerische freisinnig-demokratische partei", "sozialpolitische gruppe", "konservativ-christlich soziale partei"], "Percent": [0.3940385314431116, 0.28607778989458377, 0.18914334181509754, 0.13074033684720707]}, "1917-0": {"Total Votes": 4051.0, "Parties": ["gruppe der demokraten", "schweizerische freisinnig-demokratische partei", "other parties"], "Percent": [0.49987657368550975, 0.48210318439891386, 0.018020241915576402]}, "1887-0": {"Total Votes": 4350.0, "Parties": ["gruppe der demokraten", "liberal-konservative", "sozialdemokratische partei der schweiz", "other parties"], "Percent": [0.4728735632183908, 0.4510344827586207, 0.06206896551724138, 0.014022988505747127]}, "1896-0": {"Total Votes": 4406.0, "Parties": ["gruppe der demokraten", "schweizerische freisinnig-demokratische partei", "other parties"], "Percent": [0.4961416250567408, 0.41307308216068994, 0.09078529278256922]}, "1857-0": {"Total Votes": 0, "Parties": [], "Percent": []}, "1935-0": {"Total Votes": 8079.0, "Parties": ["schweizerische freisinnig-demokratische partei", "sozialdemokratische partei der schweiz", "sozialpolitische gruppe", "schweizerische konservative volkspartei"], "Percent": [0.2726822626562693, 0.270578041836861, 0.24792672360440648, 0.20881297190246317]}}