{"1878-0": {"Total Votes": 14369.0, "Parties": ["schweizerische freisinnig-demokratische partei", "katholische konservative", "evangelische konservative", "liberal-konservative", "other parties"], "Percent": [0.3531213028046489, 0.25770756489665253, 0.21866518198900411, 0.13682232584035076, 0.033683624469343726]}, "1905-0": {"Total Votes": 12180.0, "Parties": ["schweizerische freisinnig-demokratische partei", "liberal-konservative", "katholische konservative", "other parties"], "Percent": [0.5919540229885057, 0.1990968801313629, 0.19499178981937604, 0.013957307060755337]}, "1911-0": {"Total Votes": 13733.0, "Parties": ["schweizerische freisinnig-demokratische partei", "sozialdemokratische partei der schweiz", "katholische konservative", "liberal-konservative", "other parties"], "Percent": [0.5010558508701668, 0.2199810675016384, 0.12997888298259666, 0.12997888298259666, 0.01900531566300153]}, "1908-0": {"Total Votes": 11778.0, "Parties": ["schweizerische freisinnig-demokratische partei", "katholische konservative", "liberal-konservative"], "Percent": [0.5960264900662252, 0.20292069960944134, 0.2010528103243335]}, "1893-0": {"Total Votes": 13316.0, "Parties": ["schweizerische freisinnig-demokratische partei", "katholische konservative", "evangelische konservative", "liberal-konservative", "gruppe der demokraten", "other parties"], "Percent": [0.3187143286272154, 0.19337638930609793, 0.1664163412436167, 0.16544007209372183, 0.1314959447281466, 0.02455692400120156]}, "1928-0": {"Total Votes": 23891.0, "Parties": ["schweizerische konservative volkspartei", "schweizerische freisinnig-demokratische partei", "gruppe der demokraten", "sozialdemokratische partei der schweiz"], "Percent": [0.374366916412038, 0.2716922690552928, 0.2246034071407643, 0.1293374073919049]}, "1869-0": {"Total Votes": 10762.0, "Parties": ["schweizerische freisinnig-demokratische partei", "katholische konservative", "liberal-konservative", "evangelische konservative", "other parties"], "Percent": [0.36247909310537074, 0.28990893885894814, 0.22514402527411262, 0.07452146441181937, 0.04794647834974912]}, "1875-0": {"Total Votes": 14783.0, "Parties": ["schweizerische freisinnig-demokratische partei", "katholische konservative", "liberal-konservative", "evangelische konservative", "other parties"], "Percent": [0.4109450043969424, 0.25008455658526685, 0.21010620307109518, 0.10167083812487317, 0.027193397821822365]}, "1884-0": {"Total Votes": 15381.0, "Parties": ["schweizerische freisinnig-demokratische partei", "katholische konservative", "evangelische konservative", "gruppe der demokraten", "liberal-konservative", "other parties"], "Percent": [0.40569533840452504, 0.24354723359989597, 0.13783239061179378, 0.12463428905792862, 0.05396268123008907, 0.03432806709576751]}, "1854-0": {"Total Votes": 10016.0, "Parties": ["schweizerische freisinnig-demokratische partei", "liberal-konservative", "katholische konservative", "evangelische konservative", "other parties"], "Percent": [0.5012979233226837, 0.22673722044728434, 0.1538538338658147, 0.10353434504792332, 0.01457667731629393]}, "1881-0": {"Total Votes": 16238.0, "Parties": ["schweizerische freisinnig-demokratische partei", "evangelische konservative", "katholische konservative", "liberal-konservative", "other parties"], "Percent": [0.42437492302007634, 0.25791353614977214, 0.23377263209754895, 0.06546372705998275, 0.01847518167261978]}, "1963-0": {"Total Votes": 26859.0, "Parties": ["konservativ-christlich soziale partei", "sozialpolitische gruppe", "schweizerische freisinnig-demokratische partei", "sozialdemokratische partei der schweiz"], "Percent": [0.4159871923749954, 0.29412859749059905, 0.15428720354443576, 0.13559700658996984]}, "1931-0": {"Total Votes": 24753.0, "Parties": ["schweizerische konservative volkspartei", "schweizerische freisinnig-demokratische partei", "sozialpolitische gruppe", "sozialdemokratische partei der schweiz"], "Percent": [0.3734900820102614, 0.2698662788348887, 0.189916373772876, 0.1667272653819739]}, "1991-0": {"Total Votes": 45307.0, "Parties": ["schweizerische christlich demokratische volkspartei", "sozialdemokratische partei der schweiz", "schweizerische volkspartei", "schweizerische freisinnig-demokratische partei", "christlich-soziale partei", "other parties", "gr\u00fcn-alternativ"], "Percent": [0.2549274946476262, 0.2126602953186042, 0.19517955282848126, 0.18085505551018607, 0.06932703555741938, 0.04438607720661267, 0.042664488931070256]}, "1925-0": {"Total Votes": 22004.0, "Parties": ["schweizerische konservative volkspartei", "schweizerische freisinnig-demokratische partei", "gruppe der demokraten", "sozialdemokratische partei der schweiz"], "Percent": [0.35679876386111614, 0.2960825304490093, 0.22518632975822578, 0.1219323759316488]}, "1919-0": {"Total Votes": 24735.0, "Parties": ["schweizerische freisinnig-demokratische partei", "schweizerische konservative volkspartei", "sozialdemokratische partei der schweiz", "gruppe der demokraten"], "Percent": [0.42332726905195067, 0.3475237517687487, 0.12872447948251464, 0.10042449969678593]}, "1943-0": {"Total Votes": 26392.0, "Parties": ["sozialpolitische gruppe", "schweizerische konservative volkspartei", "schweizerische freisinnig-demokratische partei", "sozialdemokratische partei der schweiz"], "Percent": [0.3984919672628069, 0.3507881176113974, 0.14292209760533495, 0.10779781752046075]}, "1939-0": {"Total Votes": 27460.0, "Parties": ["sozialpolitische gruppe", "schweizerische konservative volkspartei", "schweizerische freisinnig-demokratische partei", "sozialdemokratische partei der schweiz"], "Percent": [0.38903860160233067, 0.34024034959941735, 0.17399854333576112, 0.0967225054624909]}, "1851-0": {"Total Votes": 11551.0, "Parties": ["liberal-konservative", "schweizerische freisinnig-demokratische partei", "evangelische konservative", "katholische konservative"], "Percent": [0.35901653536490347, 0.32040515972643063, 0.1932300233745996, 0.12734828153406633]}, "1872-0": {"Total Votes": 14381.0, "Parties": ["schweizerische freisinnig-demokratische partei", "liberal-konservative", "katholische konservative", "evangelische konservative", "other parties"], "Percent": [0.45859119671789167, 0.2973367637855504, 0.1278075238161463, 0.09846325012168834, 0.017801265558723314]}, "1983-0": {"Total Votes": 40683.0, "Parties": ["schweizerische christlich demokratische volkspartei", "sozialdemokratische partei der schweiz", "schweizerische volkspartei", "schweizerische freisinnig-demokratische partei"], "Percent": [0.3328171472113659, 0.24651574367672, 0.21984612737507067, 0.2008209817368434]}, "1967-0": {"Total Votes": 26538.0, "Parties": ["konservativ-christlich soziale partei", "sozialpolitische gruppe", "schweizerische freisinnig-demokratische partei", "sozialdemokratische partei der schweiz"], "Percent": [0.4042505087044992, 0.33314492425955233, 0.14997362272967066, 0.11263094430627779]}, "1848-0": {"Total Votes": 11907.0, "Parties": ["schweizerische freisinnig-demokratische partei", "evangelische konservative", "liberal-konservative", "katholische konservative", "other parties"], "Percent": [0.5343075501805661, 0.1924918115394306, 0.19165196942974722, 0.07121861090115059, 0.010330057949105569]}, "1987-0": {"Total Votes": 43867.0, "Parties": ["schweizerische christlich demokratische volkspartei", "schweizerische volkspartei", "sozialdemokratische partei der schweiz", "schweizerische freisinnig-demokratische partei", "other parties", "gr\u00fcn-alternativ"], "Percent": [0.2845647069551143, 0.19985410445209384, 0.19552283037362939, 0.18252900813823603, 0.07700549387922584, 0.060523856201700595]}, "1890-0": {"Total Votes": 15372.0, "Parties": ["katholische konservative", "schweizerische freisinnig-demokratische partei", "gruppe der demokraten", "liberal-konservative", "other parties"], "Percent": [0.36449388498568824, 0.32734842570908146, 0.14428831641946396, 0.12685402029664325, 0.03701535258912308]}, "1902-0": {"Total Votes": 15165.0,