{"2010-11": {"Total Votes": 42934.0, "Parties": ["Azerbaijan Social Welfare Party", "Civil Solidarity Party", "Independent", "Aydinlar Party", "New Azerbaijan Party"], "Percent": [0.3490939581683514, 0.30157916802534124, 0.21984907066660456, 0.07068989611962548, 0.05878790702007733]}}