{"2010-11": {"Total Votes": 41451.0, "Parties": ["Independent", "Civil Solidarity Party", "Azerbaijan Social Democrat Party", "New Azerbaijan Party", "Azerbaijan Communist Party", "Azerbaijan National Democrat Party"], "Percent": [0.4950664640177559, 0.27777375696605633, 0.09524498805818919, 0.06832163277122386, 0.04067453137439386, 0.022918626812380882]}}