{"2010-11": {"Total Votes": 22089.0, "Parties": ["New Azerbaijan Party", "Independent", "Azerbaijan Popular Front Party", "Democratic Azerbaijan World Party"], "Percent": [0.7238897188645932, 0.13115125175426684, 0.07279641450495722, 0.07216261487618271]}}