{"2010-11": {"Total Votes": 52540.0, "Parties": ["Independent", "New Azerbaijan Party", "Independent w/ Party Membership", "Azerbaijan Popular Front Party", "Motherland Party", "Azerbaijan Free Republicans Party", "Azerbaijan Liberal Party", "Azerbaijan Democrat Party", "Whole Azerbaijan Popular Front Party"], "Percent": [0.4761324704986677, 0.32803578226113433, 0.0628283212790255, 0.047754092120289304, 0.041073467834031215, 0.015607156452226875, 0.011876665397792158, 0.010334982870194138, 0.006357061286638752]}}