{"2010-11": {"Total Votes": 57629.0, "Parties": ["New Azerbaijan Party", "Independent", "Azerbaijan Popular Party", "Classic Popular Front Party", "Civil Solidarity Party", "Azerbaijan Popular Front Party"], "Percent": [0.4811466449183571, 0.4132815075743115, 0.03496503496503497, 0.02672265699560985, 0.02332159155980496, 0.020562563986881603]}}