{"2010-11": {"Total Votes": 58900.0, "Parties": ["New Azerbaijan Party", "Independent", "Classic Popular Front Party", "Azerbaijan Popular Front Party", "Azerbaijan National Independence Party", "Citizen and Development Party"], "Percent": [0.674855687606112, 0.2070118845500849, 0.06259762308998303, 0.0266723259762309, 0.026112054329371817, 0.0027504244482173174]}}