{"2010-11": {"Total Votes": 55280.0, "Parties": ["New Azerbaijan Party", "Independent", "Azerbaijan Progress Party", "Classic Popular Front Party", "Musavat Party"], "Percent": [0.5896707670043415, 0.29712373371924744, 0.06588277858176556, 0.0322178002894356, 0.01510492040520984]}}