{"2010-11": {"Total Votes": 19703.0, "Parties": ["New Azerbaijan Party", "Independent"], "Percent": [0.7365883368015023, 0.2634116631984977]}}