{"2010-11": {"Total Votes": 34787.0, "Parties": ["New Azerbaijan Party", "Independent"], "Percent": [0.6766895679420473, 0.3233104320579527]}}