{"2012-10": {"Total Votes": 217561.0, "Parties": ["United National Movement", "Georgian Dream", "Christian Democratic Union", "Labour Party of Georgia", "New Rights Party of Georgia", "Justice for Georgia", "Free Georgia Party", "National Democratic Party", "Future Georgia", "Georgian Sportsmen\u2019s Community", "Freedom - Path of Zviad Gamsakhurdia", "Labor Council of Georgia", "Public Movement", "Georgian Group", "Merab Kostava Society", "People\u2019s Party"], "Percent": [0.5456170912985323, 0.4071317929224447, 0.02271087189340001, 0.008461994567040968, 0.007110649427057239, 0.003479483914856063, 0.002863564701394092, 0.0007997756950924108, 0.00034473090305707363, 0.0003263452548940298, 0.0002482062502010931, 0.00023441701407881011, 0.00022062777795652712, 0.00020224212979348325, 0.00013789236122282945, 0.00011031388897826357]}}