{"2012-10": {"Total Votes": 172020.0, "Parties": ["Georgian Dream", "United National Movement", "Christian Democratic Union", "Labour Party of Georgia", "New Rights Party of Georgia", "Free Georgia Party", "Justice for Georgia", "Labor Council of Georgia", "Georgian Group", "National Democratic Party", "Georgian Sportsmen\u2019s Community", "Merab Kostava Society", "Freedom - Path of Zviad Gamsakhurdia", "Future Georgia", "People\u2019s Party", "Public Movement"], "Percent": [0.5044936635274968, 0.4648529240785956, 0.008562957795605161, 0.008405999302406698, 0.006324845948145565, 0.0024357632833391465, 0.0011452156725962098, 0.0008836181839321009, 0.000755726078362981, 0.0006569003604232066, 0.00042436925938844314, 0.0003662364841297524, 0.00023253110103476341, 0.0002267178235088943, 0.0001802116033019416, 5.231949773282176e-05]}}