{"2012-10": {"Total Votes": 378097.0, "Parties": ["Georgian Dream", "United National Movement", "Christian Democratic Union", "Labour Party of Georgia", "New Rights Party of Georgia", "Justice for Georgia", "Free Georgia Party", "National Democratic Party", "Independent", "Georgian Sportsmen\u2019s Community", "Georgian Group", "Merab Kostava Society", "Freedom - Path of Zviad Gamsakhurdia", "Public Movement", "Labor Council of Georgia", "Future Georgia", "People\u2019s Party"], "Percent": [0.47713681938761743, 0.4616355062325276, 0.033515209060108915, 0.012533820686226022, 0.007024652404012727, 0.002258679650989032, 0.0018169940517909428, 0.0017561631010031816, 0.0006241784515613718, 0.00044168559919808946, 0.00031473404972797987, 0.00023009968341457352, 0.00023009968341457346, 0.00016133426078493082, 0.00012959637341740347, 9.521366210258214e-05, 9.521366210258214e-05]}}