{"2001-4": {"Total Votes": 351379.0, "Parties": ["peru posible", "partido aprista peruano", "frente independiente moralizador", "alianza electoral unidad nacional", "movimiento independiente somos peru - causa democratica", "agrupacion independiente union por el peru - social democracia", "alianza electoral cambio 90 - nueva mayoria", "accion popular", "partido renacimiento andino", "frente popular agricola fia del peru - frepap", "alianza electoral solucion popular", "partido proyecto pais", "todos por la victoria"], "Percent": [0.37660474871862004, 0.24382219768398225, 0.12182287501529687, 0.10531363570389807, 0.03100640618818996, 0.025966264347044073, 0.020621608007308348, 0.016833675319242184, 0.01558715802594919, 0.014346332592442917, 0.01293759729522823, 0.01113043181294272, 0.004007069289855114]}, "1963-6": {"Total Votes": 81195.0, "Parties": ["partido aprista peruano", "alianza accion popular - democracia cristiana", "union nacional odriista 1963", "coalicion popular ancashina"], "Percent": [0.5051912063550711, 0.27888416774431923, 0.18137816368002957, 0.03454646222058008]}, "2006-4": {"Total Votes": 377851.0, "Parties": ["partido aprista peruano", "union por el peru", "unidad nacional", "frente independiente moralizador", "alianza por el futuro", "frente de centro", "restauracion nacional", "peru posible", "partido justicia nacional", "movimiento nueva izquierda", "fuerza democratica", "avanza pais - partido de integracion social", "partido socialista", "alianza para el progreso", "partido renacimiento andino", "frente popular agricola fia del peru - frepap", "con fuerza peru", "concertacion descentralista", "y se llama peru", "partido reconstruccion democratica", "peru ahora"], "Percent": [0.25568544214518424, 0.21265525299655155, 0.13207851772259435, 0.09130318564725248, 0.07429912849244809, 0.04368653252207881, 0.03559604182601078, 0.034868241714326544, 0.021066505050932775, 0.014243709822125653, 0.013743512654459033, 0.01333594459191586, 0.01242288626998473, 0.009556677102879177, 0.00845571402484048, 0.007619405532868776, 0.006976294888725979, 0.0039036551444881712, 0.003718396934241275, 0.002723295690629375, 0.0020616592254618883]}, "1985-4": {"Total Votes": 226531.0, "Parties": ["partido aprista peruano", "alianza electoral izquierda unida", "accion popular", "convergencia democratica", "frente democratico de unidad nacional", "izquierda nacionalista", "representacion independiente ancashina", "movimiento civico nacional 7 de junio", "partido socialista de los trabajadores"], "Percent": [0.613448049052889, 0.23269221431062415, 0.08256706587619354, 0.04205163973142749, 0.01089917053295134, 0.006855573850819535, 0.0059726924791750355, 0.004418821265080718, 0.0010947729008391788]}, "2011-4": {"Total Votes": 450957.0, "Parties": ["peru posible", "fuerza 2011", "gana peru", "alianza solidaridad nacional", "alianza por el gran cambio", "partido aprista peruano", "fonavistas del peru", "partido descentralista fuerza social", "cambio radical", "partido politico adelante", "justicia, tecnologia, ecologia"], "Percent": [0.2635861068793699, 0.22994875342881915, 0.22498819177881704, 0.1297352075696796, 0.08911049168767754, 0.03363070093157441, 0.013109897395982322, 0.006146927534110791, 0.004603543131606783, 0.0026654426031750256, 0.002474737059187461]}, "1980-5": {"Total Votes": 0, "Parties": [], "Percent": []}, "1990-4": {"Total Votes": 191279.0, "Parties": ["partido aprista peruano", "cambio 90", "fredemo (frente democratico)", "izquierda unida", "izquierda socialista", "region chavin", "movimiento independiente frente agrario democratico - atusparia", "frente popular agricola fia del peru - frepap", "huascaran", "frente nacional de trabajadores y campesinos", "union democratica"], "Percent": [0.37119077368660436, 0.21353102013289488, 0.20190925297601933, 0.1082711641110629, 0.05264561190721407, 0.01785872991807778, 0.015767543745000757, 0.009023468336827357, 0.006383345793317614, 0.0024832835805289654, 0.0009358058124519681]}, "1980-6": {"Total Votes": 166658.0, "Parties": ["accion popular", "partido aprista peruano", "union de izquierda revolucionaria", "partido popular cristiano", "alianza unidad de izquierda", "unidad democratico popular", "partido revolucionario de los trabajadores", "frente obrero campesino estudiantil y popular", "movimiento independiente regionalista ancashino", "organizacion politica de la revolucion peruana", "frente nacional de trabajadores y campesinos", "movimiento democratico peruano", "movimiento popular de accion e integracion social", "accion politica socialista"], "Percent": [0.3772096148999748, 0.37620156248124903, 0.05160868365154988, 0.049136555100865245, 0.04481633044918336, 0.03358374635481045, 0.03119562217235296, 0.011244584718405356, 0.007410385340037682, 0.005532287678959306, 0.005370279254521235, 0.002766143839479653, 0.0020221051494677725, 0.0019020989091432755]}}