{"2001-4": {"Total Votes": 421121.0, "Parties": ["frente independiente moralizador", "peru posible", "alianza electoral unidad nacional", "accion popular", "partido aprista peruano", "movimiento independiente somos peru - causa democratica", "alianza electoral solucion popular", "alianza electoral cambio 90 - nueva mayoria", "partido renacimiento andino", "frente popular agricola fia del peru - frepap", "partido proyecto pais", "todos por la victoria", "agrupacion independiente union por el peru - social democracia"], "Percent": [0.22101248809724522, 0.1906126742670159, 0.17232339398890106, 0.12691601701173771, 0.09664918158913946, 0.05256921407386476, 0.050826247088129065, 0.036616554386981415, 0.022380740927191948, 0.009543575361950603, 0.008603228050845244, 0.0068246418487798045, 0.005122043308217828]}, "1963-6": {"Total Votes": 97341.0, "Parties": ["alianza accion popular - democracia cristiana", "partido aprista peruano", "union nacional odriista 1963", "union del pueblo peruano", "augusto c. pe\u00f1aloza vega"], "Percent": [0.472832619348476, 0.26447231896117773, 0.24151179872818238, 0.014135872859329573, 0.007047390102834366]}, "2006-4": {"Total Votes": 443691.0, "Parties": ["union por el peru", "partido aprista peruano", "alianza por el futuro", "unidad nacional", "frente de centro", "partido justicia nacional", "alianza para el progreso", "frente independiente moralizador", "peru posible", "concertacion descentralista", "movimiento nueva izquierda", "con fuerza peru", "avanza pais - partido de integracion social", "partido socialista", "frente popular agricola fia del peru - frepap", "fuerza democratica", "partido renacimiento andino", "partido reconstruccion democratica", "peru ahora", "progresemos peru", "partido proyecto pais", "resurgimiento peruano"], "Percent": [0.28728101313752136, 0.18174810848090225, 0.1510443078629046, 0.13269820663479764, 0.06363888381779212, 0.032799853952412826, 0.02563721148276616, 0.022285779968491584, 0.020306925315140494, 0.014228370645336507, 0.01288283963388935, 0.010085848033879434, 0.007293364075448905, 0.006896691616462809, 0.00622054537955469, 0.005895995185838793, 0.005330286167625668, 0.004719500733618667, 0.002952505234498784, 0.0022290287610070973, 0.002181698524423529, 0.0016430353556867278]}, "1985-4": {"Total Votes": 275344.0, "Parties": ["partido aprista peruano", "alianza electoral izquierda unida", "convergencia democratica", "accion popular", "lista democratica junin", "izquierda nacionalista", "movimiento de izquierda", "frente unico de junin", "movimiento civico nacional 7 de junio", "frente democratico de unidad nacional", "partido mariateguista para la liberacion nacional", "partido avanzada nacional", "lista avanzada democratica independiente"], "Percent": [0.37849017955720843, 0.3471620954151897, 0.07745583706200244, 0.07617380440467197, 0.02504503457493172, 0.02221947818002208, 0.01698602475448893, 0.016866174676041606, 0.012159335231564879, 0.00910134232087861, 0.008247864489511302, 0.007143791039572317, 0.002949038293915974]}, "2011-4": {"Total Votes": 491538.0, "Parties": ["gana peru", "fuerza 2011", "peru posible", "alianza por el gran cambio", "partido aprista peruano", "alianza solidaridad nacional", "fonavistas del peru", "partido descentralista fuerza social", "cambio radical", "partido politico adelante", "fuerza nacional"], "Percent": [0.3003165574177378, 0.23639067579719167, 0.13060027912389277, 0.10215690343371214, 0.09305689488910318, 0.07206767330297963, 0.029932578966427825, 0.017868404884261238, 0.009826300306385264, 0.0051064210701919285, 0.0026773108081165646]}, "1980-5": {"Total Votes": 197351.0, "Parties": ["accion popular", "partido aprista peruano", "alianza unidad de izquierda", "union nacional", "partido popular cristiano", "frente obrero campesino estudiantil y popular", "union de izquierda revolucionaria", "partido revolucionario de los trabajadores", "unidad democratico popular", "movimiento popular de accion e integracion social", "frente nacional de trabajadores y campesinos", "accion politica socialista", "organizacion politica de la revolucion peruana", "movimiento democratico peruano", "partido socialista del peru"], "Percent": [0.49487461426595253, 0.14321184083181743, 0.06811721247928818, 0.06289808513764815, 0.05038231374555994, 0.04882670977091578, 0.03998459597367127, 0.02594362329048244, 0.01848989870839266, 0.017856509467902366, 0.013194764657893803, 0.005487684379607906, 0.0046009394429214956, 0.004362785088497145, 0.0017684227594489006]}, "1990-4": {"Total Votes": 173706.0, "Parties": ["cambio 90", "fredemo (frente democratico)", "partido aprista peruano", "izquierda unida", "izquierda socialista", "frente popular agricola fia del peru - frepap", "frente nacional de trabajadores y campesinos", "union civica independiente", "avanzada democratica de integracion"], "Percent": [0.4093640979586197, 0.3347898172774688, 0.09046895328889043, 0.06580083589513315, 0.02805890412536124, 0.02728172889825337, 0.025364696671387285, 0.016959690511554004, 0.0019112753733319518]}, "1980-6": {"Total Votes": 0, "Parties": [], "Percent": []}}