{"2001-4": {"Total Votes": 571288.0, "Parties": ["partido aprista peruano", "peru posible", "alianza electoral unidad nacional", "movimiento independiente somos peru - causa democratica", "frente independiente moralizador", "accion popular", "alianza electoral cambio 90 - nueva mayoria", "partido renacimiento andino", "frente popular agricola fia del peru - frepap", "alianza electoral solucion popular", "todos por la victoria", "partido proyecto pais", "agrupacion independiente union por el peru - social democracia"], "Percent": [0.5106671241125317, 0.16615787483720995, 0.1274576045707244, 0.049699976194143757, 0.035840066656397475, 0.030373471874081025, 0.0193545112097576, 0.01294268390023946, 0.011614107070339304, 0.010677626696167257, 0.010385304784977104, 0.007518099452465307, 0.007311548640965677]}, "1963-6": {"Total Votes": 107954.0, "Parties": ["partido aprista peruano", "alianza accion popular - democracia cristiana", "union nacional odriista 1963", "frente civico independiente", "la libertad", "union del pueblo peruano"], "Percent": [0.743520388313541, 0.11938418215165719, 0.0866665431572707, 0.0215647405376364, 0.020962632232247067, 0.007901513607647702]}, "2006-4": {"Total Votes": 640574.0, "Parties": ["partido aprista peruano", "alianza para el progreso", "unidad nacional", "union por el peru", "alianza por el futuro", "restauracion nacional", "frente de centro", "peru posible", "con fuerza peru", "partido socialista", "fuerza democratica", "frente popular agricola fia del peru - frepap", "partido renacimiento andino", "partido justicia nacional", "peru ahora", "frente independiente moralizador", "avanza pais - partido de integracion social", "movimiento nueva izquierda", "concertacion descentralista", "partido reconstruccion democratica", "partido proyecto pais", "progresemos peru"], "Percent": [0.45280326706984675, 0.124744369893252, 0.10755978232023154, 0.1018664510267354, 0.07280345440183336, 0.035054497997108844, 0.021162270089013915, 0.017581106944708963, 0.008312856906462017, 0.008069325323850171, 0.007547917961078658, 0.007368391473896849, 0.007288775379581438, 0.005996184671872414, 0.0041993587001657885, 0.004047932010977654, 0.003493741550546853, 0.0034750083518844035, 0.0032939207648140572, 0.0015642220883145428, 0.0009101212350173439, 0.00085704383880707]}, "1985-4": {"Total Votes": 365861.0, "Parties": ["partido aprista peruano", "alianza electoral izquierda unida", "convergencia democratica", "accion popular", "izquierda nacionalista", "frente democratico de unidad nacional", "partido avanzada nacional", "movimiento civico nacional 7 de junio", "partido mariateguista para la liberacion nacional"], "Percent": [0.7630684877590123, 0.11218468216071131, 0.058191498957254256, 0.053924851241318426, 0.006371272149805527, 0.003181536157174446, 0.0014267713694545196, 0.0009621140269118599, 0.0006887861783573543]}, "2011-4": {"Total Votes": 722440.0, "Parties": ["fuerza 2011", "alianza por el gran cambio", "gana peru", "peru posible", "partido aprista peruano", "alianza solidaridad nacional", "fonavistas del peru", "cambio radical", "partido descentralista fuerza social", "partido politico adelante", "despertar nacional", "fuerza nacional"], "Percent": [0.2618750346049499, 0.1867421515973645, 0.16285643098388794, 0.13521814960411938, 0.12130142295553956, 0.10443497037816289, 0.009603565694036875, 0.009157853939427496, 0.003122750678257018, 0.002174575051215326, 0.0018354465422734069, 0.0016776479707657384]}, "1980-5": {"Total Votes": 244945.0, "Parties": ["partido aprista peruano", "accion popular", "union de izquierda revolucionaria", "partido popular cristiano", "unidad democratico popular", "alianza unidad de izquierda", "partido revolucionario de los trabajadores", "frente obrero campesino estudiantil y popular", "frente nacional de trabajadores y campesinos", "movimiento democratico peruano", "union nacional", "organizacion politica de la revolucion peruana", "movimiento popular de accion e integracion social", "partido socialista del peru"], "Percent": [0.6805568597031987, 0.15358141623629795, 0.05560023678785033, 0.052130070015717817, 0.022364204209108167, 0.008479454571434404, 0.00818551103308906, 0.004833738186123415, 0.0036702116801731, 0.003114984996631897, 0.0026985649839759945, 0.002588336157096491, 0.001183939251668742, 0.0010124721876339587]}, "1990-4": {"Total Votes": 337526.0, "Parties": ["partido aprista peruano", "fredemo (frente democratico)", "cambio 90", "izquierda socialista", "izquierda unida", "frente popular agricola fia del peru - frepap", "frente nacional de trabajadores y campesinos", "union civica independiente", "movimiento de bases hayistas"], "Percent": [0.6164976920296511, 0.20493532350100438, 0.06883321581152267, 0.04719636413194835, 0.04648530779851034, 0.007255737335790428, 0.004968506129898141, 0.0019435539780639122, 0.0018842992836107441]}, "1980-6": {"Total Votes": 0, "Parties": [], "Percent": []}}