{"2001-4": {"Total Votes": 220435.0, "Parties": ["peru posible", "movimiento independiente somos peru - causa democratica", "frente independiente moralizador", "agrupacion independiente union por el peru - social democracia", "partido aprista peruano", "alianza electoral unidad nacional", "accion popular", "frente popular agricola fia del peru - frepap", "partido renacimiento andino", "alianza electoral solucion popular", "alianza electoral cambio 90 - nueva mayoria", "partido proyecto pais", "todos por la victoria"], "Percent": [0.39091795767459797, 0.14113911130265158, 0.11300383332955292, 0.09961213056002903, 0.08642003311633815, 0.07208474153378547, 0.042198380474969946, 0.020060335246217705, 0.010288747249756165, 0.008669222219701954, 0.005416562705559462, 0.005339442466033071, 0.004849502120806587]}, "1963-6": {"Total Votes": 47936.0, "Parties": ["alianza accion popular - democracia cristiana", "partido aprista peruano", "union nacional odriista 1963", "union del pueblo peruano"], "Percent": [0.4634304072096128, 0.31942590120160214, 0.20539886515353806, 0.011744826435246996]}, "2006-4": {"Total Votes": 234885.0, "Parties": ["union por el peru", "frente de centro", "partido aprista peruano", "restauracion nacional", "unidad nacional", "fuerza democratica", "frente popular agricola fia del peru - frepap", "alianza por el futuro", "alianza para el progreso", "partido reconstruccion democratica", "concertacion descentralista", "movimiento nueva izquierda", "peru posible", "peru ahora", "partido socialista", "con fuerza peru", "partido proyecto pais", "frente independiente moralizador", "partido justicia nacional", "y se llama peru", "avanza pais - partido de integracion social", "partido renacimiento andino"], "Percent": [0.21937543904463885, 0.1702918449453988, 0.1494646316282436, 0.14249952104221214, 0.09712838197415756, 0.08527577325073972, 0.02402026523617941, 0.022619579794367458, 0.010728654447921324, 0.00974093705430317, 0.009315196798433276, 0.008186985120378057, 0.008067777848734487, 0.006824616301594397, 0.006705409029950827, 0.00621155033314175, 0.005951848777061115, 0.00509185346020393, 0.004674628009451434, 0.004159482299848862, 0.002107414266555974, 0.0015582093364838112]}, "1985-4": {"Total Votes": 107367.0, "Parties": ["partido aprista peruano", "accion popular", "alianza electoral izquierda unida", "movimiento regionalista loreto", "convergencia democratica", "partido socialista de los trabajadores", "izquierda nacionalista", "frente democratico de unidad nacional", "partido avanzada nacional", "movimiento civico nacional 7 de junio", "juan velasco alvarado"], "Percent": [0.4075274525692252, 0.22836625778870603, 0.16934439818566227, 0.1359915057699293, 0.037031862676613854, 0.008745703987258656, 0.005523112315702218, 0.003325044007935399, 0.0018255143572978663, 0.0011642310952154759, 0.001154917246453752]}, "2011-4": {"Total Votes": 292401.0, "Parties": ["peru posible", "gana peru", "fuerza 2011", "alianza solidaridad nacional", "alianza por el gran cambio", "partido aprista peruano", "fonavistas del peru", "cambio radical", "partido politico adelante", "partido descentralista fuerza social"], "Percent": [0.3169825000598493, 0.23928098741112377, 0.17299188443267977, 0.11467471041480706, 0.10161729953043937, 0.0324314896323884, 0.014620333035796731, 0.0033036822719484543, 0.0022537542621263265, 0.0018433589488408043]}, "1980-5": {"Total Votes": 93018.0, "Parties": ["accion popular", "partido aprista peruano", "unidad democratico popular", "movimiento regionalista loreto", "partido popular cristiano", "union de izquierda revolucionaria", "partido revolucionario de los trabajadores", "alianza unidad de izquierda", "frente nacional de trabajadores y campesinos", "movimiento democratico peruano", "organizacion politica de la revolucion peruana"], "Percent": [0.5815326065922725, 0.2349222731084306, 0.058988582854931304, 0.0382076587327184, 0.03344513965039025, 0.02113569416672042, 0.011492399320561612, 0.009062762046055602, 0.006074093186265024, 0.002956417037562622, 0.002182373304091681]}, "1990-4": {"Total Votes": 101910.0, "Parties": ["fredemo (frente democratico)", "movimiento regionalista loreto", "partido aprista peruano", "izquierda unida", "cambio 90", "frente nacional de trabajadores y campesinos", "izquierda socialista", "frente popular agricola fia del peru - frepap"], "Percent": [0.38440781081346287, 0.2438818565400844, 0.185300755568639, 0.10239426945343931, 0.03694436267294672, 0.031518006083799434, 0.012314787557648905, 0.0032381513099793936]}, "1980-6": {"Total Votes": 0, "Parties": [], "Percent": []}}