{"2001-4": {"Total Votes": 175965.0, "Parties": ["partido aprista peruano", "peru posible", "alianza electoral unidad nacional", "alianza electoral solucion popular", "movimiento independiente somos peru - causa democratica", "frente independiente moralizador", "accion popular", "partido renacimiento andino", "partido proyecto pais", "agrupacion independiente union por el peru - social democracia", "alianza electoral cambio 90 - nueva mayoria", "todos por la victoria"], "Percent": [0.26816128207313955, 0.18992413264001365, 0.16105475520700138, 0.10928877901855483, 0.0976387349757054, 0.06958201915153582, 0.044832779245872756, 0.018657119313499844, 0.015838376949961642, 0.014747250873753304, 0.005728411900093769, 0.004546358650868071]}, "1963-6": {"Total Votes": 27752.0, "Parties": ["partido aprista peruano", "alianza accion popular - democracia cristiana"], "Percent": [0.5275655808590372, 0.4724344191409628]}, "2006-4": {"Total Votes": 208214.0, "Parties": ["union por el peru", "partido aprista peruano", "alianza por el futuro", "unidad nacional", "frente de centro", "restauracion nacional", "alianza para el progreso", "movimiento nueva izquierda", "avanza pais - partido de integracion social", "peru posible", "partido socialista", "partido justicia nacional", "concertacion descentralista", "fuerza democratica", "partido renacimiento andino", "resurgimiento peruano", "frente independiente moralizador"], "Percent": [0.2886117167913781, 0.21080234758469651, 0.16659302448442467, 0.12870412172092174, 0.07492771859721248, 0.05975582813835765, 0.01691048632656786, 0.011468969425687033, 0.009605502031563679, 0.009456616750074443, 0.0080926354615924, 0.00336672846206307, 0.0027039488218851757, 0.002550260789380157, 0.0025310497853170298, 0.0019835361695179, 0.0019355086593600814]}, "1985-4": {"Total Votes": 103833.0, "Parties": ["partido aprista peruano", "accion popular", "alianza electoral izquierda unida", "convergencia democratica", "partido socialista de los trabajadores", "frente democratico de unidad nacional", "izquierda nacionalista"], "Percent": [0.5435747787312318, 0.2560650274960754, 0.14580143114424124, 0.0409985264800208, 0.0062311596505927784, 0.005248812997794536, 0.002080263500043339]}, "2011-4": {"Total Votes": 268889.0, "Parties": ["gana peru", "fuerza 2011", "peru posible", "partido aprista peruano", "alianza solidaridad nacional", "alianza por el gran cambio", "fonavistas del peru", "despertar nacional", "cambio radical", "partido politico adelante"], "Percent": [0.29407301897809135, 0.283793684382775, 0.13816853794688513, 0.12553507209294543, 0.07700203429668004, 0.04656196423059329, 0.01195288762277371, 0.01026445856840555, 0.007025203708593509, 0.005623138172256953]}, "1980-5": {"Total Votes": 59274.0, "Parties": ["accion popular", "partido aprista peruano", "unidad democratico popular", "partido popular cristiano", "partido revolucionario de los trabajadores", "union de izquierda revolucionaria", "alianza unidad de izquierda", "frente nacional de trabajadores y campesinos", "movimiento democratico peruano"], "Percent": [0.4919020143739245, 0.39705435772851505, 0.04953267874616189, 0.029186489860647164, 0.013496642710125855, 0.012096366028950298, 0.004082734419813072, 0.0014002766811755576, 0.0012484394506866417]}, "1990-4": {"Total Votes": 78963.0, "Parties": ["fredemo (frente democratico)", "partido aprista peruano", "izquierda unida", "cambio 90", "frente popular agricola fia del peru - frepap", "izquierda socialista", "frente nacional de trabajadores y campesinos", "de trabajadores socialistas"], "Percent": [0.43639426060306724, 0.30374985752820943, 0.1822625786760888, 0.042285627445765736, 0.019084887858870612, 0.013056748097210085, 0.0023302052860200346, 0.000835834504768056]}, "1980-6": {"Total Votes": 0, "Parties": [], "Percent": []}}