{"2001-4": {"Total Votes": 107501.0, "Parties": ["peru posible", "alianza electoral unidad nacional", "partido aprista peruano", "frente independiente moralizador", "agrupacion independiente union por el peru - social democracia", "todos por la victoria", "accion popular", "movimiento independiente somos peru - causa democratica", "alianza electoral cambio 90 - nueva mayoria", "partido proyecto pais", "alianza electoral solucion popular", "partido renacimiento andino"], "Percent": [0.2674300704179496, 0.19065869154705536, 0.14198007460395717, 0.13771034688049413, 0.09371075617901228, 0.0483437363373364, 0.045571669100752554, 0.03630663900800923, 0.011367336117803556, 0.010688272667231002, 0.008967358443177273, 0.007265048697221421]}, "1963-6": {"Total Votes": 15998.0, "Parties": ["union nacional odriista 1963", "alianza accion popular - democracia cristiana", "partido aprista peruano"], "Percent": [0.42911613951743965, 0.37573446680835104, 0.19514939367420928]}, "2006-4": {"Total Votes": 129013.0, "Parties": ["union por el peru", "partido aprista peruano", "unidad nacional", "frente de centro", "avanza pais - partido de integracion social", "partido justicia nacional", "alianza por el futuro", "peru posible", "fuerza democratica", "partido socialista", "frente independiente moralizador", "frente popular agricola fia del peru - frepap", "con fuerza peru", "concertacion descentralista", "alianza para el progreso", "partido reconstruccion democratica", "movimiento nueva izquierda", "resurgimiento peruano"], "Percent": [0.3196577089130553, 0.19773201150271677, 0.12466185578197546, 0.11481013541271035, 0.09471913683117206, 0.03669397657600397, 0.03130692255819181, 0.011921279250928202, 0.010650089525861734, 0.01012301085937076, 0.00848751676187671, 0.0067667599389208835, 0.006224178958709588, 0.0058831280568624866, 0.00579011417454055, 0.005596335253036515, 0.0044956709788936, 0.004480168665173277]}, "1985-4": {"Total Votes": 57673.0, "Parties": ["alianza electoral izquierda unida", "partido aprista peruano", "convergencia democratica", "accion popular", "izquierda nacionalista", "frente democratico de unidad nacional", "partido socialista de los trabajadores"], "Percent": [0.34901947184991244, 0.32781370832105144, 0.158791808992076, 0.0766216427097602, 0.05085568636970506, 0.03197336708685173, 0.004924314670643109]}, "2011-4": {"Total Votes": 159989.0, "Parties": ["gana peru", "fuerza 2011", "alianza solidaridad nacional", "alianza por el gran cambio", "peru posible", "partido aprista peruano", "cambio radical", "fonavistas del peru", "partido descentralista fuerza social", "fuerza nacional", "partido politico adelante"], "Percent": [0.4908399952496734, 0.12392101957009545, 0.10933251661051697, 0.09338767040234017, 0.09188756727024983, 0.033989836801280086, 0.023895392808255568, 0.013988461706742339, 0.009481901880754302, 0.007981798748663971, 0.0012938389514279107]}, "1980-5": {"Total Votes": 39529.0, "Parties": ["accion popular", "partido revolucionario de los trabajadores", "partido aprista peruano", "union de izquierda revolucionaria", "unidad democratico popular", "partido popular cristiano", "frente nacional de trabajadores y campesinos", "alianza unidad de izquierda"], "Percent": [0.4052467808444433, 0.16853449366288042, 0.1284879455589567, 0.08960510005312555, 0.07169419919552733, 0.06081610969161881, 0.03814920691138152, 0.03746616408206633]}, "1990-4": {"Total Votes": 41900.0, "Parties": ["frente tacne\u00f1ista", "fredemo (frente democratico)", "partido aprista peruano", "izquierda unida", "frente nacional de trabajadores y campesinos", "izquierda socialista", "movimiento democratico independiente", "frente popular agricola fia del peru - frepap", "union democratica"], "Percent": [0.42105011933174225, 0.31031026252983296, 0.09269689737470167, 0.08766109785202864, 0.038973747016706445, 0.027231503579952267, 0.016109785202863963, 0.003579952267303103, 0.002386634844868735]}, "1980-6": {"Total Votes": 0, "Parties": [], "Percent": []}}