{"2001-4": {"Total Votes": 63191.0, "Parties": ["accion popular", "agrupacion independiente union por el peru - social democracia", "partido aprista peruano", "peru posible", "todos por la victoria", "alianza electoral unidad nacional", "frente independiente moralizador", "movimiento independiente somos peru - causa democratica", "alianza electoral solucion popular", "partido proyecto pais", "alianza electoral cambio 90 - nueva mayoria", "frente popular agricola fia del peru - frepap"], "Percent": [0.18804893101865772, 0.18300074377680367, 0.1571742811476318, 0.13066734186830403, 0.0924340491525692, 0.08767071260147806, 0.04665221313161685, 0.04581348609770379, 0.027709642195882324, 0.025494136823281797, 0.011884603820164263, 0.0034498583659065374]}, "1963-6": {"Total Votes": 11660.0, "Parties": ["alianza accion popular - democracia cristiana", "partido aprista peruano", "union nacional odriista 1963"], "Percent": [0.42761578044596915, 0.3201543739279588, 0.25222984562607204]}, "2006-4": {"Total Votes": 76815.0, "Parties": ["partido aprista peruano", "union por el peru", "unidad nacional", "frente de centro", "alianza por el futuro", "restauracion nacional", "peru posible", "alianza para el progreso", "partido justicia nacional", "movimiento nueva izquierda", "concertacion descentralista", "resurgimiento peruano", "peru ahora", "avanza pais - partido de integracion social", "y se llama peru", "con fuerza peru", "frente independiente moralizador", "fuerza democratica", "progresemos peru"], "Percent": [0.21596042439627677, 0.1869817093015687, 0.13950400312438976, 0.10854650784352014, 0.10685413005272408, 0.08090867669075051, 0.04769901711905227, 0.047607889084163246, 0.02378441710603398, 0.014541430710147758, 0.00783701100045564, 0.003827377465338801, 0.0032415543839093928, 0.00281195079086116, 0.0027989325001627286, 0.0023172557443207707, 0.0018746338605741067, 0.0017835058256850875, 0.0011195730000650914]}, "1985-4": {"Total Votes": 34012.0, "Parties": ["partido aprista peruano", "alianza electoral izquierda unida", "accion popular", "partido socialista del peru", "convergencia democratica", "frente democratico de unidad nacional", "izquierda nacionalista", "partido mariateguista para la liberacion nacional", "movimiento civico nacional 7 de junio"], "Percent": [0.4092379160296366, 0.18934493708103023, 0.17537927790191696, 0.12025167587910149, 0.08602846054333764, 0.014877102199223804, 0.0037339762436787017, 0.0011466541220745618, 0.0]}, "2011-4": {"Total Votes": 84209.0, "Parties": ["peru posible", "fuerza 2011", "gana peru", "alianza por el gran cambio", "alianza solidaridad nacional", "partido aprista peruano", "fonavistas del peru", "cambio radical", "despertar nacional"], "Percent": [0.26754859931836267, 0.23979622130651118, 0.19186785260482847, 0.12359724019997863, 0.09060789226804736, 0.06960063651153676, 0.009405170468714745, 0.0038356945219632107, 0.003740692800057001]}, "1980-5": {"Total Votes": 22673.0, "Parties": ["accion popular", "partido aprista peruano", "partido popular cristiano", "frente obrero campesino estudiantil y popular", "alianza unidad de izquierda", "union de izquierda revolucionaria", "unidad democratico popular", "partido socialista del peru", "organizacion politica de la revolucion peruana", "accion politica socialista", "frente nacional de trabajadores y campesinos", "union nacional", "movimiento democratico peruano"], "Percent": [0.4289683764830415, 0.2371543245269704, 0.09963392581484586, 0.08133021655713844, 0.04657522162925065, 0.043487848983372296, 0.01861244652229524, 0.0108499095840868, 0.008424116790896661, 0.007100957085520223, 0.006704009173907291, 0.006704009173907291, 0.0044546376747673444]}, "1990-4": {"Total Votes": 34286.0, "Parties": ["partido aprista peruano", "fredemo (frente democratico)", "izquierda unida", "izquierda socialista", "frente nacional de trabajadores y campesinos", "frente popular agricola fia del peru - frepap", "union democratica"], "Percent": [0.436563028641428, 0.38779676836026367, 0.10106165781951817, 0.06110365746952109, 0.010908242431313072, 0.0018374846876276032, 0.0007291605903284139]}, "1980-6": {"Total Votes": 0, "Parties": [], "Percent": []}}