{"2001-4": {"Total Votes": 103401.0, "Parties": ["peru posible", "alianza electoral unidad nacional", "frente independiente moralizador", "partido aprista peruano", "partido renacimiento andino", "accion popular", "partido proyecto pais", "frente popular agricola fia del peru - frepap", "movimiento independiente somos peru - causa democratica", "todos por la victoria", "agrupacion independiente union por el peru - social democracia", "alianza electoral solucion popular", "alianza electoral cambio 90 - nueva mayoria"], "Percent": [0.24777323236719181, 0.17993056159998452, 0.10609181729383661, 0.09144979255519772, 0.09071478999235984, 0.0614113983423758, 0.039902902293014575, 0.038355528476513766, 0.03303643098229224, 0.031082871538959972, 0.02863608669161807, 0.027630293710892543, 0.023984294155762517]}, "1963-6": {"Total Votes": 20004.0, "Parties": ["alianza accion popular - democracia cristiana", "partido aprista peruano", "union nacional odriista 1963"], "Percent": [0.3884223155368926, 0.3572285542891422, 0.2543491301739652]}, "2006-4": {"Total Votes": 117717.0, "Parties": ["union por el peru", "alianza por el futuro", "partido aprista peruano", "unidad nacional", "frente de centro", "peru posible", "movimiento nueva izquierda", "frente popular agricola fia del peru - frepap", "alianza para el progreso", "con fuerza peru", "partido justicia nacional", "peru ahora", "frente independiente moralizador", "partido reconstruccion democratica", "fuerza democratica"], "Percent": [0.46277088271022876, 0.16605927775937204, 0.10618687190465269, 0.07947025493344206, 0.05621108251144694, 0.02795687963505696, 0.02765955639372393, 0.021730081466568126, 0.019393970284665767, 0.007772879023420576, 0.005861515329136828, 0.005555697138051428, 0.004876101157861652, 0.004264464775690852, 0.004230484976681363]}, "1985-4": {"Total Votes": 63508.0, "Parties": ["alianza electoral izquierda unida", "partido aprista peruano", "convergencia democratica", "accion popular", "reivindicacion departamental huancavelica", "frente democratico de unidad nacional", "izquierda nacionalista", "movimiento civico nacional 7 de junio"], "Percent": [0.4124047364111608, 0.4046104427788625, 0.07098318322101152, 0.06795994205454431, 0.01624992126976129, 0.01028216917553694, 0.008975247212949549, 0.008534357876173081]}, "2011-4": {"Total Votes": 138060.0, "Parties": ["gana peru", "peru posible", "fuerza 2011", "alianza por el gran cambio", "alianza solidaridad nacional", "fonavistas del peru", "partido aprista peruano", "partido politico adelante", "cambio radical"], "Percent": [0.4227147616978125, 0.2938360133275387, 0.15813414457482253, 0.06049543676662321, 0.02960307112849486, 0.016311748515138346, 0.010241923801245835, 0.006236418948283355, 0.002426481240040562]}, "1980-5": {"Total Votes": 44376.0, "Parties": ["accion popular", "partido aprista peruano", "union de izquierda revolucionaria", "unidad democratico popular", "partido popular cristiano", "alianza unidad de izquierda", "frente obrero campesino estudiantil y popular", "movimiento popular de accion e integracion social", "frente nacional de trabajadores y campesinos", "organizacion politica de la revolucion peruana", "union nacional"], "Percent": [0.5338471245718406, 0.1652920497566252, 0.08817829457364341, 0.057666306111411575, 0.04741301604470885, 0.039323057508563186, 0.039277988101676584, 0.011763115197404002, 0.00847304849468181, 0.005340724716062737, 0.0034252749233820083]}, "1990-4": {"Total Votes": 49239.0, "Parties": ["fredemo (frente democratico)", "cambio 90", "izquierda unida", "partido aprista peruano", "izquierda socialista", "frente popular agricola fia del peru - frepap", "frente nacional de trabajadores y campesinos"], "Percent": [0.3557748938849286, 0.28771908446556593, 0.17408964438757896, 0.08095209082231565, 0.054793964134121326, 0.03905440809114726, 0.007615914214342289]}, "1980-6": {"Total Votes": 0, "Parties": [], "Percent": []}}