{"2005-12": {"Total Votes": 10735290.80000019, "Parties": ["Chama cha Mapinduzi", "Civic United Front", "Chama cha Demokrasia na Maendeleo", "Tanzania Labour Party", "National Convention for Construction and Reform-Mageuzi", "United Democratic Party", "Chama cha Haki na Usitawi", "Jahazi Asilia Candidate", "Progressive Party of Tanzania-Maendeleo", "Democratic Party", "Tanzania Democratic Alliance", "Sauti ya Umma", "National League for Democracy", "United People\u2019s Democratic Party", "National Reconstruction Alliance", "Demokrasia Makini", "Forum for the Restoration of Democracy", "Union for Multiparty Democracy"], "Percent": [0.6983693445919387, 0.14342599829714564, 0.08273022282731123, 0.02768718663866978, 0.022305124701418964, 0.014520985309498762, 0.0035476449319844523, 0.0019600773180731747, 0.0012605154580442068, 0.001106257876125702, 0.0006376166354058967, 0.0005668220929795298, 0.0005639344208542439, 0.0005082302940503393, 0.0003222083187536884, 0.00019580280023713585, 0.00015136990979321876, 0.00014065757771554481]}}