{"2008-11": {"Total Votes": 1868064.0, "Parties": ["partido nuevo progresista", "partido popular democr\u2021tico", "partido independentista puertorrique\u2013o", "partido puertorrique\u2013os por puerto rico", "others", "independent"], "Percent": [0.5137104510337974, 0.4426390102266303, 0.0215565419600185, 0.02055229371156448, 0.0009271630950545592, 0.0006145399729345462]}, "2004-11": {"Total Votes": 1917911.0, "Parties": ["partido nuevo progresista", "partido popular democr\u2021tico", "partido independentista puertorrique\u2013o", "partido alternativa ciudadana", "others", "partido acci\u2014n civil"], "Percent": [0.4880466299009703, 0.4699519425041099, 0.040298533143613015, 0.0008769958564292087, 0.0006053461291999472, 0.00022055246567750017]}, "1992-11": {"Total Votes": 1844127.0, "Parties": ["partido nuevo progresista", "partido popular democr\u2021tico", "partido independentista puertorrique\u2013o", "others", "independent"], "Percent": [0.4998316276482043, 0.4540636301079048, 0.045446978434782424, 0.0005899810587882506, 6.778275032034128e-05]}, "1996-11": {"Total Votes": 1905471.0, "Parties": ["partido nuevo progresista", "partido popular democr\u2021tico", "partido independentista puertorrique\u2013o", "others"], "Percent": [0.5040701222952225, 0.44823405866581023, 0.046597402951816115, 0.0010984160871511557]}, "2000-11": {"Total Votes": 1951325.0, "Parties": ["partido popular democr\u2021tico", "partido nuevo progresista", "partido independentista puertorrique\u2013o", "others", "plus"], "Percent": [0.4789622436037052, 0.4626128399933379, 0.05770028057858121, 0.0005903680832255006, 0.00013426774115024408]}}