{"2011-5": {"Total Votes": 404577.0, "Parties": ["Democratic Rally", "Progressive Party of Working People", "Democratic Party", "Movement for Social Democracy", "European Party", "Ecological and Environmental Movement", "National People's Front", "People's Socialist Movement", "Balance - Independent Citizens Movement", "Cypriot Progressive Cooperation", "Independent"], "Percent": [0.3427827088539388, 0.3266893570321595, 0.15760411491508414, 0.08926112952540555, 0.03883315166210635, 0.022146587670579396, 0.010761857446172175, 0.006592070236320898, 0.0021232052242218416, 0.0017524476181295526, 0.0014533698158817727]}, "2001-5": {"Total Votes": 410996.0, "Parties": ["Progressive Party of Working People", "Democratic Rally", "Democratic Party", "Movement for Social Democracy", "New Horizons", "United Democrats", "Fighting Democratic Movement", "Ecological and Environmental Movement", "Independent"], "Percent": [0.3470763705729496, 0.33998384412500365, 0.1483639743452491, 0.06513445386329794, 0.03001002442846159, 0.02588832981342884, 0.021557387419828905, 0.019776348188303535, 0.002209267243476822]}, "2006-5": {"Total Votes": 421087.0, "Parties": ["Progressive Party of Working People", "Democratic Rally", "Democratic Party", "Movement for Social Democracy", "European Party", "Ecological and Environmental Movement", "United Democrats", "Citizens Movement", "European Democrats", "Independent", "Hunters' Political Movement", "People's Socialist Movement"], "Percent": [0.3112563437009454, 0.3034432314462332, 0.17919812295321394, 0.08913359946994326, 0.05746080976140323, 0.019456786839774205, 0.015595352029390603, 0.012246875348799653, 0.004379142552489153, 0.0028592666123627656, 0.0026407844459695974, 0.0023296848394749776]}}