{"1983-2": {"Total Votes": 13044.0, "Parties": ["united bermuda party", "progressive labour party"], "Percent": [0.5193192272309108, 0.4806807727690892]}, "1980-12": {"Total Votes": 13108.0, "Parties": ["progressive labour party", "united bermuda party", "independent"], "Percent": [0.5178516936222154, 0.4809276777540433, 0.0012206286237412267]}, "2012-12": {"Total Votes": 4384.0, "Parties": ["one bermuda alliance", "progressive labour party", "independent"], "Percent": [0.5079835766423357, 0.48494525547445255, 0.007071167883211679]}, "1985-10": {"Total Votes": 10870.0, "Parties": ["united bermuda party", "progressive labour party", "national liberal party"], "Percent": [0.6323827046918122, 0.31499540018399264, 0.05262189512419503]}, "1963-5": {"Total Votes": 3398.0, "Parties": ["independent"], "Percent": [0.9999999999999999]}, "1972-6": {"Total Votes": 8742.0, "Parties": ["united bermuda party", "progressive labour party"], "Percent": [0.5666895447266072, 0.43331045527339274]}, "1998-11": {"Total Votes": 16604.0, "Parties": ["progressive labour party", "united bermuda party"], "Percent": [0.6005781739339918, 0.39942182606600823]}, "1976-5": {"Total Votes": 10566.0, "Parties": ["united bermuda party", "progressive labour party"], "Percent": [0.5055839485141018, 0.4944160514858982]}, "2007-12": {"Total Votes": 4522.0, "Parties": ["progressive labour party", "united bermuda party"], "Percent": [0.5451127819548872, 0.4548872180451128]}, "1993-10": {"Total Votes": 14742.0, "Parties": ["united bermuda party", "progressive labour party", "national liberal party", "independent"], "Percent": [0.4928774928774929, 0.4866368199701533, 0.014312847646180979, 0.006172839506172839]}, "1989-2": {"Total Votes": 11219.0, "Parties": ["united bermuda party", "progressive labour party", "national liberal party"], "Percent": [0.5364114448703093, 0.3955789286032624, 0.06800962652642838]}, "2003-7": {"Total Votes": 4044.0, "Parties": ["progressive labour party", "united bermuda party"], "Percent": [0.539564787339268, 0.46043521266073195]}}