{"1983-2": {"Total Votes": 21590.0, "Parties": ["united bermuda party", "progressive labour party"], "Percent": [0.6244557665585919, 0.3755442334414081]}, "1980-12": {"Total Votes": 15594.0, "Parties": ["united bermuda party", "progressive labour party", "independent"], "Percent": [0.6719250993972039, 0.3274336283185841, 0.0006412722842118764]}, "2012-12": {"Total Votes": 6454.0, "Parties": ["one bermuda alliance", "progressive labour party", "independent"], "Percent": [0.5612023551286025, 0.38751162070034084, 0.05128602417105671]}, "1985-10": {"Total Votes": 16555.0, "Parties": ["united bermuda party", "progressive labour party", "national liberal party", "independent"], "Percent": [0.7070975536091815, 0.23944427665357898, 0.053156146179401995, 0.0003020235578375113]}, "1963-5": {"Total Votes": 2375.0, "Parties": ["independent"], "Percent": [1.0]}, "1972-6": {"Total Votes": 9875.0, "Parties": ["united bermuda party", "progressive labour party"], "Percent": [0.8344303797468353, 0.16556962025316455]}, "1998-11": {"Total Votes": 17978.0, "Parties": ["united bermuda party", "progressive labour party", "national liberal party", "independent"], "Percent": [0.5960618533763489, 0.37623762376237624, 0.019523862498609414, 0.00817666036266548]}, "1976-5": {"Total Votes": 11573.0, "Parties": ["united bermuda party", "progressive labour party"], "Percent": [0.7147671303897002, 0.28523286961029987]}, "2007-12": {"Total Votes": 6696.0, "Parties": ["united bermuda party", "progressive labour party"], "Percent": [0.5309139784946236, 0.46908602150537637]}, "1993-10": {"Total Votes": 14842.0, "Parties": ["united bermuda party", "progressive labour party", "national liberal party", "independent"], "Percent": [0.6897992184341732, 0.2706508556798275, 0.03928042042851368, 0.00026950545748551406]}, "1989-2": {"Total Votes": 11093.0, "Parties": ["united bermuda party", "national liberal party", "progressive labour party", "independent"], "Percent": [0.7505634183719463, 0.12494365816280537, 0.11376543766339133, 0.010727485801857027]}, "2003-7": {"Total Votes": 5951.0, "Parties": ["united bermuda party", "progressive labour party", "gombey liberation party"], "Percent": [0.5301629978154933, 0.4671483784237943, 0.0026886237607124854]}}