{"1992-9": {"Total Votes": 43185.0, "Parties": ["valimisliit isamaa", "valimisliit kindel kodu", "valimisliit rahvarinne", "valimisliit s\u00d5ltumatud kuningriiklased", "valimisliit m\u00d5\u00d5dukad", "p\u00f5llumeeste kogu", "eesti rahvusliku s\u00f5ltumatuse partei", "eesti pension\u00e4ride liit", "valimisliit eesti kodanik", "eesti inva\u00fchingute liit", "eesti ettev\u00f5tjate erakond", "vasakv\u00f5imalus", "valimisliit rohelised", "independent", "\u00d5igusvastaselt represseeritute rahvuslik erakond"], "Percent": [0.32953571842074797, 0.18200764154220214, 0.14945004052332986, 0.12742850526803287, 0.040662266990853305, 0.03982864420516383, 0.03762880629848327, 0.02510130832464976, 0.023063563737408824, 0.015838832928100035, 0.008289915479912006, 0.006993168924395044, 0.005349079541507468, 0.00477017482922311, 0.004052332985990506]}, "2011-3": {"Total Votes": 0, "Parties": [], "Percent": []}, "1999-3": {"Total Votes": 0, "Parties": [], "Percent": []}, "2003-3": {"Total Votes": 0, "Parties": [], "Percent": []}, "1995-3": {"Total Votes": 0, "Parties": [], "Percent": []}, "2007-3": {"Total Votes": 0, "Parties": [], "Percent": []}}