{"1992-9": {"Total Votes": 111245.0, "Parties": ["valimisliit isamaa", "valimisliit rahvarinne", "valimisliit m\u00d5\u00d5dukad", "eesti rahvusliku s\u00f5ltumatuse partei", "valimisliit kindel kodu", "independent", "eesti pension\u00e4ride liit", "valimisliit s\u00d5ltumatud kuningriiklased", "valimisliit eesti kodanik", "p\u00f5llumeeste kogu", "eesti ettev\u00f5tjate erakond", "halastus", "valimisliit rohelised", "vasakv\u00f5imalus", "eesti inva\u00fchingute liit", "valimisliit demokraadid", "loodusseaduse partei", "\u00d5igusvastaselt represseeritute rahvuslik erakond"], "Percent": [0.21570407658771182, 0.16586812890466984, 0.1139646725695537, 0.11019821115555756, 0.09867409771225673, 0.07148186435345409, 0.054069845835767905, 0.04019955953076543, 0.034410535304957524, 0.01864353454087824, 0.01782552024810104, 0.016647939233223965, 0.015847903276551757, 0.012270214391658053, 0.006939637736527484, 0.0030383388017438985, 0.0023102161894916627, 0.0019057036271293091]}, "2011-3": {"Total Votes": 37360.0, "Parties": ["Eesti Keskerakond", "Eesti Reformierakond", "Sotsiaaldemokraatilik Erakond", "Erakonda Isamaa Ja Res Publica Liit", "Vene Erakond Eestis", "Eestimaa Rahvaliit", "Erakond Eestimaa Rohelised", "Erakond Eesti Kristlikud Demokraadid", "Independent", "Eesti Iseseisvuspartei"], "Percent": [0.5450481798715203, 0.1252676659528908, 0.12446466809421841, 0.107093147751606, 0.03974839400428266, 0.029122055674518203, 0.018843683083511777, 0.006076017130620985, 0.002890792291220557, 0.0014453961456102784]}, "1999-3": {"Total Votes": 115442.0, "Parties": ["eesti keskerakond", "eestimaa \u00dchendatud rahvapartei", "erakond isamaaliit", "eesti reformierakond", "m\u00f5\u00f5dukad", "eesti koonderakond", "eesti maarahva erakond", "eesti kristlik rahvapartei", "vene erakond eestis", "eesti sinine erakond", "independents", "p\u00f5llumeeste kogu", "arengupartei"], "Percent": [0.2838135167443392, 0.16061745292008106, 0.15164324942395316, 0.1411617955336879, 0.11293983125725472, 0.04813672666793715, 0.03498726633287712, 0.024705046690112784, 0.022461495816080805, 0.01182411947124963, 0.0034995928691464112, 0.0022262261568579893, 0.001983680116422099]}, "2003-3": {"Total Votes": 33269.0, "Parties": ["eesti keskerakond", "\u00dchendus vabariigi eest - res publica", "eesti reformierakond", "eestimaa \u00dchendatud rahvapartei", "eestimaa rahvaliit", "rahvaerakond m\u00f5\u00f5dukad", "erakond isamaaliit", "eesti kristlik rahvapartei", "eesti iseseisvuspartei", "eesti sotsiaaldemokraatlik t\u00f6\u00f6partei", "independents", "vene erakond eestis"], "Percent": [0.41218551804983616, 0.16925666536415282, 0.13348763112807718, 0.09847004719107878, 0.07977396375003758, 0.04695061468634464, 0.041209534401394694, 0.007875199134329255, 0.0033664973398659414, 0.0027052210766779885, 0.002404640957047101, 0.0023144669211578347]}, "1995-3": {"Total Votes": 119067.0, "Parties": ["valimisliit koonderakond ja maarahva \u00dchendus", "eesti keskerakond", "eesti reformierakond", "valimisliit meie kodu on eestimaa!", "valimisliit isamaa ja ersp liit", "valimisliit m\u00d5\u00d5dukad", "valimisliit \u00d5iglus", "parempoolsed", "valimisliit parem eesti \\ eesti kodanik", "tuleviku eesti erakond", "valimisliit neljas j\u00d5ud", "eesti rahvuslaste keskliit", "eesti sinine erakond", "metsaerakond", "eesti talurahva erakond", "eesti demokraatlik liit", "independent"], "Percent": [0.2481879949944149, 0.20691711389385808, 0.16232037424307322, 0.11867268008768173, 0.0891850806688671, 0.04135486742758279, 0.036458464561969314, 0.02874851974098617, 0.021324128431891288, 0.017175203876808855, 0.007919910638548045, 0.0062065895672184564, 0.0061142046074899, 0.005517901685605583, 0.002318022625916501, 0.0008062687394492177, 0.0007726742086388336]}, "2007-3": {"Total Votes": 35803.0, "Parties": ["Eesti Keskerakond", "Eesti Reformierakond", "Eestimaa Rahvaliit", "Erakonda Isamaa Ja Res Publica Liit", "Sotsiaaldemokraatilik Erakond", "Erakond Eestimaa Rohelised", "Konstitutsioonierakond", "Erakond Eesti Kristlikud Demokraadid", "Vene Erakond Eestis", "Eesti Vasakpartei", "Eesti Iseseisvuspartei"], "Percent": [0.5452057090187973, 0.15560148590900205, 0.08937798508504874, 0.08747870290199146, 0.04231488981370276, 0.03527637348825517, 0.021618300142446163, 0.013378767142418233, 0.00910538223053934, 0.0006424042677987878, 0.0]}}