{"1992-9": {"Total Votes": 44084.0, "Parties": ["valimisliit kindel kodu", "valimisliit isamaa", "valimisliit rahvarinne", "eesti ettev\u00f5tjate erakond", "valimisliit m\u00d5\u00d5dukad", "valimisliit s\u00d5ltumatud kuningriiklased", "eesti rahvusliku s\u00f5ltumatuse partei", "p\u00f5llumeeste kogu", "eesti pension\u00e4ride liit", "valimisliit eesti kodanik", "vasakv\u00f5imalus", "valimisliit rohelised", "eesti inva\u00fchingute liit", "valimisliit demokraadid"], "Percent": [0.3090690499954632, 0.16826966699936485, 0.16364213773704744, 0.10611559749569005, 0.05623355412394519, 0.05482714817167226, 0.053624897922148626, 0.035749931948099084, 0.021504400689592595, 0.011296615552127756, 0.008642591416386897, 0.007735232737501134, 0.002835495871518011, 0.00045367933944288175]}, "2011-3": {"Total Votes": 40993.0, "Parties": ["Sotsiaaldemokraatilik Erakond", "Eesti Reformierakond", "Erakonda Isamaa Ja Res Publica Liit", "Eesti Keskerakond", "Independent", "Eestimaa Rahvaliit", "Erakond Eestimaa Rohelised", "Erakond Eesti Kristlikud Demokraadid", "Eesti Iseseisvuspartei", "Vene Erakond Eestis"], "Percent": [0.27368087234405875, 0.2706315712438709, 0.22962457004854486, 0.13368136023223476, 0.04659332081087015, 0.019979020808430708, 0.018832483594760082, 0.0036591613202254045, 0.002341863244944259, 0.0009757763520601079]}, "1999-3": {"Total Votes": 42029.0, "Parties": ["eesti keskerakond", "erakond isamaaliit", "m\u00f5\u00f5dukad", "eesti koonderakond", "eesti reformierakond", "eesti maarahva erakond", "eesti kristlik rahvapartei", "eesti sinine erakond", "independents", "eestimaa \u00dchendatud rahvapartei", "vene erakond eestis", "arengupartei", "p\u00f5llumeeste kogu"], "Percent": [0.24947060363082632, 0.19393751933188988, 0.1845154536153608, 0.1441861571771872, 0.10133479264317495, 0.06623997715862856, 0.02279378524352233, 0.017868614528063955, 0.007066549287396797, 0.0038068952390016416, 0.0037117228580266005, 0.0036165504770515598, 0.001451378809869376]}, "2003-3": {"Total Votes": 40226.0, "Parties": ["eesti keskerakond", "\u00dchendus vabariigi eest - res publica", "eestimaa rahvaliit", "eesti reformierakond", "erakond isamaaliit", "rahvaerakond m\u00f5\u00f5dukad", "eesti kristlik rahvapartei", "eesti iseseisvuspartei", "eesti sotsiaaldemokraatlik t\u00f6\u00f6partei", "eestimaa \u00dchendatud rahvapartei", "independents", "vene erakond eestis"], "Percent": [0.27278377168995177, 0.23855218018197186, 0.1682742504847611, 0.1288221548252374, 0.10997862079252226, 0.05630686620593646, 0.009347188385621239, 0.005493959130910357, 0.004226122408392582, 0.003008004773032367, 0.0025356734450355492, 0.0006712076766270572]}, "1995-3": {"Total Votes": 50010.0, "Parties": ["valimisliit koonderakond ja maarahva \u00dchendus", "eesti keskerakond", "eesti reformierakond", "valimisliit isamaa ja ersp liit", "valimisliit parem eesti \\ eesti kodanik", "valimisliit m\u00d5\u00d5dukad", "parempoolsed", "metsaerakond", "tuleviku eesti erakond", "valimisliit \u00d5iglus", "eesti talurahva erakond", "valimisliit neljas j\u00d5ud", "valimisliit meie kodu on eestimaa!", "independent", "eesti rahvuslaste keskliit", "eesti sinine erakond", "eesti demokraatlik liit"], "Percent": [0.47674465106978603, 0.14797040591881624, 0.10997800439912017, 0.07948410317936412, 0.06718656268746251, 0.03117376524695061, 0.021315736852629476, 0.014517096580683864, 0.01229754049190162, 0.008178364327134573, 0.007038592281543691, 0.00631873625274945, 0.0047790441911617675, 0.004759048190361928, 0.004279144171165767, 0.003759248150369926, 0.00021995600879824034]}, "2007-3": {"Total Votes": 42204.0, "Parties": ["Eesti Reformierakond", "Eesti Keskerakond", "Erakonda Isamaa Ja Res Publica Liit", "Sotsiaaldemokraatilik Erakond", "Eestimaa Rahvaliit", "Erakond Eestimaa Rohelised", "Erakond Eesti Kristlikud Demokraadid", "Eesti Iseseisvuspartei", "Eesti Vasakpartei", "Konstitutsioonierakond", "Vene Erakond Eestis"], "Percent": [0.2630082456639181, 0.21509809496730167, 0.1838214387261871, 0.14486778504407166, 0.10596152023504882, 0.06897450478627619, 0.01350582883139039, 0.0018244716140650176, 0.0017770827409724196, 0.0006871386598426689, 0.0004738887309259786]}}