{"2012-8": {"Total Votes": 98403.0, "Parties": ["Movimento Popular de Liberta\u00e7\u00e3o de Angola", "Frente Nacional de Liberta\u00e7\u00e3o de Angola", "Nova Democracia Uni\u00e3o Eleitoral"], "Percent": [0.9592085607146124, 0.032620956678150057, 0.008170482607237585]}, "2008-9": {"Total Votes": 223797.0, "Parties": ["Movimento Popular de Liberta\u00e7\u00e3o de Angola", "Nova Democracia Uni\u00e3o Eleitoral", "Partido de Apoio Democr\u00e1tico e Progresso de Angola", "Plataforma Pol\u00edtica Eleitoral", "F\u00f3rum Fraternal Angolano Coliga\u00e7\u00e3o"], "Percent": [0.907344602474564, 0.06119384978350916, 0.027261312707498313, 0.0032529479841106003, 0.000947287050317922]}}