{"2012-8": {"Total Votes": 142161.0, "Parties": ["Uni\u00e3o Nacional para a Independ\u00eancia Total de Angola", "Conselho Pol\u00edtico da Oposi\u00e7\u00e3o", "Frente Unida para a Mundan\u00e7a de Angola", "Nova Democracia Uni\u00e3o Eleitoral"], "Percent": [0.9665238708225181, 0.025639943444404584, 0.006401193013555054, 0.001434992719522232]}, "2008-9": {"Total Votes": 615933.0, "Parties": ["Movimento Popular de Liberta\u00e7\u00e3o de Angola", "Partido de Renova\u00e7\u00e3o Social", "Nova Democracia Uni\u00e3o Eleitoral", "Angola Democr\u00e1tica-Coliga\u00e7\u00e3o", "Frente Nacional de Liberta\u00e7\u00e3o de Angola", "Partido de Apoio Democr\u00e1tico e Progresso de Angola", "F\u00f3rum Fraternal Angolano Coliga\u00e7\u00e3o"], "Percent": [0.9729840745665519, 0.015427002612297118, 0.004240720987510005, 0.0031334576975093073, 0.0026804863515999303, 0.0013783966762618662, 0.000155861108269893]}}