{"2012-8": {"Total Votes": 813717.0, "Parties": ["Uni\u00e3o Nacional para a Independ\u00eancia Total de Angola", "Converg\u00eancia Ampla de Salva\u00e7\u00e3o de Angola-Coliga\u00e7\u00e3o Eleitoral", "Movimento Popular de Liberta\u00e7\u00e3o de Angola", "Partido de Renova\u00e7\u00e3o Social", "Frente Nacional de Liberta\u00e7\u00e3o de Angola", "Nova Democracia Uni\u00e3o Eleitoral", "Partido Popular para Desenvolvimento", "Frente Unida para a Mundan\u00e7a de Angola", "Conselho Pol\u00edtico da Oposi\u00e7\u00e3o"], "Percent": [0.5760934083962852, 0.2592473796172379, 0.1041467733868163, 0.036361536013134785, 0.012392514842383778, 0.007909383729232645, 0.0016000648874240062, 0.0015976070304540768, 0.0006513320970312775]}, "2008-9": {"Total Votes": 2447978.0, "Parties": ["Movimento Popular de Liberta\u00e7\u00e3o de Angola", "Uni\u00e3o Nacional para a Independ\u00eancia Total de Angola", "Partido de Renova\u00e7\u00e3o Social", "Frente Nacional de Liberta\u00e7\u00e3o de Angola", "Nova Democracia Uni\u00e3o Eleitoral", "Partido da Alian\u00e7a Juventude, Oper\u00e1rios e Camponeses de Angola", "Partido Renovador Democr\u00e1tico", "Plataforma Pol\u00edtica Eleitoral", "Angola Democr\u00e1tica-Coliga\u00e7\u00e3o", "Frente para a Democracia", "Partido Democr\u00e1tico para o Progresso-Alian\u00e7a Nacional Angolana", "Partido de Apoio Democr\u00e1tico e Progresso de Angola", "Partido Liberal Democr\u00e1tico", "F\u00f3rum Fraternal Angolano Coliga\u00e7\u00e3o"], "Percent": [0.9143725964857528, 0.029127304248649292, 0.02321548641368509, 0.011880008725568613, 0.0059077328309323045, 0.004049464496821458, 0.002942019903773645, 0.0025163624836497716, 0.0015788540583289556, 0.001334162316818207, 0.0010870195728883184, 0.0008157753051702261, 0.0007671637571906284, 0.0004060494007707586]}}