{"2012-8": {"Total Votes": 431938.0, "Parties": ["Movimento Popular de Liberta\u00e7\u00e3o de Angola", "Partido de Renova\u00e7\u00e3o Social", "Partido Popular para Desenvolvimento", "Nova Democracia Uni\u00e3o Eleitoral", "Frente Unida para a Mundan\u00e7a de Angola"], "Percent": [0.9965527459959531, 0.0013566761896383276, 0.001245549129736212, 0.0007176955952011632, 0.0001273330894711741]}, "2008-9": {"Total Votes": 9782.0, "Parties": ["Nova Democracia Uni\u00e3o Eleitoral", "Frente Nacional de Liberta\u00e7\u00e3o de Angola", "Plataforma Pol\u00edtica Eleitoral", "Angola Democr\u00e1tica-Coliga\u00e7\u00e3o", "Partido Renovador Democr\u00e1tico", "F\u00f3rum Fraternal Angolano Coliga\u00e7\u00e3o"], "Percent": [0.6246166428133306, 0.2666121447556737, 0.04590063381721529, 0.02862400327131466, 0.01737885912901247, 0.01686771621345328]}}