{"1949-12": {"Total Votes": 24505.0, "Parties": ["independent", "people's national party", "jamaica labour party"], "Percent": [0.4277086308916548, 0.3529075698836972, 0.21938379922464804]}, "1959-7": {"Total Votes": 25013.0, "Parties": ["people's national party", "jamaica labour party"], "Percent": [0.5098148962539479, 0.49018510374605206]}, "1972-2": {"Total Votes": 22285.0, "Parties": ["people's national party", "jamaica labour party", "independent"], "Percent": [0.5121382095579987, 0.4865604666816244, 0.001301323760376935]}, "1989-12": {"Total Votes": 28050.0, "Parties": ["people's national party", "jamaica labour party"], "Percent": [0.557825311942959, 0.44217468805704097]}, "1955-1": {"Total Votes": 25861.0, "Parties": ["jamaica labour party", "people's national party"], "Percent": [0.5483546653261668, 0.45164533467383317]}, "1997-12": {"Total Votes": 22972.0, "Parties": ["people's national party", "jamaica labour party", "national democratic movement", "independent"], "Percent": [0.6102646700330838, 0.3729322653665332, 0.009272157409019675, 0.007530907191363399]}, "1944-12": {"Total Votes": 18833.0, "Parties": ["independent", "jamaica labour party", "people's national party"], "Percent": [0.7981203207136409, 0.14840970636648437, 0.05346997291987469]}, "1967-2": {"Total Votes": 22449.0, "Parties": ["jamaica labour party", "people's national party"], "Percent": [0.5286649739409328, 0.47133502605906724]}, "1983-12": {"Total Votes": 0, "Parties": [], "Percent": []}, "1976-12": {"Total Votes": 28740.0, "Parties": ["people's national party", "jamaica labour party"], "Percent": [0.5422407794015309, 0.4577592205984691]}, "1980-10": {"Total Votes": 30198.0, "Parties": ["jamaica labour party", "people's national party", "independent"], "Percent": [0.5684482416054044, 0.42847208424398964, 0.0030796741506060005]}, "1962-4": {"Total Votes": 24771.0, "Parties": ["jamaica labour party", "people's national party", "people's progressive party"], "Percent": [0.5470913568285496, 0.4508497840216382, 0.0020588591498122803]}, "2002-10": {"Total Votes": 25252.0, "Parties": ["people's national party", "jamaica labour party", "united people's party"], "Percent": [0.5498970378583874, 0.4476477110723903, 0.00245525106922224]}, "1993-2": {"Total Votes": 20752.0, "Parties": ["people's national party", "jamaica labour party", "independent"], "Percent": [0.5371530454895914, 0.3960100231303007, 0.06683693138010795]}}