{"2008-12": {"Total Votes": 8526683.0, "Parties": ["bangladesh awami league", "bangladesh nationalist party", "jatiya party", "independent", "bangladesh jamaytee islami", "jatiya samajtantric dal - jasad", "islami andolan bangladesh", "islami oikya jote", "bangladesh workers party", "liberal democratic party - ldp", "bangladesh khalafat majlish", "jaker party", "bikalpodhara bangladesh", "gano forum", "bangladesh islamic front", "bangladesh samajtantric dal", "bangladesh communist party", "jatiya samajtantric dal - jsd", "gano front", "bangladesh national awami party - bangladesh nap", "bangladesh tarikat federation", "national people's party", "bangladesh kalyan party", "progatishil ganotantrik dal", "bangladesh khalafat andolon", "islamic front bangladesh", "freedom party", "krishak sramik janata league"], "Percent": [0.3922332986930556, 0.3824190485327061, 0.08214530785300686, 0.04858501248375246, 0.029208075402826633, 0.022264695427283973, 0.01767897317163075, 0.011212801038809582, 0.0050775899608323655, 0.002788071281646099, 0.0013197394578876686, 0.0013088325202191755, 0.0012113737546007048, 0.000594955857981351, 0.00028217303258488676, 0.00025930364715094954, 0.00024874854618144005, 0.00017791209078606534, 0.0001498824337670346, 0.00014366665208499015, 0.00013991372729583123, 0.00013721631260362323, 0.00013510529240972133, 9.945250691271155e-05, 9.757604451813208e-05, 3.987482588481359e-05, 2.8967888216320463e-05, 1.2431563364088944e-05]}, "1973-3": {"Total Votes": 1452382.0, "Parties": ["bangladesh awami league", "national awami party (muzaffar group)", "jatiya samajtantric dal - jasad", "bangladesh national awami party - bangladesh nap", "independent", "bangladesh jatiya league", "sramik krishak samajbadi dal"], "Percent": [0.7221247578116501, 0.12105561759922664, 0.07087529313913282, 0.06096192324057996, 0.022766737676451508, 0.0018245888478375524, 0.00039108168512140746]}, "2001-10": {"Total Votes": 6255908.0, "Parties": ["bangladesh nationalist party", "bangladesh awami league", "jatiya party", "independent", "islami oikya jote", "bangladesh jamaytee islami", "bangladesh jatiya party-bjp", "jatiya party - jp", "bangladesh workers party", "jatiya samajtantric dal - jasad", "islami shasantantra andolon", "bangladesh communist party", "bangladesh khalafat andolon", "krishak sramik janata league", "bangladesh samajtantrik dal (mahbub)", "gano forum", "bangladesh krisak sramik", "bangladesh samajtantric dal", "bhasani front", "liberal party bangladesh", "bangladesh manabadhaikir dal", "bangladesh progressive party", "gonotantri party", "jatiya janata party (sheik asad)", "bangladesh sarbahara party"], "Percent": [0.474925782156643, 0.35347482731523544, 0.0432616656127296, 0.04039701351106826, 0.031140163825938618, 0.024498442112639764, 0.01644685311868397, 0.010583915236605143, 0.001824994868850373, 0.001169294689116272, 0.0007584830211697487, 0.0003244932630083435, 0.00020300810050275674, 0.0002028482516047231, 0.00018782245518955841, 0.00018110880147214443, 8.615855604014636e-05, 8.535931154997803e-05, 5.674635880195169e-05, 5.1791042962908024e-05, 3.788418883397902e-05, 3.692509544577702e-05, 3.372811748510368e-05, 2.3657636908982678e-05, 7.033351513481337e-06]}, "1991-2": {"Total Votes": 4219813.0, "Parties": ["Bangladesh Nationalist Party", "Awami League", "Jamaat-E-Islami", "Jatiya Party", "Independent", "National Awami Party (Muzaffar)", "Islami Oikkyo Jote", "National Democratic Party", "Workers' Party", "Bangladesh Krishnak Sramik Awami League", "Zaker Party", "Khelafat Andolan", "Jatiya Samajtantrik Dal (INU)", "Jatiya Samajtantrik Dal (RAB)", "Communist Party of Bangladesh", "Janata Dal", "Oikyo Prokria", "United Communist League", "Progosh", "Islamic Front", "Freedom Party", "Janata Mukti Party", "Jatiya Jukta Front", "Muslim League (K)", "Jatiya Janata Party (Asad)", "Jatiya Biplabi Front", "M.P. Party", "PJD", "Democratic League", "Hindu League", "Jatiya Oikyo Front", "Labour Party", "Muslim League (M)", "National Congress", "Jatiya Ganantrik Party", "National Hindu Party", "JG Party", "Jukto Front", "Janasakti Party"], "Percent": [0.340027152861987, 0.28092003129048604, 0.13265730021685795, 0.098387772159572, 0.05269641095470345, 0.01638105764402356, 0.014205605793432078, 0.009919159924859231, 0.009380036508726809, 0.009262021800492105, 0.008195386857190118, 0.005649302469090455, 0.004708265508447886, 0.002968614959952017, 0.002259815778566491, 0.0020778171923732163, 0.002015966110346596, 0.0018579022340563434, 0.0015538603250902351, 0.0013611977592371985, 0.0011232725241616158, 0.0005166105701840342, 0.0003893537462442056, 0.0002758416071991816, 0.0002291570740220005, 0.00020759213737670367, 0.00012204332277283377, 0.00011706679893161143, 0.00010024140880176444, 9.099929309663723e-05, 8.554881460386989e-05, 7.630669889874267e-05, 3.6494508168963886e-05, 3.2702870956604004e-05, 3.2228916305059014e-05, 3.0807052350424056e-05, 2.156493664529684e-05, 1.9906095364889392e-05, 7.583274424719768e-06]}}