{"1979-6": {"Total Votes": 0, "Parties": [], "Percent": []}, "1976-6": {"Total Votes": 0, "Parties": [], "Percent": []}, "1953-6": {"Total Votes": 0, "Parties": [], "Percent": []}, "1963-4": {"Total Votes": 0, "Parties": [], "Percent": []}, "1992-4": {"Total Votes": 0, "Parties": [], "Percent": []}, "1968-5": {"Total Votes": 0, "Parties": [], "Percent": []}, "1972-5": {"Total Votes": 0, "Parties": [], "Percent": []}, "1987-6": {"Total Votes": 0, "Parties": [], "Percent": []}, "1919-11": {"Total Votes": 127672.0, "Parties": ["partito socialista ufficiale", "partito popolare italiano", "liberali", "combattenti", "others"], "Percent": [0.3263519017482298, 0.24638918478601415, 0.22997994861833448, 0.11507613258976127, 0.08220283225766026]}, "1994-3": {"Total Votes": 175108.0, "Parties": ["polo delle libert\u00e0", "progressisti", "patto per l'italia (ppi,patto segni)", "alleanza nazionale", "lista pannella"], "Percent": [0.5078979829590882, 0.2059528976403134, 0.16745094455992873, 0.09320533613541357, 0.025492838705256184]}, "1948-4": {"Total Votes": 0, "Parties": [], "Percent": []}, "1983-6": {"Total Votes": 0, "Parties": [], "Percent": []}, "1996-4": {"Total Votes": 171257.0, "Parties": ["l'ulivo", "polo per le libert\u00e0", "lega nord", "lista pannella-sgarbi"], "Percent": [0.3412707217807155, 0.3325878650215758, 0.3101128712986914, 0.016028541899017267]}, "1921-5": {"Total Votes": 151970.0, "Parties": ["partito socialista ufficiale", "partito popolare italiano", "partito nazionale fascista", "liberali", "others"], "Percent": [0.34302822925577414, 0.3350727117194183, 0.25933407909455813, 0.059880239520958084, 0.0026847404092913076]}, "1958-5": {"Total Votes": 0, "Parties": [], "Percent": []}, "1946-6": {"Total Votes": 0, "Parties": [], "Percent": []}}