{"1979-6": {"Total Votes": 824594.0, "Parties": ["democrazia cristiana", "partito comunista italiano", "partito socialista italiano", "partito socialdemocratico italiano", "others", "partito radicale", "movimento sociale italiano-destra nazionale", "partito repubblicano italiano", "partito liberale italiano", "associazione per trieste"], "Percent": [0.4166122964755989, 0.2335876807253024, 0.0903875119149545, 0.07602044157488412, 0.06235432224828218, 0.037255910181252835, 0.037105533147221544, 0.027737286470675266, 0.015676805797762292, 0.0032622114640659524]}, "1976-6": {"Total Votes": 824700.0, "Parties": ["democrazia cristiana", "partito comunista italiano", "partito socialista italiano", "partito socialdemocratico italiano", "movimento sociale italiano-destra nazionale", "partito repubblicano italiano", "others", "partito liberale italiano"], "Percent": [0.4436716381714563, 0.2538171456287135, 0.1294252455438341, 0.06651630896083424, 0.03974778707408755, 0.03302776767309325, 0.02186855826361101, 0.011925548684370074]}, "1953-6": {"Total Votes": 662116.0, "Parties": ["democrazia cristiana", "partito comunista italiano", "partito socialista italiano", "partito socialdemocratico italiano", "movimento sociale italiano", "partito nazionale monarchico", "others", "partito liberale italiano", "partito repubblicano italiano"], "Percent": [0.5078551190425847, 0.144814503802959, 0.1271574769375759, 0.08534154136133246, 0.058936802614647586, 0.030971914286922534, 0.023948975708184064, 0.014808583390221654, 0.006165082855572135]}, "1963-4": {"Total Votes": 717453.0, "Parties": ["democrazia cristiana", "partito socialista italiano", "partito comunista italiano", "partito socialdemocratico italiano", "partito liberale italiano", "movimento sociale italiano", "partito democratico italiano di unit\u00e0 monarchica", "partito repubblicano italiano"], "Percent": [0.47375786288439803, 0.15646042319148432, 0.15439617647427775, 0.1135140559730045, 0.04501479539426276, 0.04073716327062539, 0.010061983154297216, 0.006057539657650048]}, "1992-4": {"Total Votes": 849810.0, "Parties": ["democrazia cristiana", "lega nord", "partito socialista italiano", "partito democratico della sinistra", "movimento sociale italiano-destra nazionale", "partito della rifondazione comunista", "partito socialdemocratico italiano", "others", "partito repubblicano italiano", "verdi", "partito liberale italiano", "la rete-movimento democratico"], "Percent": [0.2958873159882797, 0.19227592049987643, 0.1441039761829115, 0.10087195961450207, 0.04908626634188819, 0.03955119379626034, 0.03802732375472164, 0.03793083159765124, 0.036345771407726435, 0.031056353773196363, 0.022965133382756145, 0.011897953660229934]}, "1968-5": {"Total Votes": 721265.0, "Parties": ["democrazia cristiana", "partito socialista unificato", "partito comunista italiano", "partito socialista italiano di unit\u00e0 proletaria", "partito liberale italiano", "movimento sociale italiano", "partito repubblicano italiano", "partito democratico italiano di unit\u00e0 monarchica"], "Percent": [0.4634024942288895, 0.2168065828786923, 0.17157494124905548, 0.04710751249540737, 0.04548813542872592, 0.03768517812454507, 0.009969983293241735, 0.007965172301442605]}, "1972-5": {"Total Votes": 755056.0, "Parties": ["democrazia cristiana", "partito comunista italiano", "partito socialista italiano", "partito socialdemocratico italiano", "movimento sociale italiano-destra nazionale", "others", "partito liberale italiano", "partito repubblicano italiano"], "Percent": [0.4589619842766629, 0.17704911953550465, 0.1272501642262296, 0.09605115382170329, 0.05558792990188807, 0.031945974868089255, 0.031254635417770335, 0.02189903795215189]}, "1987-6": {"Total Votes": 839217.0, "Parties": ["democrazia cristiana", "partito comunista italiano", "partito socialista italiano", "others", "movimento sociale italiano-destra nazionale", "partito socialdemocratico italiano", "partito repubblicano italiano", "verdi", "partito liberale italiano", "partito sardo d'azione"], "Percent": [0.357560678584919, 0.1905657297218717, 0.18486636948488888, 0.07444558439593096, 0.0508926773409023, 0.04750976207583974, 0.03623496664152418, 0.03550809862049982, 0.01969454860900101, 0.0027215845246223564]}, "1919-11": {"Total Votes": 59987.0, "Parties": ["partito socialista ufficiale", "liberali", "partito popolare italiano"], "Percent": [0.42180805841265606, 0.3000316735292647, 0.27816026805807925]}, "1994-3": {"Total Votes": 1139378.0, "Parties": ["forza italia", "lega nord", "alleanza nazionale", "partito popolare italiano", "polo delle libert\u00e0", "partito democratico della sinistra", "progressisti", "partito della rifondazione comunista", "lista pannella", "verdi", "patto per l'italia (ppi,patto segni)", "partito socialista italiano", "others"], "Percent": [0.1892295620944059, 0.13188950462445298, 0.1297576396946404, 0.12172430922836847, 0.09838350398199719, 0.09377660442803003, 0.06931588989782145, 0.046936135329978285, 0.03454516411585971, 0.03158038859798943, 0.028281220104302524, 0.013755750944813749, 0.010824326957339881]}, "1948-4": {"Total Votes": 687906.0, "Parties": ["democrazia cristiana", "fronte democratico popolare", "partito socialista dei lavoratori italiani", "blocco nazionale", "others", "movimento sociale italiano", "partito repubblicano italiano", "partito nazionale monarchico"], "Percent": [0.5777984201329833, 0.210317979491384, 0.14127075501594694, 0.022715312847976322, 0.017996644890435613, 0.012993054283579443, 0.010017357022616462, 0.006890476315077932]}, "1983-6": {"Total Votes": 802427.0, "Parties": ["democrazia cristiana", "partito comunista italiano", "partito socialista italiano", "others", "partito socialdemocratico italiano", "partito repubblicano italiano", "movimento sociale italiano-destra nazionale", "partito liberale italiano", "liga veneta", "associazione per trieste"], "Percent": [0.3787110852451376, 0.21297638289838203, 0.12280244807315806, 0.0769515482405253, 0.06711389322642433, 0.05394758650942703, 0.048958970722570404, 0.025077670616766384, 0.010262615789349063, 0.0031977986782598293]}, "1996-4": {"Total Votes": 1081680.0, "Parties": ["lega nord", "forza italia", "alleanza nazionale", "partito democratico della sinistra", "l'ulivo", "polo per le libert\u00e0", "ppi + svp + pri + ud + prodi", "partito della rifondazione comunista", "ccd + cdu", "verdi", "others"], "Percent": [0.22864895347977218, 0.16464481177427706, 0.11821703276384883, 0.10119443828119222, 0.09326787959470453, 0.07881073885067673, 0.06957880334294801, 0.05804489312920642, 0.04395015161600473, 0.03057743510095407, 0.013064862066415207]}, "1921-5": {"Total Votes": 170511.0, "Parties": ["partito popolare italiano", "partito socialista ufficiale", "liberali", "partito repubblicano italiano", "partito comunista italiano"], "Percent": [0.396455360651219, 0.29219229257936435, 0.22946906651183793, 0.06468204397370257, 0.017201236283876115]}, "1958-5": {"Total Votes": 693350.0, "Parties": ["democrazia cristiana", "partito socialista italiano", "partito comunista italiano", "partito socialdemocratico italiano", "movimento sociale italiano", "partito liberale italiano", "partito nazionale monarchico", "partito repubblicano italiano", "partito monarchico popolare", "others"], "Percent": [0.513891973750631, 0.15866157063532127, 0.12928246917141414, 0.08972524698925506, 0.04634888584409028, 0.026520516333741976, 0.01589240643253768, 0.008122881661498521, 0.007512800173072763, 0.004041249008437297]}, "1946-6": {"Total Votes": 552058.0, "Parties": ["democrazia cristiana", "partito socialista italiano", "partito comunista italiano", "others", "fronte dell'uomo qualunque", "unione democratica nazionale", "partito repubblicano italiano"], "Percent": [0.477071249759989, 0.30995112832347327, 0.1251988015751968, 0.029511391918965037, 0.027037014226766028, 0.018389372131189113, 0.012841042064420768]}}