{"1979-6": {"Total Votes": 0, "Parties": [], "Percent": []}, "1976-6": {"Total Votes": 0, "Parties": [], "Percent": []}, "1953-6": {"Total Votes": 0, "Parties": [], "Percent": []}, "1963-4": {"Total Votes": 0, "Parties": [], "Percent": []}, "1992-4": {"Total Votes": 0, "Parties": [], "Percent": []}, "1968-5": {"Total Votes": 0, "Parties": [], "Percent": []}, "1972-5": {"Total Votes": 0, "Parties": [], "Percent": []}, "1987-6": {"Total Votes": 0, "Parties": [], "Percent": []}, "1919-11": {"Total Votes": 85566.0, "Parties": ["partito popolare italiano", "partito socialista ufficiale", "liberali", "combattenti"], "Percent": [0.4928359395086834, 0.2407030830002571, 0.22333637192342753, 0.043124605567632]}, "1994-3": {"Total Votes": 96028.0, "Parties": ["polo delle libert\u00e0", "progressisti", "patto per l'italia (ppi,patto segni)", "alleanza nazionale", "others"], "Percent": [0.4801620360728121, 0.2253196984212938, 0.15287207897696506, 0.08592285583371517, 0.055723330695213895]}, "1948-4": {"Total Votes": 0, "Parties": [], "Percent": []}, "1983-6": {"Total Votes": 0, "Parties": [], "Percent": []}, "1996-4": {"Total Votes": 93515.0, "Parties": ["l'ulivo", "polo per le libert\u00e0", "lega nord", "others", "lista pannella-sgarbi"], "Percent": [0.3635887290808961, 0.3189648719456772, 0.2613591402448805, 0.03439020477998182, 0.0216970539485644]}, "1921-5": {"Total Votes": 0, "Parties": [], "Percent": []}, "1958-5": {"Total Votes": 0, "Parties": [], "Percent": []}, "1946-6": {"Total Votes": 0, "Parties": [], "Percent": []}}