{"1979-6": {"Total Votes": 0, "Parties": [], "Percent": []}, "1976-6": {"Total Votes": 0, "Parties": [], "Percent": []}, "1953-6": {"Total Votes": 0, "Parties": [], "Percent": []}, "1963-4": {"Total Votes": 0, "Parties": [], "Percent": []}, "1992-4": {"Total Votes": 0, "Parties": [], "Percent": []}, "1968-5": {"Total Votes": 0, "Parties": [], "Percent": []}, "1972-5": {"Total Votes": 0, "Parties": [], "Percent": []}, "1987-6": {"Total Votes": 0, "Parties": [], "Percent": []}, "1919-11": {"Total Votes": 84506.0, "Parties": ["partito popolare italiano", "liberali", "partito socialista ufficiale"], "Percent": [0.6428892623009017, 0.20967741935483872, 0.14743331834425957]}, "1994-3": {"Total Votes": 90363.0, "Parties": ["polo delle libert\u00e0", "progressisti", "patto per l'italia (ppi,patto segni)", "alleanza nazionale", "lista pannella"], "Percent": [0.47361198720715336, 0.20261611500282195, 0.17979704082423115, 0.10045040558635725, 0.04352445137943627]}, "1948-4": {"Total Votes": 0, "Parties": [], "Percent": []}, "1983-6": {"Total Votes": 0, "Parties": [], "Percent": []}, "1996-4": {"Total Votes": 86964.0, "Parties": ["polo per le libert\u00e0", "l'ulivo", "lega nord"], "Percent": [0.36219585115680053, 0.34695966146911367, 0.2908444873740858]}, "1921-5": {"Total Votes": 204336.0, "Parties": ["partito popolare italiano", "partito socialista ufficiale", "liberali", "others", "combattenti", "partito comunista italiano"], "Percent": [0.4427022159580299, 0.25454153942526037, 0.21218972672461045, 0.04275800642079712, 0.04093258163025605, 0.00687592984104612]}, "1958-5": {"Total Votes": 0, "Parties": [], "Percent": []}, "1946-6": {"Total Votes": 0, "Parties": [], "Percent": []}}