{"1979-6": {"Total Votes": 2780292.0, "Parties": ["democrazia cristiana", "partito comunista italiano", "partito socialista italiano", "movimento sociale italiano-destra nazionale", "partito socialdemocratico italiano", "partito repubblicano italiano", "others", "partito radicale", "partito liberale italiano"], "Percent": [0.4372738546886442, 0.21062284105410511, 0.10038621842597828, 0.08002972349666869, 0.04665121505223192, 0.03935701717661311, 0.0371529321380632, 0.029800107326856316, 0.018726090640839164]}, "1976-6": {"Total Votes": 2824759.0, "Parties": ["democrazia cristiana", "partito comunista italiano", "movimento sociale italiano-destra nazionale", "partito socialista italiano", "partito socialdemocratico italiano", "partito repubblicano italiano", "others", "partito liberale italiano"], "Percent": [0.42238010393099024, 0.2752617125921185, 0.11040410881069854, 0.09000944859366763, 0.03223708642046985, 0.030801211713990466, 0.021685389797855323, 0.01722093814020948]}, "1953-6": {"Total Votes": 2282334.0, "Parties": ["democrazia cristiana", "partito comunista italiano", "movimento sociale italiano", "partito nazionale monarchico", "partito socialista italiano", "partito liberale italiano", "partito socialdemocratico italiano", "others", "partito repubblicano italiano"], "Percent": [0.3643813745052214, 0.21804521161232315, 0.11736231419240128, 0.11568683637013688, 0.07454912383551224, 0.04639548812750456, 0.024542420171631323, 0.022565058400742397, 0.016472172784526715]}, "1963-4": {"Total Votes": 2446095.0, "Parties": ["democrazia cristiana", "partito comunista italiano", "partito socialista italiano", "partito liberale italiano", "movimento sociale italiano", "partito socialdemocratico italiano", "partito democratico italiano di unit\u00e0 monarchica", "partito repubblicano italiano", "concentrazione di unit\u00e0 rurale", "others"], "Percent": [0.3878021908388677, 0.23678311758128773, 0.10926885505264514, 0.08797123578601812, 0.0725977527446808, 0.0436806420028658, 0.027953534102314097, 0.020681126448482173, 0.008227807996009967, 0.005033737446828517]}, "1992-4": {"Total Votes": 2998419.0, "Parties": ["democrazia cristiana", "partito socialista italiano", "partito democratico della sinistra", "la rete-movimento democratico", "partito socialdemocratico italiano", "movimento sociale italiano-destra nazionale", "partito repubblicano italiano", "partito liberale italiano", "partito della rifondazione comunista", "others", "verdi", "lega nord"], "Percent": [0.41192575153772704, 0.14009149488447079, 0.10075076231840846, 0.0879570200162152, 0.059370955160036, 0.05629199921692065, 0.044028869881094, 0.0365129089696937, 0.032466776657965414, 0.015381772860964395, 0.013283000141074346, 0.0019386883554299785]}, "1968-5": {"Total Votes": 2394596.0, "Parties": ["democrazia cristiana", "partito comunista italiano", "partito socialista unificato", "movimento sociale italiano", "partito liberale italiano", "partito socialista italiano di unit\u00e0 proletaria", "partito repubblicano italiano", "partito democratico italiano di unit\u00e0 monarchica", "others"], "Percent": [0.4043563089556652, 0.22474814123133924, 0.11531966143767049, 0.06543441983532922, 0.05714074524470934, 0.052455194947289646, 0.044833867591861004, 0.02239417421560881, 0.013317486540527087]}, "1972-5": {"Total Votes": 2530443.0, "Parties": ["democrazia cristiana", "partito comunista italiano", "movimento sociale italiano-destra nazionale", "partito socialista italiano", "others", "partito socialdemocratico italiano", "partito liberale italiano", "partito repubblicano italiano"], "Percent": [0.3979469207565632, 0.21270544327613783, 0.15889470736942107, 0.0858644118836109, 0.042245567278140626, 0.03663587759139408, 0.03525351094650225, 0.03045356089823007]}, "1987-6": {"Total Votes": 2935091.0, "Parties": ["democrazia cristiana", "partito comunista italiano", "partito socialista italiano", "movimento sociale italiano-destra nazionale", "partito repubblicano italiano", "others", "partito socialdemocratico italiano", "partito liberale italiano", "verdi", "partito sardo d'azione"], "Percent": [0.3877889987056619, 0.19842689715582923, 0.14868908664160668, 0.08870832284246041, 0.048016909867530516, 0.044761133470819135, 0.04096976891006105, 0.02977965589482575, 0.012198258929620922, 0.0006609675815843529]}, "1919-11": {"Total Votes": 98360.0, "Parties": ["partito popolare italiano", "partito socialista ufficiale", "liberali", "combattenti"], "Percent": [0.45565270435136235, 0.23743391622610818, 0.18513623424156161, 0.12177714518096787]}, "1994-3": {"Total Votes": 3073823.0, "Parties": ["forza italia", "partito democratico della sinistra", "alleanza nazionale", "la rete-movimento democratico", "partito popolare italiano", "patto segni", "polo delle libert\u00e0", "others", "lista pannella", "partito socialista italiano", "progressisti", "patto per l'italia (ppi,patto segni)", "verdi"], "Percent": [0.30669267553792134, 0.15047645879414656, 0.1342992098113652, 0.10428479453761651, 0.07587749847665268, 0.05010958666130093, 0.042412006156502834, 0.0346679037797557, 0.033267693032422496, 0.025763682554265487, 0.021003811865549837, 0.0144715554539087, 0.006673123338591715]}, "1948-4": {"Total Votes": 2221233.0, "Parties": ["democrazia cristiana", "fronte democratico popolare", "partito nazionale monarchico", "blocco nazionale", "partito socialista dei lavoratori italiani", "others", "movimento sociale italiano", "partito repubblicano italiano", "partito dei contadini d'italia"], "Percent": [0.4787674233184902, 0.20893260634971658, 0.08885290286971245, 0.07885755343991377, 0.04912406757868265, 0.034167509666928234, 0.031533387087261895, 0.02955880810342724, 0.00020574158586694869]}, "1983-6": {"Total Votes": 2850769.0, "Parties": ["democrazia cristiana", "partito comunista italiano", "partito socialista italiano", "movimento sociale italiano-destra nazionale", "partito repubblicano italiano", "partito socialdemocratico italiano", "others", "partito liberale italiano", "associazione per trieste"], "Percent": [0.3792194316691391, 0.21597716265330513, 0.132615094383305, 0.10162836764395852, 0.04823856299826468, 0.04694628010898112, 0.04077145500038762, 0.031612873579023766, 0.0029907719636350755]}, "1996-4": {"Total Votes": 2936115.0, "Parties": ["forza italia", "partito democratico della sinistra", "alleanza nazionale", "ccd + cdu", "partito della rifondazione comunista", "ppi + svp + pri + ud + prodi", "lista dini-rinnovamento italiano", "others", "l'ulivo", "polo per le libert\u00e0", "lista pannella-sgarbi", "verdi", "lega nord"], "Percent": [0.29436517302626086, 0.15177266558019697, 0.15014023633270496, 0.07394499193662374, 0.0639729710859418, 0.051919628488666145, 0.03987752523317377, 0.037740006777663676, 0.03297759113658695, 0.029531200242497314, 0.025851507859876062, 0.024829408929827337, 0.0230770933699804]}, "1921-5": {"Total Votes": 0, "Parties": [], "Percent": []}, "1958-5": {"Total Votes": 2514142.0, "Parties": ["democrazia cristiana", "partito comunista italiano", "partito socialista italiano", "movimento sociale italiano", "partito liberale italiano", "partito nazionale monarchico", "partito monarchico popolare", "partito socialdemocratico italiano", "partito repubblicano italiano", "others"], "Percent": [0.42951631212556807, 0.21906081677168593, 0.10809373535782785, 0.06882268384204235, 0.056644771854573055, 0.04166749531251616, 0.03376460040840971, 0.028233886550560788, 0.011023243714953251, 0.003172454061862854]}, "1946-6": {"Total Votes": 1914715.0, "Parties": ["democrazia cristiana", "unione democratica nazionale", "partito socialista italiano", "fronte dell'uomo qualunque", "movimento per l'indipendenza della sicilia", "partito comunista italiano", "others", "partito repubblicano italiano", "blocco nazionale per la libert\u00e0"],