{"1979-6": {"Total Votes": 0, "Parties": [], "Percent": []}, "1976-6": {"Total Votes": 0, "Parties": [], "Percent": []}, "1953-6": {"Total Votes": 0, "Parties": [], "Percent": []}, "1963-4": {"Total Votes": 0, "Parties": [], "Percent": []}, "1992-4": {"Total Votes": 0, "Parties": [], "Percent": []}, "1968-5": {"Total Votes": 0, "Parties": [], "Percent": []}, "1972-5": {"Total Votes": 0, "Parties": [], "Percent": []}, "1987-6": {"Total Votes": 0, "Parties": [], "Percent": []}, "1919-11": {"Total Votes": 0, "Parties": [], "Percent": []}, "1994-3": {"Total Votes": 166652.0, "Parties": ["polo delle libert\u00e0", "progressisti", "patto per l'italia (ppi,patto segni)", "polo del buon governo", "alleanza nazionale", "others", "lista pannella"], "Percent": [0.33380337469697335, 0.2526882365648177, 0.16817679955836112, 0.16276432326044693, 0.032102825048604275, 0.028940546768115593, 0.021523894102681036]}, "1948-4": {"Total Votes": 0, "Parties": [], "Percent": []}, "1983-6": {"Total Votes": 0, "Parties": [], "Percent": []}, "1996-4": {"Total Votes": 159250.0, "Parties": ["polo per le libert\u00e0", "l'ulivo", "lega nord", "movimento sociale tricolore", "others"], "Percent": [0.43105180533751963, 0.37240188383045525, 0.16885400313971743, 0.018857142857142857, 0.008835164835164834]}, "1921-5": {"Total Votes": 0, "Parties": [], "Percent": []}, "1958-5": {"Total Votes": 0, "Parties": [], "Percent": []}, "1946-6": {"Total Votes": 0, "Parties": [], "Percent": []}}