{"1979-6": {"Total Votes": 0, "Parties": [], "Percent": []}, "1976-6": {"Total Votes": 0, "Parties": [], "Percent": []}, "1953-6": {"Total Votes": 0, "Parties": [], "Percent": []}, "1963-4": {"Total Votes": 0, "Parties": [], "Percent": []}, "1992-4": {"Total Votes": 0, "Parties": [], "Percent": []}, "1968-5": {"Total Votes": 0, "Parties": [], "Percent": []}, "1972-5": {"Total Votes": 0, "Parties": [], "Percent": []}, "1987-6": {"Total Votes": 0, "Parties": [], "Percent": []}, "1919-11": {"Total Votes": 74950.0, "Parties": ["liberali", "combattenti", "partito popolare italiano", "partito socialista ufficiale"], "Percent": [0.4978785857238159, 0.24924616410940628, 0.1437625083388926, 0.10911274182788526]}, "1994-3": {"Total Votes": 338170.0, "Parties": ["polo delle libert\u00e0", "progressisti", "polo del buon governo", "patto per l'italia (ppi,patto segni)", "others", "alleanza nazionale", "lista pannella"], "Percent": [0.2558003371085549, 0.24691427388591536, 0.20410444451015763, 0.189525978058373, 0.03886802495786143, 0.03586066179732088, 0.02892627968181684]}, "1948-4": {"Total Votes": 0, "Parties": [], "Percent": []}, "1983-6": {"Total Votes": 0, "Parties": [], "Percent": []}, "1996-4": {"Total Votes": 329266.0, "Parties": ["polo per le libert\u00e0", "l'ulivo", "lega nord", "movimento sociale tricolore"], "Percent": [0.42667934132282104, 0.4208481896096165, 0.14423293021447706, 0.008239538853085348]}, "1921-5": {"Total Votes": 0, "Parties": [], "Percent": []}, "1958-5": {"Total Votes": 0, "Parties": [], "Percent": []}, "1946-6": {"Total Votes": 0, "Parties": [], "Percent": []}}