{"1979-6": {"Total Votes": 0, "Parties": [], "Percent": []}, "1976-6": {"Total Votes": 0, "Parties": [], "Percent": []}, "1953-6": {"Total Votes": 0, "Parties": [], "Percent": []}, "1963-4": {"Total Votes": 0, "Parties": [], "Percent": []}, "1992-4": {"Total Votes": 0, "Parties": [], "Percent": []}, "1968-5": {"Total Votes": 0, "Parties": [], "Percent": []}, "1972-5": {"Total Votes": 0, "Parties": [], "Percent": []}, "1987-6": {"Total Votes": 0, "Parties": [], "Percent": []}, "1919-11": {"Total Votes": 81029.0, "Parties": ["partito socialista ufficiale", "partito popolare italiano", "liberali", "partito repubblicano italiano"], "Percent": [0.4363252662626961, 0.23770501919066014, 0.17481395549741452, 0.1511557590492293]}, "1994-3": {"Total Votes": 472891.0, "Parties": ["progressisti", "others", "patto per l'italia (ppi,patto segni)", "polo del buon governo", "alleanza nazionale", "polo delle libert\u00e0", "forza italia"], "Percent": [0.3149922497996367, 0.1719064224102383, 0.16552017272479283, 0.1273337830493708, 0.10252256862575097, 0.07699871640610627, 0.04072608698410416]}, "1948-4": {"Total Votes": 0, "Parties": [], "Percent": []}, "1983-6": {"Total Votes": 0, "Parties": [], "Percent": []}, "1996-4": {"Total Votes": 461907.0, "Parties": ["l'ulivo", "polo per le libert\u00e0", "others", "lega nord", "movimento sociale tricolore", "lista pannella-sgarbi"], "Percent": [0.4142219104711554, 0.353569008480062, 0.15559625638927316, 0.044584732424492374, 0.02633647032844274, 0.005691621906574267]}, "1921-5": {"Total Votes": 177916.0, "Parties": ["partito popolare italiano", "partito nazionale fascista", "partito socialista ufficiale", "partito repubblicano italiano", "liberali", "partito comunista italiano", "others"], "Percent": [0.2985510015962589, 0.2734773713437802, 0.20139279210413905, 0.09047528046943501, 0.0551664830594213, 0.052918231075338926, 0.02801884035162661]}, "1958-5": {"Total Votes": 0, "Parties": [], "Percent": []}, "1946-6": {"Total Votes": 0, "Parties": [], "Percent": []}}