{"1979-6": {"Total Votes": 0, "Parties": [], "Percent": []}, "1976-6": {"Total Votes": 0, "Parties": [], "Percent": []}, "1953-6": {"Total Votes": 0, "Parties": [], "Percent": []}, "1963-4": {"Total Votes": 0, "Parties": [], "Percent": []}, "1992-4": {"Total Votes": 0, "Parties": [], "Percent": []}, "1968-5": {"Total Votes": 0, "Parties": [], "Percent": []}, "1972-5": {"Total Votes": 0, "Parties": [], "Percent": []}, "1987-6": {"Total Votes": 0, "Parties": [], "Percent": []}, "1919-11": {"Total Votes": 131486.0, "Parties": ["liberali", "combattenti", "partito popolare italiano", "partito socialista ufficiale", "partito agrario", "others", "partito monarchico liberale"], "Percent": [0.4256422737021432, 0.2510837655720001, 0.11828635748292594, 0.09054956421215947, 0.04560181312078852, 0.03733477328384771, 0.0315014526261351]}, "1994-3": {"Total Votes": 138321.0, "Parties": ["progressisti", "polo del buon governo", "patto per l'italia (ppi,patto segni)", "alleanza nazionale", "forza italia", "others", "lista pannella"], "Percent": [0.3449584661765025, 0.19357870460739873, 0.15890573376421513, 0.12914163431438466, 0.12211450177485704, 0.03562004323277015, 0.01568091612987182]}, "1948-4": {"Total Votes": 0, "Parties": [], "Percent": []}, "1983-6": {"Total Votes": 0, "Parties": [], "Percent": []}, "1996-4": {"Total Votes": 136076.0, "Parties": ["polo per le libert\u00e0", "l'ulivo", "movimento sociale tricolore", "others"], "Percent": [0.5006760927716865, 0.4669081983597402, 0.021341015314971047, 0.011074693553602398]}, "1921-5": {"Total Votes": 135941.0, "Parties": ["liberali", "partito nazionale fascista", "partito popolare italiano", "partito socialista ufficiale"], "Percent": [0.5386086611103347, 0.22873158208340383, 0.15361811374051978, 0.07904164306574175]}, "1958-5": {"Total Votes": 0, "Parties": [], "Percent": []}, "1946-6": {"Total Votes": 0, "Parties": [], "Percent": []}}