{"1979-6": {"Total Votes": 0, "Parties": [], "Percent": []}, "1976-6": {"Total Votes": 0, "Parties": [], "Percent": []}, "1953-6": {"Total Votes": 0, "Parties": [], "Percent": []}, "1963-4": {"Total Votes": 0, "Parties": [], "Percent": []}, "1992-4": {"Total Votes": 0, "Parties": [], "Percent": []}, "1968-5": {"Total Votes": 0, "Parties": [], "Percent": []}, "1972-5": {"Total Votes": 0, "Parties": [], "Percent": []}, "1987-6": {"Total Votes": 0, "Parties": [], "Percent": []}, "1919-11": {"Total Votes": 0, "Parties": [], "Percent": []}, "1994-3": {"Total Votes": 497260.0, "Parties": ["polo delle libert\u00e0", "progressisti", "patto per l'italia (ppi,patto segni)", "polo del buon governo", "alleanza nazionale", "lista pannella", "others"], "Percent": [0.4213047500301653, 0.2308027993403853, 0.1714716647226803, 0.09452399147327353, 0.046645617986566384, 0.02559023448497768, 0.009660941961951493]}, "1948-4": {"Total Votes": 0, "Parties": [], "Percent": []}, "1983-6": {"Total Votes": 0, "Parties": [], "Percent": []}, "1996-4": {"Total Votes": 474164.0, "Parties": ["polo per le libert\u00e0", "l'ulivo", "lega nord", "others", "movimento sociale tricolore"], "Percent": [0.4024092929872365, 0.36363157051146866, 0.22065994044254733, 0.008562438312482601, 0.004736757746265005]}, "1921-5": {"Total Votes": 0, "Parties": [], "Percent": []}, "1958-5": {"Total Votes": 0, "Parties": [], "Percent": []}, "1946-6": {"Total Votes": 0, "Parties": [], "Percent": []}}