{"1979-6": {"Total Votes": 0, "Parties": [], "Percent": []}, "1976-6": {"Total Votes": 0, "Parties": [], "Percent": []}, "1953-6": {"Total Votes": 0, "Parties": [], "Percent": []}, "1963-4": {"Total Votes": 0, "Parties": [], "Percent": []}, "1992-4": {"Total Votes": 0, "Parties": [], "Percent": []}, "1968-5": {"Total Votes": 0, "Parties": [], "Percent": []}, "1972-5": {"Total Votes": 0, "Parties": [], "Percent": []}, "1987-6": {"Total Votes": 0, "Parties": [], "Percent": []}, "1919-11": {"Total Votes": 107968.0, "Parties": ["partito socialista ufficiale", "liberali", "partito popolare italiano"], "Percent": [0.7297532602252519, 0.13856883521043273, 0.13167790456431536]}, "1994-3": {"Total Votes": 242946.0, "Parties": ["progressisti", "polo del buon governo", "patto per l'italia (ppi,patto segni)", "polo delle libert\u00e0", "others", "alleanza nazionale", "lista pannella"], "Percent": [0.38790513118141484, 0.2775966675722177, 0.107295448371243, 0.10206794925621332, 0.055390909914137296, 0.05063676701818511, 0.019107126686588788]}, "1948-4": {"Total Votes": 0, "Parties": [], "Percent": []}, "1983-6": {"Total Votes": 0, "Parties": [], "Percent": []}, "1996-4": {"Total Votes": 239131.0, "Parties": ["l'ulivo", "polo per le libert\u00e0", "movimento sociale tricolore", "lega nord"], "Percent": [0.5015744508240253, 0.4386215087127976, 0.03490973566789751, 0.024894304795279574]}, "1921-5": {"Total Votes": 0, "Parties": [], "Percent": []}, "1958-5": {"Total Votes": 0, "Parties": [], "Percent": []}, "1946-6": {"Total Votes": 0, "Parties": [], "Percent": []}}