{"1979-6": {"Total Votes": 0, "Parties": [], "Percent": []}, "1976-6": {"Total Votes": 0, "Parties": [], "Percent": []}, "1953-6": {"Total Votes": 0, "Parties": [], "Percent": []}, "1963-4": {"Total Votes": 0, "Parties": [], "Percent": []}, "1992-4": {"Total Votes": 0, "Parties": [], "Percent": []}, "1968-5": {"Total Votes": 0, "Parties": [], "Percent": []}, "1972-5": {"Total Votes": 0, "Parties": [], "Percent": []}, "1987-6": {"Total Votes": 0, "Parties": [], "Percent": []}, "1919-11": {"Total Votes": 179149.0, "Parties": ["partito socialista ufficiale", "liberali", "partito popolare italiano"], "Percent": [0.5112839033430273, 0.26699004739071946, 0.22172604926625322]}, "1994-3": {"Total Votes": 728144.0, "Parties": ["progressisti", "polo delle libert\u00e0", "patto per l'italia (ppi,patto segni)", "alleanza nazionale", "polo del buon governo", "lista pannella", "others"], "Percent": [0.4105492869542288, 0.28516474763233646, 0.1562410731943132, 0.09321919840031642, 0.03246335889604254, 0.014357050253795953, 0.008005284668966578]}, "1948-4": {"Total Votes": 0, "Parties": [], "Percent": []}, "1983-6": {"Total Votes": 0, "Parties": [], "Percent": []}, "1996-4": {"Total Votes": 700576.0, "Parties": ["l'ulivo", "polo per le libert\u00e0", "lega nord", "movimento sociale tricolore", "others"], "Percent": [0.5175198693646372, 0.3434688028136847, 0.12014399579774357, 0.011262161421458914, 0.007605170602475677]}, "1921-5": {"Total Votes": 222525.0, "Parties": ["partito nazionale fascista", "partito socialista ufficiale", "partito popolare italiano", "partito comunista italiano", "partito repubblicano italiano"], "Percent": [0.35110661723401865, 0.29997528367599147, 0.19817997977755308, 0.13594876980114595, 0.014789349511290866]}, "1958-5": {"Total Votes": 0, "Parties": [], "Percent": []}, "1946-6": {"Total Votes": 0, "Parties": [], "Percent": []}}