{"1979-6": {"Total Votes": 1303875.0, "Parties": ["partito comunista italiano", "democrazia cristiana", "partito socialista italiano", "partito radicale", "movimento sociale italiano-destra nazionale", "partito repubblicano italiano", "partito liberale italiano", "partito socialdemocratico italiano", "others"], "Percent": [0.3551759179369188, 0.3217018502540504, 0.11530859936727064, 0.048361230946218005, 0.03739775668679896, 0.0344227782571182, 0.03346026267855431, 0.03304534560444828, 0.021126258268622376]}, "1976-6": {"Total Votes": 1349548.0, "Parties": ["partito comunista italiano", "democrazia cristiana", "partito socialista italiano", "movimento sociale italiano-destra nazionale", "partito repubblicano italiano", "partito socialdemocratico italiano", "others", "partito liberale italiano"], "Percent": [0.3908649414470623, 0.3442485928622028, 0.10940403749996296, 0.0434864117467478, 0.03849733392217246, 0.029611395815487853, 0.026059095341551392, 0.017828191364812514]}, "1953-6": {"Total Votes": 1040906.0, "Parties": ["democrazia cristiana", "partito comunista italiano", "partito socialista italiano", "partito socialdemocratico italiano", "movimento sociale italiano", "partito nazionale monarchico", "partito liberale italiano", "partito repubblicano italiano", "others"], "Percent": [0.3858897921618282, 0.2573623362724396, 0.16212799234513012, 0.06588587249953406, 0.03787950112690291, 0.027236849436932827, 0.02567474872851151, 0.019221716466232303, 0.01872119096248845]}, "1963-4": {"Total Votes": 1201495.0, "Parties": ["democrazia cristiana", "partito comunista italiano", "partito socialista italiano", "partito liberale italiano", "partito socialdemocratico italiano", "movimento sociale italiano", "partito repubblicano italiano", "partito democratico italiano di unit\u00e0 monarchica", "others", "concentrazione di unit\u00e0 rurale"], "Percent": [0.3223841963553739, 0.2842350571579574, 0.15491533464558738, 0.09586806436980595, 0.07616844015164441, 0.038769200038285635, 0.011257641521604335, 0.01051440080899213, 0.004337928996791497, 0.0015497359539573615]}, "1992-4": {"Total Votes": 1235193.0, "Parties": ["democrazia cristiana", "partito democratico della sinistra", "lega nord", "partito socialista italiano", "partito della rifondazione comunista", "others", "partito repubblicano italiano", "movimento sociale italiano-destra nazionale", "verdi", "partito liberale italiano", "partito socialdemocratico italiano", "la rete-movimento democratico"], "Percent": [0.21888239327781164, 0.18694487420184538, 0.1429306998987203, 0.11042889653681652, 0.07387509482323815, 0.07177906610545882, 0.047623326880900395, 0.044799476680972124, 0.03643722074202169, 0.033491122439974964, 0.018429508586917186, 0.014378319825322844]}, "1968-5": {"Total Votes": 1232808.0, "Parties": ["democrazia cristiana", "partito comunista italiano", "partito socialista unificato", "partito liberale italiano", "partito socialista italiano di unit\u00e0 proletaria", "movimento sociale italiano", "others", "partito repubblicano italiano", "partito democratico italiano di unit\u00e0 monarchica"], "Percent": [0.3328190602267344, 0.30933121783765194, 0.15756630391756057, 0.09005619690981889, 0.04158311756575233, 0.0301085002693039, 0.015932732428731805, 0.015826470950869885, 0.006776399893576291]}, "1972-5": {"Total Votes": 1279455.0, "Parties": ["democrazia cristiana", "partito comunista italiano", "partito socialista italiano", "movimento sociale italiano-destra nazionale", "partito liberale italiano", "partito socialdemocratico italiano", "partito repubblicano italiano", "others"], "Percent": [0.33504968912544797, 0.3161322594385891, 0.1122016796214013, 0.061498059720740475, 0.058560090038336635, 0.053234384952968256, 0.03546119246085247, 0.027862644641663832]}, "1987-6": {"Total Votes": 1261363.0, "Parties": ["partito comunista italiano", "democrazia cristiana", "partito socialista italiano", "others", "movimento sociale italiano-destra nazionale", "partito repubblicano italiano", "verdi", "partito liberale italiano", "partito socialdemocratico italiano", "partito sardo d'azione"], "Percent": [0.3229347935526886, 0.2841394586649521, 0.13857628612857678, 0.06925048538763227, 0.05359757658976837, 0.04102863331174293, 0.03969119119555592, 0.02975828528345924, 0.018927144683964885, 0.0020961452016588404]}, "1919-11": {"Total Votes": 0, "Parties": [], "Percent": []}, "1994-3": {"Total Votes": 1397530.0, "Parties": ["forza italia", "partito democratico della sinistra", "lega nord", "alleanza nazionale", "partito della rifondazione comunista", "partito popolare italiano", "polo delle libert\u00e0", "lista pannella", "patto segni", "progressisti", "others", "verdi", "patto per l'italia (ppi,patto segni)", "partito socialista italiano", "la rete-movimento democratico"], "Percent": [0.1980737443918914, 0.1959313932437944, 0.100271192747204, 0.0790172661767547, 0.07166286233569226, 0.07054732277661302, 0.06047741372278234, 0.05230800054381659, 0.05224288566256181, 0.030050875473156213, 0.023556560503173455, 0.02330611865219351, 0.018961310311764325, 0.015175345073093243, 0.008417708385508718]}, "1948-4": {"Total Votes": 995541.0, "Parties": ["democrazia cristiana", "fronte democratico popolare", "partito socialista dei lavoratori italiani", "partito repubblicano italiano", "blocco nazionale", "movimento sociale italiano", "partito nazionale monarchico", "others"], "Percent": [0.4588208823142392, 0.39065392585538916, 0.09772274572317965, 0.025364098515279633, 0.010815225088670381, 0.008109158738816383, 0.005562804545468243, 0.0029511592189573306]}, "1983-6": {"Total Votes": 1249110.0, "Parties": ["partito comunista italiano", "democrazia cristiana", "partito socialista italiano", "others", "partito repubblicano italiano", "movimento sociale italiano-destra nazionale", "partito liberale italiano", "partito socialdemocratico italiano", "associazione per trieste"], "Percent": [0.3567219860540705, 0.27331780227521996, 0.10144743057056624, 0.07285587338184787, 0.06179920103113417, 0.052211574641144495, 0.04716958474433797, 0.03288341299004891, 0.0015931343116298805]}, "1996-4": {"Total Votes": 1331468.0, "Parties": ["partito democratico della sinistra", "forza italia", "alleanza nazionale", "lega nord", "partito della rifondazione comunista", "lista dini-rinnovamento italiano", "polo per le libert\u00e0", "ppi + svp + pri + ud + prodi", "l'ulivo", "ccd + cdu", "lista pannella-sgarbi", "verdi", "others"], "Percent": [0.22480299939615522, 0.16891280901981873, 0.11957403407366907, 0.11555140641757819, 0.08988725226592002, 0.05112252040604806, 0.050867914211982564, 0.04666728753526183, 0.04591022840954495, 0.03622392727425668, 0.023507136483941034, 0.021674572727245416, 0.005297911778578231]}, "1921-5": {"Total Votes": 0, "Parties": [], "Percent": []}, "1958-5": {"Total Votes": 1122147.0, "Parties": ["democrazia cristiana", "partito comunista italiano", "partito socialista italiano", "partito socialdemocratico italiano", "partito liberale italiano", "movimento sociale italiano", "partito repubblicano italiano", "partito nazionale monarchico", "partito monarchico popolare", "comunit\u00e0-concentrazione della cultura, degli operai e dei co", "others"], "Percent": [0.39784538032895866, 0.24590093811238634, 0.172025590230157, 0.06046534010249994, 0.04133861249907543, 0.038758736600463216, 0.016706367347593495, 0.014057872988120095, 0.007004429900895337, 0.0049636990519067465, 0.0009330328379436918]}, "1946-6": {"Total Votes": 927808.0, "Parties": ["democrazia cristiana", "partito comunista italiano", "partito socialista italiano", "unione democratica nazionale", "partito repubblicano italiano", "fronte dell'uomo qualunque", "others", "blocco nazionale per la libert\u00e0", "partito dei contadini d'italia"], "Percent": [0.32482798165137616, 0.28451145064496103, 0.2586440297992688, 0.04217575187969925, 0.04010096916603435, 0.027372042491549977, 0.011803088570048975, 0.00773974787887149, 0.0028249379181899703]}}