{"1979-6": {"Total Votes": 0, "Parties": [], "Percent": []}, "1976-6": {"Total Votes": 0, "Parties": [], "Percent": []}, "1953-6": {"Total Votes": 0, "Parties": [], "Percent": []}, "1963-4": {"Total Votes": 0, "Parties": [], "Percent": []}, "1992-4": {"Total Votes": 0, "Parties": [], "Percent": []}, "1968-5": {"Total Votes": 0, "Parties": [], "Percent": []}, "1972-5": {"Total Votes": 0, "Parties": [], "Percent": []}, "1987-6": {"Total Votes": 0, "Parties": [], "Percent": []}, "1919-11": {"Total Votes": 0, "Parties": [], "Percent": []}, "1994-3": {"Total Votes": 238522.0, "Parties": ["progressisti", "polo del buon governo", "patto per l'italia (ppi,patto segni)", "alleanza nazionale", "polo delle libert\u00e0", "forza italia", "lista pannella", "others"], "Percent": [0.2955157176277241, 0.19329034638314285, 0.18874149973587342, 0.12142276184167498, 0.09070442139509144, 0.06520991774343667, 0.024224180578730683, 0.02089115469432589]}, "1948-4": {"Total Votes": 0, "Parties": [], "Percent": []}, "1983-6": {"Total Votes": 0, "Parties": [], "Percent": []}, "1996-4": {"Total Votes": 235229.0, "Parties": ["polo per le libert\u00e0", "l'ulivo", "movimento sociale tricolore", "others", "lega nord"], "Percent": [0.48924239783360046, 0.4457103503394565, 0.035148727410310804, 0.015393510153935102, 0.014505014262697201]}, "1921-5": {"Total Votes": 0, "Parties": [], "Percent": []}, "1958-5": {"Total Votes": 0, "Parties": [], "Percent": []}, "1946-6": {"Total Votes": 0, "Parties": [], "Percent": []}}