{"1979-6": {"Total Votes": 0, "Parties": [], "Percent": []}, "1976-6": {"Total Votes": 0, "Parties": [], "Percent": []}, "1953-6": {"Total Votes": 0, "Parties": [], "Percent": []}, "1963-4": {"Total Votes": 0, "Parties": [], "Percent": []}, "1992-4": {"Total Votes": 0, "Parties": [], "Percent": []}, "1968-5": {"Total Votes": 0, "Parties": [], "Percent": []}, "1972-5": {"Total Votes": 0, "Parties": [], "Percent": []}, "1987-6": {"Total Votes": 0, "Parties": [], "Percent": []}, "1919-11": {"Total Votes": 87078.0, "Parties": ["liberali", "partito radicale", "partito popolare italiano", "partito socialista riformista", "combattenti", "partito socialista ufficiale"], "Percent": [0.623751119685799, 0.15821447437929212, 0.07284273869404442, 0.06766347412664507, 0.04879533291991089, 0.02873286019430855]}, "1994-3": {"Total Votes": 299896.0, "Parties": ["polo del buon governo", "progressisti", "patto per l'italia (ppi,patto segni)", "polo delle libert\u00e0", "others", "alleanza nazionale"], "Percent": [0.387420972603836, 0.22768226318457063, 0.17502067383359565, 0.12077520207005095, 0.06738335956464908, 0.021717528743297677]}, "1948-4": {"Total Votes": 0, "Parties": [], "Percent": []}, "1983-6": {"Total Votes": 0, "Parties": [], "Percent": []}, "1996-4": {"Total Votes": 297850.0, "Parties": ["polo per le libert\u00e0", "l'ulivo", "lega nord", "movimento sociale tricolore", "lista pannella-sgarbi", "others"], "Percent": [0.4624542554977337, 0.3733422863857646, 0.10568742655699177, 0.026969951317777408, 0.02263219741480611, 0.008913882826926305]}, "1921-5": {"Total Votes": 263416.0, "Parties": ["liberali", "partito popolare italiano", "others", "partito socialista riformista", "partito socialista ufficiale", "partito comunista italiano"], "Percent": [0.744020864336259, 0.09456145412579342, 0.05279102256506818, 0.051299085856591854, 0.049947611382755795, 0.007379961733531752]}, "1958-5": {"Total Votes": 0, "Parties": [], "Percent": []}, "1946-6": {"Total Votes": 0, "Parties": [], "Percent": []}}