{"1979-6": {"Total Votes": 0, "Parties": [], "Percent": []}, "1976-6": {"Total Votes": 0, "Parties": [], "Percent": []}, "1953-6": {"Total Votes": 0, "Parties": [], "Percent": []}, "1963-4": {"Total Votes": 0, "Parties": [], "Percent": []}, "1992-4": {"Total Votes": 0, "Parties": [], "Percent": []}, "1968-5": {"Total Votes": 0, "Parties": [], "Percent": []}, "1972-5": {"Total Votes": 0, "Parties": [], "Percent": []}, "1987-6": {"Total Votes": 0, "Parties": [], "Percent": []}, "1919-11": {"Total Votes": 153098.0, "Parties": ["liberali", "partito popolare italiano", "others", "partito economico", "partito socialista ufficiale", "partito radicale", "combattenti"], "Percent": [0.3542567505780611, 0.2168741590353891, 0.1188715724568577, 0.1061542280108166, 0.08351513409711427, 0.06779317822571164, 0.05253497759604959]}, "1994-3": {"Total Votes": 1030237.0, "Parties": ["progressisti", "polo del buon governo", "patto per l'italia (ppi,patto segni)", "others", "lista pannella", "alleanza nazionale", "forza italia", "polo delle libert\u00e0"], "Percent": [0.4255224768669733, 0.34034401792985497, 0.12144293012190399, 0.0312316486400702, 0.026183295688273673, 0.02398962568806983, 0.0164243761386943, 0.01486162892615971]}, "1948-4": {"Total Votes": 0, "Parties": [], "Percent": []}, "1983-6": {"Total Votes": 0, "Parties": [], "Percent": []}, "1996-4": {"Total Votes": 990191.0, "Parties": ["l'ulivo", "polo per le libert\u00e0", "movimento sociale tricolore", "others", "lega nord"], "Percent": [0.5221174500677143, 0.438373000764499, 0.026143441012895494, 0.011083720211555145, 0.0022823879433361846]}, "1921-5": {"Total Votes": 170821.0, "Parties": ["liberali", "partito socialista ufficiale", "partito popolare italiano", "partito nazionale fascista", "others", "partito comunista italiano"], "Percent": [0.5427845522506015, 0.1630947014711306, 0.14950152498814548, 0.075500084884177, 0.04655750756639992, 0.02256162883954549]}, "1958-5": {"Total Votes": 0, "Parties": [], "Percent": []}, "1946-6": {"Total Votes": 0, "Parties": [], "Percent": []}}