{"1979-6": {"Total Votes": 0, "Parties": [], "Percent": []}, "1976-6": {"Total Votes": 0, "Parties": [], "Percent": []}, "1953-6": {"Total Votes": 0, "Parties": [], "Percent": []}, "1963-4": {"Total Votes": 0, "Parties": [], "Percent": []}, "1992-4": {"Total Votes": 0, "Parties": [], "Percent": []}, "1968-5": {"Total Votes": 0, "Parties": [], "Percent": []}, "1972-5": {"Total Votes": 0, "Parties": [], "Percent": []}, "1987-6": {"Total Votes": 0, "Parties": [], "Percent": []}, "1919-11": {"Total Votes": 80431.0, "Parties": ["partito popolare italiano", "partito socialista ufficiale", "liberali"], "Percent": [0.4351680322263804, 0.36070669269311584, 0.2041252750805038]}, "1994-3": {"Total Votes": 263829.0, "Parties": ["polo delle libert\u00e0", "progressisti", "patto per l'italia (ppi,patto segni)", "polo del buon governo", "alleanza nazionale", "others"], "Percent": [0.29202248426063854, 0.2886718291014255, 0.18891024110313878, 0.10311224315749974, 0.07832345951354855, 0.048959742863748865]}, "1948-4": {"Total Votes": 0, "Parties": [], "Percent": []}, "1983-6": {"Total Votes": 0, "Parties": [], "Percent": []}, "1996-4": {"Total Votes": 252566.0, "Parties": ["l'ulivo", "polo per le libert\u00e0", "lega nord", "movimento sociale tricolore", "others"], "Percent": [0.4197081158984186, 0.4130682673043878, 0.14265578106316767, 0.021950698035365014, 0.002617137698660944]}, "1921-5": {"Total Votes": 0, "Parties": [], "Percent": []}, "1958-5": {"Total Votes": 0, "Parties": [], "Percent": []}, "1946-6": {"Total Votes": 0, "Parties": [], "Percent": []}}