{"1979-6": {"Total Votes": 0, "Parties": [], "Percent": []}, "1976-6": {"Total Votes": 0, "Parties": [], "Percent": []}, "1953-6": {"Total Votes": 0, "Parties": [], "Percent": []}, "1963-4": {"Total Votes": 0, "Parties": [], "Percent": []}, "1992-4": {"Total Votes": 0, "Parties": [], "Percent": []}, "1968-5": {"Total Votes": 0, "Parties": [], "Percent": []}, "1972-5": {"Total Votes": 0, "Parties": [], "Percent": []}, "1987-6": {"Total Votes": 0, "Parties": [], "Percent": []}, "1919-11": {"Total Votes": 90505.0, "Parties": ["liberali", "partito popolare italiano", "partito socialista riformista", "partito socialista ufficiale", "partito agrario", "others"], "Percent": [0.6594884260538092, 0.13755041157947076, 0.1194298657532733, 0.04935638914977073, 0.029887851499917132, 0.004287055963758908]}, "1994-3": {"Total Votes": 561509.0, "Parties": ["polo del buon governo", "progressisti", "patto per l'italia (ppi,patto segni)", "others"], "Percent": [0.46750808980799946, 0.36647319989528215, 0.14305024496490706, 0.022968465331811246]}, "1948-4": {"Total Votes": 0, "Parties": [], "Percent": []}, "1983-6": {"Total Votes": 0, "Parties": [], "Percent": []}, "1996-4": {"Total Votes": 533689.0, "Parties": ["polo per le libert\u00e0", "l'ulivo", "movimento sociale tricolore", "others", "lega nord"], "Percent": [0.5406069827183997, 0.4421994832196279, 0.010329986190459238, 0.0035376408357676472, 0.003325907035745537]}, "1921-5": {"Total Votes": 112616.0, "Parties": ["liberali", "partito agrario", "partito popolare italiano", "partito socialista ufficiale"], "Percent": [0.5820398522412445, 0.22773850962563047, 0.14032641898131704, 0.04989521915180791]}, "1958-5": {"Total Votes": 0, "Parties": [], "Percent": []}, "1946-6": {"Total Votes": 0, "Parties": [], "Percent": []}}