{"1979-6": {"Total Votes": 0, "Parties": [], "Percent": []}, "1976-6": {"Total Votes": 0, "Parties": [], "Percent": []}, "1953-6": {"Total Votes": 0, "Parties": [], "Percent": []}, "1963-4": {"Total Votes": 0, "Parties": [], "Percent": []}, "1992-4": {"Total Votes": 0, "Parties": [], "Percent": []}, "1968-5": {"Total Votes": 0, "Parties": [], "Percent": []}, "1972-5": {"Total Votes": 0, "Parties": [], "Percent": []}, "1987-6": {"Total Votes": 0, "Parties": [], "Percent": []}, "1919-11": {"Total Votes": 0, "Parties": [], "Percent": []}, "1994-3": {"Total Votes": 299391.0, "Parties": ["progressisti", "polo del buon governo", "patto per l'italia (ppi,patto segni)", "polo delle libert\u00e0", "alleanza nazionale", "others", "forza italia"], "Percent": [0.29852600779582555, 0.21535049483785418, 0.17817168852771129, 0.12411862748045198, 0.08277803942002265, 0.05269029463143515, 0.048364847306699266]}, "1948-4": {"Total Votes": 0, "Parties": [], "Percent": []}, "1983-6": {"Total Votes": 0, "Parties": [], "Percent": []}, "1996-4": {"Total Votes": 286440.0, "Parties": ["polo per le libert\u00e0", "l'ulivo", "lega nord", "others", "movimento sociale tricolore"], "Percent": [0.453843736908253, 0.429915514592934, 0.058050551598938696, 0.0325303728529535, 0.025659824046920823]}, "1921-5": {"Total Votes": 0, "Parties": [], "Percent": []}, "1958-5": {"Total Votes": 0, "Parties": [], "Percent": []}, "1946-6": {"Total Votes": 0, "Parties": [], "Percent": []}}