{"1979-6": {"Total Votes": 1114725.0, "Parties": ["democrazia cristiana", "partito comunista italiano", "partito socialista italiano", "movimento sociale italiano-destra nazionale", "others", "partito socialdemocratico italiano", "partito radicale", "partito repubblicano italiano", "partito liberale italiano"], "Percent": [0.428188118145731, 0.2665491488932248, 0.1279867231828478, 0.07012222745520195, 0.03248065666419969, 0.03212630917939402, 0.019398506358070375, 0.016657920114826526, 0.0064903900065038465]}, "1976-6": {"Total Votes": 1121616.0, "Parties": ["democrazia cristiana", "partito comunista italiano", "partito socialista italiano", "movimento sociale italiano-destra nazionale", "partito socialdemocratico italiano", "partito repubblicano italiano", "others", "partito liberale italiano"], "Percent": [0.39361243063579693, 0.33020748634113634, 0.11482182850458623, 0.08741940200567752, 0.0262629991012967, 0.02105265973381264, 0.01987043694098515, 0.006752756736708464]}, "1953-6": {"Total Votes": 931169.0, "Parties": ["democrazia cristiana", "partito comunista italiano", "partito socialista italiano", "partito nazionale monarchico", "movimento sociale italiano", "partito liberale italiano", "partito socialdemocratico italiano", "others", "partito repubblicano italiano"], "Percent": [0.40627855953108405, 0.20811796784471992, 0.11207417772713653, 0.08816337313634796, 0.07699246860666538, 0.03507096993134436, 0.026702993763752875, 0.025271459853152326, 0.021328029605796585]}, "1963-4": {"Total Votes": 987499.0, "Parties": ["democrazia cristiana", "partito comunista italiano", "partito socialista italiano", "movimento sociale italiano", "partito liberale italiano", "partito socialdemocratico italiano", "partito democratico italiano di unit\u00e0 monarchica", "partito repubblicano italiano", "others"], "Percent": [0.4394809513731153, 0.2626088735279732, 0.1303829168434601, 0.06906336107682134, 0.03476155418891563, 0.02973775163316621, 0.018027360027706357, 0.013883558363097077, 0.0020536729657447753]}, "1992-4": {"Total Votes": 1176028.0, "Parties": ["democrazia cristiana", "partito socialista italiano", "partito democratico della sinistra", "partito della rifondazione comunista", "partito socialdemocratico italiano", "movimento sociale italiano-destra nazionale", "partito liberale italiano", "others", "partito repubblicano italiano", "verdi", "lega nord"], "Percent": [0.3662761430850286, 0.17222379059001997, 0.14735533507705598, 0.06644484655127258, 0.06384881992605618, 0.06033699877894064, 0.03800589781875942, 0.03251878356637767, 0.03242609869833031, 0.017468971827201394, 0.003094314080957256]}, "1968-5": {"Total Votes": 978722.0, "Parties": ["democrazia cristiana", "partito comunista italiano", "partito socialista unificato", "movimento sociale italiano", "partito socialista italiano di unit\u00e0 proletaria", "partito liberale italiano", "partito repubblicano italiano", "others", "partito democratico italiano di unit\u00e0 monarchica"], "Percent": [0.4192886233271552, 0.23849366827352406, 0.178230386156641, 0.054307556180406696, 0.044095258919284536, 0.026302668173393468, 0.024434926363155217, 0.008274055349731588, 0.006572857256708238]}, "1972-5": {"Total Votes": 1003831.0, "Parties": ["democrazia cristiana", "partito comunista italiano", "partito socialista italiano", "movimento sociale italiano-destra nazionale", "others", "partito socialdemocratico italiano", "partito repubblicano italiano", "partito liberale italiano"], "Percent": [0.391320849824323, 0.2590157108118797, 0.12408762032652906, 0.12190398583028418, 0.03402664392711522, 0.03312011683241502, 0.020193638172162447, 0.016331434275291358]}, "1987-6": {"Total Votes": 1202559.0, "Parties": ["democrazia cristiana", "partito comunista italiano", "partito socialista italiano", "movimento sociale italiano-destra nazionale", "others", "partito socialdemocratico italiano", "partito repubblicano italiano", "partito liberale italiano", "verdi", "partito sardo d'azione"], "Percent": [0.37046248874275606, 0.2530719906466128, 0.168733509125124, 0.06488163990290705, 0.04686173401887142, 0.04599940626613746, 0.025966293545680502, 0.011946191413477426, 0.008535132163993616, 0.003541614174439674]}, "1919-11": {"Total Votes": 69488.0, "Parties": ["liberali", "partito popolare italiano", "partito socialista ufficiale"], "Percent": [0.6520262491365416, 0.24529415150817407, 0.10267959935528437]}, "1994-3": {"Total Votes": 1767631.0, "Parties": ["progressisti", "partito democratico della sinistra", "forza italia", "alleanza nazionale", "polo del buon governo", "partito popolare italiano", "patto per l'italia (ppi,patto segni)", "polo delle libert\u00e0", "partito della rifondazione comunista", "others", "patto segni", "partito socialista italiano", "verdi", "la rete-movimento democratico", "lista pannella"], "Percent": [0.13968922246781143, 0.13705066272315886, 0.11708099710855942, 0.11639646509933353, 0.0879154076840698, 0.07362396337244595, 0.07195506301937452, 0.05804209136409126, 0.057450338899917464, 0.05341386296121759, 0.040926528217710596, 0.02426581113365855, 0.011730955159759021, 0.008805570845951446, 0.0016530599429405797]}, "1948-4": {"Total Votes": 936667.0, "Parties": ["democrazia cristiana", "fronte democratico popolare", "blocco nazionale", "movimento sociale italiano", "partito repubblicano italiano", "partito socialista dei lavoratori italiani", "partito nazionale monarchico", "others", "partito dei contadini d'italia"], "Percent": [0.48759484427229743, 0.2946009627754581, 0.08065086097834129, 0.054082187159364, 0.03261244391016231, 0.020609245334788136, 0.01521565294816621, 0.012162273251860053, 0.0024715293695625018]}, "1983-6": {"Total Votes": 1157065.0, "Parties": ["democrazia cristiana", "partito comunista italiano", "partito socialista italiano", "movimento sociale italiano-destra nazionale", "partito socialdemocratico italiano", "partito repubblicano italiano", "others", "partito liberale italiano", "associazione per trieste"], "Percent": [0.3676535026122128, 0.2620276302541344, 0.16131591570050083, 0.07699394588895178, 0.04911824314105085, 0.036190706658657895, 0.03592624442014926, 0.008798122836659997, 0.001975688487682196]}, "1996-4": {"Total Votes": 1720379.0, "Parties": ["l'ulivo", "polo per le libert\u00e0", "alleanza nazionale", "partito democratico della sinistra", "forza italia", "partito della rifondazione comunista", "ccd + cdu", "ppi + svp + pri + ud + prodi", "lega nord", "others", "lista dini-rinnovamento italiano", "lista pannella-sgarbi", "verdi", "movimento sociale tricolore"], "Percent": [0.1802126159410223, 0.15522161105198334, 0.14424205364050596, 0.1293168540187947, 0.11264029612079664, 0.06169047634271286, 0.05552671824057374, 0.041761146817067635, 0.035149812919130025, 0.028382699393563856, 0.025779784570725404, 0.012176967982055116, 0.010874929303368619, 0.007024033657699845]}, "1921-5": {"Total Votes": 0, "Parties": [], "Percent": []}, "1958-5": {"Total Votes": 1020925.0, "Parties": ["democrazia cristiana", "partito comunista italiano", "partito socialista italiano", "movimento sociale italiano", "partito monarchico popolare", "partito liberale italiano", "partito nazionale monarchico", "partito socialdemocratico italiano", "partito repubblicano italiano", "others"], "Percent": [0.47334329162279304, 0.2301363959154688, 0.13186571001787595, 0.057954306143938095, 0.03224037025246713, 0.02712735999216397, 0.019842789627053898, 0.019019026862893945, 0.006114063226975537, 0.002356686338369616]}, "1946-6": {"Total Votes": 799993.0, "Parties": ["democrazia cristiana", "unione democratica nazionale", "partito comunista italiano", "partito socialista italiano", "blocco nazionale per la libert\u00e0", "fronte dell'uomo qualunque", "others", "partito repubblicano italiano"], "Percent": [0.3426204979293569, 0.12792736936448193, 0.12136606195304209, 0.11055221733190165, 0.11023721457562753, 0.07878818939665722, 0.06727808868327598, 0.0412303607656567]}}