{"1979-6": {"Total Votes": 0, "Parties": [], "Percent": []}, "1976-6": {"Total Votes": 0, "Parties": [], "Percent": []}, "1953-6": {"Total Votes": 0, "Parties": [], "Percent": []}, "1963-4": {"Total Votes": 0, "Parties": [], "Percent": []}, "1992-4": {"Total Votes": 0, "Parties": [], "Percent": []}, "1968-5": {"Total Votes": 0, "Parties": [], "Percent": []}, "1972-5": {"Total Votes": 0, "Parties": [], "Percent": []}, "1987-6": {"Total Votes": 0, "Parties": [], "Percent": []}, "1919-11": {"Total Votes": 0, "Parties": [], "Percent": []}, "1994-3": {"Total Votes": 436613.0, "Parties": ["progressisti", "patto per l'italia (ppi,patto segni)", "polo del buon governo", "others", "polo delle libert\u00e0", "alleanza nazionale", "forza italia", "lista pannella"], "Percent": [0.252445529565084, 0.18383786098902233, 0.18281636140014154, 0.16857720681702104, 0.1240618121769164, 0.03867040147682273, 0.03556238591155096, 0.014028441663441079]}, "1948-4": {"Total Votes": 0, "Parties": [], "Percent": []}, "1983-6": {"Total Votes": 0, "Parties": [], "Percent": []}, "1996-4": {"Total Votes": 423929.0, "Parties": ["l'ulivo", "polo per le libert\u00e0", "others", "lega nord", "movimento sociale tricolore"], "Percent": [0.41804641815020915, 0.3464353700737623, 0.14075470184865863, 0.07629107704356154, 0.018472432883808374]}, "1921-5": {"Total Votes": 0, "Parties": [], "Percent": []}, "1958-5": {"Total Votes": 0, "Parties": [], "Percent": []}, "1946-6": {"Total Votes": 0, "Parties": [], "Percent": []}}