{"1979-6": {"Total Votes": 0, "Parties": [], "Percent": []}, "1976-6": {"Total Votes": 0, "Parties": [], "Percent": []}, "1953-6": {"Total Votes": 0, "Parties": [], "Percent": []}, "1963-4": {"Total Votes": 0, "Parties": [], "Percent": []}, "1992-4": {"Total Votes": 0, "Parties": [], "Percent": []}, "1968-5": {"Total Votes": 0, "Parties": [], "Percent": []}, "1972-5": {"Total Votes": 0, "Parties": [], "Percent": []}, "1987-6": {"Total Votes": 0, "Parties": [], "Percent": []}, "1919-11": {"Total Votes": 45957.0, "Parties": ["liberali", "partito radicale", "partito popolare italiano", "others", "partito socialista ufficiale"], "Percent": [0.4894792958635246, 0.2960593598363688, 0.1038361947037448, 0.055987118393280674, 0.05463803120308114]}, "1994-3": {"Total Votes": 67556.0, "Parties": ["polo del buon governo", "progressisti", "patto per l'italia (ppi,patto segni)", "others"], "Percent": [0.5438155012138078, 0.23515305820356444, 0.16575877790277696, 0.055272662679850794]}, "1948-4": {"Total Votes": 0, "Parties": [], "Percent": []}, "1983-6": {"Total Votes": 0, "Parties": [], "Percent": []}, "1996-4": {"Total Votes": 55477.0, "Parties": ["polo per le libert\u00e0", "others"], "Percent": [0.8002775925158173, 0.19972240748418263]}, "1921-5": {"Total Votes": 174275.0, "Parties": ["liberali", "partito popolare italiano", "partito socialista ufficiale", "partito comunista italiano"], "Percent": [0.6741529192368383, 0.182315306268828, 0.11847367666045044, 0.02505809783388323]}, "1958-5": {"Total Votes": 0, "Parties": [], "Percent": []}, "1946-6": {"Total Votes": 0, "Parties": [], "Percent": []}}