{"2009-6": {"Total Votes": 153347.0, "Parties": ["partia socialiste e shqip\u00ebris\u00eb", "partia demokratike", "l\u00ebvizja socialiste p\u00ebr integrim", "partia republikane shqiptare", "partia agrare ambientaliste e shqip\u00ebris\u00eb", "partia socialdemokrate", "partia demokristiane e shqip\u00ebris\u00eb", "partia balli komb\u00ebtar demokrat", "partia bashkimi p\u00ebr t\u00eb drejtat e njeriut", "partia g 99", "bashkimi liberal demokrat", "partia p\u00ebr drejt\u00ebsi dhe integrim", "partia l\u00ebvizja e legalitetit", "partia demokracia sociale", "aleanca demokratike", "partia socialiste e v\u00ebrtet\u00eb 91", "l\u00ebvizja p\u00ebr zhvillim komb\u00ebtar", "partia demokracia e re europiane", "partia ligj dhe drejt\u00ebsi", "partia aleanca p\u00ebr demokraci dhe solidaritet", "l\u00ebvizja p\u00ebr t\u00eb drejtat dhe lirit\u00eb e njeriut", "partia balli komb\u00ebtar", "partia e t\u00eb drejtave t\u00eb mohuara e re", "lidhja demokristiane shqiptare", "partia ora e shqip\u00ebris\u00eb", "partia aleanca e maqedonasve p\u00ebr integrim europian", "partia bashkimi demokrat shqiptar", "partia rruga e liris\u00eb", "partia p\u00ebr mbrojtjen e t\u00eb drejtave t\u00eb emigrant\u00ebve", "partia e gjelb\u00ebr", "partia konservatore shqiptare", "partia toleranca e re e shqip\u00ebris\u00eb", "partia forca albania", "partia e reformave demokratike shqiptare"], "Percent": [0.4411758951919503, 0.37193424064376873, 0.04575244380392182, 0.021213326638277893, 0.017822324531943892, 0.01599640032084097, 0.015918146426079416, 0.010590360424396955, 0.00888833821333316, 0.00764931821294189, 0.00714066789699179, 0.006071198001917221, 0.004988685791049058, 0.0039974697907360435, 0.0038866101064905087, 0.0026671535797896276, 0.0024193495797113734, 0.0018324453689997195, 0.0018324453689997195, 0.0015846413689214658, 0.0012064142109072886, 0.0011151180003521426, 0.0008216658949963155, 0.000502129158053304, 0.0004956080001565078, 0.00039779063170456547, 0.00035866368432378856, 0.0003064944211494193, 0.00028693094745903085, 0.0002804097895622347, 0.00025432515797505005, 0.0002478040000782539, 0.0001891135790070885, 0.0001760712632134962]}, "2013-5": {"Total Votes": 173584.0, "Parties": ["partia socialiste e shqip\u00ebris\u00eb", "partia demokratike", "levizja socialiste p\u00ebr integrim", "partia drejt\u00ebsi. integrim dhe unitet", "partia republikane shqiptare", "fryma e re demokratike", "aleanca popullore", "partia e gjelb\u00ebr", "aleanca kuq e zi", "partia demokrate p\u00ebr integrim e prosperitet", "partia demokracia sociale", "partia l\u00ebvizja e legalitetit", "partia socialdemokrate e shqip\u00ebris\u00eb", "bashkimi liberal demokrat", "partia bashkimi p\u00ebr t\u00eb drejtat e njeriut", "partia demokristiane e shqip\u00ebris\u00eb", "l\u00ebvizja p\u00ebr zhvillim komb\u00ebtar", "aleanca p\u00ebr demokraci dhe solidaritet", "partia emigracioni shqiptar", "partia l\u00ebvizja demokratike p\u00ebr ndryshim", "partia socialiste e moderuar", "partia agrare ambientaliste e shqip\u00ebris\u00eb", "partia socialiste e v\u00ebrtet\u00eb 91", "partia socialpuntore shqiptare", "partia komuniste e shqip\u00ebris\u00eb 8 n\u00ebntori", "aleanca demokratike", "partia p\u00ebr mbrojtjen e t\u00eb drejtave t\u00eb emigrant\u00ebve", "l\u00ebvizja p\u00ebr drejt\u00ebsi e shqip\u00ebtar\u00ebve", "partia komuniste e shqip\u00ebris\u00eb", "balli komb\u00ebtar demokrat", "partia e reformave demokratike shqiptare", "partia ardhm\u00ebrija shqiptare", "partia ambientaliste", "partia minoriteti etnik grek p\u00ebr t\u00eb ardhmen", "partia l\u00ebvizja shqip\u00ebria e re", "parti e t\u00eb drejtave t\u00eb mohuara e re", "partia e pun\u00ebs s\u00eb shqip\u00ebris\u00eb", "partia rruga e liris\u00eb", "partia g 99", "partia unitetit kombetar", "lidhja p\u00ebr drejt\u00ebsi dhe progres", "partia bashkimi popullor i pensionist\u00ebve shqiptar", "aleanca arbnore komb\u00ebtare", "partia mendimi i djatht\u00eb liberal", "partia e \u00c7\u00ebshtjeve shqiptare", "partia lidhja demokristiane shqiptare", "partia rruga e v\u00ebrtet\u00eb shqiptare", "partia ora e shqip\u00ebris\u00eb", "partia demokracia e re europiane", "partia kristian demokrate e shqip\u00ebris\u00eb", "partia balli komb\u00ebtar", "partia bashkimi demokrat shqiptar", "partia e pun\u00ebs e shqip\u00ebris\u00eb e riorganizuar", "partia aleanca demokristiane e shqip\u00ebris\u00eb", "partia toleranca e re e shqip\u00ebris\u00eb", "partia bashkimi republikan shqiptar", "aleanca p\u00ebr barazi dhe drejt\u00ebsi europiane", "partia konservatore", "partia shqiptare atdheu", "partia popullore kristiandemokrate e shqip\u00ebris\u00eb", "partia e t\u00eb drejtave t\u00eb mohuara", "partia personat me aft\u00ebsi t\u00eb kufizuar", "partia l\u00ebvizja pun\u00ebtore shqiptare", "ligj dhe drejtesi", "partia pajtimit komb\u00ebtar", "aleanca e maqedonasve p\u00ebr integrimin europian"], "Percent": [0.43180823117338, 0.26955825421697854, 0.10648446861461885, 0.06939579684763572, 0.03608051433311826, 0.01299082864780164, 0.012656696469720712, 0.008710480228592497, 0.005161766061388146, 0.004366761913540418, 0.004188174025255784, 0.0031684947921467414, 0.0029150152087750025, 0.002667296525025348, 0.002655774725781178, 0.00190685777491013, 0.0015957691953175407, 0.001555442897962946, 0.0012904415153470366, 0.0012846806157249516, 0.001111853627062402, 0.0009620702368881924, 0.0009102221402894276, 0.0009044612406673426, 0.0008410913448244078, 0.0008180477463360678, 0.0007950041478477279, 0.0007950041478477279, 0.000777721448981473, 0.000760438750115218, 0.0007316342520047931, 0.0006221771591851784, 0.0005645681629643285, 0.0005242418656097336, 0.0004954373674993087, 0.0004608719697667988, 0.0004551110701447138, 0.00044935017052262884, 0.00043782837127845885, 0.00042630657203428885, 0.000385980274679694, 0.000380219375057609, 0.000374458475435524, 0.000368697575813439, 0.00034565397732509907, 0.00033413217808092913, 0.00031684947921467414, 0.0002765231818600793, 0.0002650013826159093, 0.0002592404829938243, 0.0002592404829938243, 0.00022467508526131442, 0.0001958705871508895, 0.0001843487879067195, 0.00017282698866254953, 0.00016706608904046457, 0.00016706608904046457, 0.00016130518941837957, 0.0001497833901742096, 0.0001497833901742096, 0.0001440224905521246, 0.00013250069130795464, 0.00013250069130795464, 9.793529357544475e-05, 4.032629735459489e-05, 2.8804498110424924e-05]}, "2005-7": {"Total Votes": 0, "Parties": [], "Percent": []}, "2001-6": {"Total Votes": 280875.0, "Parties": ["pssh", "pd+bf", "pbdnj", "pv", "ad", "psd", "pd", "pksh", "pash", "puk", "pdk", "pbdsh", "plpsh", "pkbsh", "pl. monarkiste", "palsh", "psha", "pbdks", "prdsh", "pesh", "p.kons"], "Percent": [0.46972852692478856, 0.3558130841121495, 0.03224922118380063, 0.032160213618157546, 0.029728526924788605, 0.024135291499777473, 0.022728971962616817, 0.007380507343124166, 0.00689274588340009, 0.006639964396973742, 0.005279928793947486, 0.0021575433911882507, 0.0014170004450378283, 0.001221183800623053, 0.0010182465509568314, 0.000591010235870049, 0.0002385402759234535, 0.00022073876279483755, 0.0001602136181575434, 0.00013885180240320427, 9.968847352024923e-05]}}