{"2009-6": {"Total Votes": 553177.0, "Parties": ["partia socialiste e shqip\u00ebris\u00eb", "partia demokratike", "l\u00ebvizja socialiste p\u00ebr integrim", "partia republikane shqiptare", "partia socialdemokrate", "l\u00ebvizja p\u00ebr zhvillim komb\u00ebtar", "partia p\u00ebr drejt\u00ebsi dhe integrim", "partia l\u00ebvizja e legalitetit", "partia g 99", "partia bashkimi p\u00ebr t\u00eb drejtat e njeriut", "partia agrare ambientaliste e shqip\u00ebris\u00eb", "partia demokracia sociale", "partia demokristiane e shqip\u00ebris\u00eb", "partia balli komb\u00ebtar", "aleanca demokratike", "partia socialiste e v\u00ebrtet\u00eb 91", "l\u00ebvizja p\u00ebr t\u00eb drejtat dhe lirit\u00eb e njeriut", "partia ligj dhe drejt\u00ebsi", "bashkimi liberal demokrat", "lidhja demokristiane shqiptare", "abdullah adil omuri", "partia demokracia e re europiane", "partia balli komb\u00ebtar demokrat", "partia e t\u00eb drejtave t\u00eb mohuara e re", "partia bashkimi demokrat shqiptar", "partia aleanca p\u00ebr demokraci dhe solidaritet", "partia e gjelb\u00ebr", "partia ora e shqip\u00ebris\u00eb", "partia e reformave demokratike shqiptare", "partia aleanca e maqedonasve p\u00ebr integrim europian", "partia p\u00ebr mbrojtjen e t\u00eb drejtave t\u00eb emigrant\u00ebve", "partia forca albania", "partia rruga e liris\u00eb", "partia toleranca e re e shqip\u00ebris\u00eb", "partia konservatore shqiptare"], "Percent": [0.44545597521227387, 0.3911315907928204, 0.05071794380460504, 0.017876737463777416, 0.01236493925090884, 0.011627381471030068, 0.011377913398424012, 0.008169175508020037, 0.0068151785052523875, 0.006254779211717046, 0.005647378687110996, 0.004718200503636269, 0.004372922229232235, 0.0034184356905655874, 0.0027224559227878235, 0.0025181813415959087, 0.0020192451963837975, 0.0019632052670302633, 0.0017607384254949138, 0.0015618870632726958, 0.0013666511803636088, 0.0011262218060403813, 0.0009617174972929098, 0.0007465964781616011, 0.000699595247090895, 0.0004103569020403958, 0.0003977027244444364, 0.000361547931313124, 0.00034527827440403343, 0.00022958293638383374, 0.00020427458119191507, 0.0001898126639393901, 0.00018077396565656202, 0.00016992752771716828, 0.00011569533802019968]}, "2013-5": {"Total Votes": 649215.0, "Parties": ["partia socialiste e shqip\u00ebris\u00eb", "partia demokratike", "levizja socialiste p\u00ebr integrim", "partia drejt\u00ebsi. integrim dhe unitet", "partia republikane shqiptare", "fryma e re demokratike", "dritan vlash prifti", "partia socialdemokrate e shqip\u00ebris\u00eb", "partia demokristiane e shqip\u00ebris\u00eb", "aleanca kuq e zi", "aleanca popullore", "partia socialiste e v\u00ebrtet\u00eb 91", "partia demokracia sociale", "l\u00ebvizja p\u00ebr zhvillim komb\u00ebtar", "partia l\u00ebvizja e legalitetit", "partia demokrate p\u00ebr integrim e prosperitet", "partia ardhm\u00ebrija shqiptare", "partia p\u00ebr mbrojtjen e t\u00eb drejtave t\u00eb emigrant\u00ebve", "aleanca arbnore komb\u00ebtare", "partia l\u00ebvizja shqip\u00ebria e re", "ligj dhe drejtesi", "partia agrare ambientaliste e shqip\u00ebris\u00eb", "partia socialiste e moderuar", "partia emigracioni shqiptar", "partia balli komb\u00ebtar", "partia socialpuntore shqiptare", "partia bashkimi p\u00ebr t\u00eb drejtat e njeriut", "balli komb\u00ebtar demokrat", "partia kristian demokrate e shqip\u00ebris\u00eb", "aleanca demokratike", "partia demokracia e re europiane", "partia e reformave demokratike shqiptare", "lidhja p\u00ebr drejt\u00ebsi dhe progres", "partia komuniste e shqip\u00ebris\u00eb 8 n\u00ebntori", "partia rruga e liris\u00eb", "partia lidhja demokristiane shqiptare", "partia aleanca demokristiane e shqip\u00ebris\u00eb", "partia l\u00ebvizja demokratike p\u00ebr ndryshim", "partia pajtimit komb\u00ebtar", "bashkimi liberal demokrat", "partia e pun\u00ebs s\u00eb shqip\u00ebris\u00eb", "aleanca p\u00ebr demokraci dhe solidaritet", "partia rruga e v\u00ebrtet\u00eb shqiptare", "partia minoriteti etnik grek p\u00ebr t\u00eb ardhmen", "partia ora e shqip\u00ebris\u00eb", "partia konservatore", "partia komuniste e shqip\u00ebris\u00eb", "partia e gjelb\u00ebr", "partia g 99", "partia unitetit kombetar", "partia bashkimi demokrat shqiptar", "partia e t\u00eb drejtave t\u00eb mohuara", "partia personat me aft\u00ebsi t\u00eb kufizuar", "l\u00ebvizja p\u00ebr drejt\u00ebsi e shqip\u00ebtar\u00ebve", "partia e pun\u00ebs e shqip\u00ebris\u00eb e riorganizuar", "parti e t\u00eb drejtave t\u00eb mohuara e re", "partia shqiptare atdheu", "partia l\u00ebvizja pun\u00ebtore shqiptare", "partia bashkimi republikan shqiptar", "aleanca p\u00ebr barazi dhe drejt\u00ebsi europiane", "partia popullore kristiandemokrate e shqip\u00ebris\u00eb", "partia bashkimi popullor i pensionist\u00ebve shqiptar", "partia e \u00c7\u00ebshtjeve shqiptare", "partia ambientaliste", "partia mendimi i djatht\u00eb liberal", "partia toleranca e re e shqip\u00ebris\u00eb", "aleanca e maqedonasve p\u00ebr integrimin europian"], "Percent": [0.43990203553522333, 0.3016920434678804, 0.08397526243232212, 0.027910630530717864, 0.022266891553645557, 0.019987215329282285, 0.009432930539189636, 0.008785995394437899, 0.008716680914643069, 0.008502576188165708, 0.0078248346079496, 0.00761072988147224, 0.004562433092272976, 0.004453070246374468, 0.003559683617907781, 0.003437998197823525, 0.002771038870019947, 0.0024968615943870673, 0.001977773156812458, 0.001651224940890152, 0.0015403217732184254, 0.0015372411296719884, 0.0014109347442680777, 0.0013524025168857774, 0.0013431605862464669, 0.0013123541507820983, 0.0012230154879354297, 0.0011490800428209454, 0.0010782252412528978, 0.0010782252412528978, 0.0007994270003003627, 0.0007609189559699021, 0.0007362738075984074, 0.0006453948229785202, 0.0006145883875141517, 0.0006130480657409332, 0.0006130480657409332, 0.000579160986730128, 0.0005699190560908174, 0.000546814229492541, 0.0005375722988532304, 0.0005267900464407015, 0.00047904007147093027, 0.00046209653196552757, 0.00046209653196552757, 0.00045901588841909074, 0.0004482336360065618, 0.00043591106182081434, 0.000423588487635067, 0.0003958626957171353, 0.0003696772255724221, 0.00035889497315989307, 0.00033887079010805354, 0.00033116918124196146, 0.00032654821592230615, 0.0003219272506026509, 0.00031422564173655876, 0.0002741772756328797, 0.00026493534499356914, 0.00026339502322035075, 0.0002433708401685112, 0.00020948376115770585, 0.00019870150874517687, 0.00018021764746655578, 0.00016019346441471625, 0.00010474188057885291, 8.779834107345025e-05]}, "2005-7": {"Total Votes": 0, "Parties": [], "Percent": []}, "2001-6": {"Total Votes": 222435.0, "Parties": ["pssh", "pd+bf", "pd", "psd", "pbdnj", "ad", "pash", "pdk", "pv", "pbdsh", "pksh", "pbksh", "psha", "prdsh", "p.kons", "pkbsh", "pl. monarkiste", "puk", "pbdks", "psksh", "prsh", "ppk", "plfsh", "p.a.n.s.", "palsh", "pbsh"], "Percent": [0.48184862993683547, 0.38927327084316765, 0.04368916762200194, 0.02459594937847012, 0.01450760896441657, 0.010056870546451772, 0.00862723941825702, 0.004617079146717018, 0.004338346033672758, 0.004145031132690449, 0.0040596129206284986, 0.0018522264931328252, 0.0016858857643806055, 0.0015555105986018386, 0.0009755658956549106, 0.0008541821206195069, 0.0006968327826106503, 0.0006833456964956055, 0.0006249016566637445, 0.0004136039741947086, 0.00030570728527434983, 0.00018432351023894622, 0.00016634072875221974, 0.00010789668892035876, 7.642682131858746e-05, 5.844403983186099e-05]}}