{"2009-6": {"Total Votes": 133608.0, "Parties": ["partia socialiste e shqip\u00ebris\u00eb", "partia demokratike", "l\u00ebvizja socialiste p\u00ebr integrim", "partia republikane shqiptare", "partia bashkimi p\u00ebr t\u00eb drejtat e njeriut", "partia socialdemokrate", "partia g 99", "bashkimi liberal demokrat", "l\u00ebvizja p\u00ebr t\u00eb drejtat dhe lirit\u00eb e njeriut", "partia demokracia sociale", "partia aleanca e maqedonasve p\u00ebr integrim europian", "partia agrare ambientaliste e shqip\u00ebris\u00eb", "partia ligj dhe drejt\u00ebsi", "partia balli komb\u00ebtar", "l\u00ebvizja p\u00ebr zhvillim komb\u00ebtar", "partia demokristiane e shqip\u00ebris\u00eb", "partia l\u00ebvizja e legalitetit", "aleanca demokratike", "partia socialiste e v\u00ebrtet\u00eb 91", "partia e t\u00eb drejtave t\u00eb mohuara e re", "partia demokracia e re europiane", "lidhja demokristiane shqiptare", "partia balli komb\u00ebtar demokrat", "partia aleanca p\u00ebr demokraci dhe solidaritet", "partia p\u00ebr mbrojtjen e t\u00eb drejtave t\u00eb emigrant\u00ebve", "partia p\u00ebr drejt\u00ebsi dhe integrim", "partia e gjelb\u00ebr", "partia ora e shqip\u00ebris\u00eb", "partia toleranca e re e shqip\u00ebris\u00eb", "partia rruga e liris\u00eb", "partia forca albania", "partia bashkimi demokrat shqiptar", "partia e reformave demokratike shqiptare", "partia konservatore shqiptare"], "Percent": [0.43626878630022153, 0.4214044069217412, 0.03421950781390336, 0.017723489611400516, 0.017012454344051256, 0.013225255972696246, 0.006803484821268187, 0.005778097119932938, 0.005059577270822106, 0.0048574935632596855, 0.0047527094185976886, 0.004610502365127837, 0.004236273277049278, 0.0032333393209987428, 0.002799233578827615, 0.0025971498712651937, 0.002417519908987486, 0.0021929824561403508, 0.001968445003293216, 0.0017588767139692233, 0.0017439075504460811, 0.0016915154781150829, 0.0009804802107658225, 0.000456559487455841, 0.000366744506316987, 0.00035177534279384466, 0.00026944494341656186, 0.00026944494341656186, 0.00021705287108556373, 0.00019459912580085026, 0.00019459912580085026, 0.00017962996227770793, 0.00011226872642356745, 5.239207233099814e-05]}, "2013-5": {"Total Votes": 147358.0, "Parties": ["partia socialiste e shqip\u00ebris\u00eb", "partia demokratike", "levizja socialiste p\u00ebr integrim", "partia republikane shqiptare", "partia bashkimi p\u00ebr t\u00eb drejtat e njeriut", "partia demokracia sociale", "partia drejt\u00ebsi. integrim dhe unitet", "fryma e re demokratike", "partia g 99", "aleanca e maqedonasve p\u00ebr integrimin europian", "partia socialiste e moderuar", "partia demokrate p\u00ebr integrim e prosperitet", "partia socialdemokrate e shqip\u00ebris\u00eb", "aleanca kuq e zi", "l\u00ebvizja p\u00ebr zhvillim komb\u00ebtar", "partia emigracioni shqiptar", "aleanca popullore", "partia socialpuntore shqiptare", "partia minoriteti etnik grek p\u00ebr t\u00eb ardhmen", "partia socialiste e v\u00ebrtet\u00eb 91", "partia demokristiane e shqip\u00ebris\u00eb", "partia kristian demokrate e shqip\u00ebris\u00eb", "partia balli komb\u00ebtar", "aleanca p\u00ebr demokraci dhe solidaritet", "partia komuniste e shqip\u00ebris\u00eb 8 n\u00ebntori", "partia e reformave demokratike shqiptare", "partia bashkimi republikan shqiptar", "partia konservatore", "partia l\u00ebvizja demokratike p\u00ebr ndryshim", "partia l\u00ebvizja shqip\u00ebria e re", "partia l\u00ebvizja e legalitetit", "partia p\u00ebr mbrojtjen e t\u00eb drejtave t\u00eb emigrant\u00ebve", "lidhja p\u00ebr drejt\u00ebsi dhe progres", "partia e t\u00eb drejtave t\u00eb mohuara", "partia agrare ambientaliste e shqip\u00ebris\u00eb", "aleanca arbnore komb\u00ebtare", "aleanca demokratike", "parti e t\u00eb drejtave t\u00eb mohuara e re", "partia lidhja demokristiane shqiptare", "partia komuniste e shqip\u00ebris\u00eb", "partia rruga e v\u00ebrtet\u00eb shqiptare", "ligj dhe drejtesi", "balli komb\u00ebtar demokrat", "partia e pun\u00ebs s\u00eb shqip\u00ebris\u00eb", "partia demokracia e re europiane", "partia ambientaliste", "bashkimi liberal demokrat", "partia unitetit kombetar", "aleanca p\u00ebr barazi dhe drejt\u00ebsi europiane", "partia aleanca demokristiane e shqip\u00ebris\u00eb", "partia e pun\u00ebs e shqip\u00ebris\u00eb e riorganizuar", "partia e \u00c7\u00ebshtjeve shqiptare", "partia bashkimi demokrat shqiptar", "partia bashkimi popullor i pensionist\u00ebve shqiptar", "partia ora e shqip\u00ebris\u00eb", "partia rruga e liris\u00eb", "partia ardhm\u00ebrija shqiptare", "partia personat me aft\u00ebsi t\u00eb kufizuar", "partia shqiptare atdheu", "l\u00ebvizja p\u00ebr drejt\u00ebsi e shqip\u00ebtar\u00ebve", "partia e gjelb\u00ebr", "partia mendimi i djatht\u00eb liberal", "partia l\u00ebvizja pun\u00ebtore shqiptare", "partia popullore kristiandemokrate e shqip\u00ebris\u00eb", "partia toleranca e re e shqip\u00ebris\u00eb", "partia pajtimit komb\u00ebtar"], "Percent": [0.4342214199432674, 0.32125843184625197, 0.09875948370634781, 0.03108755547713731, 0.020704678402258446, 0.016219004058144113, 0.009826409153218692, 0.00956174758072178, 0.007749833738242918, 0.007261227758248619, 0.004404240014115284, 0.0033048765591281097, 0.002429457511638323, 0.0019544239199771984, 0.0019001343666444983, 0.0016829761533136986, 0.0014997489108158363, 0.0014726041341494862, 0.0012147287558191616, 0.001207942561652574, 0.0010722186783208242, 0.0010518600958210615, 0.0009229224066558992, 0.0009229224066558992, 0.0009025638241561368, 0.0009025638241561368, 0.0008754190474897867, 0.0008347018824902618, 0.0007600537466577994, 0.0007329089699914494, 0.0007193365816582744, 0.0006989779991585119, 0.000644688445825812, 0.000603971280826287, 0.0005836126983265245, 0.0005836126983265245, 0.000576826504159937, 0.000576826504159937, 0.0005361093391604121, 0.0005293231449938245, 0.0004818197858277121, 0.0004682473974945371, 0.0004682473974945371, 0.00042753023249501214, 0.0003596682908291372, 0.0003596682908291372, 0.0003528820966625497, 0.0003325235141627872, 0.0003257373199961997, 0.0003257373199961997, 0.00030537873749643727, 0.00030537873749643727, 0.00029859254332984973, 0.0002714477666634998, 0.0002714477666634998, 0.0002307306016639748, 0.0002307306016639748, 0.00022394440749738732, 0.00022394440749738732, 0.00022394440749738732, 0.00020358582499762485, 0.00016286865999809986, 0.00014929627166492486, 0.0001085791066653999, 8.822052416563743e-05, 4.750335916611246e-05]}, "2005-7": {"Total Votes": 2732732.0, "Parties": ["pd", "pssh", "pr", "lsi", "psd", "pdr", "paa", "ad", "lzhk", "pbdnj", "pdssh", "pdk", "pbk", "independent", "pdi", "bld", "pksh", "ppsh", "ldlnj", "pbdk", "bdsh", "passh", "ams", "pshs+puk", "pddrdsh", "lbsh", "plmdsh", "pshs + puk", "pshsk", "Unknown", "ldi", "pash", "prdsh", "pksh 8 n\u00ebntori", "psksh", "pap", "ppk", "pesh", "pgjsh"], "Percent": [0.2586649550706033, 0.24163291533893552, 0.09980707950871143, 0.08315817284680681, 0.07043061668689059, 0.03709584401251202, 0.03645545922541983, 0.02771658545367786, 0.0252209144548386, 0.025093569365748268, 0.024339013119471654, 0.016311881296812127, 0.008845726547645366, 0.005883123555474888, 0.005859337834811463, 0.005276038777311497, 0.0046942034564677396, 0.004662367184195157, 0.0033032876989035147, 0.0027928095400500306, 0.002697300723232282, 0.0025062830895967846, 0.002471885278175833, 0.001192945374811727, 0.000859579351359738, 0.0008592134171956855, 0.0006334320379751837, 0.0005243836570874859, 0.00020858247351002586, 0.00020053192190086697, 0.00018479675284660188, 0.00016284070300344125, 8.453079189616837e-05, 4.537583634253194e-05, 3.915495555363644e-05, 3.622748224121502e-05, 2.8542864796108804e-05, 1.2441761577791016e-05, 8.050551609158892e-06]}, "2001-6": {"Total Votes": 401247.0, "Parties": ["pssh", "pd+bf", "psd", "pd", "ad", "pv", "pash", "pbdnj", "pksh", "pdk", "plpsh", "pbdsh", "puk", "pkbsh", "pl. monarkiste", "palsh", "p.kons", "psksh", "pbsh", "pbksh", "prdsh", "ppk", "psha"],