{"1992-9": {"Total Votes": 369637.0, "Parties": ["conventia democrata din romania", "frontul democrat al salvarii nationale", "frontul salvarii nationale", "partidul democrat agrar din romania", "partidul romania mare", "partidul unitatii nationale romane", "partidul national liberal", "miscarea ecologista din romania", "partidul socialist al muncii", "uniunea democrata a tatarilor turco musulmani din romania", "partidul republican", "solidaritatea national democrata", "partidul national al producatorilor liberi din romania", "partidul national taranesc crestin democrat independent", "conventia solidaritatii sociale", "uniunea democrata turca din romania", "noul partid liberal", "frontul democrat roman 16 decembrie 1989 timisoara", "uniunea libera democratica a romilor din romania", "uniunea democrat crestina", "comunitatea rusilor lipoveni din romania", "partida romilor", "partidul unitatii social-democrate", "conventia democrata unita", "miscarea pentru romania", "partidul democrat cooperatist", "partidul pentru cinstirea eroilor revolutiei si salvare nationala", "uniunea democrata a maghiarilor din romania", "partidul umanist roman", "partidul liberal monarhist din romania", "partidul republican de unitate a romanilor", "partidul socialist democratic roman", "uniunea liberala 'bratianu'", "partidul social democrat independent", "uniunea elena din romania", "partidul social democrat traditional", "partidul democrat independent", "partidul national democrat crestin", "partidul republican crestin din romania", "uniunea armenilor din romania", "liga nationala a expropriatilor din romania", "partidul dreptei nationale", "partidul social democrat \"titel petrescu\"", "alianta pentru demnitate nationala"], "Percent": [0.23141352191474338, 0.21513809494179426, 0.1751610363681125, 0.06350825269115376, 0.049167155885368616, 0.03448788946993943, 0.029656122087345152, 0.027264586607942388, 0.020660810470813258, 0.019694998065669832, 0.015452998482294792, 0.011513998869160826, 0.008205347408403379, 0.007756258166796073, 0.006939240389896033, 0.005824633356509224, 0.005784053003351938, 0.00522404412978138, 0.005210517345395618, 0.005126651282203892, 0.0046613298993336705, 0.0043799727841098155, 0.0038226692674164114, 0.003787499628013429, 0.0031733836168998234, 0.0030651693418137253, 0.002824392579747157, 0.0027405265165554313, 0.0025051604682431684, 0.002467285471963034, 0.0023671872675083932, 0.0022643837061766003, 0.002093946222915996, 0.002034428371618642, 0.00202090158723288, 0.0019830265909527457, 0.0018612855314808852, 0.0018504641039722755, 0.0015799284162570306, 0.0012850445166474136, 0.0011768302415613155, 0.0011578927434212484, 0.0011091963196325043, 0.0005978838698506914]}, "1990-5": {"Total Votes": 462092.0, "Parties": ["frontul salvarii nationale", "partidul democrat agrar din romania", "partidul national liberal", "miscarea ecologista din romania", "uniunea democrata turca musulmana", "partidul national taranesc crestin democrat", "partidul liber schimbist", "partidul democrat al muncii", "partidul socialist democratic roman", "independents", "comunitatea lipovenilor din romania", "gruparea democratica de centru", "partidul unit democrat al romilor rudarilor si lautarilor din romania", "partidul uniunea crestin ortodoxa", "uniunea liberala 'bratianu'", "partidul republican crestin", "partidul social democrat crestin roman", "partidul social democrat roman", "partidul muncii", "alianta pentru unitatea romanilor", "uniunea elena din romania", "uniunea democrata a maghiarilor din romania", "partidul alianta pentru democratie", "uniunea democrata a romilor din romania", "partidul cooperatist", "uniunea democrat crestina", "partidul unitatii democratice", "partidul taranesc roman", "partidul socialist al dreptatii - independent", "partidul reconstructiei nationale din romania"], "Percent": [0.6958332972654796, 0.08266752075344304, 0.08038658968343966, 0.02118625728209967, 0.018611012525644243, 0.01599465041593449, 0.009186482345506956, 0.00801788388459441, 0.006546315452334167, 0.005511889407304173, 0.0053495840655107645, 0.005118028444552167, 0.004254564026211231, 0.00416150896358301, 0.003912640772833115, 0.0038845078469222577, 0.0038087653540853335, 0.0037395150749201457, 0.0031097703487617183, 0.002979926075326991, 0.0022830951412272883, 0.002103477229642582, 0.0019216952468339638, 0.001711780338114488, 0.0016641707711884213, 0.0014564199336928577, 0.001352544514945076, 0.0013049349480190092, 0.0011144966803147425, 0.0008266752075344304]}, "2000-11": {"Total Votes": 376284.0, "Parties": ["polul democrat-social din romania", "partidul romania mare", "partidul national liberal", "partidul democrat", "conventia democrata din romana 2000", "alianta pentru romania", "uniunea democrata a tatarilor turco musulmani din romania", "independents", "partidul national liberal campeanu", "partidul ecologist roman", "partidul socialist al muncii", "partidul national taranesc", "uniunea armenilor din romania", "uniunea democrata turca din romania", "partida romilor", "partidul vietii romanesti", "partidul pensionarilor din romania", "partidul muncitoresc roman", "partidul reconcilierii nationale", "partidul liberal democrat roman", "partidul alianta nationala", "comunitatea rusilor lipoveni din romania", "comunitatea turca din romania", "partidul republican", "partidul socialist roman", "liga comunitatilor italiene din romania", "partidul social democrat \"constantin titel petrescu\"", "partidul liber republican socialist democratic", "partidul noua generatie", "partidul \"generatia 2000\"", "uniunea elena din romania", "uniunea democrata a maghiarilor din romania", "uniunea culturala a albanezilor din romania", "partidul national democrat crestin", "uniunea elena elpis constanta", "comunitatea italiana din romania, str. trei ierarhi, nr.2, iasi", "partidul particularilor - partid social democrat", "partidul pentru patrie", "uniunea bulgara din banat - romania", "liga albanezilor din romania", "comunitatea bratsvo a bulgarilor din romania", "uniunea polinezilor din romania", "uniunea culturala a rutenilor din romania", "uniunea polinezilor din romania 'dom polski'"], "Percent": [0.33001934708890096, 0.20687034261355786, 0.09822899724676043, 0.06796462246600972, 0.044955406023110205, 0.039568517396434605, 0.026076048941756757, 0.02391544684334173, 0.023543387441400644, 0.013096490948326264, 0.01205472462289122, 0.011967024906719392, 0.011342496624889712, 0.010672789701395754, 0.006938907846201273, 0.006864495965813056, 0.00684323542855928, 0.0067103570707231774, 0.005926374759490172, 0.005785523700183904, 0.005254010268839494, 0.0035053310797163845, 0.003011023588566083, 0.0026549095895653284, 0.00252734636604267, 0.0023652347694826247, 0.002131368859691084, 0.001958626994504151, 0.001902818084212988, 0.001849666741078547, 0.0016689521744214476, 0.0016609794729512816, 0.0014935527420777922, 0.001318153309734137, 0.0011932476533682006, 0.0011028903700396509, 0.001065684429845542, 0.0009832998479871586, 0.0007972701470166151, 0.0006245282818296818, 0.0005634042372250746, 0.0005049377597771895, 0.0003109353573364799, 0.00020729023822431994]}, "1996-11": {"Total Votes": 426836.0,