{"1992-9": {"Total Votes": 322718.0, "Parties": ["frontul democrat al salvarii nationale", "conventia democrata din romania", "frontul salvarii nationale", "partidul socialist al muncii", "partidul democrat agrar din romania", "partidul unitatii nationale romane", "partidul romania mare", "partidul national liberal", "independents", "miscarea ecologista din romania", "partidul republican", "partidul national taranesc", "solidaritatea national democrata", "uniunea liberala 'bratianu'", "partidul socialist democratic roman", "partidul democrat cooperatist", "partidul pentru cinstirea eroilor revolutiei si salvare nationala", "uniunea democrata a maghiarilor din romania", "partidul national al producatorilor liberi din romania", "miscarea pentru romania", "partidul liberal monarhist din romania", "partidul social democrat traditional", "partida romilor", "noul partid liberal", "uniunea libera democratica a romilor din romania", "conventia democrata unita", "frontul democrat roman 16 decembrie 1989 timisoara", "partidul national taranesc crestin democrat independent", "conventia solidaritatii sociale", "uniunea elena din romania", "partidul tiganilor din romania", "uniunea armenilor din romania", "partidul unitatii social-democrate", "partidul republican crestin din romania", "partidul dreptei nationale", "uniunea generala a romilor din romania", "partidul social democrat independent", "partidul democrat independent", "partidul umanist roman", "partidul vointa poporului", "partidul viitorul democrat al patriei", "partidul republican de unitate a romanilor", "partidul roman democrat popular realist revolutionar"], "Percent": [0.3176767332469834, 0.20503349673708934, 0.13947161298719005, 0.07284998047831233, 0.04150992507390353, 0.03382519723101903, 0.027225007591767426, 0.025378193965009697, 0.02462521458363029, 0.015217620337260394, 0.013627997198792754, 0.011964005726361715, 0.007176544227467944, 0.005599315811327537, 0.005512552755036905, 0.004028284756350746, 0.0037927850321333176, 0.0036533444059519454, 0.0035603839884976976, 0.003436436765225367, 0.0031172726652991156, 0.0024944378683556543, 0.002317813075192583, 0.0022155566159929104, 0.002203161893665677, 0.00207301730922973, 0.0020296357810844143, 0.001945971405375591, 0.001722866403485396, 0.0014470838317044603, 0.0014068009841409527, 0.0014006036229773362, 0.001397504942395528, 0.001385110220068295, 0.0013448273725047875, 0.0012859524414504304, 0.0011341170929418253, 0.0008366437570882318, 0.0008149529930155739, 0.0007157952143977094, 0.0007064991726522847, 0.0005856506299617623, 0.00025409180770827783]}, "1990-5": {"Total Votes": 467178.0, "Parties": ["frontul salvarii nationale", "partidul national liberal", "partidul democrat agrar din romania", "partidul socialist democratic roman", "partidul national taranesc crestin democrat", "miscarea ecologista din romania", "partidul ecologist roman", "alianta pentru unitatea romanilor", "independents", "partidul liber schimbist", "partidul democrat al muncii", "partidul social democrat roman", "uniunea liberala 'bratianu'", "partidul tiganilor din romania", "uniunea democrata a romilor din romania", "partidul liberal  al libertatii  din romania", "partidul unit democrat al romilor rudarilor si lautarilor din romania", "partidul republican crestin", "gruparea democratica de centru", "partidul cooperatist", "partidul unitatii democratice", "partidul socialist al dreptatii - independent", "partidul reconstructiei nationale din romania", "uniunea democrat crestina", "uniunea democrata a maghiarilor din romania", "partidul democrat constitutional din romania", "gruparea de centru 'noua romanie'", "partidul roman pentru noua societate"], "Percent": [0.753220399933216, 0.08245893428200814, 0.03380082110030866, 0.017916083377213825, 0.017391657997594064, 0.015627876312668834, 0.0138341274631939, 0.009037240623488263, 0.005991292398186559, 0.0055353633946804, 0.004728390463592035, 0.004653472552217784, 0.004266039924825227, 0.0038229539918403694, 0.0037244904511770675, 0.003093039483879806, 0.003093039483879806, 0.002996716454970054, 0.002694904297719499, 0.0023502819053979425, 0.0021319497065358387, 0.0016332104679586796, 0.0014641100394282265, 0.0012029676054951218, 0.0011751409526989712, 0.000993197453647218, 0.0008540641896664654, 0.0003082336925112056]}, "2000-11": {"Total Votes": 351402.0, "Parties": ["polul democrat-social din romania", "partidul romania mare", "partidul democrat", "partidul national liberal", "conventia democrata din romana 2000", "alianta pentru romania", "partidul national liberal campeanu", "partidul socialist al muncii", "independents", "partidul ecologist roman", "partidul muncitoresc roman", "partidul pensionarilor din romania", "partidul alianta nationala", "partidul national taranesc", "partida romilor", "partidul liber republican socialist democratic", "partidul vietii romanesti", "partidul liberal democrat roman", "partidul noua generatie", "comunitatea bratsvo a bulgarilor din romania", "partidul republican", "partidul social democrat \"constantin titel petrescu\"", "federatia comunitatilor evreiesti din romania", "partidul pentru patrie", "partidul \"generatia 2000\"", "uniunea elena din romania", "partidul uniunea populara pentru dreptate", "uniunea democrata a maghiarilor din romania", "liga albanezilor din romania", "partidul necomunistilor - partid al miscarii nationale de rezistenta pentru renasterea spirituala, refacerea economica si reunificarea", "liga comunitatilor italiene din romania", "uniunea croatilor din romania", "uniunea bulgara din banat - romania", "uniunea culturala a albanezilor din romania", "asociatia culturala bulgara din romania", "comunitatea italiana din romania, str. trei ierarhi, nr.2, iasi", "uniunea polinezilor din romania 'dom polski'", "uniunea culturala a rutenilor din romania"], "Percent": [0.46860291062657583, 0.19880080363799865, 0.08788510025554777, 0.05270317186584026, 0.044937137523406244, 0.02924001570850479, 0.016491084285234575, 0.011915128542239372, 0.01127199048383333, 0.008685209532102833, 0.007211114336287215, 0.006383002942498904, 0.005509359650770343, 0.00524185975037137, 0.004584492973858999, 0.003895823017512706, 0.0034405040381101986, 0.0033693604475785567, 0.0030392541875117387, 0.0029368074171461744, 0.0027262223891725145, 0.0027006106965811235, 0.0024729512068798697, 0.0018383503793376248, 0.0018042014558824367, 0.0014997068884070096, 0.0014086430925265082, 0.0013887228871776484, 0.0013517282201011946, 0.0011553719102338632, 0.0009277124205326094, 0.0008907177534561556, 0.0008394943682733735, 0.0008110369320607168, 0.0007512763160141376, 0.0005663029806318689, 0.00047808492837263304, 0.0002447339514288479]}, "1996-11": {"Total Votes": 389560.0,