{"1992-9": {"Total Votes": 240232.0, "Parties": ["frontul democrat al salvarii nationale", "conventia democrata din romania", "frontul salvarii nationale", "partidul romania mare", "partidul democrat agrar din romania", "partidul unitatii nationale romane", "partidul socialist al muncii", "miscarea ecologista din romania", "partidul national liberal", "partidul republican", "partidul socialist democratic roman", "partidul national taranesc", "partidul unitatii social-democrate", "partida romilor", "solidaritatea national democrata", "partidul tiganilor din romania", "conventia solidaritatii sociale", "partidul social democrat traditional", "noul partid liberal", "partidul liberal monarhist din romania", "uniunea liberala 'bratianu'", "uniunea democrata a maghiarilor din romania", "partidul liber republican", "comunitatea italiana din romania", "partidul umanist roman", "partidul democrat cooperatist", "miscarea pentru romania", "uniunea generala a romilor din romania", "partidul republican de unitate a romanilor", "partidul national democrat crestin", "partidul pentru cinstirea eroilor revolutiei si salvare nationala", "partidul social democrat independent", "partidul democrat independent", "uniunea elena din romania", "partidul dreptei nationale", "partidul viitorul democrat al patriei", "uniunea armenilor din romania"], "Percent": [0.3648764527623298, 0.2030745279563089, 0.10866162709380932, 0.05299460521495887, 0.047229344966532354, 0.034812181557827435, 0.03209397582337074, 0.019160644710113556, 0.017204202604149323, 0.013903226880682008, 0.01385327516733824, 0.012238169769223085, 0.00972393353092011, 0.009690632388690931, 0.007234673149289021, 0.005927603316793766, 0.0043582869892437315, 0.00428335941922808, 0.0037838422857904026, 0.0036839388591028673, 0.0036631256452096307, 0.002976289586732825, 0.0028847114456025842, 0.0025766758799826836, 0.002493423024409737, 0.002447633953844617, 0.0022228512437976623, 0.0019397915348496454, 0.0019106530353991142, 0.00173165939591728, 0.0015318525425422093, 0.0012363049052582504, 0.0012154916913650138, 0.0009157814113024077, 0.0006160711312398015, 0.0005702820606746812, 0.00027889706616936964]}, "1990-5": {"Total Votes": 332467.0, "Parties": ["frontul salvarii nationale", "partidul national liberal", "partidul democrat agrar din romania", "partidul national taranesc crestin democrat", "miscarea ecologista din romania", "partidul ecologist roman", "partidul tineretului liber democrat din romania", "forumul democratiei si unitatii nationale din romania", "gruparea democratica de centru", "uniunea democrata a romilor din romania", "partidul socialist democratic roman", "independents", "uniunea liberala 'bratianu'", "partidul uniunea crestin ortodoxa", "partidul taranesc roman", "alianta pentru unitatea romanilor", "partidul social democrat roman", "partidul liber schimbist", "partidul cooperatist", "partidul reconstructiei nationale din romania", "partidul unitatii democratice", "partidul socialist al dreptatii - independent", "partidul republican crestin", "gruparea de centru 'noua romanie'", "uniunea democrat crestina", "uniunea democrata a maghiarilor din romania", "uniunea elena din romania"], "Percent": [0.7948217417066957, 0.04382089049439493, 0.03281829474805018, 0.022059332204399235, 0.020729876950193554, 0.019595929821606354, 0.00833165396866456, 0.006545010482243351, 0.006012626817097637, 0.004989968929247113, 0.0047794217170425935, 0.00427110059043454, 0.0035311775304015134, 0.0035251618957670987, 0.0033025834142937495, 0.003221372346729149, 0.002980746961352555, 0.0026829730469490206, 0.0025325821810886495, 0.0018076982076416608, 0.0016061744473887633, 0.0014196897737219032, 0.0012151581961517986, 0.0010798064168774646, 0.0010226578878505235, 0.0008722670219901525, 0.00042410224172624654]}, "2000-11": {"Total Votes": 256567.0, "Parties": ["polul democrat-social din romania", "partidul romania mare", "partidul democrat", "partidul national liberal", "alianta pentru romania", "conventia democrata din romana 2000", "partidul liberal democrat roman", "partidul alianta nationala", "partida romilor", "partidul socialist al muncii", "partidul ecologist roman", "partidul muncitoresc roman", "partidul vietii romanesti", "partidul national democrat crestin", "partidul national liberal campeanu", "comunitatea italiana din romania, str. trei ierarhi, nr.2, iasi", "partidul national taranesc", "comunitatea bratsvo a bulgarilor din romania", "partidul pensionarilor din romania", "uniunea liberala 'bratianu'", "partidul pentru patrie", "independents", "partidul democrat al pensionarilor din romania si diaspora", "partidul reconcilierii nationale", "partidul \"generatia 2000\"", "partidul socialist roman", "asociatia culturala bulgara din romania", "partidul social democrat \"constantin titel petrescu\"", "uniunea bulgara din banat - romania", "partidul necomunistilor - partid al miscarii nationale de rezistenta pentru renasterea spirituala, refacerea economica si reunificarea", "uniunea democrata a maghiarilor din romania", "partidul liber republican socialist democratic", "uniunea elena din romania", "partidul noua generatie", "liga comunitatilor italiene din romania", "uniunea culturala a albanezilor din romania", "comunitatea rusilor lipoveni din romania", "comunitatea elena prohova", "partidul republican", "liga albanezilor din romania", "uniunea polinezilor din romania 'dom polski'"], "Percent": [0.4771268323673738, 0.2070726165095277, 0.08177591038598105, 0.06281010418331275, 0.05274645609139133, 0.025689196194366385, 0.007222285017169004, 0.00654409959191946, 0.006080283122926955, 0.005795757053713066, 0.005016233576414737, 0.00468883371594944, 0.004669345629016982, 0.0045680075769682, 0.004291276742527293, 0.00404572684717832, 0.0038157674213753134, 0.0037612007779644304, 0.002895929718163287, 0.002634789353268347, 0.00247498704042219, 0.002416522779624815, 0.0022177442929137417, 0.0020345562757486347, 0.001644794537099471, 0.0014421184330019059, 0.0014421184330019059, 0.0013953470243640064, 0.0013485756157261067, 0.0012979065897017153, 0.0010796400160581836, 0.0010796400160581836, 0.001021175755260809, 0.0009938924335553675, 0.0009471210249174679, 0.0009432234075309763, 0.0008418853554821937, 0.0007483425382063944, 0.0006509021035441035, 0.0004988950254709296, 0.00022995942580300664]}, "1996-11": {"Total Votes": 286675.0, "Parties": ["partidul democratiei sociale din romania", "conventia democrata din romania", "uniunea social democrata", "partidul romania mare", "partidul socialist al muncii", "partidul socialist", "partidul unitatii nationale romane", "partidul pensionarilor din romania", "partidul national taranesc", "alianta nationala liberala", "partidul socialist muncitoresc roman", "partida romilor", "comunitatea bratsvo a bulgarilor din romania", "partidul muncitoresc roman", "alianta nationala liberala ecologista", "unitatea romilor", "uniunea democratica de centru", "partidul pentru patrie", "partidul national al automobilistilor", "partidul national democrat crestin", "partidul reintregirii optiunea daco-romana", "forumul democrat al germanilor din romania", "partidul fostilor necomunisti si detinuti politici", "uniunea elena din romania", "uniunea culturala a albanezilor din romania", "partidul noua romanie", "independents", "partidul liber republican", "partidul republican", "partidul liberal crestin", "federatia italienilor din romania", "partidul socialist roman", "partidul particularilor - partid social democrat", "partidul protectiei sociale din romania", "uniunea democrat crestina", "partidul conventia ecologista din romania", "uniunea democrata a maghiarilor din romania"],