{"1992-9": {"Total Votes": 132169.0, "Parties": ["frontul democrat al salvarii nationale", "frontul salvarii nationale", "conventia democrata din romania", "partidul romania mare", "partidul democrat agrar din romania", "partidul unitatii nationale romane", "independents", "miscarea ecologista din romania", "partidul national liberal", "partidul socialist al muncii", "partidul socialist democratic roman", "partidul republican", "solidaritatea national democrata", "partidul liberal monarhist din romania", "uniunea generala a romilor din romania", "uniunea democrata a maghiarilor din romania", "uniunea liberala 'bratianu'", "partida romilor", "partidul democrat cooperatist", "liga nationala a expropriatilor din romania", "partidul national taranesc", "noul partid liberal", "partidul tiganilor din romania", "comunitatea rusilor lipoveni din romania", "partidul republican crestin din romania", "partidul unitatii social-democrate", "partidul republican de unitate a romanilor", "partidul pentru cinstirea eroilor revolutiei si salvare nationala", "partidul social democrat independent", "partidul umanist roman", "conventia solidaritatii sociale", "partidul roman pentru noua societate"], "Percent": [0.4369103193638448, 0.16979775892985496, 0.1406305563331795, 0.0378152214210594, 0.03170940235607442, 0.02208536040977839, 0.020458655206591563, 0.019013535700504656, 0.018635232164879813, 0.016191391324743322, 0.014443628990156542, 0.012257034554244943, 0.007036445762622097, 0.005190324508772859, 0.00475149240744804, 0.0042143013868607615, 0.0037225067905484644, 0.0037225067905484644, 0.0034122978913360925, 0.003124787204261211, 0.0029507675778737827, 0.002875106870748814, 0.0028524086586113233, 0.00273891759792387, 0.0027010872443613857, 0.0025724640422489387, 0.001868819465986729, 0.0014602516475118977, 0.0014224212939494133, 0.0014072891525244195, 0.0013467605868244445, 0.0006809463641247191]}, "1990-5": {"Total Votes": 194392.0, "Parties": ["frontul salvarii nationale", "partidul national liberal", "miscarea ecologista din romania", "partidul democrat agrar din romania", "partidul national taranesc crestin democrat", "partidul socialist democratic roman", "alianta pentru unitatea romanilor", "uniunea liberala 'bratianu'", "independents", "gruparea democratica de centru", "comunitatea lipovenilor din romania", "uniunea democrata a maghiarilor din romania", "partidul unitatii democratice", "partidul cooperatist"], "Percent": [0.859068274414585, 0.029862340013992347, 0.027742911230914852, 0.020196304374665623, 0.014393596444298119, 0.010710317297008108, 0.009732910819375284, 0.007839828799539076, 0.005663813325651261, 0.004418906127824191, 0.0032717395777604017, 0.002978517634470554, 0.002757315115848389, 0.001363224824066834]}, "2000-11": {"Total Votes": 141286.0, "Parties": ["polul democrat-social din romania", "partidul romania mare", "partidul democrat", "partidul national liberal", "conventia democrata din romana 2000", "alianta pentru romania", "partidul alianta nationala", "partidul pensionarilor din romania", "partidul socialist al muncii", "partida romilor", "partidul national democrat crestin", "partidul liber republican socialist democratic", "partidul national taranesc", "partidul national liberal campeanu", "partidul muncitoresc roman", "uniunea elena din romania", "partidul noua generatie", "partidul pentru patrie", "partidul socialist roman", "partidul liberal democrat roman", "partidul reconcilierii nationale", "partidul vietii romanesti", "partidul social democrat \"constantin titel petrescu\"", "comunitatea italiana din romania, str. trei ierarhi, nr.2, iasi", "uniunea bulgara din banat - romania", "comunitatea rusilor lipoveni din romania", "uniunea democrata a maghiarilor din romania", "uniunea culturala a albanezilor din romania", "uniunea liberala 'bratianu'", "liga albanezilor din romania"], "Percent": [0.48178871225740694, 0.18863864784904377, 0.08743966139603358, 0.06905142760075308, 0.032388205483912066, 0.02664807553473097, 0.018218365584700535, 0.009951446003142562, 0.009845278371530089, 0.007743159265603103, 0.006306357317780955, 0.006143566949308495, 0.005244681001656215, 0.005209291791118724, 0.005202213949011225, 0.004805854790991323, 0.004593519527766375, 0.004586441685658876, 0.004579363843551378, 0.0038220347380490635, 0.0030788613167617458, 0.0025480231586993756, 0.0023639992639044208, 0.0018968616848095354, 0.0018968616848095354, 0.0017128377900145803, 0.0015500474215421201, 0.0013377121583171723, 0.0008139518423623006, 0.0005945387370298544]}, "1996-11": {"Total Votes": 157225.0, "Parties": ["partidul democratiei sociale din romania", "conventia democrata din romania", "uniunea social democrata", "partidul socialist", "partidul romania mare", "partidul socialist muncitoresc roman", "partidul socialist al muncii", "independents", "partidul muncitoresc roman", "partida romilor", "partidul unitatii nationale romane", "unitatea romilor", "uniunea democratica de centru", "alianta nationala liberala", "partidul national al automobilistilor", "partidul pensionarilor din romania", "alianta nationala liberala ecologista", "partidul national taranesc", "partidul reintregirii optiunea daco-romana", "partidul renasterea romaniei - ion mihalache", "partidul national democrat crestin", "partidul liber republican", "uniunea democrata a maghiarilor din romania", "partidul pentru patrie", "partidul conventia ecologista din romania", "partidul noua romanie", "partidul republican"], "Percent": [0.31959930036571793, 0.23653363014787723, 0.14561297503577675, 0.0641501033550644, 0.04411512164096041, 0.04229607250755287, 0.02398473525202735, 0.017077436794402927, 0.011391318174590555, 0.011003339163619017, 0.010825250437271425, 0.010526315789473684, 0.009107966290348227, 0.0077595802194307525, 0.0075051677532199075, 0.007428844013356655, 0.005253617427253936, 0.003778025123231038, 0.0033010017490857054, 0.003231038320877723, 0.003052949594530132, 0.002938463984735252, 0.0024868818572110034, 0.002016218794720941, 0.002003498171410399, 0.001583717602162506, 0.0014374304340912705]}}