{"1992-9": {"Total Votes": 332697.0, "Parties": ["uniunea democrata a maghiarilor din romania", "partidul unitatii nationale romane", "conventia democrata din romania", "frontul democrat al salvarii nationale", "frontul salvarii nationale", "partidul romania mare", "partida romilor", "partidul democrat agrar din romania", "partidul national liberal", "uniunea generala a romilor din romania", "partidul republican", "miscarea ecologista din romania", "partidul socialist al muncii", "forumul democrat al germanilor din romania", "partidul unitatii social-democrate", "solidaritatea national democrata", "partidul liber schimbist", "uniunea liberala 'bratianu'", "uniunea armenilor din romania", "partidul socialist democratic roman", "noul partid liberal", "partidul republican de unitate a romanilor", "comunitatea rusilor lipoveni din romania", "partidul dreptatii sociale noua democratie de nord-vest din romania", "partidul social democrat traditional", "uniunea democrat crestina"], "Percent": [0.39937540765321, 0.36271141609332214, 0.07654111699233837, 0.040337003339374865, 0.03977192460406917, 0.01511886190738119, 0.011815555896205856, 0.008163584282395091, 0.006883139914096009, 0.006110665259981304, 0.005254029943161495, 0.004661899566272013, 0.0045837503794744165, 0.004199015921393941, 0.0021731485405639367, 0.0018244829379285056, 0.0014758173352930745, 0.0013976681484954778, 0.0012954730580678516, 0.0011812550158252103, 0.0010610254976750617, 0.000973859097016204, 0.0009167500758948833, 0.0008686582686348239, 0.0008055377716059958, 0.0004989525003231168]}, "1990-5": {"Total Votes": 378860.0, "Parties": ["uniunea democrata a maghiarilor din romania", "alianta pentru unitatea romanilor", "frontul salvarii nationale", "partidul national liberal", "partidul national taranesc crestin democrat", "forumul democrat al germanilor din romania", "uniunea democrata a romilor din romania", "partidul democrat crestin al romilor din romania", "partidul socialist democratic roman", "partidul ecologist roman", "independents", "miscarea ecologista din romania", "partidul democrat agrar din romania", "partidul social democrat roman", "partidul liber schimbist", "uniunea democrat crestina", "partidul democrat ecologist", "gruparea democratica de centru", "partidul cooperatist", "partidul unitatii democratice", "partidul reconstructiei nationale din romania", "partidul socialist al dreptatii - independent"], "Percent": [0.4201578419468933, 0.3443514754790688, 0.142897112389801, 0.017362614158264268, 0.008924140843583383, 0.007929050308821201, 0.007807633426595576, 0.0076307870981365145, 0.0074433827799187035, 0.0068758908303858945, 0.005408330253919654, 0.004452832180752785, 0.004114976508472787, 0.003307290291928417, 0.0030380615530802937, 0.0020825634799134245, 0.001910996146333738, 0.0011877738478593676, 0.0009475795808478065, 0.0008974291294937444, 0.00079712822678562, 0.00047510953914374704]}, "2000-11": {"Total Votes": 315367.0, "Parties": ["uniunea democrata a maghiarilor din romania", "partidul romania mare", "polul democrat-social din romania", "partidul alianta nationala", "partidul national liberal", "partidul democrat", "alianta pentru romania", "partida romilor", "conventia democrata din romana 2000", "centrul crestin al romilor din romania", "partidul pensionarilor din romania", "partidul national taranesc", "partidul muncitoresc roman", "partidul noua generatie", "forumul democrat al germanilor din romania", "partidul socialist al muncii", "partidul ecologist roman", "uniunea bulgara din banat - romania", "liga albanezilor din romania", "partidul vietii romanesti", "partidul national democrat crestin", "partidul national liberal campeanu", "partidul liber republican socialist democratic", "uniunea culturala a rutenilor din romania", "federatia comunitatilor evreiesti din romania", "comunitatea italiana din romania, str. trei ierarhi, nr.2, iasi", "independents", "partidul republican", "partidul social democrat \"constantin titel petrescu\"", "uniunea culturala a albanezilor din romania"], "Percent": [0.3883538861072972, 0.2112174070210263, 0.16169732407005172, 0.055541638789093344, 0.04955179203911633, 0.0247330887505668, 0.021625598112675073, 0.012230195296273866, 0.012211169843388815, 0.007470661166196844, 0.006633541239254583, 0.005923257664879331, 0.003738501491912597, 0.0037321596742842466, 0.00370996331258502, 0.0036655705891865667, 0.0032184724463878594, 0.0030821233673783244, 0.003075781549749974, 0.003040901552794046, 0.0027396652154473996, 0.0022513452580644137, 0.0019691343736028184, 0.0015347198660608118, 0.0015188653219899355, 0.0015061816867332346, 0.001360319881281174, 0.0013000726138118447, 0.0007578472065878801, 0.0006088144923216443]}, "1996-11": {"Total Votes": 360005.0, "Parties": ["uniunea democrata a maghiarilor din romania", "partidul unitatii nationale romane", "conventia democrata din romania", "partidul democratiei sociale din romania", "uniunea social democrata", "partidul romania mare", "unitatea romilor", "independents", "partida romilor", "partidul pensionarilor din romania", "partidul socialist", "partidul socialist al muncii", "partidul socialist muncitoresc roman", "partidul maghiar liber democrat din romania", "alianta nationala liberala", "partidul national taranesc", "partidul noua romanie", "forumul democrat al germanilor din romania", "alianta nationala liberala ecologista", "uniunea democratica de centru", "partidul national al automobilistilor", "partidul reintregirii optiunea daco-romana", "partidul pentru patrie", "partidul national democrat crestin", "comunitatea italiana din romania, str. socola nr. 14, iasi", "partidul republican", "federatia comunitatilor evreiesti din romania", "forumul tineretului secuiesc", "partidul liber republican", "partidul fostilor necomunisti si detinuti politici", "partidul particularilor - partid social democrat"], "Percent": [0.3848890987625172, 0.19260843599394453, 0.13668976819766393, 0.0889876529492646, 0.05028263496340329, 0.03194955625616311, 0.017360869987916836, 0.014527576005888807, 0.011527617671976778, 0.009269315703948556, 0.006969347647949334, 0.006741573033707865, 0.006349911806780462, 0.005969361536645324, 0.004569380980819711, 0.0035777280871099014, 0.0034360633880085, 0.0028249607644338275, 0.00278885015485896, 0.0025999638893904253, 0.0024610769294870906, 0.001958306134637019, 0.0019249732642602187, 0.001758308912376217, 0.0016471993444535492, 0.0015722003861057484, 0.0012610935959222788, 0.0012388716823377452, 0.001177761419980278, 0.0007361008874876738, 0.00034443966056027]}}