{"1992-9": {"Total Votes": 123523.0, "Parties": ["frontul democrat al salvarii nationale", "conventia democrata din romania", "frontul salvarii nationale", "partidul democrat agrar din romania", "partidul national liberal", "partidul socialist al muncii", "comunitatea rusilor lipoveni din romania", "partidul romania mare", "partidul unitatii nationale romane", "miscarea ecologista din romania", "partidul republican", "partidul socialist democratic roman", "partidul unitatii social-democrate", "partidul national al producatorilor liberi din romania", "partidul democrat cooperatist", "noul partid liberal", "uniunea liberala 'bratianu'", "uniunea ucrainienilor din romania", "partidul liberal monarhist din romania", "partidul umanist roman", "uniunea democrata a maghiarilor din romania", "uniunea elena din romania", "uniunea armenilor din romania", "uniunea democrata turca din romania", "alianta pentru demnitate nationala"], "Percent": [0.37671526760198504, 0.17682536855484404, 0.08681783959262647, 0.04518186896367478, 0.04268031054945233, 0.042316005926021874, 0.040866883090598514, 0.040041125944156146, 0.03298980756620225, 0.021445398832606072, 0.01993960638909353, 0.014847437319365624, 0.0072051358856245395, 0.00622556123151154, 0.005731726075305813, 0.005027403803340269, 0.004825012345878905, 0.004493090355642269, 0.004404038114359269, 0.004055924807525724, 0.003974968224541179, 0.003966872566242724, 0.003788768083676724, 0.0033920808270524517, 0.0022424973486719073]}, "1990-5": {"Total Votes": 164836.0, "Parties": ["frontul salvarii nationale", "comunitatea lipovenilor din romania", "partidul national liberal", "miscarea ecologista din romania", "independents", "partidul national taranesc crestin democrat", "partidul democrat agrar din romania", "partidul socialist democratic roman", "partidul cooperatist", "alianta pentru unitatea romanilor", "partidul social democrat roman", "partidul reconstructiei nationale din romania", "uniunea democrata a maghiarilor din romania", "uniunea democrat crestina", "uniunea elena din romania", "partidul socialist al dreptatii - independent", "partidul democrat constitutional din romania"], "Percent": [0.8038049940546967, 0.04336431362081099, 0.040852726346186516, 0.03379116212477857, 0.022731684826130215, 0.012139338494018296, 0.010883544856706059, 0.006272901550632143, 0.0058603703074571085, 0.00470770948093863, 0.0036339149214977312, 0.003100050959741804, 0.0029787182411609115, 0.0021475891188817977, 0.0019231235895071465, 0.0011890606420927466, 0.0006187968647625518]}, "2000-11": {"Total Votes": 120276.0, "Parties": ["polul democrat-social din romania", "partidul romania mare", "partidul national liberal", "partidul democrat", "alianta pentru romania", "comunitatea rusilor lipoveni din romania", "conventia democrata din romana 2000", "partidul muncitoresc roman", "independents", "partidul socialist al muncii", "partidul ecologist roman", "partidul alianta nationala", "partidul national liberal campeanu", "partida romilor", "uniunea elena din romania", "partidul reconcilierii nationale", "partidul pensionarilor din romania", "uniunea democrata turca din romania", "uniunea armenilor din romania", "partidul national taranesc", "partidul liber republican socialist democratic", "partidul vietii romanesti", "forumul democrat al germanilor din romania", "uniunea democrata a maghiarilor din romania", "uniunea democrata a ucrainienilor din romania", "partidul republican", "uniunea ucrainienilor din romania", "liga comunitatilor italiene din romania", "comunitatea turca din romania", "asociatia culturala bulgara din romania", "comunitatea italiana din romania, str. trei ierarhi, nr.2, iasi", "liga albanezilor din romania", "uniunea democrata a tatarilor turco musulmani din romania", "partidul social democrat \"constantin titel petrescu\"", "comunitatea bratsvo a bulgarilor din romania"], "Percent": [0.3435930692740031, 0.2865658984336027, 0.0784196348398683, 0.0679354152116798, 0.04120522797565599, 0.031070205194718814, 0.026622102497588878, 0.012371545445475406, 0.0093285443479996, 0.008838005919717982, 0.008663407496092321, 0.00823938275300143, 0.007516046426552263, 0.006551597991286707, 0.006144201669493498, 0.00499684059995344, 0.00482224217632778, 0.004755728491137051, 0.004356646379992684, 0.004231933220260068, 0.0038494795304133828, 0.0036333100535435167, 0.0033838837340782867, 0.0028102031993082577, 0.0027104326715221656, 0.002269779507133593, 0.0022448368751870696, 0.002178323189996342, 0.002178323189996342, 0.002153380558049819, 0.002145066347400978, 0.0012471315973261498, 0.0011806179121354218, 0.0010559047524028068, 0.0007316505370980079]}, "1996-11": {"Total Votes": 134808.0, "Parties": ["conventia democrata din romania", "partidul democratiei sociale din romania", "uniunea social democrata", "partidul romania mare", "independents", "comunitatea rusilor lipoveni din romania", "partidul socialist al muncii", "partidul socialist", "partidul unitatii nationale romane", "partidul socialist muncitoresc roman", "uniunea democratica de centru", "alianta nationala liberala", "partidul national democrat crestin", "partidul pensionarilor din romania", "partida romilor", "uniunea ucrainienilor din romania", "partidul national taranesc", "unitatea romilor", "alianta nationala liberala ecologista", "partidul national al automobilistilor", "federatia italienilor din romania", "uniunea democrata turca din romania", "uniunea democrat crestina", "partidul reintregirii optiunea daco-romana", "partidul noua romanie", "partidul republican", "partidul liber republican", "uniunea democrata a maghiarilor din romania", "partidul protectiei sociale din romania", "uniunea elena din romania", "uniunea democrata a tatarilor turco musulmani din romania", "partidul fostilor necomunisti si detinuti politici", "partidul particularilor - partid social democrat"], "Percent": [0.2876387158032164, 0.2833214646015073, 0.0826953889976856, 0.058809566197851756, 0.03652602219452852, 0.03519078986410302, 0.033633018811939946, 0.025310070618954364, 0.0171577354459676, 0.016230490772061006, 0.015051035546851818, 0.013700967301643819, 0.012402824758174589, 0.010711530472968963, 0.008953474571242064, 0.00794463236603169, 0.007514390837339031, 0.005845350424307162, 0.005518960299092042, 0.0054076909382232505, 0.00437659486083912, 0.0035086938460625484, 0.0034270963147587682, 0.0028114058512847904, 0.0026333748738947243, 0.002373746365200878, 0.0023663284078096255, 0.0023663284078096255, 0.001743219986944395, 0.0015058453504243072, 0.0012833066286867248, 0.001253634799121714, 0.0007863034834727909]}}