{"1992-9": {"Total Votes": 197100.0, "Parties": ["frontul democrat al salvarii nationale", "conventia democrata din romania", "frontul salvarii nationale", "partidul democrat agrar din romania", "partidul national liberal", "partidul romania mare", "miscarea ecologista din romania", "partidul socialist al muncii", "partidul unitatii nationale romane", "partidul pentru cinstirea eroilor revolutiei si salvare nationala", "partidul republican", "partidul socialist democratic roman", "conventia solidaritatii sociale", "solidaritatea national democrata", "partidul tiganilor din romania", "uniunea liberala 'bratianu'", "independents", "partidul national democrat crestin", "partidul social democrat traditional", "partidul national taranesc", "noul partid liberal", "partidul liberal monarhist din romania", "miscarea pentru romania", "uniunea generala a romilor din romania", "partidul democrat cooperatist", "uniunea democrat crestina", "comunitatea rusilor lipoveni din romania", "partidul renasterea si independenta romaniei", "partidul antitotalitarist \"jos nomenclatura\"", "partidul republican de unitate a romanilor", "partidul umanist roman"], "Percent": [0.47093860984271946, 0.1126027397260274, 0.10569254185692542, 0.043744292237442924, 0.04006088280060883, 0.03925925925925926, 0.02884830035514967, 0.02469304921359716, 0.022004058853373924, 0.015930999492643327, 0.012861491628614916, 0.008462709284627093, 0.007453069507864028, 0.007295788939624556, 0.006894977168949772, 0.0062557077625570775, 0.005169964485032978, 0.0046270928462709285, 0.004058853373921867, 0.003795027904616946, 0.0037341451040081176, 0.003658041603247083, 0.003612379502790462, 0.0031861998985286658, 0.0028817858954845255, 0.002415017757483511, 0.0022983257229832574, 0.0022729578893962454, 0.0020903094875697617, 0.002054794520547945, 0.0011466260781329274]}, "1990-5": {"Total Votes": 264867.0, "Parties": ["frontul salvarii nationale", "partidul national liberal", "partidul ecologist roman", "independents", "miscarea ecologista din romania", "partidul unitatii democratice din moldova", "partidul national taranesc crestin democrat", "partidul democrat agrar din romania", "partidul socialist democratic roman", "comunitatea lipovenilor din romania", "partidul democrat al muncii", "partidul social democrat roman", "uniunea democrat crestina", "partidul alianta pentru democratie", "gruparea democratica de centru", "partidul reconstructiei nationale din romania", "uniunea liberala 'bratianu'", "partidul unitatii democratice", "uniunea democrata a maghiarilor din romania", "alianta pentru unitatea romanilor"], "Percent": [0.8610283651795052, 0.03366595310099031, 0.017121800752830665, 0.013889990070488207, 0.011703987284184137, 0.01136796958473498, 0.010016347827400168, 0.00774728448617608, 0.005606587457101111, 0.005062918370351913, 0.00457965695990818, 0.0037981326477062073, 0.0027070189944387183, 0.002367225815220469, 0.0022879407400695443, 0.0022615123816859027, 0.001510191907636663, 0.0014195803931784632, 0.0010835626937293057, 0.0007739733526637897]}, "2000-11": {"Total Votes": 205383.0, "Parties": ["polul democrat-social din romania", "partidul romania mare", "partidul democrat", "conventia democrata din romana 2000", "partidul national liberal", "alianta pentru romania", "partidul national liberal campeanu", "partidul socialist al muncii", "partidul alianta nationala", "partida romilor", "partidul pensionarilor din romania", "partidul vietii romanesti", "partidul muncitoresc roman", "partidul ecologist roman", "uniunea bulgara din banat - romania", "partidul reconcilierii nationale", "partidul liber republican socialist democratic", "partidul noua generatie", "partidul national taranesc", "comunitatea italiana din romania, str. trei ierarhi, nr.2, iasi", "uniunea armenilor din romania", "partidul democrat al pensionarilor din romania si diaspora", "liga albanezilor din romania", "uniunea democrata a maghiarilor din romania", "partidul national democrat crestin", "partidul necomunistilor - partid al miscarii nationale de rezistenta pentru renasterea spirituala, refacerea economica si reunificarea", "partidul pentru patrie", "comunitatea elena iasi", "uniunea democrat crestina", "partidul social democrat \"constantin titel petrescu\"", "partidul republican", "comunitatea rusilor lipoveni din romania", "uniunea polinezilor din romania"], "Percent": [0.521050914632662, 0.18446512126125336, 0.06786345510582667, 0.048806376379739315, 0.047925096040081216, 0.03010960011295969, 0.012931936917855907, 0.008447631985120482, 0.007206049186154648, 0.00593525267427197, 0.005628508688645117, 0.005360716320240721, 0.005053972334613867, 0.005044234430308253, 0.004771573109751051, 0.004284677894470331, 0.0038610790571761053, 0.0034666939327987222, 0.0032962806074504705, 0.0031502120428662547, 0.003004143478282039, 0.0029895366218236174, 0.0021812905644576232, 0.0019524498132756848, 0.0018696776266779627, 0.0018355949616083124, 0.001553195736745495, 0.001528850975981459, 0.0014119961243140864, 0.0013340928898691712, 0.0009348388133389814, 0.00048202626312791224, 0.0002629234162515885]}, "1996-11": {"Total Votes": 224043.0, "Parties": ["partidul democratiei sociale din romania", "conventia democrata din romania", "uniunea social democrata", "partidul romania mare", "partidul unitatii nationale romane", "partidul socialist muncitoresc roman", "partidul socialist al muncii", "partidul socialist", "independents", "alianta nationala liberala", "partidul fostilor necomunisti si detinuti politici", "partidul pensionarilor din romania", "alianta nationala liberala ecologista", "partida romilor", "uniunea democratica de centru", "partidul national taranesc", "partidul muncitoresc roman", "partidul national democrat crestin", "partidul national al automobilistilor", "partidul noua romanie", "partidul liber republican", "uniunea democrata a maghiarilor din romania", "comunitatea italiana din romania, str. socola nr. 14, iasi", "partidul reintregirii optiunea daco-romana", "partidul pentru patrie", "partidul republican", "unitatea romilor", "comunitatea etniei romilor din romania", "asociatia italienilor din romania"], "Percent": [0.36612168199854495, 0.25911990109041566, 0.10543065393696746, 0.046477685087237715, 0.02661988993184344, 0.02198685073847431, 0.020246113469289378, 0.019897966015452392, 0.017755520145686318, 0.014470436478711676, 0.013671482706444745, 0.01194413572394585, 0.009283932102319644, 0.00915449266435461, 0.00853407604790152, 0.0068245827809840075, 0.006186312448949532, 0.005945287288600849, 0.005623920408135938, 0.0044634288953459824, 0.004316135741799565, 0.003789451132148739, 0.0026334230482541296, 0.0026111059037774, 0.0019282012827894644, 0.0014149069598246766, 0.0013881263864526005, 0.0011426377972085717, 0.001017661788138884]}}