{"1992-9": {"Total Votes": 193384.0, "Parties": ["frontul democrat al salvarii nationale", "conventia democrata din romania", "frontul salvarii nationale", "partidul democrat agrar din romania", "partidul national liberal", "partidul romania mare", "partidul unitatii nationale romane", "miscarea ecologista din romania", "partidul socialist al muncii", "partidul republican", "partidul national al producatorilor liberi din romania", "solidaritatea national democrata", "partidul national taranesc", "partida romilor", "partidul umanist roman", "partidul socialist democratic roman", "partidul unitatii social-democrate", "uniunea liberala 'bratianu'", "partidul democrat cooperatist", "partidul liberal monarhist din romania", "noul partid liberal", "partidul republican crestin din romania", "conventia solidaritatii sociale", "uniunea democrata a maghiarilor din romania", "uniunea libera democratica a romilor din romania", "partidul pentru cinstirea eroilor revolutiei si salvare nationala", "partidul antitotalitarist \"jos nomenclatura\"", "partidul tiganilor din romania", "partidul social democrat traditional", "uniunea generala a romilor din romania", "partidul roman pentru noua societate", "uniunea armenilor din romania", "alianta pentru demnitate nationala", "partidul miscarea nationala \"scutul patriei\"", "partidul roman democrat popular realist revolutionar"], "Percent": [0.507167087246101, 0.1733855954991106, 0.10585674099201589, 0.03093327265957887, 0.027189426219335622, 0.024133330575435402, 0.021480577503826582, 0.02004302320771108, 0.01696624332933438, 0.014541016836966864, 0.005693335539651677, 0.005243453439788193, 0.00418855748148761, 0.004110991602200803, 0.0039351756091507055, 0.0037541885574814875, 0.003423240805857775, 0.0030250692921854963, 0.0028130558888015554, 0.0025907003681793737, 0.0025441608406072892, 0.002518305547511687, 0.0024665949613204815, 0.0024355686096057586, 0.002156331444173251, 0.0012100277168741985, 0.0011686592479212344, 0.0010807512513961858, 0.0009773300790137758, 0.0007808298514871964, 0.0007394613825342324, 0.0006670665618665453, 0.000398171513672279, 0.0002326976378604228, 0.00014996069995449468]}, "1990-5": {"Total Votes": 234906.0, "Parties": ["frontul salvarii nationale", "partidul national liberal", "partidul national taranesc crestin democrat", "partidul ecologist roman", "miscarea ecologista din romania", "partidul socialist democratic roman", "independents", "partidul democrat agrar din romania", "partidul muncii", "partidul uniunea crestin ortodoxa", "partidul liber schimbist", "uniunea liberala 'bratianu'", "alianta pentru unitatea romanilor", "partidul social democrat roman", "uniunea democrat crestina", "partidul reconstructiei nationale din romania", "partidul cooperatist", "uniunea democrata a romilor din romania", "partidul roman pentru noua societate", "partidul unitatii democratice", "partidul socialist al dreptatii - independent", "gruparea democratica de centru", "uniunea democrata a maghiarilor din romania"], "Percent": [0.809455697172486, 0.045120175729866416, 0.019016117085131925, 0.018058287144645094, 0.017564472597549657, 0.016202225571079497, 0.015167769235353717, 0.012464560292201988, 0.007820149336330276, 0.00458906967042136, 0.004184652584438031, 0.0034226456540062834, 0.0032268226439511973, 0.0031927664682894433, 0.003188509446331724, 0.0027457791627289213, 0.0026138114820396245, 0.0024818438013503273, 0.0023839322963227845, 0.0022647356815066453, 0.0022051373740985757, 0.0018305194418192809, 0.0008003201280512205]}, "2000-11": {"Total Votes": 174928.0, "Parties": ["polul democrat-social din romania", "partidul romania mare", "partidul national liberal", "partidul democrat", "conventia democrata din romana 2000", "alianta pentru romania", "partidul ecologist roman", "partidul muncitoresc roman", "partidul alianta nationala", "partidul national liberal campeanu", "partidul national taranesc", "partidul pensionarilor din romania", "partida romilor", "partidul socialist al muncii", "independents", "partidul reconcilierii nationale", "partidul necomunistilor - partid al miscarii nationale de rezistenta pentru renasterea spirituala, refacerea economica si reunificarea", "partidul liber republican socialist democratic", "partidul national democrat crestin", "partidul vietii romanesti", "partidul noua generatie", "partidul socialist roman", "uniunea elena din romania", "uniunea bulgara din banat - romania", "partidul pentru patrie", "partidul social democrat \"constantin titel petrescu\"", "comunitatea italiana din romania, str. trei ierarhi, nr.2, iasi", "uniunea democrata a maghiarilor din romania", "partidul republican", "uniunea armenilor din romania", "comunitatea rusilor lipoveni din romania", "uniunea polinezilor din romania", "liga albanezilor din romania"], "Percent": [0.5712121558584103, 0.13270602762279338, 0.09282676301106742, 0.053364812951614375, 0.03524307143510473, 0.021694640080490258, 0.009558218238360925, 0.008054742522637885, 0.007814643739138389, 0.0073687459983536084, 0.006173968718558492, 0.005773804079392665, 0.005722354340071343, 0.005345056251714992, 0.004819125583097046, 0.003807280709777737, 0.003412832708314278, 0.0033099332296716365, 0.0027954358364584288, 0.002715402908625263, 0.002526753864447087, 0.002280938443245221, 0.0015663587304490991, 0.001549208817341992, 0.0015149089911277783, 0.0014863258026159335, 0.0010289947864264154, 0.0008917954815695601, 0.0008060459160340255, 0.0007374462636055977, 0.0007317296259032287, 0.0006059635964511113, 0.0005545138571297905]}, "1996-11": {"Total Votes": 204445.0, "Parties": ["partidul democratiei sociale din romania", "conventia democrata din romania", "uniunea social democrata", "partidul romania mare", "independents", "partidul unitatii nationale romane", "partidul socialist al muncii", "partidul socialist", "uniunea democratica de centru", "alianta nationala liberala", "partidul pensionarilor din romania", "alianta nationala liberala ecologista", "partidul national democrat crestin", "partidul muncitoresc roman", "partida romilor", "partidul national taranesc", "unitatea romilor", "partidul national al automobilistilor", "partidul liberal crestin", "partidul conventia ecologista din romania", "partidul pentru patrie", "uniunea democrat crestina", "partidul fostilor necomunisti si detinuti politici", "partidul liber republican", "uniunea armenilor din romania", "partidul reintregirii optiunea daco-romana", "uniunea democrata a maghiarilor din romania", "partidul republican", "comunitatea etniei romilor din romania", "partidul maghiar liber democrat din romania", "asociatia italienilor din romania"], "Percent": [0.38010711927413243, 0.2828144488737802, 0.13347844163466946, 0.036293379637555336, 0.030878720438259677, 0.016498324732813225, 0.016493433441756952, 0.015436914573601702, 0.013142899068209054, 0.012233118931742034, 0.011225512974149527, 0.00875051969967473, 0.004622270048179217, 0.004607596175010394, 0.004309227420577662, 0.004054880285651398, 0.0035853163442490644, 0.0033749908288292696, 0.002983687544327325, 0.002641297170388124, 0.0019124948030032527, 0.0017364083249773777, 0.0017021692875834576, 0.0013744527868130793, 0.0012521705104062218, 0.0009733669201985864, 0.0009586930470297635, 0.0008266281885103573, 0.0006945633299909512, 0.0005429333072464477, 0.0004940203966837046]}}