{"1992-9": {"Total Votes": 193135.0, "Parties": ["frontul democrat al salvarii nationale", "conventia democrata din romania", "partidul socialist al muncii", "frontul salvarii nationale", "partidul romania mare", "partidul unitatii nationale romane", "partidul democrat agrar din romania", "miscarea ecologista din romania", "partidul national liberal", "partidul republican", "partidul socialist democratic roman", "partidul unitatii social-democrate", "solidaritatea national democrata", "partidul national al producatorilor liberi din romania", "uniunea democrata a maghiarilor din romania", "uniunea liberala 'bratianu'", "partidul pentru cinstirea eroilor revolutiei si salvare nationala", "noul partid liberal", "conventia solidaritatii sociale", "partidul umanist roman", "partidul democrat cooperatist", "partidul liberal monarhist din romania", "partida romilor", "partidul social democrat traditional", "partidul republican de unitate a romanilor", "partidul national taranesc crestin democrat independent", "uniunea libera democratica a romilor din romania", "uniunea generala a romilor din romania", "partidul social democrat independent", "partidul viitorul democrat al patriei", "partidul vointa poporului", "liga nationala a expropriatilor din romania", "alianta pentru demnitate nationala"], "Percent": [0.31019235249954696, 0.1621560048670619, 0.1403215367489062, 0.13856111010433117, 0.05219665001164988, 0.040267170631941386, 0.029865120252673, 0.024770238434255833, 0.022445439718331735, 0.010541848965749346, 0.009578792036658295, 0.007864964920910244, 0.006591244466305952, 0.004753151940352603, 0.0035881637196779454, 0.0035829859942527248, 0.003375876977243897, 0.0032775001941647034, 0.0031273461568333033, 0.0029668366686514615, 0.002847748983871385, 0.0023921091464519637, 0.002267843736246667, 0.001900225231055997, 0.001729360292023714, 0.0017138271157480518, 0.0016050948818184172, 0.001486007197038341, 0.0012996090817303959, 0.0012219432003520853, 0.0006523934035778082, 0.00048152846454552515, 0.0003779739560411111]}, "1990-5": {"Total Votes": 267186.0, "Parties": ["frontul salvarii nationale", "partidul national liberal", "miscarea ecologista din romania", "partidul national taranesc crestin democrat", "partidul democrat agrar din romania", "partidul ecologist roman", "independents", "partidul cooperatist", "partidul social democrat roman", "partidul tineretului liber democrat din romania", "partidul socialist democratic roman", "partidul liber schimbist", "uniunea democrata a maghiarilor din romania", "partidul democrat al muncii", "gruparea democratica de centru", "uniunea democrat crestina", "partidul reconstructiei nationale din romania", "partidul unit democrat al romilor rudarilor si lautarilor din romania", "partidul muncii", "partidul unitatii democratice", "partidul tiganilor din romania", "partidul socialist al dreptatii - independent", "uniunea democrata a romilor din romania", "partidul roman pentru noua societate"], "Percent": [0.8359345175271159, 0.05154087414759755, 0.01729132514428151, 0.016804772705156706, 0.013361478520581168, 0.011130822722747449, 0.008480983285052361, 0.006489860995710853, 0.006347637975043603, 0.00619792953223597, 0.003611716182734125, 0.0035331192502601185, 0.0029904261450824517, 0.0028781448129767276, 0.002687266548396997, 0.0019873795782713167, 0.0018339284243934937, 0.0015008271391465122, 0.0013511186963388801, 0.001029245544302471, 0.0008645662572140755, 0.000782226613669878, 0.0006886588369151078, 0.0006811734147747263]}, "2000-11": {"Total Votes": 202781.0, "Parties": ["polul democrat-social din romania", "partidul romania mare", "partidul national liberal", "conventia democrata din romana 2000", "partidul democrat", "alianta pentru romania", "partidul muncitoresc roman", "partidul socialist al muncii", "partidul national liberal campeanu", "partidul national taranesc", "partidul pensionarilor din romania", "partidul ecologist roman", "partidul democrat al pensionarilor din romania si diaspora", "partidul alianta nationala", "partidul liberal democrat roman", "partidul vietii romanesti", "uniunea elena din romania", "uniunea democrata a maghiarilor din romania", "partidul liber republican socialist democratic", "partidul socialist roman", "partidul \"generatia 2000\"", "partidul national democrat crestin", "uniunea culturala a albanezilor din romania", "partidul necomunistilor - partid al miscarii nationale de rezistenta pentru renasterea spirituala, refacerea economica si reunificarea", "partidul social democrat \"constantin titel petrescu\"", "uniunea bulgara din banat - romania", "partida romilor", "comunitatea italiana din romania, str. trei ierarhi, nr.2, iasi", "liga albanezilor din romania", "centrul crestin al romilor din romania", "comunitatea bratsvo a bulgarilor din romania"], "Percent": [0.4924721744147627, 0.21564150487471706, 0.06139135323329109, 0.04745020490085363, 0.04650337063137079, 0.025431376706890683, 0.01632302829160523, 0.015213456882055025, 0.010148879826019202, 0.007974119863300802, 0.0072985141605969, 0.0070420798792786305, 0.006701811313683235, 0.0057056627593314955, 0.004783485632283103, 0.0031807713740439193, 0.0031117313752274623, 0.0028405028084485234, 0.002830639951474744, 0.0026333828119991516, 0.0024016056731153315, 0.0016273714006736332, 0.0016224399721867433, 0.0015681942588309556, 0.0015386056879096168, 0.0015139485454751678, 0.0013807999763291432, 0.001336417119947135, 0.001168748551392882, 0.0008925885561270533, 0.00027122856677893887]}, "1996-11": {"Total Votes": 220530.0, "Parties": ["conventia democrata din romania", "partidul democratiei sociale din romania", "uniunea social democrata", "partidul romania mare", "partidul socialist al muncii", "partidul socialist muncitoresc roman", "partidul socialist", "independents", "partidul unitatii nationale romane", "alianta nationala liberala", "uniunea democratica de centru", "partidul national taranesc", "partidul pensionarilor din romania", "alianta nationala liberala ecologista", "partidul muncitoresc roman", "partidul national al automobilistilor", "partidul national democrat crestin", "partidul noua romanie", "partidul republican", "partidul socialist roman", "partidul protectiei sociale din romania", "unitatea romilor", "uniunea democrata a maghiarilor din romania", "partidul revolutiei romane", "partida romilor", "partidul reintregirii optiunea daco-romana", "partidul conventia ecologista din romania", "partidul liber republican", "uniunea culturala a albanezilor din romania", "partidul particularilor - partid social democrat"], "Percent": [0.29329796399582825, 0.24753094817031696, 0.12159343399990931, 0.05752505328073278, 0.052750192717544095, 0.03888813313381399, 0.03707432095406521, 0.027869224141840114, 0.026994059765111322, 0.016718813766834446, 0.01041581644220741, 0.010198158980637554, 0.010166417267491951, 0.006906089874393506, 0.00511495034689158, 0.004929034598467328, 0.004715911667346846, 0.00359588264635197, 0.003074411644674194, 0.002670838434680089, 0.002666303904230717, 0.002525733460300186, 0.0024214392599646306, 0.002367024894572167, 0.001972520745476806, 0.0017866049970525551, 0.0015145331700902372, 0.001110959960096132, 0.0009341132725706253, 0.0006711105065070512]}}