{"1999-6": {"Total Votes": 3283285.0, "Parties": ["partai demokrasi indonesia", "partai golongan karya", "partai kebangkitan bangsa", "partai persatuan pembangunan", "partai amanat nasional", "others", "partai nahdlatul ummat", "partai nasional indonesia", "partai keadilan", "partai keadilan dan persatuan", "partai bulan bintang", "partai daulat rakyat", "partai politik islam indonesia masyumi", "partai syarikat islam indonesia", "partai persatuan", "partai kebangkitan umat", "partai ikatan pendukung kemerdekaan indonesia", "partai kebangkitan muslim indonesia", "partai ummat islam"], "Percent": [0.4085170796930513, 0.19388204191838357, 0.11767604700779859, 0.080865048267208, 0.05284067633482929, 0.03523666084424593, 0.019598054996748684, 0.01938850876484984, 0.0188491099615172, 0.011631034162431832, 0.009498109363031233, 0.00566079399138363, 0.005599574816075973, 0.00427255020505378, 0.0037593446807084978, 0.0035016759129956735, 0.003467563735709815, 0.002958317660513784, 0.002797807683463361]}, "2004-4": {"Total Votes": 3574522.0, "Parties": ["partai golongan karya", "partai demokrasi indonesia-perjuangan", "partai keadilan sejahtera", "partai kebangkitan bangsa", "partai demokrat", "partai amanat nasional", "others", "partai persatuan pembangunan", "partai karya peduli bangsa", "partai bintang reformasi", "partai persatuan demokrasi kebangsaan", "partai nasional banteng kemerdekaan", "partai bulan bintang", "partai nasional indonesia marhaenisme", "partai keadilan dan persatuan indonesia", "partai pelopor", "partai penegak demokrasi indonesia", "partai damai sejahtera"], "Percent": [0.2162219172241771, 0.18933944174913456, 0.081352415791538, 0.07452884609466665, 0.0667087795235279, 0.060348488553154805, 0.056908028541998064, 0.0479023489014755, 0.04427053463372166, 0.033970136426632706, 0.01979817161567337, 0.019693542241452144, 0.019358392534722123, 0.017983663270221866, 0.01664390371635704, 0.016578440418047506, 0.009309776244208316, 0.00908317251929069]}}