{"1999-6": {"Total Votes": 1944583.0, "Parties": ["partai golongan karya", "partai amanat nasional", "partai persatuan pembangunan", "partai demokrasi indonesia", "partai bulan bintang", "others", "partai keadilan", "partai politik islam indonesia masyumi", "partai keadilan dan persatuan", "partai ummat islam", "partai kebangkitan muslim indonesia", "partai persatuan", "partai kebangkitan bangsa", "masyumi", "partai daulat rakyat", "partai ikatan pendukung kemerdekaan indonesia", "partai demokrasi kasih bangsa", "partai musyawarah kekeluargaan gotong royong", "partai indonesia baru", "partai abul yatama", "partai syarikat islam indonesia"], "Percent": [0.23631184680725895, 0.2215796394394068, 0.2060333757931649, 0.11404244508976989, 0.05948730396182626, 0.03400883377053075, 0.028808232921916935, 0.016982047050704444, 0.011888410008726806, 0.010762204544624735, 0.010602273083740833, 0.00884508401029938, 0.00878491686906653, 0.005692222959883944, 0.005481895090104151, 0.004378316585098193, 0.0036995078122147524, 0.0032212561767741466, 0.00316057478647093, 0.0031148066192083343, 0.0031148066192083343]}, "2004-4": {"Total Votes": 5538736.0, "Parties": ["partai golongan karya", "partai demokrasi indonesia-perjuangan", "others", "partai keadilan sejahtera", "partai demokrat", "partai persatuan pembangunan", "partai damai sejahtera", "partai amanat nasional", "partai bintang reformasi", "partai bulan bintang", "partai kebangkitan bangsa", "partai pelopor", "partai nasional banteng kemerdekaan", "partai karya peduli bangsa", "partai keadilan dan persatuan indonesia", "partai persatuan demokrasi kebangsaan", "partai nasional indonesia marhaenisme", "partai penegak demokrasi indonesia"], "Percent": [0.2046335120504028, 0.1490563912055025, 0.10741205213608304, 0.07722411756039646, 0.0771876471454859, 0.07182342686129109, 0.06129250428256555, 0.05735911587048019, 0.041405656453024665, 0.02427647752122506, 0.022617073642795034, 0.021563042542558447, 0.017500021665593016, 0.016160185284151474, 0.016075870017996888, 0.012916484916414141, 0.01183573291812428, 0.009660687925909451]}}