{"1999-6": {"Total Votes": 660693.0, "Parties": ["partai demokrasi indonesia", "partai golongan karya", "partai persatuan pembangunan", "partai amanat nasional", "others", "partai kebangkitan bangsa", "partai keadilan", "partai keadilan dan persatuan", "partai bulan bintang", "partai nasional indonesia", "partai nahdlatul ummat", "partai politik islam indonesia masyumi", "partai persatuan", "partai republik", "partai syarikat islam indonesia", "masyumi", "partai musyawarah kekeluargaan gotong royong", "partai kebangkitan muslim indonesia", "partai daulat rakyat", "partai uni demokrasi indonesia"], "Percent": [0.31186950671491903, 0.28868324622782443, 0.08164003553844221, 0.07839344445907555, 0.05763796498525033, 0.036519230565482, 0.025992404944505238, 0.01983674717304406, 0.018878662253119072, 0.017293962551442197, 0.00876806625770214, 0.008167182034621223, 0.006983576335756547, 0.006502263532381908, 0.00575002308182469, 0.005710670462680852, 0.00546850049871877, 0.005365578264034884, 0.005345901954462965, 0.005193032164711901]}, "2004-4": {"Total Votes": 752696.0, "Parties": ["partai golongan karya", "others", "partai amanat nasional", "partai demokrasi indonesia-perjuangan", "partai persatuan pembangunan", "partai keadilan sejahtera", "partai demokrat", "partai karya peduli bangsa", "partai bulan bintang", "partai kebangkitan bangsa", "partai bintang reformasi", "partai keadilan dan persatuan indonesia", "partai pelopor", "partai nasional indonesia marhaenisme", "partai nasional banteng kemerdekaan", "partai persatuan demokrasi kebangsaan", "partai penegak demokrasi indonesia", "partai damai sejahtera"], "Percent": [0.23716480491460032, 0.09705379064057734, 0.09004564923953362, 0.08436207977722746, 0.08272928247260514, 0.08224568750199283, 0.05237439816340196, 0.04930941575350473, 0.039645487686928056, 0.03770977924686726, 0.03187873988967658, 0.03101916311498932, 0.01710916492182767, 0.015083114564179961, 0.015073814660898955, 0.013646943786070339, 0.012995950556399927, 0.010552733108718527]}}