{"1999-6": {"Total Votes": 827418.0, "Parties": ["partai golongan karya", "partai demokrasi indonesia", "partai demokrasi kasih bangsa", "partai amanat nasional", "partai katolik demokrat", "partai persatuan pembangunan", "others", "partai kebangkitan bangsa", "partai kristen nasional indonesia", "partai daulat rakyat", "partai keadilan dan persatuan", "partai musyawarah rakyat banyak", "partai bulan bintang", "partai republik", "partai buruh nasional", "partai keadilan", "partai nasional indonesia", "partai persatuan", "partai aliansi demokrat indonesia", "partai ikatan pendukung kemerdekaan indonesia", "partai nasional bangsa indonesia"], "Percent": [0.3730061468326771, 0.3611656985949061, 0.0541092893797331, 0.032972451650798026, 0.03151007108861543, 0.028579267069365182, 0.024060390274323256, 0.018212076604569877, 0.016637298197525314, 0.014969459209250947, 0.007558452922223109, 0.00676925085023531, 0.0055848434527651074, 0.004978136806305882, 0.003926673096306824, 0.0035145476651462742, 0.0028208233323422987, 0.002577898957963206, 0.0024945070085494875, 0.0023240973727910196, 0.0022286196336071974]}, "2004-4": {"Total Votes": 285025.0, "Parties": ["partai golongan karya", "partai demokrasi indonesia-perjuangan", "partai persatuan demokrasi kebangsaan", "others", "partai damai sejahtera", "partai persatuan pembangunan", "partai demokrat", "partai bulan bintang", "partai keadilan sejahtera", "partai nasional indonesia marhaenisme", "partai amanat nasional", "partai keadilan dan persatuan indonesia", "partai nasional banteng kemerdekaan", "partai kebangkitan bangsa", "partai penegak demokrasi indonesia", "partai karya peduli bangsa", "partai bintang reformasi"], "Percent": [0.24833260240329796, 0.13065169721954215, 0.10458029997368652, 0.09381282343654065, 0.0821401631435839, 0.0580756074028594, 0.03760371897202, 0.03697219542145426, 0.028523813700552583, 0.02753091834049645, 0.026359091307780018, 0.02467853697044119, 0.023657573897026576, 0.023226032804139988, 0.02098412419963161, 0.017770371020085957, 0.015100429786860802]}}