{"2002-10": {"Total Votes": 990248.0, "Parties": ["jauna partija", "politisko organizaciju apvieniba", "tautas partija", "latvijas pirm\u00e2 partija", "zalo un zemnieku savieniba", "tautas saskaoas partija", "savieniba latvijas ceio", "latgales gaisma", "socialdemokratu savienba", "socialdemokratiska labklajibas partija", "politiska apvieniba centrs", "krievu partija", "latvieou partija", "maras zeme", "latvijas atdzimoanas partija", "brivibas partija", "progresiva centriska partija", "latvijas apvienota republikaou partija"], "Percent": [0.2397904363351403, 0.19095014582205672, 0.16687334889845776, 0.13591443759543062, 0.09468133235310751, 0.0539218458406379, 0.04890694048359603, 0.01610505651109621, 0.015311315953175366, 0.013364328935781744, 0.005876305733513221, 0.004770522131829602, 0.0039575944611854805, 0.0028225252663979126, 0.0025831912813759784, 0.0020954346789895054, 0.0012411032387846276, 0.0008341344794435333]}, "2006-10": {"Total Votes": 901665.0, "Parties": ["tautas partija", "zalo un zemnieku savieniba", "jaunais laiks", "saskanas centrs", "latvijas pirm\u00e2 partija - latvijas ceis", "tevzemei un brivibai/lnnk", "latvijas socialdemokratiska stradnieku partija", "politiska patriotiska apvieniba 'dzimtene'", "visu latvija", "jaunie demokrati", "pensionaru un senioru partija", "maras zeme", "politiska organizacija 'eiroskeptiki'", "musu zeme", "sociala taisniguma partija", "nacionala speka savieniba", "latvie\u0161u latvija - nacionalpolitiska latvie\u0161u aizstavibas organizacija", "tevzemes savieniba"], "Percent": [0.25748476429716133, 0.16812785236201916, 0.16480843772354478, 0.14516145131506714, 0.08636134262725069, 0.06985853947974026, 0.03518823509840129, 0.02091685936572896, 0.014937920402810355, 0.012759727836835188, 0.007957500845657755, 0.004879861145769215, 0.0037319847171621385, 0.0022902075604575977, 0.0017467684783151172, 0.0012998175597367092, 0.0012532370669816396, 0.0012354921173606604]}, "1998-10": {"Total Votes": 955581.0, "Parties": ["tautas kustiba lavtvijai - zigerista partija", "savienba latvijas ceio", "apvienba tcvzernei un brivibai", "tautas saskaoas partija", "latvijas socialdemokratu apvienba", "jauna partija", "latvijas zemnieku savieniba", "darba partijas, krist\u00edgi demokr\u00e1tisk\u00e1s savien\u00edbas, latvijas zal\u00e1s partijas", "demokratiska partija saimnieks", "latvijas socialdemokratiska stradnieku partija", "nacionalna progresa partija", "latvijas vienibas partija", "social sievieou", "tautas kopa briviba", "latvijas nacionalni demokratiska partija", "konservativa partija", "maras zeme", "helsinki 86", "demokratu partija", "latvijas nacionalna reformu partija"], "Percent": [0.23046921192447317, 0.18148121404674225, 0.14731665866106589, 0.14200784653524923, 0.12877610584555366, 0.07347781088154745, 0.024835152645353978, 0.023041479476883696, 0.016126314776036776, 0.005232418811173516, 0.004732199572825328, 0.004651620323133257, 0.0032786336270813256, 0.003243053179165346, 0.0030630579720609765, 0.002425749360860042, 0.002342030659881266, 0.0021850580955460604, 0.000828815139689885, 0.00048556846567690234]}}