{"2009-1": {"Total Votes": 54008.0, "Parties": ["National Republican Alliance", "Farabundo Mart\u00ed National Liberation Front", "National Conciliation Party", "Christian Democratic Party", "Democratic Change", "Revolutionary Democratic Front"], "Percent": [0.541419789660791, 0.33570952451488667, 0.10746556065768034, 0.010942823285439194, 0.002277440379203081, 0.0021848615019997037]}, "1994-3": {"Total Votes": 30375.0, "Parties": ["National Republican Alliance", "Christian Democratic Party", "National Conciliation Party", "Farabundo Mart\u00ed National Liberation Front", "Constitutional Authentic Movement", "Revolutionary National Movement", "Democratic Convergence", "Unity Movement", "National Solidarity Movement Party"], "Percent": [0.49560493827160496, 0.15726748971193416, 0.13415637860082305, 0.12115226337448559, 0.030781893004115227, 0.019950617283950617, 0.01902880658436214, 0.011983539094650206, 0.010074074074074074]}, "2012-3": {"Total Votes": 63083.0, "Parties": ["National Republican Alliance", "Farabundo Mart\u00ed National Liberation Front", "Grand Alliance for National Unity", "National Coalition", "Political Party of Hope", "Democratic Change", "Popular People\u2019s Party", "National Liberal Party"], "Percent": [0.4761187641678424, 0.22045559025410966, 0.17741705372287303, 0.10891999429323272, 0.01003439912496235, 0.003994737092402074, 0.0021083334654344275, 0.0009511278791433509]}, "2000-3": {"Total Votes": 29246.0, "Parties": ["National Republican Alliance", "Farabundo Mart\u00ed National Liberation Front", "National Conciliation Party", "Christian Democratic Party", "United Democratic Center", "National Action Party", "Christian Social Union Party", "Labour Party", "Democratic Liberal Party"], "Percent": [0.4394105176776311, 0.23196334541475758, 0.15219175271832044, 0.06937700882171921, 0.04455310127880736, 0.02961088695890036, 0.01836148533132736, 0.012240990220884908, 0.0022909115776516445]}, "2003-3": {"Total Votes": 34299.0, "Parties": ["National Republican Alliance", "Farabundo Mart\u00ed National Liberation Front", "National Conciliation Party", "Social Democratic Party-Christian Democratic Party-Renewal Movement Party", "United Democratic Center", "Popular Action", "Republican People\u2019s Party", "National Action Party", "Christian Force"], "Percent": [0.3965130178722412, 0.2959269949561212, 0.1907635791130937, 0.0749876089681915, 0.017930551911134435, 0.01323653750838217, 0.005073034199247792, 0.003294556692614945, 0.002274118778973148]}, "2006-3": {"Total Votes": 51216.0, "Parties": ["National Republican Alliance", "Farabundo Mart\u00ed National Liberation Front", "National Conciliation Party", "Christian Democratic Party", "Democratic Change", "National Liberal Party"], "Percent": [0.5200913776944704, 0.29918384879725085, 0.16531943142767885, 0.008337238363011559, 0.004959387691346454, 0.0021087160262417996]}, "1997-3": {"Total Votes": 25057.0, "Parties": ["National Republican Alliance", "National Conciliation Party", "Farabundo Mart\u00ed National Liberation Front", "Christian Democratic Party", "Christian Social Renewal Party", "National Solidarity Movement Party", "Democratic Convergence", "Unity Movement", "Democratic Liberal Party", "Democratic Party", "Free People Party"], "Percent": [0.4002075268388075, 0.23494432693458914, 0.22568543720317677, 0.05890569501536497, 0.02853494033603384, 0.02825557728379295, 0.011693339186654429, 0.005307897992576925, 0.004110627768687393, 0.001197270223889532, 0.0011573612164265475]}}