{"2009-1": {"Total Votes": 180589.0, "Parties": ["Farabundo Mart\u00ed National Liberation Front", "National Republican Alliance", "Christian Democratic Party", "National Conciliation Party", "Revolutionary Democratic Front", "Democratic Change"], "Percent": [0.38958629816877, 0.37933096700241986, 0.11170115566285875, 0.09990641733438914, 0.012592129088704185, 0.006883032742858092]}, "1994-3": {"Total Votes": 133667.0, "Parties": ["National Republican Alliance", "Farabundo Mart\u00ed National Liberation Front", "Christian Democratic Party", "National Conciliation Party", "Democratic Convergence", "Unity Movement", "National Solidarity Movement Party", "Constitutional Authentic Movement", "Revolutionary National Movement"], "Percent": [0.4391659871172391, 0.2146004623429867, 0.20979748180179103, 0.052204358592621965, 0.044386422976501305, 0.01695257617811427, 0.00938900401744634, 0.007398984042433809, 0.006104722930865509]}, "2012-3": {"Total Votes": 169386.0, "Parties": ["National Republican Alliance", "Farabundo Mart\u00ed National Liberation Front", "National Coalition", "Grand Alliance for National Unity", "Political Party of Hope", "Democratic Change", "Popular People\u2019s Party", "National Liberal Party"], "Percent": [0.38572845453579396, 0.3426493334750215, 0.10709267590001535, 0.08637077444416894, 0.061864616910488474, 0.006358258651836634, 0.005531744063854155, 0.004404142018820918]}, "2000-3": {"Total Votes": 101198.0, "Parties": ["National Republican Alliance", "Farabundo Mart\u00ed National Liberation Front", "National Action Party", "Christian Democratic Party", "National Conciliation Party", "Christian Social Union Party", "United Democratic Center", "Democratic Liberal Party", "Labour Party"], "Percent": [0.3745923832486808, 0.31140931638965197, 0.08285736872270202, 0.0739836755667108, 0.06457637502717445, 0.0468092254787644, 0.034575782130081625, 0.008419138718156485, 0.0027767347180774325]}, "2003-3": {"Total Votes": 114086.0, "Parties": ["Farabundo Mart\u00ed National Liberation Front", "National Republican Alliance", "Christian Democratic Party", "National Conciliation Party", "Republican People\u2019s Party", "United Democratic Center", "National Action Party", "Renewal Movement Party", "Social Democratic Party", "Popular Action", "Christian Force"], "Percent": [0.38095822449730904, 0.3086794172816998, 0.09637466472660976, 0.09122942341742195, 0.03326437950318181, 0.030275406272461124, 0.02620829900250688, 0.010632329996669179, 0.008826674613887768, 0.007292744070262785, 0.006258436617989937]}, "2006-3": {"Total Votes": 169800.0, "Parties": ["National Republican Alliance", "Farabundo Mart\u00ed National Liberation Front", "Christian Democratic Party", "National Conciliation Party", "Democratic Change"], "Percent": [0.3574381625441696, 0.34606595995288575, 0.14657243816254417, 0.137226148409894, 0.012697290930506477]}, "1997-3": {"Total Votes": 106941.0, "Parties": ["National Republican Alliance", "Farabundo Mart\u00ed National Liberation Front", "Christian Democratic Party", "National Conciliation Party", "Democratic Convergence", "Democratic Liberal Party", "Democratic Party", "Unity Movement", "Christian Social Renewal Party", "National Solidarity Movement Party", "Free People Party"], "Percent": [0.3749918179182914, 0.31583770490270335, 0.11275376141984833, 0.08515910642316792, 0.03498190591073583, 0.022816319278854694, 0.020534687350969225, 0.012932364574859034, 0.011754144808819816, 0.0055264117597553794, 0.0027117756519950253]}}