{"2009-1": {"Total Votes": 150712.0, "Parties": ["Farabundo Mart\u00ed National Liberation Front", "National Republican Alliance", "Christian Democratic Party", "National Conciliation Party", "Revolutionary Democratic Front", "Democratic Change"], "Percent": [0.4520343436488136, 0.2628722331333935, 0.2261664631880673, 0.047759966027920805, 0.0082209777589044, 0.002946016242900366]}, "1994-3": {"Total Votes": 83605.0, "Parties": ["National Republican Alliance", "Christian Democratic Party", "Farabundo Mart\u00ed National Liberation Front", "National Conciliation Party", "Democratic Convergence", "Unity Movement", "National Solidarity Movement Party", "Revolutionary National Movement", "Constitutional Authentic Movement"], "Percent": [0.446348902577597, 0.23572752825787932, 0.15040966449375037, 0.06034328090425214, 0.03839483284492554, 0.02950780455714371, 0.016601877878117337, 0.011386878775192871, 0.011279229711141679]}, "2012-3": {"Total Votes": 162145.0, "Parties": ["Farabundo Mart\u00ed National Liberation Front", "National Republican Alliance", "Grand Alliance for National Unity", "National Coalition-Political Party of Hope", "Democratic Change", "Popular People\u2019s Party", "National Liberal Party"], "Percent": [0.4041876098553764, 0.29893613740787567, 0.20228807548798913, 0.06077276511764162, 0.02660581578217028, 0.005316229300934349, 0.0018933670480125813]}, "2000-3": {"Total Votes": 84830.0, "Parties": ["National Republican Alliance", "Farabundo Mart\u00ed National Liberation Front", "Christian Democratic Party", "National Conciliation Party", "United Democratic Center", "National Action Party", "Christian Social Union Party", "Democratic Liberal Party", "Labour Party"], "Percent": [0.31642107744901565, 0.3023222916421077, 0.219533184015089, 0.06927973594247318, 0.039750088412118356, 0.02548626665094896, 0.016538960273488154, 0.008452198514676412, 0.002216197100082518]}, "2003-3": {"Total Votes": 98995.0, "Parties": ["Farabundo Mart\u00ed National Liberation Front", "National Republican Alliance", "National Conciliation Party", "Social Democratic Party-Christian Democratic Party-Renewal Movement Party", "United Democratic Center", "Christian Force", "National Action Party", "Republican People\u2019s Party", "Popular Action"], "Percent": [0.3294105762917319, 0.2783574928026668, 0.17518056467498358, 0.12132936006869034, 0.046618516086671044, 0.023071872316783676, 0.016354361331380372, 0.0048992373352189506, 0.004778019091873327]}, "2006-3": {"Total Votes": 147805.0, "Parties": ["Farabundo Mart\u00ed National Liberation Front", "National Republican Alliance", "National Conciliation Party", "Christian Democratic Party", "Democratic Change"], "Percent": [0.42145394269476677, 0.2855654409526065, 0.23733973816853288, 0.04648015966983526, 0.009160718514258651]}, "1997-3": {"Total Votes": 76741.0, "Parties": ["National Republican Alliance", "Farabundo Mart\u00ed National Liberation Front", "National Conciliation Party", "Christian Democratic Party", "Democratic Liberal Party", "Democratic Convergence", "Christian Social Renewal Party", "Unity Movement", "National Solidarity Movement Party", "Democratic Party", "Free People Party"], "Percent": [0.339805319190524, 0.27350438487900863, 0.10479404751045725, 0.10366036408178157, 0.05525077859292946, 0.03799794112664677, 0.03113068633455389, 0.028733011037124875, 0.011753821295005278, 0.011688667074966446, 0.0016809788770018633]}}