{"1989-6": {"Total Votes": 6521611.0, "Parties": ["nea demokratia", "panellenio sosialistiko kinima (pasok)", "synaspismos tis aristeras kai tis proodou", "others", "dimokratiki ananeosi", "ethniki politiki enosi"], "Percent": [0.4427568586964171, 0.39170045560828454, 0.13124732523911653, 0.020991132405781328, 0.010061317671354516, 0.003242910379045914]}, "1993-10": {"Total Votes": 6900311.0, "Parties": ["panellenio sosialistiko kinima (pasok)", "nea demokratia", "politiki anixi", "kommounistiko komma elladas", "synaspismos tis aristeras kai tis proodou", "others"], "Percent": [0.468413235287511, 0.39298764939725184, 0.048742005976252376, 0.04434597223226606, 0.02925766679211995, 0.01625347031459886]}, "1928-8": {"Total Votes": 1016923.0, "Parties": ["komma fileleftheron", "laikon komma", "agrotikon-ergatikon komma", "komma ton eleftherofronon", "anexartitoi vasilofrones", "ethnikon dimokratikon komma", "proodeftikon komma", "anexartitoi dimokratikoi", "agrotikon komma", "syntiritiko dimokratikon komma", "enieon metopon", "proodeftikon enosis", "others"], "Percent": [0.46955570874097646, 0.23949010888730027, 0.06714175999559455, 0.05306006452799277, 0.037914375031344545, 0.027143648044148868, 0.025086461806842802, 0.017768306941626844, 0.01675839763679256, 0.015588200876565875, 0.014087595619334013, 0.013228140183671723, 0.0031772317078087526]}, "1961-10": {"Total Votes": 4620850.0, "Parties": ["ethniki rizospastiki enosis", "cu + prog", "pandimokratikon agrotikon metopon ellados", "others"], "Percent": [0.5081147407944426, 0.3365662161723493, 0.14626399904779422, 0.00905504398541394]}, "1951-9": {"Total Votes": 1708904.0, "Parties": ["ellenikos synagermos", "ethniki proodeftiki enosis kentrou", "komma fileleftheron", "dimokratiki parataksis", "laikon komma", "komma georgiou papandreou", "synagermos agroton kai ergazomenon", "others"], "Percent": [0.3653312298408804, 0.2348751012344754, 0.19040858936487948, 0.10570517711937008, 0.06663686198873664, 0.020954951243604088, 0.012293844475757562, 0.0037942447322962553]}, "1926-11": {"Total Votes": 961226.0, "Parties": ["komma fileleftheron", "laikon komma", "komma ton eleftherofronon", "dimokratiki enosis", "agrotikon komma", "enieon metopon", "anexartitoi dimokratikoi", "anexartitoi vasilofrones", "others", "sympraxi syntiritikon"], "Percent": [0.36432743184225147, 0.20293562596101228, 0.1577766310940403, 0.06477144812978426, 0.04973648236731008, 0.043675472781635125, 0.04362449621629044, 0.03797650084371418, 0.022004190481738947, 0.01317172028222291]}, "1977-11": {"Total Votes": 5131771.0, "Parties": ["nea demokratia", "panellenio sosialistiko kinima (pasok)", "enosis dimokratikou kentrou", "kommounistiko komma elladas", "ethniki parataxi", "simmachia proodeftikon kai aristeron dinameon", "komma neofileleftheron", "others"], "Percent": [0.41863715274902175, 0.2533287241383141, 0.11941023868757979, 0.09358796407711881, 0.06820023730599047, 0.02715553753275429, 0.010813810670819102, 0.008866334838401792]}, "1985-6": {"Total Votes": 6365454.0, "Parties": ["panellenio sosialistiko kinima (pasok)", "nea demokratia", "kommounistiko komma elladas", "others", "ethniki politiki enosi"], "Percent": [0.4582179055885095, 0.40840464796383735, 0.09889710930280857, 0.028593247237353382, 0.00588708990749128]}, "1964-2": {"Total Votes": 4599392.0, "Parties": ["enosi kentrou", "gr + prog", "pandimokratikon agrotikon metopon ellados", "others"], "Percent": [0.5271298902115757, 0.35255659878523077, 0.1180297308861693, 0.002283780117024163]}, "1952-11": {"Total Votes": 1591807.0, "Parties": ["ellenikos synagermos", "kk + l + sp-dpu", "eniaia dimokratiki aristera", "others", "laikon komma", "synagermos agroton kai ergazomenon"], "Percent": [0.49223366903148436, 0.3422739063215578, 0.09549587355753555, 0.05291030885025635, 0.01053331214148449, 0.00655293009768144]}, "1989-11": {"Total Votes": 6698161.0, "Parties": ["nea demokratia", "panellenio sosialistiko kinima (pasok)", "synaspismos tis aristeras kai tis proodou", "others", "ikologi enallaktiki"], "Percent": [0.461854977806595, 0.4038960843132914, 0.10964367682413127, 0.01879680109212066, 0.005808459963861723]}, "1936-1": {"Total Votes": 1274002.0, "Parties": ["komma fileleftheron", "laikon komma", "geniki laiki rizospastiki enosi", "pallaikon metopon", "dimokratikos synaspismos", "komma ton eleftherofronon", "others", "ethnikon metarrythmistikon komma", "paleorepublican union of crete", "agrotikon komma", "ethnikon enotikon komma"], "Percent": [0.3725669190472229, 0.2210334049711068, 0.1988882278049799, 0.05762235852063026, 0.05182566432391786, 0.0393539413595897, 0.015962298332341706, 0.013988989028274681, 0.010802180844300088, 0.010208775182456543, 0.0077472405851796156]}, "1932-9": {"Total Votes": 1170200.0, "Parties": ["laikon komma", "komma fileleftheron", "proodeftikon komma", "agrotikon komma", "agrotikon-ergatikon komma", "enieon metopon", "ethnikon rizospastikon komma", "komma ton eleftherofronon", "syntiritiko dimokratikon komma", "others"], "Percent": [0.3383814732524355, 0.333348145616134, 0.08360622115877626, 0.06179371047684156, 0.05901298923260982, 0.04975474277901214, 0.040760553751495475, 0.01588702785848573, 0.009822252606392069, 0.007632883267817468]}, "1996-9": {"Total Votes": 6778990.0, "Parties": ["panellenio sosialistiko kinima (pasok)", "nea demokratia", "kommounistiko komma elladas", "synaspismos tis aristeras kai tis proodou", "dimokratiko kinoniko kinima", "politiki anixi", "others"], "Percent": [0.4149947116015808, 0.38129057573473335, 0.056080183036116005, 0.05119508953398662, 0.044353362374040965, 0.02942370471117379, 0.0226623730083685]}, "1981-10": {"Total Votes": 5671057.0, "Parties": ["panellenio sosialistiko kinima (pasok)", "nea demokratia", "kommounistiko komma elladas", "others", "komma proodeftikon", "enosis dimokratikou kentrou", "komma fileleftheron"], "Percent": [0.4807408918654847, 0.3587507584564923, 0.1093799621481498, 0.026581464443048267, 0.0168926180780761, 0.004013890179555592, 0.0036404148291932174]}, "2000-4": {"Total Votes": 6868079.0, "Parties": ["pan-hellenic socialist movement", "new democracy", "communist party", "coalition of left", "democratic social movement", "union of centrists", "front line", "greek ecologists", "national alliance", "democratic regional union", "radical left front", "communist party of greece - marxist-leninist", "hellinism party", "marxist-leninist communist party of greece", "ecologist alternative", "liberal party", "fighting socialist party", "self reliant movement of working politics", "organization for the reconstruction of the communist party of greece", "loipa", "christian faith", "greek workers party", "national patriotic party", "olympic party", "panhellenic democratic party of peace"], "Percent": [0.4379549216018046, 0.42737437935702255, 0.05831572409111776, 0.0320120080156329, 0.02732685515120021, 0.002833689012604543, 0.00257990625908642, 0.0025301106757799384, 0.0021000049649982184, 0.0014778513759087513, 0.0011840283141763513, 0.0009627146105919864, 0.0008708403033803194, 0.0008540961744907127, 0.0004835413221076811, 0.0003044519435492806, 0.0002949878706986335, 0.0001667132832921695, 0.0001639468619973649, 0.00013438983447918988, 4.440834183765214e-05, 2.4606589411682657e-05, 3.2032246571421208e-06, 2.0384156909086226e-06, 5.824044831167493e-07]}, "1974-11": {"Total Votes": 4908974.0, "Parties": ["nea demokratia", "enosi kentrou-nees dinamis", "panellenio sosialistiko kinima (pasok)", "enomeni aristera", "others", "ethniki dimokratiki enosi"], "Percent": [0.5437252264933569, 0.20422984517742404, 0.13575402925336333, 0.094681088145914, 0.010860517900481852, 0.010749293029459926]}, "1956-2": {"Total Votes": 3364361.0, "Parties": ["dimokratiki enosis", "ethniki rizospastiki enosis", "proodeftikon komma", "others", "laikon koinonikon komma"], "Percent": [0.4815193732182723, 0.46787844705131226, 0.022157253635980204, 0.019713698975823347, 0.008731227118611826]},