{"2003-12": {"Total Votes": 59684742.0, "Parties": ["united russia", "communist party of the russian federation", "liberal democratic party of russia", "rodina (motherland-national patriotic union)", "against all", "russian united democratic party (yabloko)", "union of right forces", "agrarian party of russia", "russian party of pensioners & party of social justice", "party of russia's rebirth & russian party of life", "people's party of the russian federation", "unity", "new course - automotive russia", "for holy russia", "russian ecological party (the greens)", "development of entrepreneurship", "great russia - eurasian union", "true patriots of russia", "party of peace and unity", "united russian party of russia", "democratic party of russia", "russian constitutional democratic party", "elephant party (union of people for education and science)", "people\u2019s republican party of russia"], "Percent": [0.38160999338826, 0.12813693657249953, 0.11635003800468802, 0.09165540164352223, 0.047783703245295094, 0.04373122698595228, 0.040354283511856354, 0.036958356961650264, 0.03141461179475317, 0.019107278707847977, 0.011974668500703249, 0.011907917772351267, 0.008533202673473902, 0.005006740248621666, 0.004255442705943168, 0.0035658527266482954, 0.0028616358934750855, 0.002498980392677245, 0.0024956797166016064, 0.0024703298541526755, 0.0022835819580153322, 0.0018964645939158113, 0.0018002591013964674, 0.0013474130456993512]}, "2007-12": {"Total Votes": 68777136.0, "Parties": ["united russia", "communist party of the russian federation", "liberal democratic party of russia", "just russia", "agrarian party of russia", "russian united democratic party (yabloko)", "civilian power (citizen's forces)", "union of right forces", "patriots of russia", "party of social justice", "democratic party of russia"], "Percent": [0.6501323492155884, 0.116999434230585, 0.08230675671054404, 0.07827658017047993, 0.023266947318073845, 0.016124326549450972, 0.010666393552648075, 0.009733525397161054, 0.008947988180258045, 0.002240323005017248, 0.001305375670193653]}, "2011-12": {"Total Votes": 64615252.0, "Parties": ["united russia", "communist party of the russian federation", "just russia", "liberal democratic party of russia", "russian united democratic party (yabloko)", "patriots of russia", "right cause"], "Percent": [0.5009921960839834, 0.1949914240062084, 0.1345728404804488, 0.11861775297262632, 0.034857513207562814, 0.009890342917799036, 0.0060779303313713]}}