{"2008-4": {"Total Votes": 178850.0, "Parties": ["communist party of nepal (maoist)", "nepali congress", "communist party of nepal (unified-marxist- leninist)", "rastriya prajatantra party", "communist party of nepal (marxist-leninist)", "shadbhavana party", "madeshi jana adhikar forum nepal", "independent", "janamorcha nepal", "terai-madesh loktantrik party", "samajbadi prajatantrik janata party nepal", "rastriya prajatantra party nepal", "rastriya janasshakti party", "rastriya janmorcha", "nepal shadvawana party (ananda devi)", "communist party of nepal (united marxist)", "communist party of nepal (unified)", "nepal majdoor kisan party", "rastriay janamukti party", "hindu prajatantrik party"], "Percent": [0.46918087783058426, 0.17340788370142576, 0.17287671232876714, 0.04635728263908303, 0.04410399776348896, 0.04114062063181437, 0.014548504333240146, 0.007525859658932066, 0.005792563600782779, 0.004842046407604138, 0.00475817724350014, 0.003734973441431367, 0.0027788649706457927, 0.0025328487559407326, 0.0020575901593514116, 0.0016606094492591557, 0.0013530891808778305, 0.0008275090858261113, 0.00033547665641599103, 0.00018451216102879507]}}