{"2008-4": {"Total Votes": 887420.0, "Parties": ["communist party of nepal (maoist)", "nepali congress", "communist party of nepal (unified-marxist- leninist)", "madeshi jana adhikar forum nepal", "rastriya prajatantra party", "rastriya janmorcha", "communist party of nepal (marxist-leninist)", "shadbhavana party", "communist party of nepal (unified)", "independent", "rastriya janasshakti party", "janamorcha nepal", "nepali janatadal", "rastriay janamukti party", "sanghiya loktantrik rastriay manch", "communist party of nepal (united)", "nepal shadvawana party (ananda devi)", "rastriya prajatantra party nepal", "nepal-loktantrik samajbadi dal", "communist party of nepal (united marxist)", "terai-madesh loktantrik party", "nepal rastriya bikas party", "churebhavar rastriya ekata party nepal", "lok kalaynkari janata party nepal", "nepal majdoor kisan party", "nepal janata party", "samajbadi prajatantrik janata party nepal", "nepal sukumbashi party (loktantrik)", "tamsaling nepal rastriya dal", "janamukti party nepal", "rastriya janata dal nepal", "mangol national organization", "dalit jajati party", "nawa janabadi morcha", "shasakti nepal", "nepal samyabadi dal", "league nepal shanti ekata party"], "Percent": [0.25288702080187514, 0.21474949854634787, 0.21396407563498682, 0.1766649388113858, 0.034298302945617636, 0.025456942597642602, 0.019596132609136594, 0.013985486015640848, 0.005948705235401501, 0.005339072817831466, 0.004893962272655563, 0.004120934844831082, 0.003390728178314665, 0.0032171914088030477, 0.003026751707196142, 0.0029523788059768767, 0.0027934912442811747, 0.002781095760744631, 0.0017229722115796355, 0.0016463455860809988, 0.001067138446282482, 0.0008000721191769398, 0.0007876766356403957, 0.0006287890739446935, 0.0005690653805413445, 0.0004755358229474206, 0.00040679723242658495, 0.00030199905343580266, 0.00023889477361339613, 0.0002310067386355953, 0.00021072322012125036, 0.00020058146086407788, 0.00017579049379098962, 0.0001712830452322463, 0.00016564873453381714, 6.761172838114986e-05, 6.53580041017782e-05]}}