{"2008-4": {"Total Votes": 705364.0, "Parties": ["communist party of nepal (maoist)", "nepali congress", "communist party of nepal (unified-marxist- leninist)", "rastriya janmorcha", "rastriya prajatantra party", "communist party of nepal (unified)", "sanghiya loktantrik rastriay manch", "communist party of nepal (marxist-leninist)", "mangol national organization", "nepal majdoor kisan party", "janamorcha nepal", "rastriya janasshakti party", "rastriya prajatantra party nepal", "rastriay janamukti party", "communist party of nepal (united marxist)", "samajbadi prajatantrik janata party nepal", "independent", "tamsaling nepal rastriya dal", "shanti party nepal", "nepal rastriya bikas party", "league nepal shanti ekata party"], "Percent": [0.3471158153804277, 0.269123459660544, 0.2654856216081342, 0.04128223158539421, 0.0197174792022275, 0.013204529859760351, 0.009363959601000334, 0.008602650546384562, 0.006192547393969639, 0.005580097651708905, 0.0049208635541365875, 0.002651113467656416, 0.0025334437255090992, 0.0014262139831349488, 0.0008733079658162311, 0.0006861705445698958, 0.0004749320917994114, 0.0003473383954950919, 0.00020698532956034047, 0.00010632808025359956, 0.0001049103725168849]}}