{"2000-10": {"Total Votes": 351227.0, "Parties": ["people's alliance", "united national party", "tamil united liberation front", "people's liberation front", "independent", "eelam people\u2019s democratic party", "all ceylon tamil congress", "new left front", "sinhalese heritage", "citizen's front", "tamil eelam liberation organisation", "united sinhalese great council", "the liberal party", "sri lanka muslim party", "democratic united national front", "sinhalese great tradition party", "muslim united liberation front", "national development front", "people's freedom front", "sri lanka progressive front", "southern people's party"], "Percent": [0.4671423324516623, 0.3944343686561682, 0.04011650584949335, 0.03978623511290419, 0.014489204987088122, 0.01288055872697714, 0.01067116138565657, 0.006690829577452758, 0.005210305585846191, 0.002135371141740242, 0.0014178864381155208, 0.0010506026017361992, 0.0009481047869326674, 0.0007089432190577604, 0.0006519999886113539, 0.0005409606892408613, 0.0003900611285578842, 0.00030749344441059485, 0.00018791266047314128, 0.00018506549895082097, 5.409606892408613e-05]}, "1960-7": {"Total Votes": 311081.0, "Parties": ["hand", "elephant", "star", "eye", "house", "key", "ship", "bicycle", "cart wheel", "pot"], "Percent": [0.31036611043425993, 0.2519183106650679, 0.17118371099488558, 0.12050237719436417, 0.0542463216975643, 0.05273867577897718, 0.014321028928156974, 0.012755520266425787, 0.011566119435131044, 0.00040182460516714297]}, "1977-7": {"Total Votes": 597223.0, "Parties": ["elephant", "hand", "eye", "star", "sun", "cockerel", "umbrella", "chair", "key", "pair of scales", "bell", "butterfly", "flower", "lamp", "ship", "omni bus", "rabbit", "cart wheel", "tree", "table", "tumbler", "spoon"], "Percent": [0.44257840036301344, 0.23287783625212022, 0.10048842727088542, 0.054167371316911773, 0.04710635725683706, 0.045148964457162565, 0.03452311783035818, 0.026567965399859013, 0.005418411548115194, 0.005262690820681722, 0.002156648354132376, 0.0010347893500417767, 0.000557580669197268, 0.0005358132556850623, 0.00034158095049922725, 0.00024781363075434133, 0.00020762763657796167, 0.0002009299708818984, 0.00018920905591378765, 0.00017246489167362946, 0.00015404631100945543, 6.195340768858533e-05]}, "2004-4": {"Total Votes": 402856.0, "Parties": ["united people's freedom alliance", "united national party", "sri lanka tamil united party", "sri lanka muslim congress", "national heritage party", "united socialist party", "independent", "eelam people\u2019s democratic party", "national development front", "national people\u2019s party", "new left front", "united muslim people's alliance", "southern people's party", "sinhalese great tradition party", "the liberal party", "sri lanka national front", "sri lanka muslim party", "swarajya", "sri lanka progressive front"], "Percent": [0.34581091010187265, 0.2887756419167146, 0.17116537919256508, 0.16181216116925154, 0.023854677601922274, 0.002817383879103203, 0.0016482316261890104, 0.0013404293345513037, 0.0006726969438211173, 0.0006627678376392557, 0.00048652620291121396, 0.00029042635581944914, 0.0002407808249101416, 0.00021099350636455703, 6.702146672756519e-05, 4.964553090930754e-05, 4.964553090930754e-05, 2.482276545465377e-05, 1.9858212363723017e-05]}, "2001-12": {"Total Votes": 565105.0, "Parties": ["united national party", "people's alliance", "people's liberation front", "tamil united liberation front", "new left front", "sinhalese heritage", "eelam people\u2019s democratic party", "united socialist party", "independent", "national development front", "united sinhalese great council", "people's freedom front", "sinhalese great tradition party", "muslim united liberation front", "the liberal party", "sri lanka progressive front", "democratic united national front", "sri lanka national front", "sri lanka muslim party"], "Percent": [0.41512816202298686, 0.3612390617672822, 0.10718539032569169, 0.09931074756018793, 0.006014811406729723, 0.0036382619159271287, 0.0026012864865821396, 0.0015147627432070146, 0.0012086249458065316, 0.0005184877146724946, 0.00043000858247582306, 0.00034683819821095197, 0.00022827616106741225, 0.0001999628387644774, 0.0001751886817494094, 0.00012210120243140655, 9.909662806027199e-05, 1.9465409083267712e-05, 1.9465409083267712e-05]}, "1956-4": {"Total Votes": 247817.0, "Parties": ["star", "elephant", "umbrella", "hand", "key", "cart wheel", "bicycle", "house", "flower"], "Percent": [0.24081075955241166, 0.15676890608796007, 0.1514867825855369, 0.13455896891657956, 0.10108265373239124, 0.08206862321793905, 0.07911886593736507, 0.05208278689516861, 0.002021653074647825]}, "2010-4": {"Total Votes": 335492.0, "Parties": ["united people's freedom alliance", "united national party", "sri lanka tamil united party", "democratic national alliance", "tamil peoples liberation tigers", "independent", "all ceylon tamil congress", "pathmanabha eelam revolutionary liberation front", "sri lanka national front", "national development front", "our national front", "united national alternative front", "united socialist party", "akila ilankai tamil united front", "united democratic front", "jana setha peramuna", "left liberation front", "united lanka great council", "muslim liberation front", "sinhalese great tradition party", "patriotic national front", "sri lanka labour party", "southern people's party", "all are citizens all are kings organization"], "Percent": [0.5688749657219844, 0.2844419539065015, 0.09916182800185995, 0.0302689780978384, 0.005102953274593731, 0.003737794045759661, 0.00352318386131413, 0.0008316144647264317, 0.0007302707665160421, 0.0007064251904665387, 0.0004858536120086321, 0.0004530659449405649, 0.00044710455092818906, 0.0002533592455259738, 0.0001877839113898394, 0.00017884182037127564, 0.00015201554731558427, 0.00011624718324132915, 8.345951617326196e-05, 8.047881916707403e-05, 6.557533413613439e-05, 4.47104550928189e-05, 3.5768364074255126e-05, 3.5768364074255126e-05]}, "1994-8": {"Total Votes": 325904.0, "Parties": ["united national party", "people's alliance", "tamil united liberation front", "sri lanka muslim congress", "tamil eelam liberation organisation", "independent", "sri lanka progressive front", "eelam people's revolutionary liberation front"], "Percent": [0.41456072953998724, 0.38835362560754083, 0.08708085816682214, 0.08254884874073347, 0.011380651971132603, 0.007167754921694733, 0.0062042810152682995, 0.002703250036820659]}, "1952-5": {"Total Votes": 207169.0, "Parties": ["house", "elephant", "umbrella", "bicycle", "key", "hand", "flower", "eye", "star", "wheel"], "Percent": [0.1882279684701862, 0.16549290675728512, 0.15613339833662374, 0.13737576567922807, 0.12024482427390198, 0.08357427993570467, 0.05943939489016214, 0.05603637609874064, 0.022817120322055906, 0.01065796523611158]}, "1960-3": {"Total Votes": 333687.0, "Parties": ["elephant", "hand", "key", "star", "pair of spectacles", "umbrella", "cart wheel", "house", "tree", "ship", "bicycle", "eye", "rabbit", "sun", "cockerel", "lamp", "clock", "omni bus", "mortar", "flower", "ladder", "table", "pot"], "Percent": [0.2291818380698079, 0.1656192779460992, 0.13169227449675897, 0.1086736972072631, 0.10318651910323147, 0.0833235936671192, 0.07590946006287329, 0.04360673325601537, 0.013890262431560114, 0.008831629640950953, 0.007554984161804326, 0.007060508800163026, 0.0064191892402161305, 0.0037520191077267022, 0.0031077027274062216, 0.0019689109854444434, 0.001908974577972771, 0.0011567726642032804, 0.0009320111361845083, 0.0006593004821883981, 0.0005544117691129711, 0.0005124562838828003, 0.0004974721820148822]}, "1965-3": {"Total Votes": 414304.0, "Parties": ["elephant", "hand", "chair", "star", "house", "bicycle", "lamp", "cart wheel", "umbrella", "eye", "aeroplane", "flower", "sun", "cockerel"],