{"2000-10": {"Total Votes": 0, "Parties": [], "Percent": []}, "1960-7": {"Total Votes": 35220.0, "Parties": ["hand", "elephant", "cart wheel", "rabbit"], "Percent": [0.4793299261783078, 0.40721181147075525, 0.10496876774559909, 0.008489494605337876]}, "1977-7": {"Total Votes": 82187.0, "Parties": ["elephant", "hand", "star", "chair", "lamp", "umbrella", "tree"], "Percent": [0.6249163493009844, 0.35345005901176585, 0.01400464793702167, 0.0028471656101329893, 0.0018251061603416598, 0.0016060934211006607, 0.0013505785586528283]}, "2004-4": {"Total Votes": 0, "Parties": [], "Percent": []}, "2001-12": {"Total Votes": 186598.0, "Parties": ["tamil united liberation front", "eelam people\u2019s democratic party", "united national party", "sri lanka muslim congress", "independent", "democratic left front", "democratic people's liberation front", "united socialist party", "new left front", "people's liberation front", "sinhalese heritage"], "Percent": [0.5483660060665173, 0.30658420776214107, 0.08705881091973118, 0.018028060322189947, 0.014346348835464474, 0.01100762066045724, 0.007792152113098747, 0.00219723684069497, 0.0021811594979581775, 0.001296905647434592, 0.0011414913343122648]}, "1956-4": {"Total Votes": 0, "Parties": [], "Percent": []}, "2010-4": {"Total Votes": 0, "Parties": [], "Percent": []}, "1994-8": {"Total Votes": 0, "Parties": [], "Percent": []}, "1952-5": {"Total Votes": 0, "Parties": [], "Percent": []}, "1960-3": {"Total Votes": 35511.0, "Parties": ["elephant", "hand", "cart wheel", "sun", "cockerel", "key", "umbrella", "rabbit", "star"], "Percent": [0.35006054461997693, 0.2114837655937597, 0.1367463602827293, 0.08453718566078117, 0.0694151108107347, 0.06198079468333756, 0.05862972036833657, 0.020923094252485147, 0.006223423727858973]}, "1965-3": {"Total Votes": 23098.0, "Parties": ["elephant", "hand", "cart wheel"], "Percent": [0.5089185210840765, 0.48458741016538226, 0.006494068750541172]}, "1989-2": {"Total Votes": 0, "Parties": [], "Percent": []}, "1947-8": {"Total Votes": 0, "Parties": [], "Percent": []}, "1970-5": {"Total Votes": 64181.0, "Parties": ["elephant", "hand", "umbrella", "bell"], "Percent": [0.4478584004611956, 0.41242735388978047, 0.13580343092192393, 0.0039108147270999205]}}