{"2000-10": {"Total Votes": 961709.0, "Parties": ["people's alliance", "united national party", "people's liberation front", "sinhalese heritage", "national unity alliance", "new left front", "sinhalese great tradition party", "united lalith front", "independent", "citizen's front", "democratic united national front", "the liberal party", "sri lanka progressive front", "people's freedom front", "southern people's party"], "Percent": [0.48873203848565416, 0.39339134811049914, 0.07602091693017327, 0.021105136792938406, 0.01145148896391736, 0.003641434155238227, 0.0015212501910661126, 0.001136518427091771, 0.0011250804557303717, 0.0008048172576111901, 0.0004918327685401717, 0.0002412372141676952, 0.00015493252116804564, 0.00010294174225259408, 7.902598395148637e-05]}, "1960-7": {"Total Votes": 179345.0, "Parties": ["elephant", "hand", "cart wheel", "chair", "bicycle", "eye"], "Percent": [0.412880202960774, 0.37965373999832724, 0.07843541777021941, 0.0660068582898882, 0.062064735565530126, 0.0009590454152610889]}, "1977-7": {"Total Votes": 377072.0, "Parties": ["elephant", "hand", "key", "star", "chair", "ladder", "lamp", "butterfly", "eye", "bell"], "Percent": [0.5454581618364661, 0.3550515551406628, 0.05209615139814147, 0.04012761488522086, 0.005802605337972589, 0.0005065345610387406, 0.0004137140917384478, 0.00032884966266389444, 0.00011934060338609072, 9.547248270887257e-05]}, "2004-4": {"Total Votes": 990002.0, "Parties": ["united people's freedom alliance", "united national party", "national heritage party", "national development front", "united socialist party", "new left front", "independent", "sinhalese great tradition party", "swarajya", "democratic united national front", "sri lanka muslim party", "the liberal party", "southern people's party", "sri lanka progressive front", "sri lanka national front"], "Percent": [0.5151131007816145, 0.37128409841596277, 0.10355130595695766, 0.0046686774370152785, 0.002880802261005533, 0.0009414122395712332, 0.0008585841240724766, 0.00020505009080789736, 0.00013030276706511705, 0.00010808058973618236, 7.373722477328328e-05, 7.373722477328328e-05, 4.2424156718875316e-05, 4.040395877988125e-05, 2.8282771145916875e-05]}, "2001-12": {"Total Votes": 995230.0, "Parties": ["united national party", "people's alliance", "people's liberation front", "sinhalese heritage", "new left front", "independent", "united socialist party", "united lalith front", "sinhalese great tradition party", "southern people's party", "united sinhalese great council", "sri lanka muslim party", "sri lanka progressive front", "sri lanka national front"], "Percent": [0.43938486580991326, 0.4308350833475679, 0.11453633833385247, 0.008143846146116978, 0.0035047175024868625, 0.0009716346975071089, 0.0007395275463963104, 0.0006259859529957899, 0.0003908644232991369, 0.0003356008158918039, 0.00022708318680104097, 0.00014669975784492028, 9.043135757563578e-05, 6.732112175075108e-05]}, "1956-4": {"Total Votes": 178607.0, "Parties": ["hand", "elephant", "umbrella", "cart wheel"], "Percent": [0.7174018935428063, 0.27123237051179405, 0.0058788289372756946, 0.005486907008123982]}, "2010-4": {"Total Votes": 930233.0, "Parties": ["united people's freedom alliance", "united national party", "democratic national alliance", "independent", "sri lanka national front", "national development front", "united national alternative front", "jana setha peramuna", "united democratic front", "sri lanka labour party", "patriotic national front", "all are citizens all are kings organization", "united lanka great council"], "Percent": [0.6336863989989605, 0.2865120889067578, 0.07497798938545504, 0.0028992736228450294, 0.0006718746808595266, 0.0004396747911544742, 0.00024617488306693055, 0.00019027490961941794, 0.0001440499315762825, 8.492495966064417e-05, 7.094996629876601e-05, 4.29999795750097e-05, 3.332498417063252e-05]}, "1994-8": {"Total Votes": 896288.0, "Parties": ["people's alliance", "united national party", "sri lanka progressive front"], "Percent": [0.5679312899425185, 0.419096317255168, 0.012972392802313541]}, "1952-5": {"Total Votes": 163272.0, "Parties": ["umbrella", "star", "hand", "elephant", "house", "pair of scales", "lamp", "key"], "Percent": [0.3220699201332745, 0.16167499632515064, 0.16128301239649173, 0.15616884707726983, 0.11583125091871234, 0.038928903914939486, 0.029637659855945905, 0.014405409378215493]}, "1960-3": {"Total Votes": 173878.0, "Parties": ["elephant", "hand", "cart wheel", "butterfly", "key", "mortar", "umbrella", "eye", "pair of scales", "cockerel", "sun", "book", "pair of spectacles", "clock", "ladder", "flower", "lamp"], "Percent": [0.36769459045997765, 0.2625864111618491, 0.14066184336143733, 0.055009834481648055, 0.050966769804115526, 0.05041465855369857, 0.01779408550822991, 0.01722472078123742, 0.015200312863041902, 0.007637538964101266, 0.006078974913445059, 0.0043363737793165325, 0.001196241042570078, 0.0009661946882296783, 0.0008569226699179885, 0.0007649041281818286, 0.0006096228390020589]}, "1965-3": {"Total Votes": 238185.0, "Parties": ["hand", "elephant", "cart wheel", "flower", "umbrella", "pair of scales", "chair", "sun"], "Percent": [0.48338896236118983, 0.36663517853769134, 0.11952893759052838, 0.011415496357873083, 0.011314734345151877, 0.0064109830593866105, 0.0009992232928186073, 0.00030648445536032913]}, "1989-2": {"Total Votes": 712437.0, "Parties": ["united national party", "sri lanka freedom party", "united socialist alliance", "united lanka people's party"], "Percent": [0.5414275227142892, 0.4133558476047707, 0.03040970640210994, 0.01480692327883027]}, "1947-8": {"Total Votes": 145177.0, "Parties": ["hand", "umbrella", "elephant", "star", "pair of scales", "lamp", "cart wheel", "key", "house", "bicycle", "chair"], "Percent": [0.3251341465934686, 0.21116981340019425, 0.1533851780929486, 0.14584266102757323, 0.05261163958478271, 0.04329886965566171, 0.03906954958430055, 0.009794939969829932, 0.009264552925050112, 0.009181895203785723, 0.001246753962404513]}, "1970-5": {"Total Votes": 311556.0, "Parties": ["hand", "elephant", "umbrella", "butterfly", "chair", "bell", "flower"], "Percent": [0.5416811102979882, 0.3854620036205369, 0.042114419237633045, 0.01846858991641952, 0.010097703141650297, 0.001694719408388861, 0.00048145437738319916]}}