{"2000-10": {"Total Votes": 395196.0, "Parties": ["united national party", "people's alliance", "people's liberation front", "eelam people\u2019s democratic party", "tamil united liberation front", "independent", "all ceylon tamil congress", "democratic people's liberation front", "left & democratic alliance", "new left front", "sinhalese heritage", "national unity alliance", "citizen's front", "united sinhalese great council", "sinhalese great tradition party", "the liberal party", "muslim united liberation front", "southern people's party", "democratic united national front", "sri lanka progressive front", "people's freedom front"], "Percent": [0.33022854482332814, 0.27912225832245263, 0.10681788277209284, 0.1054438810109414, 0.08312837174465329, 0.03390722578163746, 0.026943592546483264, 0.01229010415085173, 0.006204516240042915, 0.004122005283454286, 0.0034059049180659726, 0.002568345833459853, 0.0020369639368819524, 0.000991912873612081, 0.0008071944048016681, 0.0006806749056164536, 0.00040739278737639045, 0.00035931537768600896, 0.0003517242077348961, 0.00010627637931558012, 7.591169951112865e-05]}, "1960-7": {"Total Votes": 211332.0, "Parties": ["elephant", "hand", "key", "umbrella", "cart wheel", "bicycle", "eye", "house", "pineapple"], "Percent": [0.40162871690042207, 0.2957384589177219, 0.10964264758768194, 0.06504930630477164, 0.04034410311736982, 0.029872428217212726, 0.02846232468343649, 0.0267067931027956, 0.0025552211685878146]}, "1977-7": {"Total Votes": 367868.0, "Parties": ["elephant", "hand", "key", "sun", "tree", "star", "pair of scales", "cart wheel", "bell", "umbrella", "chair", "rabbit", "lamp", "book", "flower", "ship", "clock", "eye"], "Percent": [0.5217659595289615, 0.29485576348037884, 0.07461372013874543, 0.044176171887742345, 0.027074929050637728, 0.013061750410473324, 0.011822175345504365, 0.004232496438940054, 0.002490023595420096, 0.002446529733491361, 0.0012368566985984102, 0.0006061957006317484, 0.0004729957484749964, 0.0003316406972066067, 0.0003234855980949688, 0.00020931421053203866, 0.00014679178400948167, 0.00013319995215675188]}, "2004-4": {"Total Votes": 563336.0, "Parties": ["sri lanka tamil united party", "united people's freedom alliance", "united national party", "eelam people\u2019s democratic party", "independent", "sri lanka muslim congress", "united socialist party", "new left front", "national development front", "united lalith front", "sinhalese great tradition party", "swarajya", "national heritage party", "southern people's party", "sri lanka national front", "sri lanka progressive front"], "Percent": [0.4567789028217618, 0.31756358549782016, 0.17552047090901346, 0.033038896857292985, 0.010041964298393857, 0.0035414033543036483, 0.0009408239487623727, 0.0008183393214706675, 0.000582245764517091, 0.00044733516054361875, 0.0001863896502265078, 0.00018461451070054107, 0.0001686382549668404, 0.00011893434823977165, 4.6153627675135266e-05, 2.1301674311600892e-05]}, "2001-12": {"Total Votes": 281162.0, "Parties": ["united national party", "people's alliance", "people's liberation front", "new left front", "sinhalese heritage", "united lalith front", "independent", "united sinhalese great council", "people's freedom front", "sri lanka national front", "sri lanka progressive front"], "Percent": [0.40019632809554634, 0.3740725987153314, 0.2123082066566606, 0.007472560303312681, 0.002414977841955883, 0.0011950405815864165, 0.0010278771669002212, 0.00044814021809490615, 0.00043035687610701307, 0.00022051344064987445, 0.0002134001038547172]}, "1956-4": {"Total Votes": 179858.0, "Parties": ["hand", "elephant", "umbrella", "key", "star", "bicycle", "house"], "Percent": [0.3259515840273994, 0.24493211311145457, 0.14686030090404653, 0.10866350120650736, 0.0768939941509413, 0.05681704455737304, 0.0398814620422778]}, "2010-4": {"Total Votes": 426557.0, "Parties": ["united people's freedom alliance", "united national party", "sri lanka tamil united party", "democratic national alliance", "independent", "all ceylon tamil congress", "tamil united liberation front", "pathmanabha eelam revolutionary liberation front", "left liberation front", "eelavar democratic front", "democratic unity alliance", "united socialist party", "our national front", "jana setha peramuna", "socialist equality party", "united national alternative front", "sri lanka national front", "all are citizens all are kings organization", "tamil peoples liberation tigers", "united democratic front", "patriotic national front", "national people\u2019s party", "united lanka great council", "sri lanka labour party"], "Percent": [0.5214543425614865, 0.22423966785212762, 0.15266189512773204, 0.045449963310882247, 0.02108979573656041, 0.014914771062249595, 0.0067798676378537925, 0.004269066033378892, 0.002105228609541046, 0.0020114545066661667, 0.0017910853649101995, 0.001031515131623675, 0.0005392010915305574, 0.0003657190012120303, 0.00023677960975907088, 0.00022505784689971095, 0.0001898925583216311, 0.00016410468003103922, 0.00016176032745916723, 9.611845544675155e-05, 7.501928229990365e-05, 6.32975194405437e-05, 5.392010915305575e-05, 3.0476583434335858e-05]}, "1994-8": {"Total Votes": 260158.0, "Parties": ["people's alliance", "united national party", "sri lanka progressive front", "independent", "sri lanka muslim congress", "people's united front", "sinhalese great tradition party", "eelam people's revolutionary liberation front", "people's freedom front"], "Percent": [0.5074147248979466, 0.36663104728664886, 0.05884500957110679, 0.048366761737098224, 0.008064330137839313, 0.007995141414063761, 0.0010262994026706848, 0.001010924130720562, 0.0006457614219051499]}, "1952-5": {"Total Votes": 177636.0, "Parties": ["elephant", "umbrella", "star", "hand", "key", "tree", "lamp"], "Percent": [0.26324618883559636, 0.2544867031457587, 0.23690580738138664, 0.10489427818685401, 0.08559075863000742, 0.049348105113828276, 0.005528158706568489]}, "1960-3": {"Total Votes": 234762.0, "Parties": ["elephant", "hand", "cart wheel", "key", "umbrella", "sun", "bicycle", "house", "star", "pair of scales", "cockerel", "ship", "eye", "orange", "lamp", "clock", "pot", "winnow", "ladder"], "Percent": [0.3137134629965667, 0.17814211840076333, 0.1540879699440284, 0.13547763266627477, 0.07712065836890127, 0.0264139852275922, 0.02262717134800351, 0.02172838875116075, 0.01866571250883874, 0.017809526243599903, 0.01294928480759237, 0.010005878293761341, 0.0026367129262827886, 0.002547260629914552, 0.0016868147315153219, 0.0014780927066561029, 0.0012438128828345303, 0.0008647055315596221, 0.0008008110341537387]}, "1965-3": {"Total Votes": 280992.0, "Parties": ["elephant", "hand", "key", "sun", "bicycle", "house", "pair of scales", "umbrella", "cart wheel", "bird", "omni bus"], "Percent": [0.4388167634665755, 0.2757267110807425, 0.14238483657897735, 0.05118651064798998, 0.033274968682382416, 0.02419997722355085, 0.021061097824849107, 0.006929022890331397, 0.005060642295866075, 0.000754469878145997, 0.0006049994305887712]}, "1989-2": {"Total Votes": 296430.0, "Parties": ["independent", "tamil united liberation front", "united national party", "sri lanka freedom party", "sri lanka muslim congress", "democratic people's liberation front", "all ceylon tamil congress", "united socialist alliance", "people's united front"], "Percent": [0.5071686401511318, 0.20245251830111663, 0.12515264986674762, 0.07576493607259724, 0.02895118577741794, 0.026964207401410114, 0.0256721654353473, 0.005687683432850926, 0.002186013561380427]}, "1947-8": {"Total Votes": 130640.0, "Parties": ["hand", "elephant", "umbrella", "chair", "bicycle", "star", "cart wheel", "lamp", "cup", "house", "key"], "Percent": [0.24864513165952234, 0.20001530924678504, 0.14701469687691365, 0.11280618493570116, 0.10964482547458665, 0.10837415799142681, 0.022022351500306188, 0.01912124923453766, 0.01695499081445193, 0.010241886099203918, 0.005159216166564605]}, "1970-5": {"Total Votes": 360043.0,