{"1979-7": {"Total Votes": 2830.0, "Parties": ["saint lucia labour party", "united workers party"], "Percent": [0.5674911660777385, 0.43250883392226147]}, "1997-5": {"Total Votes": 4282.0, "Parties": ["saint lucia labour party", "united workers party"], "Percent": [0.6569360112097151, 0.34306398879028493]}, "2006-12": {"Total Votes": 5994.0, "Parties": ["united workers party", "saint lucia labour party", "independent"], "Percent": [0.5338672005338672, 0.4651317984651318, 0.001001001001001001]}, "1982-5": {"Total Votes": 3139.0, "Parties": ["united workers party", "saint lucia labour party", "progressive labour party"], "Percent": [0.5275565466709143, 0.2564510990761389, 0.2159923542529468]}, "1961-4": {"Total Votes": 1903.0, "Parties": ["saint lucia labour party", "people's progressive party"], "Percent": [0.648975302154493, 0.3510246978455071]}, "1969-4": {"Total Votes": 2030.0, "Parties": ["saint lucia labour party", "united workers party"], "Percent": [0.5753694581280788, 0.4246305418719212]}, "2001-12": {"Total Votes": 3514.0, "Parties": ["saint lucia labour party", "national alliance", "united workers party"], "Percent": [0.5865110984632897, 0.3409220261809903, 0.07256687535571998]}, "1992-4": {"Total Votes": 3903.0, "Parties": ["united workers party", "saint lucia labour party"], "Percent": [0.5398411478349987, 0.4601588521650013]}, "1974-5": {"Total Votes": 2459.0, "Parties": ["saint lucia labour party", "united workers party"], "Percent": [0.5270435136234242, 0.47295648637657584]}, "1957-9": {"Total Votes": 1983.0, "Parties": ["saint lucia labour party", "people's progressive party", "independent"], "Percent": [0.5642965204236006, 0.3313161875945537, 0.1043872919818457]}, "1954-9": {"Total Votes": 1494.0, "Parties": ["people's progressive party", "saint lucia labour party"], "Percent": [0.6285140562248996, 0.3714859437751004]}, "1951-10": {"Total Votes": 1556.0, "Parties": ["independent", "people's progressive party"], "Percent": [0.9357326478149101, 0.06426735218508997]}, "1987-4": {"Total Votes": 3196.0, "Parties": ["saint lucia labour party", "united workers party", "progressive labour party"], "Percent": [0.4793491864831039, 0.4637046307884856, 0.05694618272841051]}, "1964-6": {"Total Votes": 1803.0, "Parties": ["saint lucia labour party", "united workers party", "independent"], "Percent": [0.5585135884636716, 0.3910149750415973, 0.050471436494731]}}