{"1979-7": {"Total Votes": 3937.0, "Parties": ["saint lucia labour party", "united workers party"], "Percent": [0.6850393700787402, 0.31496062992125984]}, "1997-5": {"Total Votes": 6338.0, "Parties": ["saint lucia labour party", "united workers party", "independent"], "Percent": [0.6806563584727043, 0.3179236352161565, 0.0014200063111391606]}, "2006-12": {"Total Votes": 7068.0, "Parties": ["saint lucia labour party", "united workers party"], "Percent": [0.6147425014148273, 0.38525749858517266]}, "1982-5": {"Total Votes": 4154.0, "Parties": ["united workers party", "saint lucia labour party", "progressive labour party"], "Percent": [0.4224843524313914, 0.41766971593644675, 0.15984593163216176]}, "1961-4": {"Total Votes": 0, "Parties": [], "Percent": []}, "1969-4": {"Total Votes": 0, "Parties": [], "Percent": []}, "2001-12": {"Total Votes": 4664.0, "Parties": ["saint lucia labour party", "united workers party"], "Percent": [0.7354202401372212, 0.26457975986277876]}, "1992-4": {"Total Votes": 5166.0, "Parties": ["saint lucia labour party", "united workers party"], "Percent": [0.5503290747193186, 0.4496709252806814]}, "1974-5": {"Total Votes": 2776.0, "Parties": ["saint lucia labour party", "united workers party"], "Percent": [0.6332853025936599, 0.36671469740634005]}, "1957-9": {"Total Votes": 0, "Parties": [], "Percent": []}, "1954-9": {"Total Votes": 0, "Parties": [], "Percent": []}, "1951-10": {"Total Votes": 0, "Parties": [], "Percent": []}, "1987-4": {"Total Votes": 4398.0, "Parties": ["saint lucia labour party", "united workers party"], "Percent": [0.625056844020009, 0.3749431559799909]}, "1964-6": {"Total Votes": 0, "Parties": [], "Percent": []}}