{"1979-7": {"Total Votes": 2853.0, "Parties": ["saint lucia labour party", "united workers party"], "Percent": [0.5899053627760252, 0.41009463722397477]}, "1997-5": {"Total Votes": 5164.0, "Parties": ["saint lucia labour party", "united workers party"], "Percent": [0.54570100697134, 0.45429899302865995]}, "2006-12": {"Total Votes": 5095.0, "Parties": ["united workers party", "saint lucia labour party"], "Percent": [0.5081452404317959, 0.4918547595682041]}, "1982-5": {"Total Votes": 3122.0, "Parties": ["united workers party", "saint lucia labour party", "progressive labour party"], "Percent": [0.5131326073030109, 0.28315182575272263, 0.20371556694426649]}, "1961-4": {"Total Votes": 2061.0, "Parties": ["independent", "saint lucia labour party", "people's progressive party"], "Percent": [0.5846676370693837, 0.3682678311499272, 0.047064531780688985]}, "1969-4": {"Total Votes": 2162.0, "Parties": ["united workers party", "saint lucia labour party"], "Percent": [0.6757631822386679, 0.3242368177613321]}, "2001-12": {"Total Votes": 4279.0, "Parties": ["saint lucia labour party", "united workers party"], "Percent": [0.5162421126431409, 0.4837578873568591]}, "1992-4": {"Total Votes": 4478.0, "Parties": ["united workers party", "saint lucia labour party"], "Percent": [0.5602947744528808, 0.43970522554711927]}, "1974-5": {"Total Votes": 2742.0, "Parties": ["saint lucia labour party", "united workers party"], "Percent": [0.5572574762946754, 0.4427425237053246]}, "1957-9": {"Total Votes": 2436.0, "Parties": ["saint lucia labour party", "people's progressive party", "independent"], "Percent": [0.5377668308702791, 0.2746305418719212, 0.18760262725779966]}, "1954-9": {"Total Votes": 1983.0, "Parties": ["people's progressive party", "saint lucia labour party", "independent"], "Percent": [0.44578920827029755, 0.3888048411497731, 0.1654059505799294]}, "1951-10": {"Total Votes": 1729.0, "Parties": ["independent"], "Percent": [1.0]}, "1987-4": {"Total Votes": 3575.0, "Parties": ["saint lucia labour party", "united workers party"], "Percent": [0.5121678321678321, 0.4878321678321678]}, "1964-6": {"Total Votes": 1891.0, "Parties": ["independent", "saint lucia labour party"], "Percent": [0.8445267054468535, 0.15547329455314648]}}