{"1979-7": {"Total Votes": 2500.0, "Parties": ["saint lucia labour party", "united workers party"], "Percent": [0.6212, 0.3788]}, "1997-5": {"Total Votes": 5988.0, "Parties": ["saint lucia labour party", "united workers party"], "Percent": [0.6661656646626587, 0.33383433533734136]}, "2006-12": {"Total Votes": 9292.0, "Parties": ["united workers party", "saint lucia labour party"], "Percent": [0.5551011622901421, 0.44489883770985794]}, "1982-5": {"Total Votes": 2967.0, "Parties": ["united workers party", "progressive labour party", "saint lucia labour party"], "Percent": [0.5251095382541288, 0.31007751937984496, 0.16481294236602628]}, "1961-4": {"Total Votes": 0, "Parties": [], "Percent": []}, "1969-4": {"Total Votes": 0, "Parties": [], "Percent": []}, "2001-12": {"Total Votes": 6155.0, "Parties": ["saint lucia labour party", "united workers party", "sou tout apwe fete fini"], "Percent": [0.522502030869212, 0.47164906580016247, 0.005848903330625508]}, "1992-4": {"Total Votes": 5243.0, "Parties": ["saint lucia labour party", "united workers party"], "Percent": [0.517833301544917, 0.482166698455083]}, "1974-5": {"Total Votes": 2115.0, "Parties": ["saint lucia labour party", "united workers party", "independent"], "Percent": [0.5456264775413712, 0.4477541371158392, 0.006619385342789598]}, "1957-9": {"Total Votes": 0, "Parties": [], "Percent": []}, "1954-9": {"Total Votes": 0, "Parties": [], "Percent": []}, "1951-10": {"Total Votes": 0, "Parties": [], "Percent": []}, "1987-4": {"Total Votes": 3954.0, "Parties": ["saint lucia labour party", "united workers party", "progressive labour party"], "Percent": [0.5392008093070308, 0.42842690945877593, 0.03237228123419322]}, "1964-6": {"Total Votes": 0, "Parties": [], "Percent": []}}