{"1979-7": {"Total Votes": 3203.0, "Parties": ["saint lucia labour party", "united workers party"], "Percent": [0.7037152669372463, 0.29628473306275366]}, "1997-5": {"Total Votes": 8614.0, "Parties": ["saint lucia labour party", "united workers party"], "Percent": [0.62665428372417, 0.37334571627583]}, "2006-12": {"Total Votes": 8649.0, "Parties": ["saint lucia labour party", "united workers party"], "Percent": [0.536131344664123, 0.46386865533587696]}, "1982-5": {"Total Votes": 3220.0, "Parties": ["saint lucia labour party", "united workers party", "progressive labour party"], "Percent": [0.46677018633540374, 0.42049689440993787, 0.11273291925465838]}, "1961-4": {"Total Votes": 2343.0, "Parties": ["saint lucia labour party", "people's progressive party"], "Percent": [0.5083226632522407, 0.49167733674775926]}, "1969-4": {"Total Votes": 2586.0, "Parties": ["saint lucia labour party", "united workers party", "saint lucia labour party - uf"], "Percent": [0.5688321732405259, 0.4033255993812838, 0.027842227378190254]}, "2001-12": {"Total Votes": 6953.0, "Parties": ["saint lucia labour party", "united workers party", "independent", "national alliance", "sou tout apwe fete fini"], "Percent": [0.5800373939306773, 0.23112325614842513, 0.18323026031928663, 0.003739393067740544, 0.001869696533870272]}, "1992-4": {"Total Votes": 6402.0, "Parties": ["united workers party", "saint lucia labour party"], "Percent": [0.5671665104654795, 0.43283348953452044]}, "1974-5": {"Total Votes": 2626.0, "Parties": ["saint lucia labour party", "united workers party"], "Percent": [0.6995430312261995, 0.30045696877380046]}, "1957-9": {"Total Votes": 3128.0, "Parties": ["saint lucia labour party", "people's progressive party", "independent"], "Percent": [0.5316496163682864, 0.37468030690537085, 0.09367007672634271]}, "1954-9": {"Total Votes": 1927.0, "Parties": ["saint lucia labour party", "people's progressive party"], "Percent": [0.7446808510638298, 0.2553191489361702]}, "1951-10": {"Total Votes": 2142.0, "Parties": ["people's progressive party", "saint lucia labour party"], "Percent": [0.5662931839402428, 0.43370681605975725]}, "1987-4": {"Total Votes": 5413.0, "Parties": ["united workers party", "saint lucia labour party", "progressive labour party"], "Percent": [0.5276186957324959, 0.45815629041197115, 0.014225013855532976]}, "1964-6": {"Total Votes": 2220.0, "Parties": ["united workers party", "independent", "saint lucia labour party"], "Percent": [0.5018018018018018, 0.27297297297297296, 0.22522522522522523]}}