{"1979-7": {"Total Votes": 2389.0, "Parties": ["saint lucia labour party", "united workers party"], "Percent": [0.65257429886982, 0.34742570113018]}, "1997-5": {"Total Votes": 4063.0, "Parties": ["saint lucia labour party", "united workers party"], "Percent": [0.6342603987201575, 0.3657396012798425]}, "2006-12": {"Total Votes": 4866.0, "Parties": ["saint lucia labour party", "united workers party"], "Percent": [0.5147965474722564, 0.48520345252774355]}, "1982-5": {"Total Votes": 2754.0, "Parties": ["united workers party", "saint lucia labour party", "progressive labour party"], "Percent": [0.39760348583877997, 0.3137254901960784, 0.2886710239651416]}, "1961-4": {"Total Votes": 2766.0, "Parties": ["saint lucia labour party", "people's progressive party"], "Percent": [0.5039768618944324, 0.4960231381055676]}, "1969-4": {"Total Votes": 2605.0, "Parties": ["saint lucia labour party", "united workers party"], "Percent": [0.5190019193857965, 0.48099808061420346]}, "2001-12": {"Total Votes": 3751.0, "Parties": ["saint lucia labour party", "united workers party"], "Percent": [0.6627565982404692, 0.33724340175953077]}, "1992-4": {"Total Votes": 3645.0, "Parties": ["united workers party", "saint lucia labour party"], "Percent": [0.506721536351166, 0.49327846364883404]}, "1974-5": {"Total Votes": 1920.0, "Parties": ["united workers party", "saint lucia labour party"], "Percent": [0.5255208333333333, 0.4744791666666667]}, "1957-9": {"Total Votes": 3003.0, "Parties": ["people's progressive party", "saint lucia labour party"], "Percent": [0.5111555111555112, 0.48884448884448883]}, "1954-9": {"Total Votes": 2700.0, "Parties": ["saint lucia labour party", "people's progressive party", "independent"], "Percent": [0.4540740740740741, 0.43148148148148147, 0.11444444444444445]}, "1951-10": {"Total Votes": 2302.0, "Parties": ["independent", "saint lucia labour party", "people's progressive party"], "Percent": [0.45004344048653344, 0.3262380538662033, 0.22371850564726325]}, "1987-4": {"Total Votes": 3390.0, "Parties": ["saint lucia labour party", "united workers party"], "Percent": [0.5392330383480826, 0.4607669616519174]}, "1964-6": {"Total Votes": 2209.0, "Parties": ["united workers party", "saint lucia labour party", "independent"], "Percent": [0.7138976912630149, 0.26482571299230423, 0.02127659574468085]}}