{"1919-2": {"Total Votes": 0, "Parties": [], "Percent": []}, "1979-5": {"Total Votes": 180717.0, "Parties": ["sozialistische partei \u00d6sterreichs", "\u2026sterreichische volkspartei", "freiheitliche partei \u2026sterreichs", "kommunistische partei \u2026sterreichs"], "Percent": [0.5294908614020817, 0.43932778875258, 0.02734109131957702, 0.003840258525761273]}, "1975-10": {"Total Votes": 173560.0, "Parties": ["sozialistische partei \u00d6sterreichs", "\u2026sterreichische volkspartei", "freiheitliche partei \u2026sterreichs", "kommunistische partei \u2026sterreichs"], "Percent": [0.5175558884535607, 0.4526676653606822, 0.02532841668587232, 0.0044480294998847664]}, "2006-10": {"Total Votes": 188823.0, "Parties": ["sozialdemokratische partei \u2026sterreichs", "\u2026sterreichische volkspartei", "freiheitliche partei \u2026sterreichs", "die gr\u0178nen \u00d0 die gr\u0178ne alternative", "liste dr. martin \u00d0 f\u0178r demokratie, kontrolle, gerechtigkeit", "b\u0178ndnis zukunft \u2026sterreich", "kommunistische partei \u2026sterreichs", "ive initiative2000"], "Percent": [0.44990811500717603, 0.36053870556023365, 0.08651488430964449, 0.0581073280267764, 0.019505039110701554, 0.01719599836884278, 0.005094718334101248, 0.0031352112825238448]}, "1920-10": {"Total Votes": 0, "Parties": [], "Percent": []}, "2008-9": {"Total Votes": 193765.0, "Parties": ["sozialdemokratische partei \u2026sterreichs", "\u2026sterreichische volkspartei", "freiheitliche partei \u2026sterreichs", "die gr\u0178nen \u00d0 die gr\u0178ne alternative", "b\u0178ndnis zukunft \u2026sterreich", "b\u0178rgerforum \u2026sterreich liste fritz dinkhauser", "liberales forum", "unabh\u0160ngige b\u0178rgerinitiative rettet \u2026sterreich", "die christen", "kommunistische partei \u2026sterreichs", "linke"], "Percent": [0.40062446778313937, 0.2905787938998271, 0.1616700642530901, 0.05687301628261038, 0.05303331354991871, 0.012608056150491573, 0.010672722111836504, 0.005336361055918251, 0.004092586380409258, 0.003865507186540397, 0.0006451113462183572]}, "1983-4": {"Total Votes": 184704.0, "Parties": ["sozialistische partei \u00d6sterreichs", "\u2026sterreichische volkspartei", "freiheitliche partei \u2026sterreichs", "others"], "Percent": [0.5135243416493417, 0.44282202875952875, 0.02214353776853777, 0.021510091822591823]}, "2002-11": {"Total Votes": 191294.0, "Parties": ["sozialdemokratische partei \u2026sterreichs", "\u2026sterreichische volkspartei", "freiheitliche partei \u2026sterreichs", "die gr\u0178nen \u00d0 die gr\u0178ne alternative", "liberales forum", "kommunistische partei \u2026sterreichs"], "Percent": [0.45824751429736427, 0.4240958942779177, 0.06358275743097012, 0.047095047413928295, 0.004495697721831317, 0.002483088857988228]}, "1962-11": {"Total Votes": 165162.0, "Parties": ["\u2026sterreichische volkspartei", "sozialistische partei \u00d6sterreichs", "freiheitliche partei \u2026sterreichs", "kommunisten und linkssozialisten"], "Percent": [0.48713384434676255, 0.4625095360918371, 0.03997287511655223, 0.01038374444484809]}, "1949-10": {"Total Votes": 164972.0, "Parties": ["\u2026sterreichische volkspartei", "sozialistische partei \u00d6sterreichs", "verband der unabh\u00e4ngigen", "komm. partei \u00d6sterreichs and linkssozialisten (linksblock)", "others"], "Percent": [0.5255437286327377, 0.4045474383531751, 0.038782338821133286, 0.029126154741410663, 0.002000339451543292]}, "1970-3": {"Total Votes": 172199.0, "Parties": ["sozialistische partei \u00d6sterreichs", "\u2026sterreichische volkspartei", "freiheitliche partei \u2026sterreichs", "others"], "Percent": [0.48774383126498994, 0.4809145233131435, 0.026939761554945152, 0.004401883866921411]}, "1953-2": {"Total Votes": 168456.0, "Parties": ["\u2026sterreichische volkspartei", "sozialistische partei \u00d6sterreichs", "verband der unabh\u00e4ngigen", "wahlgemeinschaft \u00d6sterreichische volksopposition", "others"], "Percent": [0.4830519542194995, 0.4466448211996011, 0.0368345443320511, 0.03215676497126846, 0.001311915277579902]}, "1945-11": {"Total Votes": 131336.0, "Parties": ["\u2026sterreichische volkspartei", "sozialistische partei \u00d6sterreichs", "kommunistische partei \u2026sterreichs"], "Percent": [0.5185783029786197, 0.44859749040628616, 0.03282420661509411]}, "1999-10": {"Total Votes": 184446.0, "Parties": ["sozialdemokratische partei \u2026sterreichs", "\u2026sterreichische volkspartei", "freiheitliche partei \u2026sterreichs", "die gr\u0178nen \u00d0 die gr\u0178ne alternative", "liberales forum", "die unabh\u0160ngigen - liste lugner", "kommunistische partei \u2026sterreichs"], "Percent": [0.419092851024148, 0.3057154939657135, 0.21040846643462044, 0.03727378202834434, 0.01839562798867961, 0.006663196816412391, 0.0024505817420816933]}, "1966-3": {"Total Votes": 167421.0, "Parties": ["\u2026sterreichische volkspartei", "sozialistische partei \u00d6sterreichs", "freiheitliche partei \u2026sterreichs", "demokratische fortschrittliche partei", "others"], "Percent": [0.5118832165618411, 0.4539812807234457, 0.024005351777853436, 0.008989314363192192, 0.0011408365736675806]}, "1971-10": {"Total Votes": 169254.0, "Parties": ["sozialistische partei \u00d6sterreichs", "\u2026sterreichische volkspartei", "freiheitliche partei \u2026sterreichs", "kommunistische partei \u2026sterreichs"], "Percent": [0.5023278622661799, 0.46430808134519713, 0.028696515296536565, 0.00466754109208645]}, "1959-5": {"Total Votes": 162430.0, "Parties": ["\u2026sterreichische volkspartei", "sozialistische partei \u00d6sterreichs", "freiheitliche partei \u2026sterreichs", "kommunisten und linkssozialisten"], "Percent": [0.47274518254017117, 0.4653512282213877, 0.050200086190974574, 0.0117035030474666]}, "1927-4": {"Total Votes": 135617.0, "Parties": ["einheitsliste", "sozialdemokratische arbeiterpartei", "landbund f\u00fcr \u00d6sterreich", "others"], "Percent": [0.42520480470737443, 0.40810517855431105, 0.1650530538206862, 0.001636962917628321]}, "1990-10": {"Total Votes": 180334.0, "Parties": ["sozialistische partei \u00d6sterreichs", "\u2026sterreichische volkspartei", "freiheitliche partei \u2026sterreichs", "die gr\u00fcne alternative", "vereinte gr\u00fcne \u00d6sterreichs", "others"], "Percent": [0.4991016669069615, 0.353843423869043, 0.11074450741402066, 0.024959242294852885, 0.008706067630064214, 0.0026450918850577263]}, "1994-10": {"Total Votes": 183240.0, "Parties": ["sozialistische partei \u00d6sterreichs", "\u2026sterreichische volkspartei", "freiheitliche partei \u2026sterreichs", "die gr\u00fcnen-die gr\u00fcne alternative", "liberales forum", "others"], "Percent": [0.4426981008513425, 0.3149912682820345, 0.16721239903951102, 0.03750272866186422, 0.030189914865749835, 0.007405588299497926]}, "1995-12": {"Total Votes": 186022.0, "Parties": ["sozialdemokratische partei \u2026sterreichs", "\u2026sterreichische volkspartei", "die freiheitlichen", "liberales forum", "die gr\u00fcnen-die gr\u00fcne alternative", "others"], "Percent": [0.44682886970358343, 0.31873111782477337, 0.16852307791551538, 0.03296384298631345, 0.025238950231693025, 0.007714141338121297]}, "1930-11": {"Total Votes": 134493.0, "Parties": ["christlich-soziale partei", "sozialdemokratische arbeiterpartei", "nationaler wirtschaftsblock und landbund", "heimatblock", "others"], "Percent": [0.41229655074985316, 0.3777445666317206, 0.16034291747525894, 0.03736997464552058, 0.012245990497646717]}, "1956-5": {"Total Votes": 165828.0, "Parties": ["\u2026sterreichische volkspartei", "sozialistische partei \u00d6sterreichs", "freiheitliche partei \u2026sterreichs", "kommunisten und linkssozialisten"], "Percent": [0.4915695781170852, 0.4599042381262513, 0.029663265552258965, 0.018862918204404562]}, "1986-11": {"Total Votes": 185497.0, "Parties": ["sozialistische partei \u00d6sterreichs", "\u2026sterreichische volkspartei", "freiheitliche partei \u2026sterreichs", "die gr\u00fcne alternative", "others"],