{"1919-2": {"Total Votes": 157238.0, "Parties": ["sozialdemokratische arbeiterpartei", "deutsch-nationale parteien", "christlich-soziale partei"], "Percent": [0.4958788588000356, 0.3277452015416121, 0.1763759396583523]}, "1979-5": {"Total Votes": 328831.0, "Parties": ["sozialistische partei \u00d6sterreichs", "\u2026sterreichische volkspartei", "freiheitliche partei \u2026sterreichs", "kommunistische partei \u2026sterreichs"], "Percent": [0.5622918763741861, 0.32647469368763893, 0.10019432474432155, 0.011039105193853378]}, "1975-10": {"Total Votes": 311835.0, "Parties": ["sozialistische partei \u00d6sterreichs", "\u2026sterreichische volkspartei", "freiheitliche partei \u2026sterreichs", "kommunistische partei \u2026sterreichs"], "Percent": [0.547465807237802, 0.33855083617938975, 0.09960075039684449, 0.014382606185963731]}, "2006-10": {"Total Votes": 327544.0, "Parties": ["sozialdemokratische partei \u2026sterreichs", "b\u0178ndnis zukunft \u2026sterreich", "\u2026sterreichische volkspartei", "die gr\u0178nen \u00d0 die gr\u0178ne alternative", "freiheitliche partei \u2026sterreichs", "liste dr. martin \u00d0 f\u0178r demokratie, kontrolle, gerechtigkeit", "kommunistische partei \u2026sterreichs", "sicher \u00d0 absolut \u00d0 unabh\u0160ngig, franz radinger", "eu\u00d0austritt \u00d0 neutrales freies \u2026sterreich", "liste stark"], "Percent": [0.3541325745548689, 0.24904745621962243, 0.21238673277483328, 0.07513799672715726, 0.07246965293212515, 0.01900202720855824, 0.008878196517109152, 0.004622279754781037, 0.0033705395305668852, 0.0009525437803775981]}, "1920-10": {"Total Votes": 142129.0, "Parties": ["sozialdemokratische arbeiterpartei", "deutsch-nationale parteien", "christlich-soziale partei", "others"], "Percent": [0.4279140780558507, 0.3146226315530258, 0.18285501199614435, 0.0746082783949792]}, "2008-9": {"Total Votes": 344541.0, "Parties": ["b\u0178ndnis zukunft \u2026sterreich", "sozialdemokratische partei \u2026sterreichs", "\u2026sterreichische volkspartei", "freiheitliche partei \u2026sterreichs", "die gr\u0178nen \u00d0 die gr\u0178ne alternative", "liberales forum", "b\u0178rgerforum \u2026sterreich liste fritz dinkhauser", "unabh\u0160ngige b\u0178rgerinitiative rettet \u2026sterreich", "kommunistische partei \u2026sterreichs", "die christen", "dipl.-ing. karlheinz h. klement", "liste stark"], "Percent": [0.38518202478079533, 0.28066906405913955, 0.14571850665087754, 0.07572683657387655, 0.06895841133566107, 0.015374077395723586, 0.009331255206201873, 0.006843887955279633, 0.005401389094476419, 0.005099538226219811, 0.0010071370315869518, 0.0006878716901616934]}, "1983-4": {"Total Votes": 342937.0, "Parties": ["sozialistische partei \u00d6sterreichs", "\u2026sterreichische volkspartei", "freiheitliche partei \u2026sterreichs", "others"], "Percent": [0.5292429804891278, 0.3206099079422751, 0.10723543974549261, 0.042911671823104534]}, "2002-11": {"Total Votes": 347286.0, "Parties": ["sozialdemokratische partei \u2026sterreichs", "\u2026sterreichische volkspartei", "freiheitliche partei \u2026sterreichs", "die gr\u0178nen \u00d0 die gr\u0178ne alternative", "liberales forum", "kommunistische partei \u2026sterreichs"], "Percent": [0.38334686684749747, 0.3049187125308823, 0.23612238903958122, 0.06189423126760077, 0.00846564503032083, 0.005252155284117413]}, "1962-11": {"Total Votes": 276500.0, "Parties": ["sozialistische partei \u00d6sterreichs", "\u2026sterreichische volkspartei", "freiheitliche partei \u2026sterreichs", "kommunisten und linkssozialisten", "others"], "Percent": [0.496502712477396, 0.3422748643761302, 0.12493309222423146, 0.032227848101265825, 0.004061482820976492]}, "1949-10": {"Total Votes": 248834.0, "Parties": ["sozialistische partei \u00d6sterreichs", "\u2026sterreichische volkspartei", "verband der unabh\u00e4ngigen", "komm. partei \u00d6sterreichs and linkssozialisten (linksblock)", "others"], "Percent": [0.40732375800734627, 0.33677471728140046, 0.2059485440092592, 0.04019547167991512, 0.009757509022078977]}, "1970-3": {"Total Votes": 307314.0, "Parties": ["sozialistische partei \u00d6sterreichs", "\u2026sterreichische volkspartei", "freiheitliche partei \u2026sterreichs", "others"], "Percent": [0.5324716739230885, 0.35690531508489687, 0.09671541159856042, 0.013907599393454251]}, "1953-2": {"Total Votes": 253175.0, "Parties": ["sozialistische partei \u00d6sterreichs", "\u2026sterreichische volkspartei", "verband der unabh\u00e4ngigen", "wahlgemeinschaft \u00d6sterreichische volksopposition", "others"], "Percent": [0.48099140910437443, 0.28839735360916363, 0.1661024982719463, 0.04109805470524341, 0.02341068430927224]}, "1945-11": {"Total Votes": 173288.0, "Parties": ["sozialistische partei \u00d6sterreichs", "\u2026sterreichische volkspartei", "kommunistische partei \u2026sterreichs"], "Percent": [0.5053552467568441, 0.41125178892941233, 0.0833929643137436]}, "1999-10": {"Total Votes": 334265.0, "Parties": ["freiheitliche partei \u2026sterreichs", "sozialdemokratische partei \u2026sterreichs", "\u2026sterreichische volkspartei", "die gr\u0178nen \u00d0 die gr\u0178ne alternative", "liberales forum", "die unabh\u0160ngigen - liste lugner", "kommunistische partei \u2026sterreichs", "nein zu nato und eu neutrales \u2026sterreich b\u0178rgerinitiative"], "Percent": [0.3861965805573422, 0.357237521128446, 0.1625087879377141, 0.054746982184793506, 0.02606614512437736, 0.007245748133965567, 0.0033177269531659013, 0.002680507980195354]}, "1966-3": {"Total Votes": 288008.0, "Parties": ["sozialistische partei \u00d6sterreichs", "\u2026sterreichische volkspartei", "freiheitliche partei \u2026sterreichs", "demokratische fortschrittliche partei"], "Percent": [0.4958646982028277, 0.3695070970250826, 0.11497250076386767, 0.019655704008221996]}, "1971-10": {"Total Votes": 300553.0, "Parties": ["sozialistische partei \u00d6sterreichs", "\u2026sterreichische volkspartei", "freiheitliche partei \u2026sterreichs", "kommunistische partei \u2026sterreichs"], "Percent": [0.5495436744933506, 0.33754113251240214, 0.09707772006933885, 0.01583747292490842]}, "1959-5": {"Total Votes": 271371.0, "Parties": ["sozialistische partei \u00d6sterreichs", "\u2026sterreichische volkspartei", "freiheitliche partei \u2026sterreichs", "kommunisten und linkssozialisten", "bund demokratischer sozialisten"], "Percent": [0.5047223174178523, 0.3272752062674346, 0.1351913063665609, 0.024741037177885627, 0.008070132770266535]}, "1927-4": {"Total Votes": 172758.0, "Parties": ["sozialdemokratische arbeiterpartei", "landbund f\u00fcr \u00d6sterreich", "einheitsliste", "others"], "Percent": [0.3688975329651883, 0.2668125354542192, 0.2645550423135253, 0.09973488926706722]}, "1990-10": {"Total Votes": 354386.0, "Parties": ["sozialistische partei \u00d6sterreichs", "freiheitliche partei \u2026sterreichs", "\u2026sterreichische volkspartei", "die gr\u00fcne alternative", "vereinte gr\u00fcne \u00d6sterreichs", "others"], "Percent": [0.4611581721625572, 0.30283927694660623, 0.18501013019701681, 0.029989898020802177, 0.012980196734633987, 0.00802232593838357]}, "1994-10": {"Total Votes": 338513.0, "Parties": ["sozialistische partei \u00d6sterreichs", "freiheitliche partei \u2026sterreichs", "\u2026sterreichische volkspartei", "die gr\u00fcnen-die gr\u00fcne alternative", "liberales forum", "others"], "Percent": [0.3952078649859828, 0.3351599495440352, 0.16365398079246588, 0.05862108693019175, 0.03779766212819005, 0.009559455619134273]}, "1995-12": {"Total Votes": 351508.0, "Parties": ["sozialdemokratische partei \u2026sterreichs", "die freiheitlichen", "\u2026sterreichische volkspartei", "liberales forum", "die gr\u00fcnen-die gr\u00fcne alternative", "others"], "Percent": [0.40803054269035127, 0.32676923427062826, 0.18475255186226203, 0.03609306189332817, 0.034553978856811225, 0.009800630426619024]}, "1930-11": {"Total Votes": 175457.0,