{"1919-2": {"Total Votes": 158083.0, "Parties": ["christlich-soziale partei", "sozialdemokratische arbeiterpartei", "deutsch-nationale parteien"], "Percent": [0.6102806753414345, 0.21791084430330904, 0.17180848035525642]}, "1979-5": {"Total Votes": 338847.0, "Parties": ["\u2026sterreichische volkspartei", "sozialistische partei \u00d6sterreichs", "freiheitliche partei \u2026sterreichs", "others", "kommunistische partei \u2026sterreichs"], "Percent": [0.5541793198700299, 0.3767600126310695, 0.0568752268723052, 0.006678530428187353, 0.005506910198408131]}, "1975-10": {"Total Votes": 318649.0, "Parties": ["\u2026sterreichische volkspartei", "sozialistische partei \u00d6sterreichs", "freiheitliche partei \u2026sterreichs", "kommunistische partei \u2026sterreichs"], "Percent": [0.5682176940771821, 0.3720174863250787, 0.05324667580943295, 0.006518143788306256]}, "2006-10": {"Total Votes": 361783.0, "Parties": ["\u2026sterreichische volkspartei", "sozialdemokratische partei \u2026sterreichs", "die gr\u0178nen \u00d0 die gr\u0178ne alternative", "freiheitliche partei \u2026sterreichs", "liste dr. martin \u00d0 f\u0178r demokratie, kontrolle, gerechtigkeit", "b\u0178ndnis zukunft \u2026sterreich", "eu\u00d0austritt \u00d0 neutrales freies \u2026sterreich", "kommunistische partei \u2026sterreichs"], "Percent": [0.43840644806417106, 0.2317466547626616, 0.1297324639355636, 0.10831631115889913, 0.04125953955824348, 0.032718508055934084, 0.010351509053769801, 0.007468565410757277]}, "1920-10": {"Total Votes": 145568.0, "Parties": ["christlich-soziale partei", "sozialdemokratische arbeiterpartei", "deutsch-nationale parteien", "others"], "Percent": [0.6445235216531106, 0.200552319191031, 0.14962766542097167, 0.005296493734886788]}, "2008-9": {"Total Votes": 365790.0, "Parties": ["\u2026sterreichische volkspartei", "sozialdemokratische partei \u2026sterreichs", "freiheitliche partei \u2026sterreichs", "die gr\u0178nen \u00d0 die gr\u0178ne alternative", "b\u0178ndnis zukunft \u2026sterreich", "b\u0178rgerforum \u2026sterreich liste fritz dinkhauser", "liberales forum", "die christen", "unabh\u0160ngige b\u0178rgerinitiative rettet \u2026sterreich", "kommunistische partei \u2026sterreichs", "die linke"], "Percent": [0.311080127942262, 0.18038218650045107, 0.1698952951146833, 0.11071106372508815, 0.09697640722819104, 0.08679570245222669, 0.023349462806528335, 0.008652505535963258, 0.006142868859181498, 0.005060280488805052, 0.0009540993466196452]}, "1983-4": {"Total Votes": 361227.0, "Parties": ["\u2026sterreichische volkspartei", "sozialistische partei \u00d6sterreichs", "freiheitliche partei \u2026sterreichs", "others"], "Percent": [0.5738552212320784, 0.3484124940826682, 0.04408862017512534, 0.03364366451012798]}, "2002-11": {"Total Votes": 391810.0, "Parties": ["\u2026sterreichische volkspartei", "sozialdemokratische partei \u2026sterreichs", "die gr\u0178nen \u00d0 die gr\u0178ne alternative", "freiheitliche partei \u2026sterreichs", "liberales forum", "kommunistische partei \u2026sterreichs"], "Percent": [0.5186901814655063, 0.24464663995303848, 0.11634465684898293, 0.09968862458844847, 0.015017482963681376, 0.005612414180342513]}, "1962-11": {"Total Votes": 274820.0, "Parties": ["\u2026sterreichische volkspartei", "sozialistische partei \u00d6sterreichs", "freiheitliche partei \u2026sterreichs", "kommunisten und linkssozialisten", "others"], "Percent": [0.6191252456153118, 0.300054581180409, 0.065224510588749, 0.0097918637653737, 0.005803798850156466]}, "1949-10": {"Total Votes": 226497.0, "Parties": ["\u2026sterreichische volkspartei", "sozialistische partei \u00d6sterreichs", "verband der unabh\u00e4ngigen", "komm. partei \u00d6sterreichs and linkssozialisten (linksblock)", "others"], "Percent": [0.563044985143291, 0.23761904131180545, 0.1738521923027678, 0.016357832554073564, 0.009125948688062093]}, "1970-3": {"Total Votes": 305994.0, "Parties": ["\u2026sterreichische volkspartei", "sozialistische partei \u00d6sterreichs", "freiheitliche partei \u2026sterreichs", "others"], "Percent": [0.5787793224703752, 0.3592423380850605, 0.05542592338411864, 0.0065524160604456295]}, "1953-2": {"Total Votes": 240944.0, "Parties": ["\u2026sterreichische volkspartei", "sozialistische partei \u00d6sterreichs", "verband der unabh\u00e4ngigen", "wahlgemeinschaft \u00d6sterreichische volksopposition", "others"], "Percent": [0.5505636164419948, 0.2924870509329969, 0.1313583239258915, 0.023723354804435885, 0.0018676538946809217]}, "1945-11": {"Total Votes": 153571.0, "Parties": ["\u2026sterreichische volkspartei", "sozialistische partei \u00d6sterreichs", "kommunistische partei \u2026sterreichs"], "Percent": [0.7121136152007866, 0.2660463238502061, 0.0218400609490073]}, "1999-10": {"Total Votes": 359426.0, "Parties": ["\u2026sterreichische volkspartei", "freiheitliche partei \u2026sterreichs", "sozialdemokratische partei \u2026sterreichs", "die gr\u0178nen \u00d0 die gr\u0178ne alternative", "liberales forum", "die unabh\u0160ngigen - liste lugner", "nein zu nato und eu neutrales \u2026sterreich b\u0178rgerinitiative", "die christliche w\u0160hlergemeinschaft", "kommunistische partei \u2026sterreichs"], "Percent": [0.3287074390834275, 0.2801466783148687, 0.23087923522505327, 0.09709369939848538, 0.03730114126412669, 0.013972278021066924, 0.0048633098329002354, 0.004164974153233211, 0.0028712447068381247]}, "1966-3": {"Total Votes": 291426.0, "Parties": ["\u2026sterreichische volkspartei", "sozialistische partei \u00d6sterreichs", "freiheitliche partei \u2026sterreichs", "demokratische fortschrittliche partei", "others"], "Percent": [0.6450556916678677, 0.2816255241467817, 0.049298964402627085, 0.022468825705324852, 0.0015509940773987222]}, "1971-10": {"Total Votes": 304100.0, "Parties": ["\u2026sterreichische volkspartei", "sozialistische partei \u00d6sterreichs", "freiheitliche partei \u2026sterreichs", "kommunistische partei \u2026sterreichs"], "Percent": [0.5648109174613614, 0.3778099309437685, 0.05174613613942782, 0.005633015455442289]}, "1959-5": {"Total Votes": 260200.0, "Parties": ["\u2026sterreichische volkspartei", "sozialistische partei \u00d6sterreichs", "freiheitliche partei \u2026sterreichs", "kommunisten und linkssozialisten"], "Percent": [0.5943850883935434, 0.3152882398155265, 0.07857801691006917, 0.011748654880860876]}, "1927-4": {"Total Votes": 173674.0, "Parties": ["einheitsliste", "sozialdemokratische arbeiterpartei", "others", "landbund f\u00fcr \u00d6sterreich"], "Percent": [0.7470030056312401, 0.22402892776120778, 0.02365351175190299, 0.00531455485564909]}, "1990-10": {"Total Votes": 375705.0, "Parties": ["\u2026sterreichische volkspartei", "sozialistische partei \u00d6sterreichs", "freiheitliche partei \u2026sterreichs", "die gr\u00fcne alternative", "vereinte gr\u00fcne \u00d6sterreichs", "others"], "Percent": [0.4070454212746703, 0.3051356782582079, 0.17139244886280458, 0.06327038500951544, 0.03237912724078732, 0.020776939354014454]}, "1994-10": {"Total Votes": 359263.0, "Parties": ["\u2026sterreichische volkspartei", "sozialistische partei \u00d6sterreichs", "freiheitliche partei \u2026sterreichs", "die gr\u00fcnen-die gr\u00fcne alternative", "liberales forum", "others"], "Percent": [0.3624587001722972, 0.24418879762179796, 0.22064337268240816, 0.0954537483681871, 0.05288048031664825, 0.02437490083866137]}, "1995-12": {"Total Votes": 386211.0, "Parties": ["\u2026sterreichische volkspartei", "sozialdemokratische partei \u2026sterreichs", "die freiheitlichen", "die gr\u00fcnen-die gr\u00fcne alternative", "liberales forum", "others"], "Percent": [0.31313194083027157, 0.273635396195344, 0.2698576684765581, 0.06372423364430324, 0.061810771831977855, 0.017839989021545218]}, "1930-11": {"Total Votes": 176787.0, "Parties": ["christlich-soziale partei", "sozialdemokratische arbeiterpartei", "nationaler wirtschaftsblock und landbund", "heimatblock", "others"],