{"1919-2": {"Total Votes": 67279.0, "Parties": ["christlich-soziale partei", "sozialdemokratische arbeiterpartei", "deutsch-nationale parteien"], "Percent": [0.6199111163959036, 0.2179729187413606, 0.16211596486273577]}, "1979-5": {"Total Votes": 163791.0, "Parties": ["\u2026sterreichische volkspartei", "sozialistische partei \u00d6sterreichs", "freiheitliche partei \u2026sterreichs", "kommunistische partei \u2026sterreichs"], "Percent": [0.5494746353584752, 0.33420029183532673, 0.10706326965462083, 0.009261803151577316]}, "1975-10": {"Total Votes": 152422.0, "Parties": ["\u2026sterreichische volkspartei", "sozialistische partei \u00d6sterreichs", "freiheitliche partei \u2026sterreichs", "kommunistische partei \u2026sterreichs"], "Percent": [0.5307042290483002, 0.3592001154688956, 0.10226870136856885, 0.007826954114235478]}, "2006-10": {"Total Votes": 173963.0, "Parties": ["\u2026sterreichische volkspartei", "sozialdemokratische partei \u2026sterreichs", "die gr\u0178nen \u00d0 die gr\u0178ne alternative", "freiheitliche partei \u2026sterreichs", "liste dr. martin \u00d0 f\u0178r demokratie, kontrolle, gerechtigkeit", "b\u0178ndnis zukunft \u2026sterreich", "eu\u00d0austritt \u00d0 neutrales freies \u2026sterreich", "kommunistische partei \u2026sterreichs"], "Percent": [0.4200663359449998, 0.1851198243304611, 0.16445451044187556, 0.10920713025183516, 0.07709685392870898, 0.03214476641584704, 0.006409408897294252, 0.005501169788978116]}, "1920-10": {"Total Votes": 63603.0, "Parties": ["christlich-soziale partei", "deutsch-nationale parteien", "sozialdemokratische arbeiterpartei"], "Percent": [0.6001603697938777, 0.21634199644670848, 0.18349763375941386]}, "2008-9": {"Total Votes": 185110.0, "Parties": ["\u2026sterreichische volkspartei", "die gr\u0178nen \u00d0 die gr\u0178ne alternative", "freiheitliche partei \u2026sterreichs", "sozialdemokratische partei \u2026sterreichs", "b\u0178ndnis zukunft \u2026sterreich", "b\u0178rgerforum \u2026sterreich liste fritz dinkhauser", "liberales forum", "die christen", "kommunistische partei \u2026sterreichs", "unabh\u0160ngige b\u0178rgerinitiative rettet \u2026sterreich"], "Percent": [0.3134406569067041, 0.17175193128410132, 0.16109880611528282, 0.1412781589325266, 0.12755118578142727, 0.03434174274755551, 0.026254659391713037, 0.014877640321970718, 0.005407595483766409, 0.003997623034952191]}, "1983-4": {"Total Votes": 176301.0, "Parties": ["\u2026sterreichische volkspartei", "sozialistische partei \u00d6sterreichs", "freiheitliche partei \u2026sterreichs", "others"], "Percent": [0.6030822286884363, 0.2731578380156664, 0.07221740092228632, 0.05154253237361104]}, "2002-11": {"Total Votes": 197360.0, "Parties": ["\u2026sterreichische volkspartei", "sozialdemokratische partei \u2026sterreichs", "die gr\u0178nen \u00d0 die gr\u0178ne alternative", "freiheitliche partei \u2026sterreichs", "liberales forum", "die christliche w\u0160hlergemeinschaft", "kommunistische partei \u2026sterreichs", "die demokraten"], "Percent": [0.4921513984596676, 0.20059789217673288, 0.14527259829752737, 0.1299250101337657, 0.01616842318605594, 0.010179367653019862, 0.0036329550060802598, 0.002072355087150385]}, "1962-11": {"Total Votes": 130388.0, "Parties": ["\u2026sterreichische volkspartei", "sozialistische partei \u00d6sterreichs", "freiheitliche partei \u2026sterreichs", "kommunisten und linkssozialisten"], "Percent": [0.5592079025677209, 0.2796192901187226, 0.14855661563947603, 0.012616191674080436]}, "1949-10": {"Total Votes": 101837.0, "Parties": ["\u2026sterreichische volkspartei", "verband der unabh\u00e4ngigen", "sozialistische partei \u00d6sterreichs", "komm. partei \u00d6sterreichs and linkssozialisten (linksblock)", "others"], "Percent": [0.5636654654005911, 0.21884973045160402, 0.18914539902000255, 0.023910759350727142, 0.00442864577707513]}, "1970-3": {"Total Votes": 147541.0, "Parties": ["\u2026sterreichische volkspartei", "sozialistische partei \u00d6sterreichs", "freiheitliche partei \u2026sterreichs", "others"], "Percent": [0.547393605845155, 0.3099206322310409, 0.1358130960207671, 0.006872665903037122]}, "1953-2": {"Total Votes": 108269.0, "Parties": ["\u2026sterreichische volkspartei", "sozialistische partei \u00d6sterreichs", "verband der unabh\u00e4ngigen", "wahlgemeinschaft \u00d6sterreichische volksopposition", "others"], "Percent": [0.5554683242664105, 0.2265745504253295, 0.18786540930460244, 0.02929739814720742, 0.0007943178564501381]}, "1945-11": {"Total Votes": 69707.0, "Parties": ["\u2026sterreichische volkspartei", "sozialistische partei \u00d6sterreichs", "kommunistische partei \u2026sterreichs"], "Percent": [0.7002453125224153, 0.2752808182822385, 0.024473869195346235]}, "1999-10": {"Total Votes": 168878.0, "Parties": ["\u2026sterreichische volkspartei", "freiheitliche partei \u2026sterreichs", "sozialdemokratische partei \u2026sterreichs", "die gr\u0178nen \u00d0 die gr\u0178ne alternative", "liberales forum", "die unabh\u0160ngigen - liste lugner", "nein zu nato und eu neutrales \u2026sterreich b\u0178rgerinitiative", "die christliche w\u0160hlergemeinschaft", "kommunistische partei \u2026sterreichs"], "Percent": [0.35205888274375585, 0.30173261170786014, 0.18159855043285686, 0.10036831322019446, 0.04815902604246853, 0.005731948507206385, 0.005175333672828906, 0.0030554601546678665, 0.0021198735181610392]}, "1966-3": {"Total Votes": 139173.0, "Parties": ["\u2026sterreichische volkspartei", "sozialistische partei \u00d6sterreichs", "freiheitliche partei \u2026sterreichs", "demokratische fortschrittliche partei"], "Percent": [0.6178928384097491, 0.22121388487709542, 0.12865282777550244, 0.032240448937653134]}, "1971-10": {"Total Votes": 145358.0, "Parties": ["\u2026sterreichische volkspartei", "sozialistische partei \u00d6sterreichs", "freiheitliche partei \u2026sterreichs", "kommunistische partei \u2026sterreichs"], "Percent": [0.5163114517260832, 0.3664400996161202, 0.11063718543183038, 0.006611263225966235]}, "1959-5": {"Total Votes": 122537.0, "Parties": ["\u2026sterreichische volkspartei", "sozialistische partei \u00d6sterreichs", "freiheitliche partei \u2026sterreichs", "kommunisten und linkssozialisten"], "Percent": [0.564343830842929, 0.3005949223499841, 0.1210736349021112, 0.01398761190497564]}, "1927-4": {"Total Votes": 76332.0, "Parties": ["einheitsliste", "sozialdemokratische arbeiterpartei", "landbund f\u00fcr \u00d6sterreich", "others"], "Percent": [0.7187287114185401, 0.22226589110726824, 0.04521039668815176, 0.013795000786039931]}, "1990-10": {"Total Votes": 188345.0, "Parties": ["\u2026sterreichische volkspartei", "sozialistische partei \u00d6sterreichs", "freiheitliche partei \u2026sterreichs", "die gr\u00fcne alternative", "vereinte gr\u00fcne \u00d6sterreichs", "others"], "Percent": [0.40356792057129204, 0.28847593511906344, 0.1716796304653694, 0.05245161804136027, 0.045560009556930105, 0.038264886245984765]}, "1994-10": {"Total Votes": 158595.0, "Parties": ["\u2026sterreichische volkspartei", "freiheitliche partei \u2026sterreichs", "sozialistische partei \u00d6sterreichs", "die gr\u00fcnen-die gr\u00fcne alternative", "liberales forum", "others"], "Percent": [0.37782401715060376, 0.23553075443740346, 0.20855008039345502, 0.08976323339323435, 0.06539298212427883, 0.022938932501024623]}, "1995-12": {"Total Votes": 182209.0, "Parties": ["\u2026sterreichische volkspartei", "die freiheitlichen", "sozialdemokratische partei \u2026sterreichs", "die gr\u00fcnen-die gr\u00fcne alternative", "liberales forum", "others"], "Percent": [0.34060337304962984, 0.2743882025586003, 0.228753793720398, 0.07254306867388548, 0.07117650610013775, 0.01253505589734865]}, "1930-11": {"Total Votes": 77515.0, "Parties": ["christlich-soziale partei", "nationaler wirtschaftsblock und landbund", "sozialdemokratische arbeiterpartei", "others"], "Percent": [0.567877185060956, 0.20936592917499838, 0.20922402115719538, 0.013532864606850287]}, "1956-5": {"Total Votes": 116851.0,