{"1921-9": {"Total Votes": 124831.0, "Parties": ["sveriges socialdemokratistiska arbatereparti", "h\u00f6gerpartiet", "liberala", "bondef\u00f6rbundet", "sveriges kommunistiska parti", "others"], "Percent": [0.49276221451402297, 0.34742972498818403, 0.10390047344009101, 0.044347958439810625, 0.011535596125962302, 2.403249192908813e-05]}, "1976-9": {"Total Votes": 488667.0, "Parties": ["sveriges socialdemokratistiska arbatereparti", "centerpartiet", "moderata samlingspartiet", "folkpartiet", "v\u00e4nsterpartiet kommunisterna", "others"], "Percent": [0.4246900240859317, 0.19375566592382953, 0.19190164263189452, 0.1326015466565166, 0.03726259395457438, 0.019788526747253243]}, "1878-0": {"Total Votes": 0, "Parties": [], "Percent": []}, "1905-0": {"Total Votes": 0, "Parties": [], "Percent": []}, "1917-9": {"Total Votes": 0, "Parties": [], "Percent": []}, "1908-0": {"Total Votes": 0, "Parties": [], "Percent": []}, "1893-0": {"Total Votes": 0, "Parties": [], "Percent": []}, "1875-0": {"Total Votes": 0, "Parties": [], "Percent": []}, "1896-0": {"Total Votes": 0, "Parties": [], "Percent": []}, "1970-9": {"Total Votes": 448271.0, "Parties": ["sveriges socialdemokratistiska arbatereparti", "folkpartiet", "centerpartiet", "moderata samlingspartiet", "v\u00e4nsterpartiet kommunisterna", "others"], "Percent": [0.4512538174452507, 0.20141164608016132, 0.1473171362858628, 0.1419096930205166, 0.03317412904247654, 0.02493357812573198]}, "1948-9": {"Total Votes": 297338.0, "Parties": ["sveriges socialdemokratistiska arbatereparti", "folkpartiet", "h\u00f6gerpartiet", "bondef\u00f6rbundet", "sveriges kommunistiska parti", "others"], "Percent": [0.5056064142491037, 0.23013540146230888, 0.17449838231238524, 0.05173573508935959, 0.03780209727650014, 0.00022196961034243857]}, "1914-9": {"Total Votes": 0, "Parties": [], "Percent": []}, "1881-0": {"Total Votes": 0, "Parties": [], "Percent": []}, "1988-9": {"Total Votes": 483646.0, "Parties": ["sveriges socialdemokratistiska arbatereparti", "moderata samlingspartiet", "folkpartiet", "centerpartiet", "milj\u00f6partiet de gr\u00f6na", "v\u00e4nsterpartiet kommunisterna", "kristdemokratiska samh\u00e4llspartiet", "others"], "Percent": [0.4208429305731878, 0.220545605670263, 0.13506159463740008, 0.07243521087737725, 0.06540527575954314, 0.048084756205985374, 0.022355193674712497, 0.015269432601530871]}, "2002-9": {"Total Votes": 518098.0, "Parties": ["social democratic party", "moderate party", "liberal people's party", "christian democratic party", "others", "left party", "centre party", "ecology party"], "Percent": [0.39068091364954116, 0.18525259699902333, 0.13819200228528195, 0.08502638496963894, 0.05632332107053106, 0.05533509104455142, 0.052380051650459954, 0.03680963833097213]}, "1968-9": {"Total Votes": 408796.0, "Parties": ["sveriges socialdemokratistiska arbatereparti", "h\u00f6gerpartiet", "folkpartiet", "centerpartiet", "others", "v\u00e4nsterpartiet kommunisterna"], "Percent": [0.5136473938101156, 0.17208094012661573, 0.16269239425043297, 0.0788461726631376, 0.05435963169894031, 0.018373467450757835]}, "1914-3": {"Total Votes": 0, "Parties": [], "Percent": []}, "1985-9": {"Total Votes": 505111.0, "Parties": ["sveriges socialdemokratistiska arbatereparti", "moderata samlingspartiet", "folkpartiet", "a + cc", "v\u00e4nsterpartiet kommunisterna", "others"], "Percent": [0.423663313608296, 0.2505033547081731, 0.16388476988226353, 0.07818677478811588, 0.043837889097643884, 0.03992389791550768]}, "1924-9": {"Total Votes": 129716.0, "Parties": ["sveriges socialdemokratistiska arbatereparti", "h\u00f6gerpartiet", "frisinnade folkpartiet", "sveriges liberale parti", "bondef\u00f6rbundet", "kilbomskommunister"], "Percent": [0.4802877054488267, 0.36113509513090136, 0.04990132289000586, 0.04534521570199512, 0.039393752505473494, 0.023936908322797497]}, "2006-9": {"Total Votes": 551929.0, "Parties": ["social democratic party", "moderate party", "ecology party", "liberal people's party", "centre party", "christian democratic party", "left party"], "Percent": [0.3321967137077414, 0.2994914200920771, 0.13017978761761023, 0.08307590287881231, 0.06662269965883293, 0.0543312636226761, 0.034102212422249964]}, "1902-0": {"Total Votes": 0, "Parties": [], "Percent": []}, "1887-8": {"Total Votes": 3482.0, "Parties": ["elected"], "Percent": [1.0]}, "1936-9": {"Total Votes": 221633.0, "Parties": ["sveriges socialdemokratistiska arbatereparti", "h\u00f6gerpartiet", "folkpartiet", "bondef\u00f6rbundet", "sveriges nationella f\u00f6rbund", "sveriges kommunistiska parti", "socialistiska parti", "others"], "Percent": [0.5406099272220292, 0.22596364259834953, 0.0856235307918947, 0.07965871508304269, 0.027879422288197155, 0.02123330009520243, 0.01118064548149418, 0.007850816439790104]}, "1872-0": {"Total Votes": 0, "Parties": [], "Percent": []}, "1998-9": {"Total Votes": 512457.0, "Parties": ["sveriges socialdemokratistiska arbatereparti", "moderata samlingspartiet", "kristdemokratiska samh\u00e4llspartiet", "v\u00e4nsterpartiet", "centerpartiet", "folkspartiet liberalerna", "others", "milj\u00f6partiet de gr\u00f6na"], "Percent": [0.359708229178253, 0.27825554144055015, 0.10867058114144211, 0.0803950380227024, 0.0484899220812673, 0.04587897130881225, 0.04226110678554493, 0.036340610041427863]}, "1890-0": {"Total Votes": 0, "Parties": [], "Percent": []}, "1982-9": {"Total Votes": 493274.0, "Parties": ["sveriges socialdemokratistiska arbatereparti", "moderata samlingspartiet", "centerpartiet", "folkpartiet", "v\u00e4nsterpartiet kommunisterna", "others", "kristen demokratisk samlig"], "Percent": [0.4487566747892652, 0.28610265288663095, 0.11235337763595893, 0.0724080328580059, 0.04710363814026282, 0.02101874414625543, 0.012256879543620786]}, "1991-9": {"Total Votes": 492337.0, "Parties": ["sveriges socialdemokratistiska arbatereparti", "moderata samlingspartiet", "folkspartiet liberalerna", "ny demokrati", "kristdemokratiska samh\u00e4llspartiet", "centerpartiet", "v\u00e4nsterpartiet", "milj\u00f6partiet de gr\u00f6na", "others"], "Percent": [0.35512057797809227, 0.2691306970631905, 0.0998787415936645, 0.06714709639941747, 0.06672055929170467, 0.05294341071258102, 0.03716559998537587, 0.03589005092040615, 0.01600326605556763]}, "1973-9": {"Total Votes": 469803.0, "Parties": ["sveriges socialdemokratistiska arbatereparti", "centerpartiet", "moderata samlingspartiet", "folkpartiet", "v\u00e4nsterpartiet kommunisterna", "others"], "Percent": [0.4368256481972231, 0.21823615430297377, 0.17477751312784295, 0.10422879377100615, 0.03914619532016611, 0.026785695280787905]}, "1928-9": {"Total Votes": 169458.0, "Parties": ["sveriges socialdemokratistiska arbatereparti", "h\u00f6gerpartiet", "frisinnade folkpartiet", "sveriges liberale parti", "bondef\u00f6rbundet", "sveriges kommunistiska parti", "others"], "Percent": [0.4566441242077683, 0.3593633820769748, 0.06514888644973976, 0.04989436910620921, 0.04106032173163852, 0.027841707089662337, 4.7209338007057796e-05]}, "1911-9": {"Total Votes": 0, "Parties": [], "Percent": []}, "1964-9": {"Total Votes": 357813.0, "Parties": ["sveriges socialdemokratistiska arbatereparti", "medborgelig samling", "folkpartiet", "h\u00f6gerpartiet", "centerpartiet", "sveriges kommunistiska parti", "kristen demokratisk samlig", "others"], "Percent": [0.49684611794428934, 0.1810498780089041, 0.13054025426689359, 0.09376965062756244, 0.05920690416502475, 0.030580219276549483, 0.007931517300936523, 7.545840983977665e-05]}, "1920-9": {"Total Votes": 0, "Parties": [], "Percent": []}, "1944-9": {"Total Votes": 239829.0, "Parties": ["sveriges socialdemokratistiska arbatereparti", "h\u00f6gerpartiet", "folkpartiet", "sveriges kommunistiska parti", "bondef\u00f6rbundet", "others"], "Percent": [0.5216800303549612, 0.21125051599264474, 0.11287625766692101, 0.08794599485466728, 0.05881273740873706, 0.007434463722068641]}, "1899-0": {"Total Votes": 0, "Parties": [], "Percent": []}, "1960-9": {"Total Votes": 343643.0,