{"1921-9": {"Total Votes": 79333.0, "Parties": ["sveriges socialdemokratistiska arbatereparti", "liberala", "h\u00f6gerpartiet", "sveriges kommunistiska parti", "bondef\u00f6rbundet", "others"], "Percent": [0.36100992020974876, 0.29527434989222645, 0.16532842574968803, 0.1237442174126782, 0.05461787654569977, 2.5210189958781338e-05]}, "1976-9": {"Total Votes": 198159.0, "Parties": ["sveriges socialdemokratistiska arbatereparti", "centerpartiet", "moderata samlingspartiet", "folkpartiet", "v\u00e4nsterpartiet kommunisterna", "others"], "Percent": [0.4567190993091406, 0.25550189494294984, 0.1307939583869519, 0.09732588476930142, 0.03957932771158514, 0.020079834880071055]}, "1878-0": {"Total Votes": 0, "Parties": [], "Percent": []}, "1905-0": {"Total Votes": 0, "Parties": [], "Percent": []}, "1917-9": {"Total Votes": 34766.0, "Parties": ["liberala", "sveriges socialdemokratistiska arbatereparti", "moderata", "v\u00e4nstersocialister", "bondef\u00f6rbundet", "others"], "Percent": [0.3926825058965656, 0.33394695967324395, 0.1463211183340045, 0.09112351147673015, 0.03589714088477248, 2.876373468331128e-05]}, "1908-0": {"Total Votes": 0, "Parties": [], "Percent": []}, "1893-0": {"Total Votes": 0, "Parties": [], "Percent": []}, "1875-0": {"Total Votes": 0, "Parties": [], "Percent": []}, "1896-0": {"Total Votes": 0, "Parties": [], "Percent": []}, "1970-9": {"Total Votes": 186325.0, "Parties": ["sveriges socialdemokratistiska arbatereparti", "centerpartiet", "folkpartiet", "moderata samlingspartiet", "v\u00e4nsterpartiet kommunisterna", "others"], "Percent": [0.5030940560847981, 0.20628471756339728, 0.12261907956527573, 0.09254260029518314, 0.04787333959479404, 0.027586206896551724]}, "1948-9": {"Total Votes": 156445.0, "Parties": ["sveriges socialdemokratistiska arbatereparti", "folkpartiet", "bondef\u00f6rbundet", "h\u00f6gerpartiet", "sveriges kommunistiska parti", "others"], "Percent": [0.5005017737863147, 0.2032343635143341, 0.12224743520086931, 0.08968007926108217, 0.08432995621464412, 6.39202275560101e-06]}, "1914-9": {"Total Votes": 33978.0, "Parties": ["sveriges socialdemokratistiska arbatereparti", "liberala", "moderata", "others"], "Percent": [0.4096474189181235, 0.369444934957914, 0.22087821531579258, 2.9430808169992348e-05]}, "1881-0": {"Total Votes": 0, "Parties": [], "Percent": []}, "1988-9": {"Total Votes": 182427.0, "Parties": ["sveriges socialdemokratistiska arbatereparti", "moderata samlingspartiet", "centerpartiet", "folkpartiet", "v\u00e4nsterpartiet kommunisterna", "milj\u00f6partiet de gr\u00f6na", "kristdemokratiska samh\u00e4llspartiet", "others"], "Percent": [0.49158293454368046, 0.14712734408832026, 0.14054388878839208, 0.10135012909273299, 0.05434502568150548, 0.04552505933880401, 0.01844025281345415, 0.0010853656531105594]}, "2002-9": {"Total Votes": 165413.0, "Parties": ["social democratic party", "moderate party", "liberal people's party", "centre party", "left party", "christian democratic party", "ecology party", "others"], "Percent": [0.43355117191514575, 0.12392617267082999, 0.11464032452104732, 0.09165543216071288, 0.08681905291603441, 0.08104562519269949, 0.03994849256104417, 0.02841372806248602]}, "1968-9": {"Total Votes": 183686.0, "Parties": ["sveriges socialdemokratistiska arbatereparti", "centerpartiet", "h\u00f6gerpartiet", "folkpartiet", "v\u00e4nsterpartiet kommunisterna", "others"], "Percent": [0.5468026959049682, 0.18001371906405497, 0.11414043530808009, 0.10730812364578683, 0.03388391058654443, 0.017851115490565422]}, "1914-3": {"Total Votes": 34927.0, "Parties": ["liberala", "sveriges socialdemokratistiska arbatereparti", "moderata", "others"], "Percent": [0.4406046897815444, 0.3409969364674893, 0.21834111146104734, 5.726228991897386e-05]}, "1985-9": {"Total Votes": 195575.0, "Parties": ["sveriges socialdemokratistiska arbatereparti", "moderata samlingspartiet", "a + cc", "folkpartiet", "v\u00e4nsterpartiet kommunisterna", "others"], "Percent": [0.48678512079764796, 0.18363287741275724, 0.13350888405982358, 0.11963696791512207, 0.04777706762111722, 0.028659082193531894]}, "1924-9": {"Total Votes": 78252.0, "Parties": ["sveriges socialdemokratistiska arbatereparti", "frisinnade folkpartiet", "h\u00f6gerpartiet", "bondef\u00f6rbundet", "kilbomskommunister", "others", "sveriges liberale parti"], "Percent": [0.42175279865051374, 0.18115830905280375, 0.16326739252670858, 0.09029801155242038, 0.06918673005162808, 0.04738537034197209, 0.02695138782395338]}, "2006-9": {"Total Votes": 168426.0, "Parties": ["social democratic party", "moderate party", "centre party", "ecology party", "left party", "liberal people's party", "christian democratic party"], "Percent": [0.4200895348699132, 0.2089997981309299, 0.0997945685345493, 0.08887582677258857, 0.06418248963936685, 0.05973543277166233, 0.05832234928098987]}, "1902-0": {"Total Votes": 0, "Parties": [], "Percent": []}, "1887-8": {"Total Votes": 986.0, "Parties": ["elected"], "Percent": [1.0]}, "1936-9": {"Total Votes": 127848.0, "Parties": ["sveriges socialdemokratistiska arbatereparti", "folkpartiet", "bondef\u00f6rbundet", "h\u00f6gerpartiet", "socialistiska parti", "sveriges kommunistiska parti", "sveriges nationella f\u00f6rbund", "others"], "Percent": [0.477089981853451, 0.1422705087291158, 0.12698673424691823, 0.11744415243101183, 0.08528878042675678, 0.03883517927538953, 0.006765846943245103, 0.005318816094111758]}, "1872-0": {"Total Votes": 0, "Parties": [], "Percent": []}, "1998-9": {"Total Votes": 169723.0, "Parties": ["sveriges socialdemokratistiska arbatereparti", "moderata samlingspartiet", "v\u00e4nsterpartiet", "kristdemokratiska samh\u00e4llspartiet", "centerpartiet", "milj\u00f6partiet de gr\u00f6na", "folkspartiet liberalerna", "others"], "Percent": [0.41051595835567367, 0.18351077932867083, 0.14078233356704747, 0.10734549825303583, 0.0637214755807993, 0.0407133977127437, 0.040230257537281336, 0.013180299664747853]}, "1890-0": {"Total Votes": 0, "Parties": [], "Percent": []}, "1982-9": {"Total Votes": 196415.0, "Parties": ["sveriges socialdemokratistiska arbatereparti", "moderata samlingspartiet", "centerpartiet", "folkpartiet", "v\u00e4nsterpartiet kommunisterna", "others", "kristen demokratisk samlig"], "Percent": [0.5039635465723087, 0.19992363108723876, 0.16971718045974085, 0.05284728763078176, 0.04767456660642008, 0.015248326247995317, 0.0106254613955146]}, "1991-9": {"Total Votes": 184819.0, "Parties": ["sveriges socialdemokratistiska arbatereparti", "moderata samlingspartiet", "centerpartiet", "folkspartiet liberalerna", "ny demokrati", "kristdemokratiska samh\u00e4llspartiet", "v\u00e4nsterpartiet", "milj\u00f6partiet de gr\u00f6na", "others"], "Percent": [0.42852195932236403, 0.1792239975327212, 0.1073103955762124, 0.07494359346171119, 0.07003608936310661, 0.06268294926387438, 0.046239834649035, 0.026306819104096442, 0.00473436172687873]}, "1973-9": {"Total Votes": 191134.0, "Parties": ["sveriges socialdemokratistiska arbatereparti", "centerpartiet", "moderata samlingspartiet", "folkpartiet", "v\u00e4nsterpartiet kommunisterna", "others"], "Percent": [0.47638829303002084, 0.2569977084139923, 0.10407881381648477, 0.08715351533479129, 0.0484529178482112, 0.02692875155649963]}, "1928-9": {"Total Votes": 109436.0, "Parties": ["sveriges socialdemokratistiska arbatereparti", "h\u00f6gerpartiet", "frisinnade folkpartiet", "sveriges kommunistiska parti", "bondef\u00f6rbundet", "sveriges liberale parti", "others"], "Percent": [0.4066851858620564, 0.22361928433056763, 0.17950217478709019, 0.10796264483351, 0.06988559523374392, 0.01229028838773347, 5.482656529843927e-05]}, "1911-9": {"Total Votes": 29140.0, "Parties": ["liberala", "sveriges socialdemokratistiska arbatereparti", "moderata", "others"], "Percent": [0.5248798901853123, 0.29505833905284834, 0.1797872340425532, 0.0002745367192862045]}, "1964-9": {"Total Votes": 163878.0,