{"1921-9": {"Total Votes": 72562.0, "Parties": ["sveriges kommunistiska parti", "liberala", "sveriges socialdemokratistiska arbatereparti", "h\u00f6gerpartiet", "bondef\u00f6rbundet", "others"], "Percent": [0.27092693145172403, 0.22544858190237313, 0.21409277583308067, 0.1463713789586836, 0.1431052065819575, 5.5125272181031394e-05]}, "1976-9": {"Total Votes": 190352.0, "Parties": ["sveriges socialdemokratistiska arbatereparti", "centerpartiet", "moderata samlingspartiet", "folkpartiet", "v\u00e4nsterpartiet kommunisterna", "others"], "Percent": [0.49348049928553417, 0.27868370177355634, 0.07137303521896277, 0.06651361687820459, 0.04916680675800622, 0.0407823400857359]}, "1878-0": {"Total Votes": 0, "Parties": [], "Percent": []}, "1905-0": {"Total Votes": 0, "Parties": [], "Percent": []}, "1917-9": {"Total Votes": 0, "Parties": [], "Percent": []}, "1908-0": {"Total Votes": 0, "Parties": [], "Percent": []}, "1893-0": {"Total Votes": 0, "Parties": [], "Percent": []}, "1875-0": {"Total Votes": 0, "Parties": [], "Percent": []}, "1896-0": {"Total Votes": 0, "Parties": [], "Percent": []}, "1970-9": {"Total Votes": 182516.0, "Parties": ["sveriges socialdemokratistiska arbatereparti", "centerpartiet", "folkpartiet", "v\u00e4nsterpartiet kommunisterna", "moderata samlingspartiet", "others"], "Percent": [0.508393784654496, 0.22421048017708037, 0.09229875736921694, 0.06406561616515813, 0.057156632843147995, 0.05387472879090052]}, "1948-9": {"Total Votes": 153309.0, "Parties": ["sveriges socialdemokratistiska arbatereparti", "folkpartiet", "bondef\u00f6rbundet", "sveriges kommunistiska parti", "h\u00f6gerpartiet", "others"], "Percent": [0.5268575230417001, 0.16274974071972292, 0.1437032398619781, 0.09356267407653823, 0.07312029952579431, 6.522774266350965e-06]}, "1914-9": {"Total Votes": 0, "Parties": [], "Percent": []}, "1881-0": {"Total Votes": 0, "Parties": [], "Percent": []}, "1988-9": {"Total Votes": 173568.0, "Parties": ["sveriges socialdemokratistiska arbatereparti", "centerpartiet", "moderata samlingspartiet", "folkpartiet", "v\u00e4nsterpartiet kommunisterna", "milj\u00f6partiet de gr\u00f6na", "kristdemokratiska samh\u00e4llspartiet", "others"], "Percent": [0.5163682245575221, 0.14899635877581122, 0.09357715707964602, 0.0884667680678466, 0.05978636615044248, 0.05105779867256637, 0.03595132743362832, 0.005795999262536873]}, "2002-9": {"Total Votes": 150966.0, "Parties": ["social democratic party", "left party", "centre party", "liberal people's party", "moderate party", "christian democratic party", "ecology party", "others"], "Percent": [0.4933958639693706, 0.09871096803253712, 0.09648530132612641, 0.09256388855768849, 0.08506551143966191, 0.07584489222738895, 0.0375713736867904, 0.020362200760436124]}, "1968-9": {"Total Votes": 179963.0, "Parties": ["sveriges socialdemokratistiska arbatereparti", "centerpartiet", "folkpartiet", "h\u00f6gerpartiet", "others", "v\u00e4nsterpartiet kommunisterna"], "Percent": [0.5548973955757572, 0.19540127692914655, 0.08401727021665564, 0.07495429616087751, 0.04625950889905147, 0.044470252218511586]}, "1914-3": {"Total Votes": 0, "Parties": [], "Percent": []}, "1985-9": {"Total Votes": 185420.0, "Parties": ["sveriges socialdemokratistiska arbatereparti", "a + cc", "moderata samlingspartiet", "folkpartiet", "v\u00e4nsterpartiet kommunisterna", "others"], "Percent": [0.5252076367166433, 0.17333620968611801, 0.12089310753963974, 0.09872721389278395, 0.052912307194477405, 0.02892352497033761]}, "1924-9": {"Total Votes": 76671.0, "Parties": ["sveriges socialdemokratistiska arbatereparti", "h\u00f6gerpartiet", "bondef\u00f6rbundet", "frisinnade folkpartiet", "others", "kilbomskommunister", "sveriges liberale parti"], "Percent": [0.4387317238590862, 0.14652215309569458, 0.1423354332146444, 0.12648850282375343, 0.08875585293005178, 0.037836991822201356, 0.01932934225456822]}, "2006-9": {"Total Votes": 153417.0, "Parties": ["social democratic party", "moderate party", "centre party", "ecology party", "left party", "christian democratic party", "liberal people's party"], "Percent": [0.4596296368720546, 0.1715520444279317, 0.10557500146659106, 0.08600741769165085, 0.06667448848563066, 0.05653871474478057, 0.054022696311360544]}, "1902-0": {"Total Votes": 0, "Parties": [], "Percent": []}, "1887-8": {"Total Votes": 2791.0, "Parties": ["elected"], "Percent": [1.0]}, "1936-9": {"Total Votes": 126644.0, "Parties": ["sveriges socialdemokratistiska arbatereparti", "bondef\u00f6rbundet", "h\u00f6gerpartiet", "folkpartiet", "sveriges kommunistiska parti", "socialistiska parti", "sveriges nationella f\u00f6rbund", "others"], "Percent": [0.540120337323521, 0.13186570228356653, 0.12454597138435299, 0.09030036953981238, 0.05839202804712422, 0.045963488203152145, 0.006427465967594201, 0.0023846372508764726]}, "1872-0": {"Total Votes": 0, "Parties": [], "Percent": []}, "1998-9": {"Total Votes": 157892.0, "Parties": ["sveriges socialdemokratistiska arbatereparti", "v\u00e4nsterpartiet", "moderata samlingspartiet", "kristdemokratiska samh\u00e4llspartiet", "centerpartiet", "milj\u00f6partiet de gr\u00f6na", "folkspartiet liberalerna", "others"], "Percent": [0.45130215590403566, 0.1475945583056773, 0.13690370633090973, 0.10179109771236035, 0.06644415169862944, 0.040629037569984545, 0.03596128999569326, 0.0193740024827097]}, "1890-0": {"Total Votes": 0, "Parties": [], "Percent": []}, "1982-9": {"Total Votes": 186181.0, "Parties": ["sveriges socialdemokratistiska arbatereparti", "centerpartiet", "moderata samlingspartiet", "v\u00e4nsterpartiet kommunisterna", "folkpartiet", "kristen demokratisk samlig", "others"], "Percent": [0.5369398595989924, 0.2094306078493509, 0.12412115092302652, 0.052867908110924317, 0.037581708122740774, 0.022811135400497364, 0.01624762999446775]}, "1991-9": {"Total Votes": 173566.0, "Parties": ["sveriges socialdemokratistiska arbatereparti", "moderata samlingspartiet", "centerpartiet", "folkspartiet liberalerna", "kristdemokratiska samh\u00e4llspartiet", "v\u00e4nsterpartiet", "ny demokrati", "milj\u00f6partiet de gr\u00f6na", "others"], "Percent": [0.47949483193713055, 0.12988142839035294, 0.11299448048580943, 0.07340723413571783, 0.07079151446711913, 0.050591705748821776, 0.04727308343800053, 0.03080096332230967, 0.00476475807473814]}, "1973-9": {"Total Votes": 183908.0, "Parties": ["sveriges socialdemokratistiska arbatereparti", "centerpartiet", "moderata samlingspartiet", "v\u00e4nsterpartiet kommunisterna", "others", "folkpartiet"], "Percent": [0.49270831067707765, 0.2692541923135481, 0.06545120386280097, 0.061693890423472605, 0.055968201492050375, 0.05492420123105031]}, "1928-9": {"Total Votes": 97408.0, "Parties": ["sveriges socialdemokratistiska arbatereparti", "h\u00f6gerpartiet", "bondef\u00f6rbundet", "frisinnade folkpartiet", "sveriges kommunistiska parti", "sveriges liberale parti"], "Percent": [0.42324039093298294, 0.18698669513797633, 0.16142411300919843, 0.11038107752956636, 0.1011005256241787, 0.01686719776609724]}, "1911-9": {"Total Votes": 0, "Parties": [], "Percent": []}, "1964-9": {"Total Votes": 158701.0, "Parties": ["sveriges socialdemokratistiska arbatereparti", "centerpartiet", "folkpartiet", "sveriges kommunistiska parti", "h\u00f6gerpartiet", "kristen demokratisk samlig", "others"], "Percent": [0.5171864071429921, 0.1723303570865968, 0.11895325171233956, 0.08156848413053477, 0.07429694834941179, 0.03560784116042117, 5.6710417703732176e-05]}, "1920-9": {"Total Votes": 0, "Parties": [], "Percent": []}, "1944-9": {"Total Votes": 124452.0, "Parties": ["sveriges socialdemokratistiska arbatereparti", "bondef\u00f6rbundet", "sveriges kommunistiska parti", "folkpartiet", "h\u00f6gerpartiet", "others"], "Percent": [0.49582168225500595, 0.15356121235496417, 0.14522064731784143, 0.10525343104168676, 0.09831099540385048, 0.001832031626651239]}, "1899-0": {"Total Votes": 0, "Parties": [], "Percent": []}, "1960-9": {"Total Votes": 165582.0,