{"1921-9": {"Total Votes": 15467.0, "Parties": ["bondef\u00f6rbundet", "h\u00f6gerpartiet", "liberala", "sveriges socialdemokratistiska arbatereparti", "others"], "Percent": [0.4843214585892545, 0.21090062714165642, 0.15523372341113337, 0.14902696062584858, 0.0005172302321070667]}, "1976-9": {"Total Votes": 36335.0, "Parties": ["sveriges socialdemokratistiska arbatereparti", "centerpartiet", "moderata samlingspartiet", "folkpartiet", "v\u00e4nsterpartiet kommunisterna", "others"], "Percent": [0.3741296270813265, 0.3705242878767029, 0.13339755057107472, 0.08253749827989541, 0.025622677858813815, 0.013788358332186596]}, "1878-0": {"Total Votes": 0, "Parties": [], "Percent": []}, "1905-0": {"Total Votes": 0, "Parties": [], "Percent": []}, "1917-9": {"Total Votes": 34094.0, "Parties": ["sveriges socialdemokratistiska arbatereparti", "moderata", "liberala", "bondef\u00f6rbundet", "v\u00e4nstersocialister", "others"], "Percent": [0.3790696310201208, 0.2193347803132516, 0.1946090221153282, 0.14087522731272364, 0.040564322168123425, 0.02554701707045228]}, "1908-0": {"Total Votes": 0, "Parties": [], "Percent": []}, "1893-0": {"Total Votes": 0, "Parties": [], "Percent": []}, "1875-0": {"Total Votes": 0, "Parties": [], "Percent": []}, "1896-0": {"Total Votes": 0, "Parties": [], "Percent": []}, "1970-9": {"Total Votes": 33658.0, "Parties": ["sveriges socialdemokratistiska arbatereparti", "centerpartiet", "folkpartiet", "moderata samlingspartiet", "others", "v\u00e4nsterpartiet kommunisterna"], "Percent": [0.3792857567294551, 0.33843365618872184, 0.1316180402875988, 0.11587141244280706, 0.024808366510190742, 0.009982767841226455]}, "1948-9": {"Total Votes": 31917.0, "Parties": ["sveriges socialdemokratistiska arbatereparti", "bondef\u00f6rbundet", "folkpartiet", "h\u00f6gerpartiet", "sveriges kommunistiska parti"], "Percent": [0.3524767365353887, 0.3053231820033211, 0.190149450136291, 0.14656765986778206, 0.005482971457217157]}, "1914-9": {"Total Votes": 36181.0, "Parties": ["sveriges socialdemokratistiska arbatereparti", "moderata", "liberala", "others"], "Percent": [0.4359470440286338, 0.37356623642243164, 0.1903485254691689, 0.00013819407976562283]}, "1881-0": {"Total Votes": 0, "Parties": [], "Percent": []}, "1988-9": {"Total Votes": 36362.0, "Parties": ["sveriges socialdemokratistiska arbatereparti", "centerpartiet", "moderata samlingspartiet", "folkpartiet", "milj\u00f6partiet de gr\u00f6na", "v\u00e4nsterpartiet kommunisterna", "kristdemokratiska samh\u00e4llspartiet", "others"], "Percent": [0.410483471756229, 0.24968373576810957, 0.13420603927176722, 0.07895605302238601, 0.06834057532588966, 0.04147186623398053, 0.015263186843407953, 0.0015950717782300203]}, "2002-9": {"Total Votes": 34336.0, "Parties": ["social democratic party", "centre party", "moderate party", "left party", "liberal people's party", "christian democratic party", "ecology party", "others"], "Percent": [0.40843429636533085, 0.1563082479030755, 0.14002795899347623, 0.08477982292637465, 0.07866379310344827, 0.06529589934762349, 0.05527726001863933, 0.011212721342031686]}, "1968-9": {"Total Votes": 32841.0, "Parties": ["sveriges socialdemokratistiska arbatereparti", "centerpartiet", "h\u00f6gerpartiet", "folkpartiet", "others"], "Percent": [0.4002618677872172, 0.34746201394598214, 0.13498370938765566, 0.10273743186870071, 0.014554977010444262]}, "1914-3": {"Total Votes": 37741.0, "Parties": ["moderata", "sveriges socialdemokratistiska arbatereparti", "liberala", "others"], "Percent": [0.40576561299382635, 0.36461672981638005, 0.22953816804006255, 7.948914973106172e-05]}, "1985-9": {"Total Votes": 38704.0, "Parties": ["sveriges socialdemokratistiska arbatereparti", "a + cc", "moderata samlingspartiet", "folkpartiet", "others", "v\u00e4nsterpartiet kommunisterna"], "Percent": [0.4079940057875155, 0.23780487804878048, 0.1663135593220339, 0.10148821827201322, 0.05017569243489045, 0.03622364613476643]}, "1924-9": {"Total Votes": 17203.0, "Parties": ["bondef\u00f6rbundet", "h\u00f6gerpartiet", "sveriges socialdemokratistiska arbatereparti", "frisinnade folkpartiet", "others"], "Percent": [0.40527814916003024, 0.2668139278032901, 0.16665697843399407, 0.16119281520665, 5.812939603557519e-05]}, "2006-9": {"Total Votes": 35750.0, "Parties": ["social democratic party", "moderate party", "centre party", "ecology party", "left party", "liberal people's party", "christian democratic party"], "Percent": [0.34864335664335666, 0.2158041958041958, 0.19253146853146852, 0.10111888111888112, 0.06, 0.04346853146853147, 0.038433566433566435]}, "1902-0": {"Total Votes": 0, "Parties": [], "Percent": []}, "1887-8": {"Total Votes": 1732.0, "Parties": ["elected"], "Percent": [1.0]}, "1936-9": {"Total Votes": 28222.0, "Parties": ["bondef\u00f6rbundet", "sveriges socialdemokratistiska arbatereparti", "h\u00f6gerpartiet", "folkpartiet", "others", "sveriges kommunistiska parti", "socialistiska parti"], "Percent": [0.37906597689745586, 0.3277230529374247, 0.13819006448869675, 0.1305010275671462, 0.017256041386152648, 0.004110268584792006, 0.003153568138331798]}, "1872-0": {"Total Votes": 0, "Parties": [], "Percent": []}, "1998-9": {"Total Votes": 34201.0, "Parties": ["sveriges socialdemokratistiska arbatereparti", "moderata samlingspartiet", "centerpartiet", "v\u00e4nsterpartiet", "kristdemokratiska samh\u00e4llspartiet", "milj\u00f6partiet de gr\u00f6na", "folkspartiet liberalerna", "others"], "Percent": [0.3475044589339493, 0.19215812403146107, 0.1496739861407561, 0.10795005993976785, 0.08692728282798749, 0.057191310195608316, 0.03415104821496447, 0.024443729715505395]}, "1890-0": {"Total Votes": 0, "Parties": [], "Percent": []}, "1982-9": {"Total Votes": 37646.0, "Parties": ["sveriges socialdemokratistiska arbatereparti", "centerpartiet", "moderata samlingspartiet", "folkpartiet", "v\u00e4nsterpartiet kommunisterna", "others", "kristen demokratisk samlig"], "Percent": [0.4210805928916751, 0.2747436646655687, 0.18275513998831217, 0.05054985921479042, 0.03718854592785422, 0.023561600170004783, 0.010120597141794613]}, "1991-9": {"Total Votes": 36458.0, "Parties": ["sveriges socialdemokratistiska arbatereparti", "centerpartiet", "moderata samlingspartiet", "folkspartiet liberalerna", "ny demokrati", "kristdemokratiska samh\u00e4llspartiet", "milj\u00f6partiet de gr\u00f6na", "v\u00e4nsterpartiet", "others"], "Percent": [0.36227988370179387, 0.20659388885841243, 0.16745295956991607, 0.06640517856163257, 0.06445773218497998, 0.05019474463766526, 0.042679247353118656, 0.0376872017115585, 0.0022491634209227057]}, "1973-9": {"Total Votes": 34651.0, "Parties": ["centerpartiet", "sveriges socialdemokratistiska arbatereparti", "moderata samlingspartiet", "folkpartiet", "others", "v\u00e4nsterpartiet kommunisterna"], "Percent": [0.3904072032553173, 0.36714669129318056, 0.12536434734928284, 0.0723211451328966, 0.027012207439900723, 0.01774840552942195]}, "1928-9": {"Total Votes": 21749.0, "Parties": ["bondef\u00f6rbundet", "h\u00f6gerpartiet", "frisinnade folkpartiet", "sveriges socialdemokratistiska arbatereparti"], "Percent": [0.429123178077153, 0.22065382316428342, 0.17945652673686147, 0.17076647202170214]}, "1911-9": {"Total Votes": 28334.0, "Parties": ["sveriges socialdemokratistiska arbatereparti", "moderata", "liberala", "others"], "Percent": [0.4000141173148867, 0.3050751747017717, 0.2947342415472577, 0.00017646643608385686]}, "1964-9": {"Total Votes": 29421.0, "Parties": ["sveriges socialdemokratistiska arbatereparti", "centerpartiet", "h\u00f6gerpartiet", "folkpartiet", "others"], "Percent": [0.3946160905475681, 0.3501580503721831, 0.14448863057000103, 0.11070323918289657, 3.398932735121172e-05]}, "1920-9": {"Total Votes": 32225.0, "Parties": ["sveriges socialdemokratistiska arbatereparti", "h\u00f6gerpartiet", "liberala", "bondef\u00f6rbundet", "jordbrukarnas riksf\u00f6rbund", "v\u00e4nstersocialister", "others"],