{"1921-9": {"Total Votes": 37106.0, "Parties": ["liberala", "bondef\u00f6rbundet", "sveriges kommunistiska parti", "sveriges socialdemokratistiska arbatereparti", "h\u00f6gerpartiet", "others"], "Percent": [0.3444995418530696, 0.19066997251118417, 0.15816849027111518, 0.15469196356384413, 0.15191613216191452, 5.389963887241955e-05]}, "1976-9": {"Total Votes": 93009.0, "Parties": ["sveriges socialdemokratistiska arbatereparti", "centerpartiet", "moderata samlingspartiet", "folkpartiet", "v\u00e4nsterpartiet kommunisterna", "others"], "Percent": [0.47145975120687245, 0.3112817039211259, 0.07778817103721146, 0.06875678697760432, 0.0374694921996796, 0.03324409465750626]}, "1878-0": {"Total Votes": 0, "Parties": [], "Percent": []}, "1905-0": {"Total Votes": 0, "Parties": [], "Percent": []}, "1917-9": {"Total Votes": 18189.0, "Parties": ["liberala", "moderata", "v\u00e4nstersocialister", "sveriges socialdemokratistiska arbatereparti", "bondef\u00f6rbundet", "others"], "Percent": [0.44526911869811425, 0.20089064819396338, 0.17499587662873167, 0.14035955797460004, 0.0384298202210127, 5.4978283577986696e-05]}, "1908-0": {"Total Votes": 0, "Parties": [], "Percent": []}, "1893-0": {"Total Votes": 0, "Parties": [], "Percent": []}, "1875-0": {"Total Votes": 0, "Parties": [], "Percent": []}, "1896-0": {"Total Votes": 0, "Parties": [], "Percent": []}, "1970-9": {"Total Votes": 82046.0, "Parties": ["sveriges socialdemokratistiska arbatereparti", "centerpartiet", "folkpartiet", "moderata samlingspartiet", "others", "v\u00e4nsterpartiet kommunisterna"], "Percent": [0.4874704434097945, 0.24070643297662286, 0.11212003022694586, 0.08603710113838578, 0.042183653072666555, 0.03148233917558443]}, "1948-9": {"Total Votes": 73977.0, "Parties": ["sveriges socialdemokratistiska arbatereparti", "folkpartiet", "bondef\u00f6rbundet", "h\u00f6gerpartiet", "sveriges kommunistiska parti", "others"], "Percent": [0.5143490544358381, 0.18119145139705584, 0.16748448842207714, 0.09755734890574097, 0.039404139124322425, 1.3517714965462239e-05]}, "1914-9": {"Total Votes": 17586.0, "Parties": ["liberala", "sveriges socialdemokratistiska arbatereparti", "moderata", "others"], "Percent": [0.4720232002729444, 0.30979187990446944, 0.21812805640850677, 5.6863414079381326e-05]}, "1881-0": {"Total Votes": 0, "Parties": [], "Percent": []}, "1988-9": {"Total Votes": 86513.0, "Parties": ["sveriges socialdemokratistiska arbatereparti", "centerpartiet", "moderata samlingspartiet", "folkpartiet", "v\u00e4nsterpartiet kommunisterna", "milj\u00f6partiet de gr\u00f6na", "kristdemokratiska samh\u00e4llspartiet", "others"], "Percent": [0.5001676048686324, 0.18220383063816997, 0.1052558575011848, 0.08702738316784761, 0.05492816108561719, 0.04977286650561187, 0.019453723717822755, 0.0011905725151133357]}, "2002-9": {"Total Votes": 76865.0, "Parties": ["social democratic party", "centre party", "left party", "moderate party", "liberal people's party", "ecology party", "christian democratic party", "others"], "Percent": [0.44566447667989334, 0.1522799713783907, 0.11018018604046055, 0.09877057178169518, 0.07245170103428088, 0.0516099655239706, 0.05040005203928966, 0.018643075522019124]}, "1968-9": {"Total Votes": 81262.0, "Parties": ["sveriges socialdemokratistiska arbatereparti", "centerpartiet", "folkpartiet", "h\u00f6gerpartiet", "others", "v\u00e4nsterpartiet kommunisterna"], "Percent": [0.5298663581994044, 0.20511432157712092, 0.10847628657921292, 0.10831631020649259, 0.0302847579434422, 0.017941965494326993]}, "1914-3": {"Total Votes": 17578.0, "Parties": ["liberala", "moderata", "sveriges socialdemokratistiska arbatereparti", "others"], "Percent": [0.5713960632608943, 0.21595175787916715, 0.2120832859255888, 0.0005688929343497553]}, "1985-9": {"Total Votes": 93104.0, "Parties": ["sveriges socialdemokratistiska arbatereparti", "a + cc", "moderata samlingspartiet", "folkpartiet", "v\u00e4nsterpartiet kommunisterna", "others"], "Percent": [0.5059610757862175, 0.1938262588073552, 0.1343551297473793, 0.09074798075270665, 0.04565861831929885, 0.029450936587042446]}, "1924-9": {"Total Votes": 38503.0, "Parties": ["sveriges socialdemokratistiska arbatereparti", "frisinnade folkpartiet", "h\u00f6gerpartiet", "bondef\u00f6rbundet", "others", "kilbomskommunister", "sveriges liberale parti"], "Percent": [0.27434225904474974, 0.24634444069293301, 0.1724800664883256, 0.15191024076046022, 0.08531802716671429, 0.04262005558008467, 0.026984910266732463]}, "2006-9": {"Total Votes": 78018.0, "Parties": ["social democratic party", "moderate party", "centre party", "ecology party", "left party", "liberal people's party", "christian democratic party"], "Percent": [0.40147145530518596, 0.1762798328590838, 0.16805096259837474, 0.09238893588659028, 0.08310902612217694, 0.0413494321823169, 0.03735035504627137]}, "1902-0": {"Total Votes": 0, "Parties": [], "Percent": []}, "1887-8": {"Total Votes": 1027.0, "Parties": ["elected"], "Percent": [1.0]}, "1936-9": {"Total Votes": 56077.0, "Parties": ["sveriges socialdemokratistiska arbatereparti", "h\u00f6gerpartiet", "folkpartiet", "bondef\u00f6rbundet", "sveriges kommunistiska parti", "socialistiska parti", "others"], "Percent": [0.5002585730335075, 0.18155393476826506, 0.14895589992331973, 0.13181874921982276, 0.025143998430729175, 0.00768586051322289, 0.004582984111132907]}, "1872-0": {"Total Votes": 0, "Parties": [], "Percent": []}, "1998-9": {"Total Votes": 81025.0, "Parties": ["sveriges socialdemokratistiska arbatereparti", "v\u00e4nsterpartiet", "moderata samlingspartiet", "centerpartiet", "kristdemokratiska samh\u00e4llspartiet", "milj\u00f6partiet de gr\u00f6na", "folkspartiet liberalerna", "others"], "Percent": [0.4126627584078988, 0.1520271521135452, 0.1376858994137612, 0.12103671706263498, 0.07637149028077754, 0.056673866090712746, 0.027707497685899415, 0.015834618944770132]}, "1890-0": {"Total Votes": 0, "Parties": [], "Percent": []}, "1982-9": {"Total Votes": 92758.0, "Parties": ["sveriges socialdemokratistiska arbatereparti", "centerpartiet", "moderata samlingspartiet", "v\u00e4nsterpartiet kommunisterna", "folkpartiet", "others", "kristen demokratisk samlig"], "Percent": [0.5199551521162595, 0.22608292546195477, 0.13610685870760472, 0.04616313417710602, 0.03927424049677656, 0.01699044826322258, 0.015427240777075833]}, "1991-9": {"Total Votes": 87337.0, "Parties": ["sveriges socialdemokratistiska arbatereparti", "centerpartiet", "moderata samlingspartiet", "folkspartiet liberalerna", "ny demokrati", "v\u00e4nsterpartiet", "kristdemokratiska samh\u00e4llspartiet", "milj\u00f6partiet de gr\u00f6na", "others"], "Percent": [0.4488475674685414, 0.16830209418688527, 0.13328829705623046, 0.0669704707054284, 0.05013911629664403, 0.04645224818805317, 0.046417898485178105, 0.03334211159073474, 0.006240196022304407]}, "1973-9": {"Total Votes": 88441.0, "Parties": ["sveriges socialdemokratistiska arbatereparti", "centerpartiet", "moderata samlingspartiet", "folkpartiet", "v\u00e4nsterpartiet kommunisterna", "others"], "Percent": [0.4725297090715844, 0.2983797107676304, 0.07882090885449057, 0.07164098099297837, 0.04080686559401183, 0.0378218247193044]}, "1928-9": {"Total Votes": 47667.0, "Parties": ["sveriges socialdemokratistiska arbatereparti", "h\u00f6gerpartiet", "frisinnade folkpartiet", "bondef\u00f6rbundet", "sveriges kommunistiska parti", "sveriges liberale parti", "others"], "Percent": [0.3444731155726184, 0.2344808777560996, 0.22965573667317013, 0.13082425997021, 0.05026538275956112, 0.010279648394067174, 2.0978874273606477e-05]}, "1911-9": {"Total Votes": 14671.0, "Parties": ["liberala", "moderata", "sveriges socialdemokratistiska arbatereparti", "others"], "Percent": [0.6892509031422533, 0.17946970213346058, 0.13114307136527845, 0.00013632335900756593]}, "1964-9": {"Total Votes": 73542.0, "Parties": ["sveriges socialdemokratistiska arbatereparti", "centerpartiet", "folkpartiet", "h\u00f6gerpartiet", "sveriges kommunistiska parti", "others"],