{"1997-5": {"Total Votes": 4803.0, "Parties": ["others"], "Percent": [1.0]}, "2002-6": {"Total Votes": 25954.0, "Parties": ["rassemblement d\u00e9mocratique\u00a0 du peuple camerounais", "mouvement d\u00e9mocratique pour la d\u00e9fense de la r\u00e9publique"], "Percent": [0.9231332357247438, 0.07686676427525622]}}