{"1997-5": {"Total Votes": 634593.0, "Parties": ["rassemblement d\u00e9mocratique\u00a0 du peuple camerounais", "union nationale pour la d\u00e9mocratie et le progr\u00e8s", "social democratic front", "others", "union des populations du cameroun - ndeh ntumazah"], "Percent": [0.565950144423276, 0.2269738241676161, 0.12380060920936727, 0.07828639773839297, 0.0049890244613476666]}, "2002-6": {"Total Votes": 461249.0, "Parties": ["rassemblement d\u00e9mocratique\u00a0 du peuple camerounais", "social democratic front", "union nationale pour la d\u00e9mocratie et le progr\u00e8s", "others", "alliance pour la d\u00e9mocratie et le d\u00e9veloppement du cameroun", "mouvement progressiste"], "Percent": [0.7158497904602502, 0.20439068702587973, 0.03830252206508849, 0.023757233078012092, 0.009842839767674293, 0.007856927603095075]}}