{"1997-5": {"Total Votes": 214797.0, "Parties": ["social democratic front", "rassemblement d\u00e9mocratique\u00a0 du peuple camerounais", "union nationale pour la d\u00e9mocratie et le progr\u00e8s", "others"], "Percent": [0.3825193089288957, 0.3386825700545166, 0.1956451905752874, 0.08315293044130039]}, "2002-6": {"Total Votes": 80191.0, "Parties": ["social democratic front", "union nationale pour la d\u00e9mocratie et le progr\u00e8s", "rassemblement d\u00e9mocratique\u00a0 du peuple camerounais", "others"], "Percent": [0.5128505692658777, 0.29459665049693856, 0.13664875110673266, 0.05590402913045105]}}