{"1997-5": {"Total Votes": 294855.0, "Parties": ["rassemblement d\u00e9mocratique\u00a0 du peuple camerounais", "social democratic front", "others", "union nationale pour la d\u00e9mocratie et le progr\u00e8s", "mouvement pour la d\u00e9mocratie et le progr\u00e8s", "alliance nationale pour la d\u00e9mocratie et le progr\u00e8s"], "Percent": [0.6371402892947381, 0.19382747452137494, 0.07672584829831612, 0.04069797018873684, 0.027271031523969407, 0.024337386172864628]}, "2002-6": {"Total Votes": 232473.0, "Parties": ["rassemblement d\u00e9mocratique\u00a0 du peuple camerounais", "social democratic front", "union nationale pour la d\u00e9mocratie et le progr\u00e8s", "mouvement d\u00e9mocratique pour la d\u00e9fense de la r\u00e9publique", "others", "la nationale"], "Percent": [0.6753601493506773, 0.14057546467761847, 0.09430772605851001, 0.037582859084710915, 0.036455846485398305, 0.015717954343085004]}}