{"1997-5": {"Total Votes": 47139.0, "Parties": ["others", "union nationale pour la d\u00e9mocratie et le progr\u00e8s"], "Percent": [0.640488767262776, 0.35951123273722396]}, "2002-6": {"Total Votes": 103.0, "Parties": ["others"], "Percent": [1.0]}}