{"2005-5": {"Total Votes": 37951.0, "Parties": ["dominica labour party", "united workers' party", "dominica freedom party", "others"], "Percent": [0.5201707464888936, 0.4365892861848173, 0.03146162156464915, 0.01177834576164001]}, "1995-6": {"Total Votes": 37055.0, "Parties": ["dominica freedom party", "united workers' party", "dominica labour party"], "Percent": [0.35773849682903786, 0.3452165699635677, 0.29704493320739445]}, "2000-1": {"Total Votes": 35650.0, "Parties": ["united workers' party", "dominica labour party", "dominica freedom party"], "Percent": [0.4327629733520337, 0.43085553997194953, 0.13638148667601682]}}