{"2007-8": {"Total Votes": 1486714.0, "Parties": ["sierra leone people's party", "all people's congress", "people's movement for democratic change", "coalition peoples party", "united national people's party", "national democratic alliance", "Unknown", "independent", "peace and liberation party"], "Percent": [0.383964905153244, 0.3821615993392138, 0.11914800022062078, 0.061804758682571084, 0.035787649810252675, 0.01713308679409759, 0.0, 0.0, 0.0]}}