{"1969-12": {"Total Votes": 2377.0, "Parties": ["People\u2019s United Party", "National Independence Party - People\u2019s Development Movement", "Independent"], "Percent": [0.5056794278502313, 0.4514093395035759, 0.04291123264619268]}, "1993-6": {"Total Votes": 16982.0, "Parties": ["United Democratic Party", "People\u2019s United Party", "Independent"], "Percent": [0.5, 0.49805676598751625, 0.0019432340124838064]}, "2012-3": {"Total Votes": 29732.0, "Parties": ["United Democratic Party", "People\u2019s United Party", "Independent"], "Percent": [0.5225346428090947, 0.4710413023005515, 0.006424054890353827]}, "2003-3": {"Total Votes": 27561.0, "Parties": ["United Democratic Party", "People\u2019s United Party", "Independent"], "Percent": [0.5097420267769674, 0.48702877254090926, 0.0032292006821232904]}, "1957-3": {"Total Votes": 818.0, "Parties": ["People\u2019s United Party", "Honduran Independent Party", "National Party"], "Percent": [0.6393643031784841, 0.27506112469437655, 0.08557457212713937]}, "2008-2": {"Total Votes": 27211.0, "Parties": ["United Democratic Party", "People\u2019s United Party", "National Reform Party", "Vision Inspired by the People", "National Belizean Alliance", "Independent"], "Percent": [0.6128036455845063, 0.35570173826761237, 0.014332439087133879, 0.010547205174378009, 0.005843225166293043, 0.0007717467200764397]}, "1954-4": {"Total Votes": 1300.0, "Parties": ["People\u2019s United Party", "National Party"], "Percent": [0.8553846153846154, 0.14461538461538462]}, "1979-11": {"Total Votes": 6558.0, "Parties": ["People\u2019s United Party", "United Democratic Party"], "Percent": [0.5367490088441598, 0.4632509911558402]}, "1965-3": {"Total Votes": 2532.0, "Parties": ["People\u2019s United Party", "National Independence Party"], "Percent": [0.6259873617693523, 0.37401263823064773]}, "1961-3": {"Total Votes": 1951.0, "Parties": ["People\u2019s United Party", "Christian Democratic Party", "National Independence Party"], "Percent": [0.6791389031266017, 0.292157867760123, 0.028703229113275244]}, "1989-9": {"Total Votes": 13027.0, "Parties": ["People\u2019s United Party", "United Democratic Party"], "Percent": [0.5009595455592232, 0.4990404544407769]}, "1998-8": {"Total Votes": 22306.0, "Parties": ["People\u2019s United Party", "United Democratic Party", "Independent", "National Alliance for Belizean Rights", "People\u2019s Democratic Party"], "Percent": [0.5548731283062853, 0.424325293642966, 0.013628620102214651, 0.004438267730655429, 0.0027346902178785977]}, "1974-10": {"Total Votes": 3612.0, "Parties": ["People\u2019s United Party", "United Democratic Party"], "Percent": [0.5448504983388704, 0.45514950166112955]}, "1984-12": {"Total Votes": 10523.0, "Parties": ["United Democratic Party", "People\u2019s United Party", "Independent"], "Percent": [0.5566853558871044, 0.4303905730305046, 0.012924071082390954]}}