{"1969-12": {"Total Votes": 5237.0, "Parties": ["People\u2019s United Party", "National Independence Party - People\u2019s Development Movement"], "Percent": [0.6037807905289287, 0.39621920947107125]}, "1993-6": {"Total Votes": 7134.0, "Parties": ["United Democratic Party", "People\u2019s United Party"], "Percent": [0.5091112980095318, 0.4908887019904682]}, "2012-3": {"Total Votes": 13586.0, "Parties": ["United Democratic Party", "People\u2019s United Party", "People\u2019s National Party"], "Percent": [0.5287060209038716, 0.4619461210069189, 0.00934785808920948]}, "2003-3": {"Total Votes": 10082.0, "Parties": ["People\u2019s United Party", "United Democratic Party", "Independent"], "Percent": [0.5447331878595517, 0.40874826423328703, 0.04651854790716128]}, "1957-3": {"Total Votes": 1584.0, "Parties": ["People\u2019s United Party", "Independent"], "Percent": [0.5795454545454546, 0.4204545454545455]}, "2008-2": {"Total Votes": 13462.0, "Parties": ["United Democratic Party", "People\u2019s United Party", "Vision Inspired by the People", "National Reality Truth Creation Party"], "Percent": [0.5933739414648641, 0.4011291041450008, 0.0033427425345416728, 0.0021542118555935227]}, "1954-4": {"Total Votes": 2023.0, "Parties": ["People\u2019s United Party", "National Party"], "Percent": [0.6094908551655956, 0.39050914483440435]}, "1979-11": {"Total Votes": 6234.0, "Parties": ["People\u2019s United Party", "United Democratic Party"], "Percent": [0.5186076355470003, 0.4813923644529997]}, "1965-3": {"Total Votes": 6849.0, "Parties": ["People\u2019s United Party", "National Independence Party"], "Percent": [0.6094320338735582, 0.3905679661264418]}, "1961-3": {"Total Votes": 5755.0, "Parties": ["People\u2019s United Party", "National Independence Party", "Christian Democratic Party", "Independent"], "Percent": [0.6630755864465682, 0.2801042571676803, 0.054213727193744565, 0.0026064291920069502]}, "1989-9": {"Total Votes": 6759.0, "Parties": ["United Democratic Party", "People\u2019s United Party"], "Percent": [0.5342506287912414, 0.4657493712087587]}, "1998-8": {"Total Votes": 7833.0, "Parties": ["People\u2019s United Party", "United Democratic Party", "Independent", "People\u2019s Democratic Party"], "Percent": [0.5914719775309588, 0.3951231967317758, 0.008681220477467127, 0.004723605259798289]}, "1974-10": {"Total Votes": 4775.0, "Parties": ["People\u2019s United Party", "United Democratic Party", "Independent"], "Percent": [0.5097382198952879, 0.44774869109947646, 0.0425130890052356]}, "1984-12": {"Total Votes": 6128.0, "Parties": ["United Democratic Party", "People\u2019s United Party", "Christian Democratic Party"], "Percent": [0.5373694516971279, 0.4099216710182767, 0.0527088772845953]}}