{"2008-6": {"Total Votes": 155527.0, "Parties": ["VMRO-Democratic Party for Macedonian National Unity", "SUN Coalition for Europe", "Democratic Union for Integration", "Democratic Party of the Albanians", "Party for European Future", "VMRO-Democratic Party", "Democratic Union of Albanians", "Movement for National Unity of Turks", "Father's Macedonian Organization for Radical Renewal--Vardar-Egej-Pirin", "Social Democratic Party of Macedonia", "Party of Free Democrats", "Permanent Macedonian Radical Unification"], "Percent": [0.4974441736804542, 0.2514611610845705, 0.09876741659004545, 0.06357738527715445, 0.04930976614992895, 0.015013470329910562, 0.008525850816899959, 0.004121470870009709, 0.004050743600789573, 0.003812842786140027, 0.002398297401737319, 0.0015174214123592688]}, "2002-9": {"Total Votes": 187265.0, "Parties": ["Together for Macedonia", "VMRO-DPMNE+Liberal Party of Macedonia", "Democratic Union for Integration", "Democratic Party of the Albanians", "National Democratic Party", "Socialist Party of Macedonia", "Party for Democratic Prosperity", "Democratic Alternative", "Independent", "Democratic Union", "Democratic Center and the Party of the Greens", "Social Democratic Party of Macedonia", "Coalition VMRO-R", "VMRO-Macedonian", "Coalition DPMA", "People's Movement of Macedonia", "Communist Party of Macedonia", "Movement for Reconstruction of Macedonia and Party of Pensioners of the Republic of Macedonia", "Macedonian Alliance and Macedonian People's Party", "Renaissance and Unification of Macedonian National Interests", "All Macedonian Workers' Party", "Democratic Party Go Macedonia-Forza", "Progressive Party", "New Democracy", "Party of Justice", "National Will"], "Percent": [0.42084212212639843, 0.30879769310869626, 0.10125757616212319, 0.04560916348490108, 0.017141483993271568, 0.01694924305129095, 0.016196299361866874, 0.015304514992123461, 0.01252770138573679, 0.008084799615518116, 0.0056978079192588045, 0.005334686139962086, 0.00523322564280565, 0.004966224334499239, 0.004490962005713828, 0.0020879502309561317, 0.001975809681467439, 0.001575307719007823, 0.0015699676928416948, 0.0010519851547272582, 0.0007315835847595654, 0.0006087629829386163, 0.0005767228259418471, 0.0005286625904466932, 0.00046992230261928283, 0.00038982191012735965]}, "2006-7": {"Total Votes": 151685.0, "Parties": ["VMRO-Democratic Party for Macedonian National Unity", "Social Democratic Union of Macedonia", "DUI+PDP+DLB", "VMRO-People\u2019s Party", "New Social Democratic Party", "Democratic Party of the Albanians", "Party for European Future", "Social Democratic Party of Macedonia", "Democratic Renewal of Macedonia", "Party for Economic Renewal", "Agricultural People's Party of Macedonia", "Democratic Alternative", "National Democratic Party", "Union of Tito's Left Forces", "League for Democracy", "Permanent Macedonian Radical Unification", "Macedonian Party", "Democratic-Republican Union of Macedonia", "New Democratic Forces-Democratic Alliance of Albanians", "Independent", "Leftist Forces of Macedonia", "United Macedonians"], "Percent": [0.3669248772126446, 0.24664271351814615, 0.08849919240531365, 0.07249892870092627, 0.05980156244849524, 0.049846721824834364, 0.04258166595246728, 0.017351748689718824, 0.012532551010317434, 0.009829581039654547, 0.009822988429970004, 0.005920163496720176, 0.003032600454890068, 0.0028282295546692158, 0.002432672973596598, 0.002103042489369417, 0.0020766720506312426, 0.001780004614826779, 0.0010548175495269803, 0.0010284471107888057, 0.0009163727461515641, 0.000494445726340772]}, "2011-6": {"Total Votes": 181175.0, "Parties": ["VMRO-Democratic Party for Macedonian National Unity", "Social Democratic Union of Macedonia", "Democratic Union for Integration", "Democratic Party of the Albanians", "VMRO-People\u2019s Party", "Demokracia e Re-Party for New Democracy", "National Democratic Revival", "Liberal Democratic Party", "United for Macedonia", "Party of United Democrats of Macedonia", "Political Party Dignity", "Social Democratic Union", "Democratic Right", "Social Democratic Party of Macedonia"], "Percent": [0.38647164343866425, 0.35868083344832347, 0.08274872360976956, 0.04155650614047192, 0.03510970056575134, 0.023303435904512212, 0.020201462674210018, 0.017971574444597765, 0.013920242859114116, 0.00946046639988961, 0.007048433834690217, 0.0012474127225058644, 0.0011977369946184627, 0.0010818269628811922]}}