{"2008-6": {"Total Votes": 171623.0, "Parties": ["VMRO-Democratic Party for Macedonian National Unity", "SUN Coalition for Europe", "Democratic Union for Integration", "Social Democratic Party of Macedonia", "Party of Free Democrats", "Father's Macedonian Organization for Radical Renewal--Vardar-Egej-Pirin", "Union of Tito's Left Forces", "Permanent Macedonian Radical Unification", "Democratic Party of the Albanians", "Movement for National Unity of Turks", "Radical Party of the Serbs in Macedonia"], "Percent": [0.6534963262499781, 0.29959853865740604, 0.01579042436037128, 0.005995699877056106, 0.005815071406513113, 0.004999329926641534, 0.004317603118463143, 0.003344540067473474, 0.0032280055703489624, 0.0018645519539921805, 0.001549908811756]}, "2002-9": {"Total Votes": 206173.0, "Parties": ["Together for Macedonia", "VMRO-DPMNE+Liberal Party of Macedonia", "Socialist Party of Macedonia", "New Democracy", "Democratic Alternative", "Democratic Union", "Coalition VMRO-R", "Democratic Union for Integration", "VMRO-Macedonian", "Democratic Party of the Albanians", "Democratic Center and the Party of the Greens", "Communist Party of Macedonia", "Party for Full Emancipation of Romas in Macedonia", "Macedonian Alliance and Macedonian People's Party", "Republican Party of Macedonia", "MAAK-The Only Macedonian Option", "Union of Romas from Macedonia", "Coalition PDAM", "Movement for Reconstruction of Macedonia and Party of Pensioners of the Republic of Macedonia", "People's Movement of Macedonia", "Renaissance and Unification of Macedonian National Interests", "National Will", "Progressive Party"], "Percent": [0.4845687844674133, 0.3585387029339438, 0.04063092645496743, 0.017393160113108895, 0.014308372095279208, 0.013289810013920348, 0.011475799449976476, 0.010074064014201665, 0.00749370674142589, 0.006853467718857464, 0.0051219121805474045, 0.0036910749710194835, 0.0036134702410111894, 0.00346311107662012, 0.003089638313455205, 0.002624009933405441, 0.0026046087509033677, 0.002531854316520592, 0.0025124531340185185, 0.0020371241627177177, 0.0018770644070756112, 0.0015569448957913985, 0.0006499396138194623]}, "2006-7": {"Total Votes": 168313.0, "Parties": ["VMRO-Democratic Party for Macedonian National Unity", "Social Democratic Union of Macedonia", "VMRO-People\u2019s Party", "New Social Democratic Party", "Agricultural People's Party of Macedonia", "Social Democratic Party of Macedonia", "Democratic Renewal of Macedonia", "DUI+PDP+DLB", "Party for Economic Renewal", "Democratic Alternative", "Democratic-Republican Union of Macedonia", "Union of Tito's Left Forces", "Democratic Party of the Albanians", "Macedonian Party", "Movement for National Unity of Turks", "Father's Macedonian Organization for Radical Renewal--Vardar-Egej-Pirin", "League for Democracy", "Permanent Macedonian Radical Unification", "United Macedonians", "Leftist Forces of Macedonia"], "Percent": [0.41709196556415723, 0.27961595361023805, 0.09096742378782388, 0.07330390403593305, 0.026462602413360823, 0.0211748349800669, 0.016291076743923525, 0.016077189521902645, 0.0156731803247521, 0.011846975575267508, 0.006909745533618912, 0.00651761895991397, 0.003956913607386239, 0.003855911308098602, 0.0022161092726052057, 0.0020081633623071304, 0.001883395816128285, 0.0015269171127601552, 0.0014615626838093314, 0.0011585557859464214]}, "2011-6": {"Total Votes": 201969.0, "Parties": ["VMRO-Democratic Party for Macedonian National Unity", "Social Democratic Union of Macedonia", "VMRO-People\u2019s Party", "Democratic Union for Integration", "United for Macedonia", "Liberal Democratic Party", "Political Party Dignity", "Party of United Democrats of Macedonia", "Social Democratic Party of Macedonia", "Social Democratic Union", "Democratic Party of the Albanians", "Democratic Right"], "Percent": [0.5071570389515223, 0.3631695953339374, 0.038718813283226634, 0.03085622050908803, 0.020824978090697086, 0.015215206294035223, 0.010803638182097253, 0.0045799107783867825, 0.0032826819957518234, 0.00238650485965668, 0.0022379672127900816, 0.0007674445088107581]}}