{"1994-11": {"Total Votes": 46275.0, "Parties": ["Partido Colorado", "Partido Nacional", "Partido Frente Amplio", "Partido Nuevo Espacio", "Partido Verde Eto-Ecologista", "Partido del Sol", "Partido Uni\u00f3n C\u00edvica", "Partido Democrata Laboral", "Partido de los Trabajadores", "Partido Alianza Oriental", "Partido Azul", "Partido Movimiento Justiciero", "Partido Movimiento Progresista", "Partido Republicano", "Partido Seguridad Social"], "Percent": [0.44032414910858997, 0.38934629929767695, 0.13542949756888167, 0.03232847109670448, 0.0019665045921123717, 0.0004105888708806051, 0.00012965964343598056, 4.321988114532685e-05, 2.1609940572663425e-05, 0.0, 0.0, 0.0, 0.0, 0.0, 0.0]}, "1954-11": {"Total Votes": 26514.0, "Parties": ["Partido Colorado", "Partido Nacional", "Partido Nacional Independiente", "Partido Uni\u00f3n C\u00edvica del Uruguay", "Partido Comunista", "Partido Socialista", "Partido Frente Anticolegialista del Pueblo", "Partido Obrero"], "Percent": [0.5125216866561062, 0.2684242287093611, 0.1852983329561741, 0.020781473938296748, 0.006939729953986573, 0.006034547786075281, 0.0, 0.0]}, "1962-11": {"Total Votes": 32408.0, "Parties": ["Partido Nacional", "Partido Colorado", "Partido Dem\u00f3crata Cristiano", "Partido Uni\u00f3n Patri\u00f3tica", "Partido Frente Izquierda de Liberaci\u00f3n", "Partido Movimiento Progresista", "Partido Federal", "Partido Laborista", "Partido Movimiento Revolucionario Oriental", "Partido Obrero Revolucionario", "Partido de los Trabajadores", "Partido del Sol"], "Percent": [0.5346210812145149, 0.43550975067884473, 0.01150950382621575, 0.009287830165391262, 0.008979264379165639, 9.256973586768699e-05, 0.0, 0.0, 0.0, 0.0, 0.0, 0.0]}, "1971-11": {"Total Votes": 42502.0, "Parties": ["Partido Nacional", "Partido Colorado", "Partido Dem\u00f3crata Cristiano", "Partido Uni\u00f3n Radical Cristiana", "Partido Jubilados y Pensionistas", "Partido Juventud por el Desarrollo Oriental", "Partido Movimiento Justiciero"], "Percent": [0.48461248882405533, 0.4526139946355466, 0.061479459790127526, 0.0012940567502705755, 0.0, 0.0, 0.0]}, "1966-11": {"Total Votes": 32772.0, "Parties": ["Partido Colorado", "Partido Nacional", "Partido Frente Izquierda de Liberaci\u00f3n", "Partido Dem\u00f3crata Cristiano", "Partido Movimiento C\u00edvico Cristiano", "Partido Socialista", "Partido Uni\u00f3n Patri\u00f3tica", "Partido Agrario y del Trabajo", "Partido Federal", "Partido Liberal", "Partido del Sol"], "Percent": [0.49981691688026364, 0.47485658488953986, 0.014005858659831564, 0.005736604418405956, 0.0030513853289393386, 0.0024105944098620773, 0.00012205541315757354, 0.0, 0.0, 0.0, 0.0]}, "2004-10": {"Total Votes": 50324.0, "Parties": ["Encuentro Progresista-Frente Amplio-Nueva Mayor\u00eda", "Partido Nacional", "Partido Colorado", "Partido Independiente", "Partido Intransigente", "Partido Laboral", "Partido de los Trabajadores"], "Percent": [0.45463397186233206, 0.4013194499642318, 0.12983864557666322, 0.01098879262379779, 0.0032191399729751212, 0.0, 0.0]}, "1989-11": {"Total Votes": 45515.0, "Parties": ["Partido Nacional", "Partido Colorado", "Partido Frente Amplio", "Partido Por el Gobierno del Pueblo", "Partido Verde Eto-Ecologista", "Partido de los Trabajadores", "Partido Convergencia", "Partido Movimiento Justiciero"], "Percent": [0.5082719982423377, 0.3901570910688784, 0.060463583434032735, 0.040558057783148416, 0.00046138635614632537, 8.788311545644293e-05, 0.0, 0.0]}, "1958-11": {"Total Votes": 29111.0, "Parties": ["Partido Nacional", "Partido Colorado", "Uni\u00f3n Dem\u00f3crata Reformista", "Partido Uni\u00f3n C\u00edvica del Uruguay", "Partido Socialista", "Partido Comunista", "Movimiento Renovador", "Partido Clases Pasivas y S. Social", "Partido Laborista", "Partido Obrero Revolucionario", "Partido Obrero Sindical"], "Percent": [0.5721548555528838, 0.33440967331936383, 0.0631719968396826, 0.01497715640136031, 0.008175603723678334, 0.007110714163031157, 0.0, 0.0, 0.0, 0.0, 0.0]}, "1999-10": {"Total Votes": 49396.0, "Parties": ["Partido Colorado", "Partido Nacional", "Encuentro Progresista-Frente Amplio", "Partido Nuevo Espacio", "Partido Uni\u00f3n C\u00edvica"], "Percent": [0.3640780630010527, 0.32034982589683375, 0.28374767187626526, 0.031055146165681433, 0.0007692930601668151]}, "1984-11": {"Total Votes": 45359.0, "Parties": ["Partido Colorado", "Partido Nacional", "Partido Dem\u00f3crata Cristiano", "Partido Intransigente", "Partido Uni\u00f3n C\u00edvica", "Partido Convergencia", "Partido Uni\u00f3n Patri\u00f3tica", "Partido de los Trabajadores"], "Percent": [0.4884807866134615, 0.37646332591106507, 0.06192817301968738, 0.06192817301968738, 0.01119954143609868, 0.0, 0.0, 0.0]}, "2009-11": {"Total Votes": 51655.0, "Parties": ["Frente Amplio", "Partido Nacional", "Partido Colorado", "Partido Independiente", "Partido Asamblea Popular"], "Percent": [0.42828380602071436, 0.34976284967573323, 0.19949666053625012, 0.017016745716774754, 0.005439938050527539]}}