{"1994-11": {"Total Votes": 54300.0, "Parties": ["Partido Nacional", "Partido Colorado", "Partido Frente Amplio", "Partido Nuevo Espacio", "Partido Verde Eto-Ecologista", "Partido Uni\u00f3n C\u00edvica", "Partido de los Trabajadores", "Partido del Sol", "Partido Alianza Oriental", "Partido Azul", "Partido Democrata Laboral", "Partido Movimiento Justiciero", "Partido Movimiento Progresista", "Partido Republicano", "Partido Seguridad Social"], "Percent": [0.381841620626151, 0.36994475138121546, 0.2176427255985267, 0.026335174953959484, 0.0031860036832412524, 0.0009392265193370166, 9.208103130755064e-05, 1.8416206261510128e-05, 0.0, 0.0, 0.0, 0.0, 0.0, 0.0, 0.0]}, "1954-11": {"Total Votes": 33099.0, "Parties": ["Partido Colorado", "Partido Nacional", "Partido Nacional Independiente", "Partido Uni\u00f3n C\u00edvica del Uruguay", "Partido Socialista", "Partido Comunista", "Partido Frente Anticolegialista del Pueblo", "Partido Obrero"], "Percent": [0.4373546028580924, 0.3763557811414242, 0.12800990966494455, 0.031481313634853014, 0.018641046557297803, 0.008157346143388018, 0.0, 0.0]}, "1962-11": {"Total Votes": 41667.0, "Parties": ["Partido Nacional", "Partido Colorado", "Partido Dem\u00f3crata Cristiano", "Partido Frente Izquierda de Liberaci\u00f3n", "Partido Uni\u00f3n Patri\u00f3tica", "Partido Movimiento Progresista", "Partido Federal", "Partido Laborista", "Partido Movimiento Revolucionario Oriental", "Partido Obrero Revolucionario", "Partido de los Trabajadores", "Partido del Sol"], "Percent": [0.5104039167686658, 0.4364365085079319, 0.026279789761681906, 0.014135886912904697, 0.01202390380876953, 0.0007199942400460796, 0.0, 0.0, 0.0, 0.0, 0.0, 0.0]}, "1971-11": {"Total Votes": 54483.0, "Parties": ["Partido Nacional", "Partido Colorado", "Partido Dem\u00f3crata Cristiano", "Partido Uni\u00f3n Radical Cristiana", "Partido Movimiento Justiciero", "Partido Jubilados y Pensionistas", "Partido Juventud por el Desarrollo Oriental"], "Percent": [0.46587008791733203, 0.4291980984894371, 0.1020868894884643, 0.002789861057577593, 5.506304718903144e-05, 0.0, 0.0]}, "1966-11": {"Total Votes": 40739.0, "Parties": ["Partido Colorado", "Partido Nacional", "Partido Dem\u00f3crata Cristiano", "Partido Frente Izquierda de Liberaci\u00f3n", "Partido Socialista", "Partido Movimiento C\u00edvico Cristiano", "Partido Agrario y del Trabajo", "Partido Federal", "Partido Liberal", "Partido Uni\u00f3n Patri\u00f3tica", "Partido del Sol"], "Percent": [0.47698765310881464, 0.46589263359434446, 0.025430177471219225, 0.023638282726625593, 0.006062986327597633, 0.001988266771398414, 0.0, 0.0, 0.0, 0.0, 0.0]}, "2004-10": {"Total Votes": 59574.0, "Parties": ["Encuentro Progresista-Frente Amplio-Nueva Mayor\u00eda", "Partido Nacional", "Partido Colorado", "Partido Independiente", "Partido Intransigente", "Partido Laboral", "Partido de los Trabajadores"], "Percent": [0.44200490146708293, 0.4300030214523114, 0.11775271091415718, 0.009635075704166248, 0.0006042904622822037, 0.0, 0.0]}, "1989-11": {"Total Votes": 54514.0, "Parties": ["Partido Nacional", "Partido Colorado", "Partido Frente Amplio", "Partido Por el Gobierno del Pueblo", "Partido Verde Eto-Ecologista", "Partido de los Trabajadores", "Partido Convergencia", "Partido Movimiento Justiciero"], "Percent": [0.5004952856147045, 0.34758043805261035, 0.10120336060461532, 0.047584106834941485, 0.0030084015115383203, 0.00012840738159005025, 0.0, 0.0]}, "1958-11": {"Total Votes": 37037.0, "Parties": ["Partido Nacional", "Partido Colorado", "Partido Uni\u00f3n C\u00edvica del Uruguay", "Partido Socialista", "Partido Comunista", "Movimiento Renovador", "Partido Clases Pasivas y S. Social", "Partido Laborista", "Partido Obrero Revolucionario", "Partido Obrero Sindical", "Uni\u00f3n Dem\u00f3crata Reformista"], "Percent": [0.5659205659205659, 0.3764073764073764, 0.027513027513027512, 0.020304020304020304, 0.009855009855009854, 0.0, 0.0, 0.0, 0.0, 0.0, 0.0]}, "1999-10": {"Total Votes": 57852.0, "Parties": ["Partido Colorado", "Encuentro Progresista-Frente Amplio", "Partido Nacional", "Partido Nuevo Espacio", "Partido Uni\u00f3n C\u00edvica"], "Percent": [0.37504321371776256, 0.333143192975178, 0.25712162068727096, 0.03374127082901196, 0.000950701790776464]}, "1984-11": {"Total Votes": 59903.0, "Parties": ["Partido Colorado", "Partido Nacional", "Partido Dem\u00f3crata Cristiano", "Partido Intransigente", "Partido Uni\u00f3n C\u00edvica", "Partido Uni\u00f3n Patri\u00f3tica", "Partido Convergencia", "Partido de los Trabajadores"], "Percent": [0.40235046658765006, 0.3905647463399162, 0.09468640969567467, 0.09468640969567467, 0.0173947882409896, 0.00031717944009481997, 0.0, 0.0]}, "2009-11": {"Total Votes": 61376.0, "Parties": ["Frente Amplio", "Partido Nacional", "Partido Colorado", "Partido Independiente", "Partido Asamblea Popular"], "Percent": [0.44960570907194997, 0.31116397288842546, 0.2204444734098019, 0.01454966110531804, 0.004236183524504692]}}