{"1994-11": {"Total Votes": 57454.0, "Parties": ["Partido Nacional", "Partido Colorado", "Partido Frente Amplio", "Partido Nuevo Espacio", "Partido Uni\u00f3n C\u00edvica", "Partido del Sol", "Partido Azul", "Partido Verde Eto-Ecologista", "Partido de los Trabajadores", "Partido Alianza Oriental", "Partido Democrata Laboral", "Partido Movimiento Justiciero", "Partido Movimiento Progresista", "Partido Republicano", "Partido Seguridad Social"], "Percent": [0.5051519476450725, 0.33625160998363907, 0.13402025968600967, 0.022226476833640825, 0.0007310195982873255, 0.0006439934556340725, 0.0005569673129808194, 0.00036550979914366273, 5.221568559195182e-05, 0.0, 0.0, 0.0, 0.0, 0.0, 0.0]}, "1954-11": {"Total Votes": 30575.0, "Parties": ["Partido Colorado", "Partido Nacional", "Partido Nacional Independiente", "Partido Uni\u00f3n C\u00edvica del Uruguay", "Partido Socialista", "Partido Comunista", "Partido Frente Anticolegialista del Pueblo", "Partido Obrero"], "Percent": [0.5328536385936222, 0.39290269828291086, 0.03950940310711366, 0.02331970564186427, 0.0057890433360588715, 0.0056255110384300895, 0.0, 0.0]}, "1962-11": {"Total Votes": 38792.0, "Parties": ["Partido Nacional", "Partido Colorado", "Partido Dem\u00f3crata Cristiano", "Partido Frente Izquierda de Liberaci\u00f3n", "Partido Uni\u00f3n Patri\u00f3tica", "Partido Movimiento Progresista", "Partido Obrero Revolucionario", "Partido Federal", "Partido Laborista", "Partido Movimiento Revolucionario Oriental", "Partido de los Trabajadores", "Partido del Sol"], "Percent": [0.5165240255722829, 0.4337750051557022, 0.02662920189729841, 0.012064343163538873, 0.010466075479480304, 0.0005155702206640544, 2.5778511033202723e-05, 0.0, 0.0, 0.0, 0.0, 0.0]}, "1971-11": {"Total Votes": 54818.0, "Parties": ["Partido Nacional", "Partido Colorado", "Partido Dem\u00f3crata Cristiano", "Partido Uni\u00f3n Radical Cristiana", "Partido Jubilados y Pensionistas", "Partido Juventud por el Desarrollo Oriental", "Partido Movimiento Justiciero"], "Percent": [0.5190995658360392, 0.3865701047101317, 0.0906454084424824, 0.003684921011346638, 0.0, 0.0, 0.0]}, "1966-11": {"Total Votes": 40790.0, "Parties": ["Partido Nacional", "Partido Colorado", "Partido Dem\u00f3crata Cristiano", "Partido Frente Izquierda de Liberaci\u00f3n", "Partido Socialista", "Partido Movimiento C\u00edvico Cristiano", "Partido Agrario y del Trabajo", "Partido Federal", "Partido Liberal", "Partido Uni\u00f3n Patri\u00f3tica", "Partido del Sol"], "Percent": [0.48850208384407945, 0.4611669526844815, 0.024785486638882078, 0.020911988232409903, 0.003947045844569747, 0.0006864427555773474, 0.0, 0.0, 0.0, 0.0, 0.0]}, "2004-10": {"Total Votes": 63633.0, "Parties": ["Partido Nacional", "Encuentro Progresista-Frente Amplio-Nueva Mayor\u00eda", "Partido Colorado", "Partido Independiente", "Partido Intransigente", "Partido Laboral", "Partido de los Trabajadores"], "Percent": [0.5332296135652884, 0.3338047868244464, 0.12394512281363443, 0.005861738406172897, 0.0031587383904577815, 0.0, 0.0]}, "1989-11": {"Total Votes": 56253.0, "Parties": ["Partido Nacional", "Partido Colorado", "Partido Frente Amplio", "Partido Por el Gobierno del Pueblo", "Partido Verde Eto-Ecologista", "Partido de los Trabajadores", "Partido Convergencia", "Partido Movimiento Justiciero"], "Percent": [0.5412689101025723, 0.35878975343537234, 0.06648534300392868, 0.03103834462162018, 0.002044335413222406, 0.0003733134232840915, 0.0, 0.0]}, "1958-11": {"Total Votes": 34277.0, "Parties": ["Partido Nacional", "Partido Colorado", "Partido Uni\u00f3n C\u00edvica del Uruguay", "Uni\u00f3n Dem\u00f3crata Reformista", "Partido Comunista", "Partido Socialista", "Movimiento Renovador", "Partido Clases Pasivas y S. Social", "Partido Laborista", "Partido Obrero Revolucionario", "Partido Obrero Sindical"], "Percent": [0.5250167750970038, 0.41958164366776557, 0.024477054584706948, 0.01336172943956589, 0.00881057268722467, 0.008752224523733115, 0.0, 0.0, 0.0, 0.0, 0.0]}, "1999-10": {"Total Votes": 60936.0, "Parties": ["Partido Nacional", "Partido Colorado", "Encuentro Progresista-Frente Amplio", "Partido Nuevo Espacio", "Partido Uni\u00f3n C\u00edvica"], "Percent": [0.4194728895890771, 0.32525928843376656, 0.22448142313246686, 0.027208874885125377, 0.003577523959564133]}, "1984-11": {"Total Votes": 56868.0, "Parties": ["Partido Nacional", "Partido Colorado", "Partido Dem\u00f3crata Cristiano", "Partido Intransigente", "Partido Uni\u00f3n C\u00edvica", "Partido Convergencia", "Partido Uni\u00f3n Patri\u00f3tica", "Partido de los Trabajadores"], "Percent": [0.4287296898079764, 0.4084722515298586, 0.07448828866849547, 0.07448828866849547, 0.013821481325174087, 0.0, 0.0, 0.0]}, "2009-11": {"Total Votes": 66307.0, "Parties": ["Partido Nacional", "Frente Amplio", "Partido Colorado", "Partido Independiente", "Partido Asamblea Popular"], "Percent": [0.4314024160345062, 0.3817394845189799, 0.1696804258977182, 0.014538434856048381, 0.002639238692747372]}}