{"1994-11": {"Total Votes": 35734.0, "Parties": ["Partido Nacional", "Partido Colorado", "Partido Frente Amplio", "Partido Nuevo Espacio", "Partido del Sol", "Partido Uni\u00f3n C\u00edvica", "Partido Democrata Laboral", "Partido Verde Eto-Ecologista", "Partido Alianza Oriental", "Partido Azul", "Partido Movimiento Justiciero", "Partido Movimiento Progresista", "Partido Republicano", "Partido Seguridad Social", "Partido de los Trabajadores"], "Percent": [0.5170705770414731, 0.3312531482621593, 0.12117311244193206, 0.028600212682599206, 0.0007835674707561426, 0.0006436447081211172, 0.00025186097274304585, 0.00022387642021604075, 0.0, 0.0, 0.0, 0.0, 0.0, 0.0, 0.0]}, "1954-11": {"Total Votes": 24109.0, "Parties": ["Partido Nacional", "Partido Colorado", "Partido Uni\u00f3n C\u00edvica del Uruguay", "Partido Nacional Independiente", "Partido Socialista", "Partido Comunista", "Partido Frente Anticolegialista del Pueblo", "Partido Obrero"], "Percent": [0.5304243228669792, 0.39213571695217553, 0.03455141233564229, 0.03334854203824298, 0.006014351486996557, 0.0035256543199634993, 0.0, 0.0]}, "1962-11": {"Total Votes": 29205.0, "Parties": ["Partido Nacional", "Partido Colorado", "Partido Dem\u00f3crata Cristiano", "Partido Uni\u00f3n Patri\u00f3tica", "Partido Frente Izquierda de Liberaci\u00f3n", "Partido Movimiento Progresista", "Partido Obrero Revolucionario", "Partido Federal", "Partido Laborista", "Partido Movimiento Revolucionario Oriental", "Partido de los Trabajadores", "Partido del Sol"], "Percent": [0.5802088683444616, 0.38236603321349083, 0.02263311076870399, 0.007327512412258175, 0.007293271700051361, 0.0001369628488272556, 3.42407122068139e-05, 0.0, 0.0, 0.0, 0.0, 0.0]}, "1971-11": {"Total Votes": 37170.0, "Parties": ["Partido Nacional", "Partido Colorado", "Partido Dem\u00f3crata Cristiano", "Partido Uni\u00f3n Radical Cristiana", "Partido Jubilados y Pensionistas", "Partido Juventud por el Desarrollo Oriental", "Partido Movimiento Justiciero"], "Percent": [0.5286521388216303, 0.3894538606403013, 0.08006456820016142, 0.0018294323379069142, 0.0, 0.0, 0.0]}, "1966-11": {"Total Votes": 28913.0, "Parties": ["Partido Nacional", "Partido Colorado", "Partido Dem\u00f3crata Cristiano", "Partido Frente Izquierda de Liberaci\u00f3n", "Partido Movimiento C\u00edvico Cristiano", "Partido Socialista", "Partido Uni\u00f3n Patri\u00f3tica", "Partido Agrario y del Trabajo", "Partido Federal", "Partido Liberal", "Partido del Sol"], "Percent": [0.5287241033445164, 0.4296337287725245, 0.021443641268633486, 0.01324663646110746, 0.00345865181752153, 0.003354892262995884, 0.0001383460727008612, 0.0, 0.0, 0.0, 0.0]}, "2004-10": {"Total Votes": 39855.0, "Parties": ["Partido Nacional", "Encuentro Progresista-Frente Amplio-Nueva Mayor\u00eda", "Partido Colorado", "Partido Independiente", "Partido Intransigente", "Partido Laboral", "Partido de los Trabajadores"], "Percent": [0.4881696148538452, 0.3393300715092209, 0.1534813699661272, 0.011692384895245263, 0.00732655877556141, 0.0, 0.0]}, "1989-11": {"Total Votes": 35326.0, "Parties": ["Partido Nacional", "Partido Colorado", "Partido Frente Amplio", "Partido Por el Gobierno del Pueblo", "Partido Verde Eto-Ecologista", "Partido Convergencia", "Partido Movimiento Justiciero", "Partido de los Trabajadores"], "Percent": [0.6012285568702939, 0.3050444431863217, 0.05856875955386967, 0.03323331257430787, 0.0019249278152069298, 0.0, 0.0, 0.0]}, "1958-11": {"Total Votes": 26545.0, "Parties": ["Partido Nacional", "Partido Colorado", "Partido Uni\u00f3n C\u00edvica del Uruguay", "Uni\u00f3n Dem\u00f3crata Reformista", "Partido Socialista", "Partido Comunista", "Movimiento Renovador", "Partido Clases Pasivas y S. Social", "Partido Laborista", "Partido Obrero Revolucionario", "Partido Obrero Sindical"], "Percent": [0.6334149557355434, 0.3059709926539838, 0.026558673949896403, 0.020154454699566775, 0.008137125635712941, 0.004784328498775664, 0.000979468826521002, 0.0, 0.0, 0.0, 0.0]}, "1999-10": {"Total Votes": 38591.0, "Parties": ["Partido Nacional", "Partido Colorado", "Encuentro Progresista-Frente Amplio", "Partido Nuevo Espacio", "Partido Uni\u00f3n C\u00edvica"], "Percent": [0.3807364411391257, 0.3681169184524889, 0.21883340675286983, 0.031147158663937188, 0.0011660749915783472]}, "1984-11": {"Total Votes": 36151.0, "Parties": ["Partido Nacional", "Partido Colorado", "Partido Dem\u00f3crata Cristiano", "Partido Intransigente", "Partido Uni\u00f3n C\u00edvica", "Partido Convergencia", "Partido Uni\u00f3n Patri\u00f3tica", "Partido de los Trabajadores"], "Percent": [0.49002793836961633, 0.393848026333988, 0.05098060911178114, 0.05098060911178114, 0.014162817072833393, 0.0, 0.0, 0.0]}, "2009-11": {"Total Votes": 41705.0, "Parties": ["Partido Nacional", "Frente Amplio", "Partido Colorado", "Partido Independiente", "Partido Asamblea Popular"], "Percent": [0.4272629181153339, 0.35655197218558926, 0.19227910322503297, 0.02100467569835751, 0.0029013307756863686]}}