{"1973-3": {"Total Votes": 152961.0, "Parties": ["parti communiste fran\u00e7ais", "udr (urp)", "ri (urp)", "divers r\u00e9formateurs", "parti socialiste", "divers droite", "lutte ouvri\u00e8re", "parti socialiste unifi\u00e9", "divers gaullistes"], "Percent": [0.3159759677303365, 0.22694673805741333, 0.11997175750681546, 0.10681807781068377, 0.09931943436562261, 0.08141290917292643, 0.03226966350899903, 0.010420956975961192, 0.006864494871241689]}, "1978-3": {"Total Votes": 176759.0, "Parties": ["parti communiste fran\u00e7ais", "rassemblement pour la r\u00e9publique", "ps + mrg", "union pour la d\u00e9mocratie fran\u00e7aise", "extr\u00eame gauche", "divers droite", "gaulopp", "action francaise"], "Percent": [0.3300256281151172, 0.27944828834741087, 0.16739741682177428, 0.16185880209777154, 0.030284172234511398, 0.016429149293671043, 0.009380003281303922, 0.00517653980843974]}, "1986-3": {"Total Votes": 167367.0, "Parties": ["rpr + udf", "parti communiste fran\u00e7ais", "ps + mrg", "front national", "divers droite", "extr\u00eame gauche"], "Percent": [0.3864322118458238, 0.24731876654298637, 0.23756176546153066, 0.06583137655571289, 0.04264281489182455, 0.020213064702121683]}, "1993-3": {"Total Votes": 147830.0, "Parties": ["union pour la d\u00e9mocratie fran\u00e7aise", "parti communiste fran\u00e7ais", "rassemblement pour la r\u00e9publique", "front national", "divers gauche", "divers droite", "g\u00e9n\u00e9ration \u00c9cologie", "parti socialiste", "extr\u00eame gauche", "les verts"], "Percent": [0.26764526821348844, 0.1877967936142867, 0.12882364878576744, 0.11674220388283839, 0.08262193059595481, 0.05989312047622269, 0.05465737671649869, 0.04850842183589258, 0.03392410200906446, 0.019387133869985796]}, "1988-6": {"Total Votes": 147631.0, "Parties": ["parti communiste fran\u00e7ais", "parti socialiste", "rassemblement pour la r\u00e9publique", "divers gauche", "union pour la d\u00e9mocratie fran\u00e7aise", "divers droite", "front national"], "Percent": [0.2282108771193042, 0.18095792889027373, 0.1471100243173859, 0.14382480644309123, 0.14247007742276352, 0.0806266976448036, 0.07679958816237782]}, "2002-6": {"Total Votes": 142945.0, "Parties": ["union pour un mouvement populaire", "parti socialiste", "front national", "parti communiste fran\u00e7ais", "les verts", "union pour la d\u00e9mocratie fran\u00e7aise", "lutte ouvri\u00e8re", "parti radical de gauche", "chasse, p\u00eache, nature, traditions", "divers droite", "p\u00f4le r\u00e9publicain", "mouvement national r\u00e9publicain", "mouvement pour la france", "autres \u00e9cologistes", "divers", "divers gauche", "ligue communiste r\u00e9volutionnaire"], "Percent": [0.340298716289482, 0.14721046556367834, 0.11372905663017244, 0.11212004617160447, 0.08278708594214558, 0.052565672111651335, 0.027772919654412535, 0.02404421280912239, 0.02193151212004617, 0.02054636398614852, 0.01958795340865368, 0.013578649130784567, 0.008261918919864284, 0.0050299066074364265, 0.004162440099338907, 0.0032599951030116477, 0.0031130854524467452]}, "1997-5": {"Total Votes": 138057.0, "Parties": ["rassemblement pour la r\u00e9publique", "parti communiste fran\u00e7ais", "ps + prs", "front national", "union pour la d\u00e9mocratie fran\u00e7aise", "extr\u00eame gauche", "la droite ind\u00e9pendante", "mouvement de citoyen", "divers droite", "les verts", "extr\u00eame droite"], "Percent": [0.24092222777548405, 0.21512129048146778, 0.16850286475875909, 0.14417957800039116, 0.08540675228347712, 0.045713002600375204, 0.03694850677618665, 0.03497106267701022, 0.018333007381009292, 0.009858246955967463, 4.346030987200939e-05]}, "1981-6": {"Total Votes": 159428.0, "Parties": ["parti socialiste", "parti communiste fran\u00e7ais", "rassemblement pour la r\u00e9publique", "union pour la d\u00e9mocratie fran\u00e7aise", "divers droite", "autres \u00e9cologistes", "extr\u00eame gauche", "divers gauche"], "Percent": [0.2715583209975663, 0.2553127430564267, 0.20564141806959882, 0.16140828461750759, 0.07358180495270591, 0.01859146448553579, 0.008248237448879744, 0.00565772637177911]}}