{"1973-3": {"Total Votes": 81891.0, "Parties": ["parti socialiste", "parti communiste fran\u00e7ais", "udr (urp)", "ri (urp)", "divers r\u00e9formateurs", "extr\u00eame droite", "front national", "divers droite"], "Percent": [0.3146255388260004, 0.2586853256157575, 0.1892271433979314, 0.13091792748897926, 0.046708429497747006, 0.023567913445922017, 0.023531279383570844, 0.012736442344091537]}, "1978-3": {"Total Votes": 89470.0, "Parties": ["rassemblement pour la r\u00e9publique", "ps + mrg", "parti communiste fran\u00e7ais", "union pour la d\u00e9mocratie fran\u00e7aise", "extr\u00eame gauche", "divers gauche", "gaulopp"], "Percent": [0.3631831898960546, 0.29275734883201077, 0.26525092209679224, 0.0378115569464625, 0.026578741477590255, 0.008550352073320666, 0.005867888677769085]}, "1986-3": {"Total Votes": 83381.0, "Parties": ["rpr + udf", "ps + mrg", "parti communiste fran\u00e7ais", "front national", "divers droite", "extr\u00eame gauche"], "Percent": [0.44416593708398794, 0.3682973339249949, 0.12988570537652463, 0.03962533430877538, 0.010074237536129333, 0.007951451769587796]}, "1993-3": {"Total Votes": 70660.0, "Parties": ["parti socialiste", "rassemblement pour la r\u00e9publique", "divers droite", "union pour la d\u00e9mocratie fran\u00e7aise", "parti communiste fran\u00e7ais", "front national", "extr\u00eame gauche", "g\u00e9n\u00e9ration \u00c9cologie", "divers", "les verts"], "Percent": [0.25059439569770736, 0.24922162468157372, 0.14924992923860742, 0.10450042456835551, 0.09680158505519389, 0.05338239456552504, 0.03344183413529578, 0.02180866119445231, 0.020945372204924994, 0.020053778658363997]}, "1988-6": {"Total Votes": 73084.0, "Parties": ["parti socialiste", "rassemblement pour la r\u00e9publique", "parti communiste fran\u00e7ais", "front national", "extr\u00eame gauche", "extr\u00eame droite"], "Percent": [0.43151715833835036, 0.3781265393246128, 0.1309862623830113, 0.04557769142356741, 0.011520989546275518, 0.0022713589841825846]}, "2002-6": {"Total Votes": 67704.0, "Parties": ["union pour un mouvement populaire", "parti socialiste", "divers droite", "front national", "parti communiste fran\u00e7ais", "divers", "ligue communiste r\u00e9volutionnaire", "chasse, p\u00eache, nature, traditions", "mouvement pour la france", "les verts", "lutte ouvri\u00e8re", "mouvement national r\u00e9publicain", "p\u00f4le r\u00e9publicain", "autres \u00e9cologistes"], "Percent": [0.37141084721729883, 0.3662265154200638, 0.05674701642443578, 0.0499970459647879, 0.046082949308755755, 0.0238981448658868, 0.017517428807751388, 0.016483516483516484, 0.014755405884438142, 0.014400921658986175, 0.00816790736145575, 0.006233014297530427, 0.005125251092993029, 0.0029540352120997282]}, "1997-5": {"Total Votes": 68094.0, "Parties": ["rassemblement pour la r\u00e9publique", "ps + prs", "parti communiste fran\u00e7ais", "front national", "union pour la d\u00e9mocratie fran\u00e7aise (dissident)", "les verts", "divers", "la droite ind\u00e9pendante", "divers droite", "extr\u00eame gauche", "mouvement de citoyen"], "Percent": [0.3429230181807501, 0.29766205539401414, 0.11795459218139631, 0.06565923576232854, 0.040649690134226216, 0.034746086292478044, 0.034232090933121864, 0.025714453549505096, 0.02545011307897906, 0.0141569007548389, 0.0008517637383616766]}, "1981-6": {"Total Votes": 81928.0, "Parties": ["parti socialiste", "rassemblement pour la r\u00e9publique", "parti communiste fran\u00e7ais"], "Percent": [0.4294990723562152, 0.38942730202128695, 0.1810736256224978]}}