{"1973-3": {"Total Votes": 155623.0, "Parties": ["udr (urp)", "parti communiste fran\u00e7ais", "parti socialiste", "ri (urp)", "mouvement r\u00e9formateurs", "divers r\u00e9formateurs", "divers gauche", "mouvement des radicaux de gauche", "divers droite", "lutte ouvri\u00e8re", "ligue communiste r\u00e9volutionnaire"], "Percent": [0.21349671963655759, 0.1640181721210875, 0.15199552765336743, 0.13120811191147838, 0.08669027071833856, 0.08585491861742801, 0.06981615827994576, 0.04897733625492376, 0.02802927587824422, 0.014149579432346118, 0.0057639294962826835]}, "1978-3": {"Total Votes": 190037.0, "Parties": ["union pour la d\u00e9mocratie fran\u00e7aise", "ps + mrg", "parti communiste fran\u00e7ais", "rassemblement pour la r\u00e9publique", "extr\u00eame gauche", "extr\u00eame droite", "front national", "divers droite"], "Percent": [0.3472797402611071, 0.2798928629687903, 0.1583902082226093, 0.14633992327809847, 0.037466388124417875, 0.010503217794429507, 0.010503217794429507, 0.009624441556118019]}, "1986-3": {"Total Votes": 190980.0, "Parties": ["divers droite", "ps + mrg", "front national", "rassemblement pour la r\u00e9publique", "parti communiste fran\u00e7ais", "extr\u00eame gauche"], "Percent": [0.38539114043355327, 0.35032987747408106, 0.1015446643627605, 0.08681537333752225, 0.06347261493350088, 0.01244632945858205]}, "1993-3": {"Total Votes": 178632.0, "Parties": ["front national", "union pour la d\u00e9mocratie fran\u00e7aise", "rassemblement pour la r\u00e9publique", "parti socialiste", "parti communiste fran\u00e7ais", "les verts", "divers gauche", "divers droite", "divers", "g\u00e9n\u00e9ration \u00c9cologie", "extr\u00eame droite", "extr\u00eame gauche"], "Percent": [0.19722670070312148, 0.1945676026691746, 0.17505822025169063, 0.16549106543060593, 0.060414707331273236, 0.055773881499395404, 0.05528124860047472, 0.03949460343051637, 0.028589502440772088, 0.015383581889023243, 0.006712123247794348, 0.006006762506157911]}, "1988-6": {"Total Votes": 168003.0, "Parties": ["parti socialiste", "union pour la d\u00e9mocratie fran\u00e7aise", "rassemblement pour la r\u00e9publique", "front national", "mouvement des radicaux de gauche", "parti communiste fran\u00e7ais", "divers droite", "extr\u00eame gauche"], "Percent": [0.32528585799063114, 0.2179603935644006, 0.16677678374790927, 0.10461717945512877, 0.0860401302357696, 0.06571906454051415, 0.028820913912251566, 0.0047796765533948795]}, "2002-6": {"Total Votes": 175114.0, "Parties": ["union pour un mouvement populaire", "front national", "parti socialiste", "union pour la d\u00e9mocratie fran\u00e7aise", "parti radical de gauche", "les verts", "chasse, p\u00eache, nature, traditions", "parti communiste fran\u00e7ais", "lutte ouvri\u00e8re", "p\u00f4le r\u00e9publicain", "d\u00e9mocratie lib\u00e9rale", "mouvement pour la france", "mouvement national r\u00e9publicain", "extr\u00eame gauche", "divers", "ligue communiste r\u00e9volutionnaire", "divers gauche"], "Percent": [0.3371403771257581, 0.1486231826124696, 0.13885811528490014, 0.10390945327044096, 0.0780976963578012, 0.07043982776933883, 0.02574323012437612, 0.02299073746245303, 0.017851228342679624, 0.012591797343444842, 0.012471875463983461, 0.008451637219182932, 0.006966890140137282, 0.006498623753669039, 0.004842559703964275, 0.003689025434859577, 0.000833742590541019]}, "1997-5": {"Total Votes": 166154.0, "Parties": ["front national", "ps + prs", "rassemblement pour la r\u00e9publique", "union pour la d\u00e9mocratie fran\u00e7aise", "les verts", "la droite ind\u00e9pendante", "parti communiste fran\u00e7ais", "divers droite", "autres \u00e9cologistes", "extr\u00eame gauche", "mouvement de citoyen"], "Percent": [0.22071090674916044, 0.16181975757429856, 0.15631883674181785, 0.13588598529075435, 0.08397631113304525, 0.05624300347870048, 0.05414254246060884, 0.04292403432959784, 0.038807371474656044, 0.0247541437461632, 0.024417107021197204]}, "1981-6": {"Total Votes": 172608.0, "Parties": ["parti socialiste", "union pour la d\u00e9mocratie fran\u00e7aise", "rassemblement pour la r\u00e9publique", "parti communiste fran\u00e7ais", "mouvement des radicaux de gauche", "divers droite", "front national", "extr\u00eame gauche"], "Percent": [0.37409042454579167, 0.30389669076751946, 0.16521829810901, 0.08996106785317018, 0.04752966258806081, 0.007734288097886541, 0.007658972932888394, 0.00391059510567297]}}