{"1973-3": {"Total Votes": 374623.0, "Parties": ["parti communiste fran\u00e7ais", "udr (urp)", "divers r\u00e9formateurs", "parti socialiste", "ri (urp)", "divers gauche", "centre d\u00e9mocratie et progr\u00e9s", "extr\u00eame droite", "front national", "mouvement r\u00e9formateurs", "divers droite", "r\u00e9publicains ind\u00e9pendants", "parti socialiste unifi\u00e9", "ligue communiste r\u00e9volutionnaire", "divers gaullistes", "lutte ouvri\u00e8re"], "Percent": [0.25145012452518933, 0.18245008982363603, 0.16692781809979634, 0.10664321197577296, 0.09648366491112398, 0.054849809007989365, 0.035446302015626374, 0.020941052738352957, 0.020941052738352957, 0.016945035408931112, 0.015036449977710926, 0.014454531622457778, 0.008328372790778997, 0.004324347410596787, 0.003339357167071963, 0.0014387797866121407]}, "1978-3": {"Total Votes": 465502.0, "Parties": ["rassemblement pour la r\u00e9publique", "union pour la d\u00e9mocratie fran\u00e7aise", "parti communiste fran\u00e7ais", "ps + mrg", "autres \u00e9cologistes", "gaulopp", "divers droite", "extr\u00eame gauche", "extr\u00eame droite", "front national", "action francaise", "divers gauche"], "Percent": [0.2468818608727782, 0.22439001336191897, 0.221109683739275, 0.18837727872275523, 0.039855897504199767, 0.019722793887029487, 0.015724959291259756, 0.015101975931360123, 0.011664826359500067, 0.010975248226645643, 0.005462919600775077, 0.0007325425025026745]}, "1986-3": {"Total Votes": 497382.0, "Parties": ["rpr + udf", "ps + mrg", "front national", "parti communiste fran\u00e7ais", "autres \u00e9cologistes", "les verts", "extr\u00eame gauche"], "Percent": [0.42954308760670873, 0.23021540787563682, 0.20385136575107263, 0.08403400203465344, 0.024031830665363844, 0.024031830665363844, 0.004292475401200687]}, "1993-3": {"Total Votes": 429358.0, "Parties": ["front national", "rassemblement pour la r\u00e9publique", "union pour la d\u00e9mocratie fran\u00e7aise", "parti socialiste", "parti communiste fran\u00e7ais", "les verts", "divers", "g\u00e9n\u00e9ration \u00c9cologie", "divers gauche", "divers droite", "mouvement des radicaux de gauche", "extr\u00eame droite", "extr\u00eame gauche", "r\u00e9gionalistes"], "Percent": [0.23258213425626165, 0.22092752435030907, 0.21405680108440975, 0.08549042989766115, 0.08245100824952603, 0.03838987511587067, 0.037630601968520444, 0.029136524764881523, 0.025978321121302037, 0.017828944610325182, 0.010322388309988401, 0.002606216723573335, 0.0020891656845802337, 0.0005100638627904919]}, "1988-6": {"Total Votes": 402278.0, "Parties": ["parti socialiste", "rassemblement pour la r\u00e9publique", "front national", "union pour la d\u00e9mocratie fran\u00e7aise", "parti communiste fran\u00e7ais", "divers droite", "divers gauche"], "Percent": [0.24953390441436024, 0.23074590208761103, 0.19405485758604746, 0.19223273457658635, 0.10605352517413331, 0.0189992989922392, 0.008379777169022417]}, "2002-6": {"Total Votes": 418888.0, "Parties": ["union pour un mouvement populaire", "front national", "parti socialiste", "les verts", "divers droite", "union pour la d\u00e9mocratie fran\u00e7aise", "parti communiste fran\u00e7ais", "autres \u00e9cologistes", "mouvement national r\u00e9publicain", "divers", "lutte ouvri\u00e8re", "ligue communiste r\u00e9volutionnaire", "p\u00f4le r\u00e9publicain", "mouvement pour la france", "divers gauche", "extr\u00eame gauche", "rassemblement pour la france et l'ind\u00e9pendance de l'europe"], "Percent": [0.37577108916942004, 0.20237390424170662, 0.130194705983461, 0.09394874047478084, 0.05627279845686675, 0.041077806000649336, 0.039034300338037856, 0.02254540593189588, 0.009253070033039858, 0.009045377284620232, 0.0055313114722789864, 0.003700273104027807, 0.0028599530184679435, 0.0027167166402475127, 0.002563931170145719, 0.0017116747197341534, 0.0013989419606195452]}, "1997-5": {"Total Votes": 343050.0, "Parties": ["front national", "union pour la d\u00e9mocratie fran\u00e7aise", "rassemblement pour la r\u00e9publique", "parti communiste fran\u00e7ais", "divers droite", "les verts", "autres \u00e9cologistes", "la droite ind\u00e9pendante", "union pour la d\u00e9mocratie fran\u00e7aise (dissident)", "divers", "extr\u00eame gauche", "mouvement de citoyen", "extr\u00eame droite"], "Percent": [0.27293397463926544, 0.17514065005101298, 0.14425302434047516, 0.10940679201282612, 0.09693047660690862, 0.06778020696691445, 0.03533887188456493, 0.034706311033377055, 0.02260603410581548, 0.014443958606617112, 0.010980906573385804, 0.007838507506194432, 0.007640285672642473]}, "1981-6": {"Total Votes": 411793.0, "Parties": ["union pour la d\u00e9mocratie fran\u00e7aise", "parti socialiste", "parti communiste fran\u00e7ais", "rassemblement pour la r\u00e9publique", "divers droite", "mouvement des radicaux de gauche", "extr\u00eame gauche", "front national", "extr\u00eame droite", "autres \u00e9cologistes"], "Percent": [0.3236699021110121, 0.3103258190401488, 0.175906341292834, 0.16969933923111855, 0.005323062800970391, 0.0045605437683496316, 0.004324988525788442, 0.0036013239661674677, 0.001950008863676653, 0.0006386703999339474]}}