{"1973-3": {"Total Votes": 92367.0, "Parties": ["parti socialiste", "cdp (urp)", "divers urp", "parti communiste fran\u00e7ais", "divers r\u00e9formateurs", "divers droite", "mouvement r\u00e9formateurs"], "Percent": [0.3059967304340295, 0.23193348273734127, 0.21429731397577056, 0.16405209652798078, 0.03585696190197798, 0.033193673065055704, 0.014669741357844253]}, "1978-3": {"Total Votes": 107240.0, "Parties": ["ps + mrg", "union pour la d\u00e9mocratie fran\u00e7aise", "parti communiste fran\u00e7ais", "divers droite", "rassemblement pour la r\u00e9publique", "autres \u00e9cologistes", "action francaise", "extr\u00eame gauche", "extr\u00eame droite"], "Percent": [0.3386795971652369, 0.1755035434539351, 0.16069563595673256, 0.15949272659455427, 0.09857329354718389, 0.021130175307721, 0.017381574039537485, 0.016859380828049234, 0.011684073107049608]}, "1986-3": {"Total Votes": 107385.0, "Parties": ["ps + mrg", "rpr + udf", "divers droite", "parti communiste fran\u00e7ais", "front national", "divers gauche", "extr\u00eame gauche"], "Percent": [0.382008660427434, 0.27285933789635425, 0.17798575220002794, 0.08507705917958747, 0.053312846300693766, 0.02456581459235461, 0.004190529403547982]}, "1993-3": {"Total Votes": 93071.0, "Parties": ["union pour la d\u00e9mocratie fran\u00e7aise", "parti socialiste", "rassemblement pour la r\u00e9publique", "parti communiste fran\u00e7ais", "front national", "divers", "les verts", "g\u00e9n\u00e9ration \u00c9cologie", "divers droite"], "Percent": [0.3107412620472543, 0.2561700207368568, 0.16088792427286694, 0.07971333712971818, 0.07304101170074459, 0.04743690300953036, 0.031588787055044, 0.028118318273146307, 0.012302435774838564]}, "1988-6": {"Total Votes": 95957.0, "Parties": ["parti socialiste", "union pour la d\u00e9mocratie fran\u00e7aise", "rassemblement pour la r\u00e9publique", "parti communiste fran\u00e7ais", "front national", "extr\u00eame droite"], "Percent": [0.5081651156247069, 0.2014235543003637, 0.15389184738997677, 0.07721166772616901, 0.055702033202371895, 0.003605781756411726]}, "2002-6": {"Total Votes": 93798.0, "Parties": ["parti socialiste", "union pour un mouvement populaire", "divers droite", "front national", "union pour la d\u00e9mocratie fran\u00e7aise", "parti communiste fran\u00e7ais", "chasse, p\u00eache, nature, traditions", "extr\u00eame droite", "ligue communiste r\u00e9volutionnaire", "les verts", "extr\u00eame gauche", "mouvement pour la france", "lutte ouvri\u00e8re", "autres \u00e9cologistes", "mouvement national r\u00e9publicain", "p\u00f4le r\u00e9publicain", "divers"], "Percent": [0.3608072666794601, 0.23931213885157465, 0.0848099106590759, 0.0734877076270283, 0.07089703405189876, 0.042399624725473886, 0.02969146463677264, 0.02387044499882727, 0.01736710804068317, 0.012047165184758738, 0.011407492697072433, 0.010735836585001813, 0.007793343141644812, 0.0062794515874538895, 0.004520352246316552, 0.004147209961832875, 0.00042644832512420307]}, "1997-5": {"Total Votes": 91343.0, "Parties": ["ps + prs", "union pour la d\u00e9mocratie fran\u00e7aise", "rassemblement pour la r\u00e9publique", "front national", "parti communiste fran\u00e7ais", "les verts", "la droite ind\u00e9pendante", "extr\u00eame gauche", "mouvement de citoyen", "autres \u00e9cologistes", "divers"], "Percent": [0.3505906309186254, 0.177780453893566, 0.17369694448397796, 0.08472460943914695, 0.08229420973692565, 0.04145911564104529, 0.03797773228380938, 0.022366245908279778, 0.018687803115728627, 0.00849545121136814, 0.0019268033675267945]}, "1981-6": {"Total Votes": 94584.0, "Parties": ["parti socialiste", "rassemblement pour la r\u00e9publique", "union pour la d\u00e9mocratie fran\u00e7aise", "parti communiste fran\u00e7ais", "extr\u00eame gauche", "extr\u00eame droite"], "Percent": [0.5231645944345766, 0.163442019791931, 0.14934872705743044, 0.1216273365474076, 0.02351349065381037, 0.018903831514843948]}}