{"1973-3": {"Total Votes": 98322.0, "Parties": ["udr (urp)", "parti communiste fran\u00e7ais", "divers r\u00e9formateurs", "mouvement des radicaux de gauche", "parti socialiste", "parti socialiste unifi\u00e9", "lutte ouvri\u00e8re"], "Percent": [0.3922113057098106, 0.20127743536543197, 0.19867374544862798, 0.08676593234474482, 0.06337340574845915, 0.0467545412013588, 0.01094363418156669]}, "1978-3": {"Total Votes": 114534.0, "Parties": ["rassemblement pour la r\u00e9publique", "ps + mrg", "union pour la d\u00e9mocratie fran\u00e7aise", "parti communiste fran\u00e7ais", "extr\u00eame gauche", "action francaise", "gaulopp", "extr\u00eame droite", "front national"], "Percent": [0.3010634396773011, 0.23942235493390607, 0.21596207239771595, 0.20527528943370527, 0.01412680950634746, 0.008146052700508145, 0.0070284806258403614, 0.004487750362337821, 0.004487750362337821]}, "1986-3": {"Total Votes": 106710.0, "Parties": ["rpr + udf", "ps + mrg", "front national", "parti communiste fran\u00e7ais", "extr\u00eame gauche", "divers droite"], "Percent": [0.4749695436229032, 0.32925686439883795, 0.10551026145628338, 0.07705931965139162, 0.008537156780058102, 0.004666854090525724]}, "1993-3": {"Total Votes": 91695.0, "Parties": ["union pour la d\u00e9mocratie fran\u00e7aise", "parti socialiste", "front national", "divers droite", "rassemblement pour la r\u00e9publique", "parti communiste fran\u00e7ais", "divers", "g\u00e9n\u00e9ration \u00c9cologie", "les verts", "extr\u00eame gauche"], "Percent": [0.28888161840885546, 0.16136103386226075, 0.13103222640274825, 0.11165276187360271, 0.1096133922242216, 0.08672228583892251, 0.042052456513441305, 0.03009978733845902, 0.026926222803860624, 0.011658214733627787]}, "1988-6": {"Total Votes": 94184.0, "Parties": ["union pour la d\u00e9mocratie fran\u00e7aise", "parti socialiste", "parti communiste fran\u00e7ais", "front national"], "Percent": [0.4258791302131997, 0.3910536821540814, 0.09417735496474985, 0.08888983266796907]}, "2002-6": {"Total Votes": 86171.0, "Parties": ["union pour un mouvement populaire", "parti socialiste", "front national", "parti radical de gauche", "divers droite", "parti communiste fran\u00e7ais", "lutte ouvri\u00e8re", "mouvement national r\u00e9publicain", "chasse, p\u00eache, nature, traditions", "ligue communiste r\u00e9volutionnaire", "autres \u00e9cologistes", "extr\u00eame gauche"], "Percent": [0.43537849160390385, 0.18596743684070047, 0.15392649499251487, 0.06209745738125355, 0.04463218484176811, 0.04343688711979668, 0.02204918127908461, 0.01247519467106103, 0.011662856413410545, 0.011477179097376148, 0.0113959452716111, 0.0055006904875190025]}, "1997-5": {"Total Votes": 90906.0, "Parties": ["ps + prs", "front national", "union pour la d\u00e9mocratie fran\u00e7aise", "rassemblement pour la r\u00e9publique", "extr\u00eame gauche", "parti communiste fran\u00e7ais", "divers droite", "les verts", "autres \u00e9cologistes", "divers"], "Percent": [0.30914351087936986, 0.20908410885970125, 0.18404725760675864, 0.14600796427078522, 0.05739995159835434, 0.04495852858997206, 0.015961542692451543, 0.01569753371614635, 0.011198380744945328, 0.0065012210415154115]}, "1981-6": {"Total Votes": 102586.0, "Parties": ["parti socialiste", "union pour la d\u00e9mocratie fran\u00e7aise", "rassemblement pour la r\u00e9publique", "parti communiste fran\u00e7ais", "extr\u00eame gauche", "mouvement des radicaux de gauche"], "Percent": [0.357807108182403, 0.265484569044509, 0.21066227360458542, 0.14009708927144054, 0.013149942487278967, 0.01279901740978301]}}