{"1973-3": {"Total Votes": 171874.0, "Parties": ["ri (urp)", "divers r\u00e9formateurs", "parti socialiste", "parti communiste fran\u00e7ais", "udr (urp)", "parti socialiste unifi\u00e9", "divers droite", "divers gauche"], "Percent": [0.2970199099340214, 0.19000546912272942, 0.1644460476860956, 0.1597623840720528, 0.12466108893724473, 0.051578481911167484, 0.010018967383082956, 0.0025076509536055484]}, "1978-3": {"Total Votes": 223710.0, "Parties": ["union pour la d\u00e9mocratie fran\u00e7aise", "ps + mrg", "parti communiste fran\u00e7ais", "rassemblement pour la r\u00e9publique", "autres \u00e9cologistes", "gaulopp", "extr\u00eame gauche", "action francaise", "extr\u00eame droite", "front national", "divers gauche", "divers droite"], "Percent": [0.4474230029949488, 0.2111573018640204, 0.13658754637700593, 0.0766483393679317, 0.054731572124625635, 0.027924545170086273, 0.020821599392070088, 0.006624647981762103, 0.0053015064145545574, 0.0053015064145545574, 0.004116937106074829, 0.0033614947923651154]}, "1986-3": {"Total Votes": 241837.0, "Parties": ["union pour la d\u00e9mocratie fran\u00e7aise", "ps + mrg", "rassemblement pour la r\u00e9publique", "divers gauche", "front national", "divers droite", "parti communiste fran\u00e7ais", "autres \u00e9cologistes", "les verts", "extr\u00eame gauche"], "Percent": [0.3192315485223518, 0.16983340018276774, 0.14270769154430463, 0.13594280445093182, 0.09579592866269429, 0.045613367681537564, 0.039803669413696, 0.023739130075215952, 0.023739130075215952, 0.003593329391284212]}, "1993-3": {"Total Votes": 232226.0, "Parties": ["union pour la d\u00e9mocratie fran\u00e7aise", "rassemblement pour la r\u00e9publique", "front national", "parti socialiste", "les verts", "divers droite", "divers gauche", "g\u00e9n\u00e9ration \u00c9cologie", "parti communiste fran\u00e7ais", "divers", "r\u00e9gionalistes", "extr\u00eame gauche"], "Percent": [0.2694874820218236, 0.16899485845684806, 0.1478559678933453, 0.10224092048263331, 0.0746040495035009, 0.07225719772979769, 0.05541153875965654, 0.049813543703116796, 0.04235959797783194, 0.0070965352716750064, 0.0051932169524514914, 0.004685091247319422]}, "1988-6": {"Total Votes": 200653.0, "Parties": ["union pour la d\u00e9mocratie fran\u00e7aise", "parti socialiste", "divers gauche", "divers droite", "front national", "rassemblement pour la r\u00e9publique", "parti communiste fran\u00e7ais", "r\u00e9gionalistes", "extr\u00eame gauche"], "Percent": [0.37210009319571596, 0.1952076470324391, 0.12879946973132722, 0.09317079734666314, 0.09291164348402467, 0.05957050230995799, 0.04922926644505689, 0.005860864278131899, 0.0031497161766831294]}, "2002-6": {"Total Votes": 258299.0, "Parties": ["union pour un mouvement populaire", "parti socialiste", "front national", "divers droite", "union pour la d\u00e9mocratie fran\u00e7aise", "les verts", "r\u00e9gionalistes", "parti communiste fran\u00e7ais", "divers", "ligue communiste r\u00e9volutionnaire", "p\u00f4le r\u00e9publicain", "mouvement pour la france", "autres \u00e9cologistes", "lutte ouvri\u00e8re", "rassemblement pour la france et l'ind\u00e9pendance de l'europe", "mouvement national r\u00e9publicain", "extr\u00eame gauche", "divers gauche"], "Percent": [0.3111549018772818, 0.14809968292560172, 0.12906747606456084, 0.11748787258177537, 0.08921830901397218, 0.07497512572638686, 0.019887804443687356, 0.019833603691845496, 0.0176888025118177, 0.013863778024692314, 0.011893193547013344, 0.010832407403822701, 0.009578047146911139, 0.008757292904734435, 0.008149470187650746, 0.007139013314027542, 0.0018118537044278142, 0.000561364929790669]}, "1997-5": {"Total Votes": 217386.0, "Parties": ["union pour la d\u00e9mocratie fran\u00e7aise", "ps + prs", "front national", "rassemblement pour la r\u00e9publique", "parti communiste fran\u00e7ais", "les verts", "autres \u00e9cologistes", "la droite ind\u00e9pendante", "divers droite", "mouvement de citoyen", "extr\u00eame gauche", "divers"], "Percent": [0.2189285418564213, 0.173562234918532, 0.17258701112307143, 0.15997810346572455, 0.07014251147728005, 0.0641025641025641, 0.04400007360179588, 0.035885475605604775, 0.03292760343352378, 0.014163745595392527, 0.010897665903048035, 0.0028244689170415756]}, "1981-6": {"Total Votes": 192401.0, "Parties": ["union pour la d\u00e9mocratie fran\u00e7aise", "parti socialiste", "parti communiste fran\u00e7ais", "rassemblement pour la r\u00e9publique", "extr\u00eame gauche", "mouvement des radicaux de gauche"], "Percent": [0.47171792246402044, 0.33686415351271565, 0.08891845676477772, 0.08012952115633494, 0.017156875484015156, 0.005213070618136081]}}