{"1973-3": {"Total Votes": 651975.0, "Parties": ["parti communiste fran\u00e7ais", "udr (urp)", "divers r\u00e9formateurs", "parti socialiste", "ri (urp)", "parti socialiste unifi\u00e9", "divers urp", "extr\u00eame droite", "front national", "lutte ouvri\u00e8re", "divers droite", "mouvement r\u00e9formateurs", "r\u00e9publicains ind\u00e9pendants", "ligue communiste r\u00e9volutionnaire", "organisation communiste internationaliste"], "Percent": [0.2773127803980214, 0.22864680394186895, 0.14322635070363127, 0.14052225928908318, 0.06737528279458568, 0.040697879519920245, 0.026160512289581654, 0.017132558763756276, 0.013603282334445339, 0.012302618965451128, 0.010147628359983129, 0.009572452931477434, 0.007139844319184018, 0.005846849955903217, 0.00031289543310709765]}, "1978-3": {"Total Votes": 729150.0, "Parties": ["rassemblement pour la r\u00e9publique", "parti communiste fran\u00e7ais", "ps + mrg", "union pour la d\u00e9mocratie fran\u00e7aise", "autres \u00e9cologistes", "collectif ecologie 78", "divers droite", "action francaise", "extr\u00eame gauche", "extr\u00eame droite", "gaulopp", "front national", "divers gauche"], "Percent": [0.2446163340876363, 0.234407186449976, 0.17873688541452376, 0.16492354110951107, 0.042249194267297535, 0.03994788452307482, 0.030490296921072482, 0.01714324898854831, 0.013614482616745523, 0.011352945210176232, 0.011034766508948777, 0.0073715970650757735, 0.004111636837413427]}, "1986-3": {"Total Votes": 604552.0, "Parties": ["rassemblement pour la r\u00e9publique", "ps + mrg", "union pour la d\u00e9mocratie fran\u00e7aise", "front national", "parti communiste fran\u00e7ais", "autres \u00e9cologistes", "extr\u00eame gauche", "divers droite"], "Percent": [0.30801320647355396, 0.28262581217165766, 0.1470741970913999, 0.11339636623483175, 0.10849356217496592, 0.020284442033108814, 0.017950482340642327, 0.0021619314798396166]}, "1993-3": {"Total Votes": 538413.0, "Parties": ["rassemblement pour la r\u00e9publique", "union pour la d\u00e9mocratie fran\u00e7aise", "parti socialiste", "front national", "parti communiste fran\u00e7ais", "g\u00e9n\u00e9ration \u00c9cologie", "divers", "les verts", "divers droite", "extr\u00eame gauche", "mouvement des radicaux de gauche", "divers gauche", "extr\u00eame droite"], "Percent": [0.30529909196100397, 0.1424501265756956, 0.13861478084667347, 0.12457537243714398, 0.10322187614340667, 0.05893059788675237, 0.03301554754435721, 0.029969558684504273, 0.02273347783207315, 0.01766673538714704, 0.01301231582446932, 0.00899309637768776, 0.0015174224990852749]}, "1988-6": {"Total Votes": 521274.0, "Parties": ["rassemblement pour la r\u00e9publique", "parti socialiste", "parti communiste fran\u00e7ais", "union pour la d\u00e9mocratie fran\u00e7aise", "front national", "extr\u00eame gauche", "divers droite", "divers gauche", "extr\u00eame droite"], "Percent": [0.3251361088410318, 0.296817029048063, 0.12914705126286752, 0.12554433944528215, 0.10761518894094085, 0.009014453051562135, 0.0037254879391644315, 0.0017514781094011978, 0.0012488633616869439]}, "2002-6": {"Total Votes": 546092.0, "Parties": ["union pour un mouvement populaire", "parti socialiste", "union pour la d\u00e9mocratie fran\u00e7aise", "front national", "parti communiste fran\u00e7ais", "les verts", "divers droite", "rassemblement pour la france et l'ind\u00e9pendance de l'europe", "parti radical de gauche", "divers", "p\u00f4le r\u00e9publicain", "autres \u00e9cologistes", "ligue communiste r\u00e9volutionnaire", "mouvement national r\u00e9publicain", "lutte ouvri\u00e8re", "d\u00e9mocratie lib\u00e9rale", "mouvement pour la france", "divers gauche", "extr\u00eame gauche", "extr\u00eame droite", "chasse, p\u00eache, nature, traditions"], "Percent": [0.37401573361265134, 0.17429297627505988, 0.07634244779267962, 0.07239988866344864, 0.07116566439354541, 0.05396343473260915, 0.047479179332420185, 0.02596448949993774, 0.02040864909209437, 0.01843279154428192, 0.013455608212535615, 0.0134427898595841, 0.010767416479274554, 0.009569816074947078, 0.00631212323198289, 0.004094548171370392, 0.0036587241710188028, 0.0018989474301033525, 0.0016846978164851347, 0.0005585139500303977, 9.155966393940948e-05]}, "1997-5": {"Total Votes": 488260.0, "Parties": ["rassemblement pour la r\u00e9publique", "ps + prs", "front national", "parti communiste fran\u00e7ais", "union pour la d\u00e9mocratie fran\u00e7aise", "divers droite", "les verts", "la droite ind\u00e9pendante", "extr\u00eame gauche", "union pour la d\u00e9mocratie fran\u00e7aise (dissident)", "mouvement de citoyen", "autres \u00e9cologistes", "divers", "extr\u00eame droite"], "Percent": [0.24865850161799044, 0.1571212059148814, 0.13626551427518127, 0.10991070331380823, 0.09057878998894031, 0.07558268135829271, 0.048422971367713924, 0.04787817965837873, 0.03716462540449761, 0.019249989759554335, 0.017115880883136033, 0.006787367386228649, 0.0027731126858640885, 0.0024904763855322985]}, "1981-6": {"Total Votes": 599734.0, "Parties": ["parti socialiste", "rassemblement pour la r\u00e9publique", "parti communiste fran\u00e7ais", "union pour la d\u00e9mocratie fran\u00e7aise", "divers droite", "autres \u00e9cologistes", "aujour'hui l'ecologie", "extr\u00eame gauche", "divers gauche", "front national", "mouvement des radicaux de gauche"], "Percent": [0.28519310227534206, 0.21068340297531907, 0.1961819740084771, 0.13667726025204507, 0.09427179382859734, 0.025227851013949518, 0.023553775507141498, 0.02047240943484945, 0.004375273037713386, 0.002621162048508172, 0.0007419956180573388]}}