{"1973-3": {"Total Votes": 116153.0, "Parties": ["cdp (urp)", "parti socialiste", "parti communiste fran\u00e7ais", "ri (urp)", "divers r\u00e9formateurs", "divers droite", "mouvement r\u00e9formateurs", "parti socialiste unifi\u00e9", "lutte ouvri\u00e8re"], "Percent": [0.2548104655067024, 0.18186357648963006, 0.1572322712284659, 0.15043089717872116, 0.1076080686680499, 0.08382908749666387, 0.03278434478661765, 0.018243179254948214, 0.013198109390200856]}, "1978-3": {"Total Votes": 135341.0, "Parties": ["union pour la d\u00e9mocratie fran\u00e7aise", "ps + mrg", "parti communiste fran\u00e7ais", "rassemblement pour la r\u00e9publique", "extr\u00eame gauche", "autres \u00e9cologistes", "divers droite", "action francaise"], "Percent": [0.30768946586769713, 0.2548377801257564, 0.18346251320737988, 0.16439955371986315, 0.03205976016137017, 0.021966735874568682, 0.021065309108104713, 0.014518881935259825]}, "1986-3": {"Total Votes": 135688.0, "Parties": ["rpr + udf", "ps + mrg", "front national", "parti communiste fran\u00e7ais", "divers droite", "autres \u00e9cologistes", "les verts", "extr\u00eame gauche"], "Percent": [0.39694003891279994, 0.3338688756559165, 0.08406049171629032, 0.07359530688049054, 0.036834502682624844, 0.03420346677672307, 0.03420346677672307, 0.006293850598431696]}, "1993-3": {"Total Votes": 113965.0, "Parties": ["rassemblement pour la r\u00e9publique", "union pour la d\u00e9mocratie fran\u00e7aise", "parti socialiste", "front national", "les verts", "divers", "parti communiste fran\u00e7ais", "divers droite", "extr\u00eame gauche", "g\u00e9n\u00e9ration \u00c9cologie"], "Percent": [0.26395823279076913, 0.18489887246084324, 0.16295353836704252, 0.11403501074891415, 0.07658491642170842, 0.07588294651866802, 0.0722678015180099, 0.028184091607072345, 0.014083271179748169, 0.007151318387224148]}, "1988-6": {"Total Votes": 114145.0, "Parties": ["parti socialiste", "rassemblement pour la r\u00e9publique", "union pour la d\u00e9mocratie fran\u00e7aise", "parti communiste fran\u00e7ais", "front national", "autres \u00e9cologistes"], "Percent": [0.35454903850365765, 0.21740768320995224, 0.19664461868675806, 0.10119584738709536, 0.08381444653729905, 0.04638836567523763]}, "2002-6": {"Total Votes": 117733.0, "Parties": ["union pour un mouvement populaire", "les verts", "front national", "parti socialiste", "divers gauche", "parti communiste fran\u00e7ais", "autres \u00e9cologistes", "mouvement pour la france", "chasse, p\u00eache, nature, traditions", "lutte ouvri\u00e8re", "mouvement national r\u00e9publicain", "extr\u00eame gauche", "divers droite", "divers"], "Percent": [0.4276456048856311, 0.11972004450748729, 0.1156515165671477, 0.09816279208038528, 0.0975767202058896, 0.029176186795545855, 0.022449100931769342, 0.021310932363908165, 0.015152930784062242, 0.014447945775610918, 0.013785429743572322, 0.011942276167259815, 0.007296170147707099, 0.005682349044023341]}, "1997-5": {"Total Votes": 116061.0, "Parties": ["rassemblement pour la r\u00e9publique", "front national", "les verts", "union pour la d\u00e9mocratie fran\u00e7aise", "parti communiste fran\u00e7ais", "ps + prs", "mouvement de citoyen", "la droite ind\u00e9pendante", "autres \u00e9cologistes", "extr\u00eame gauche", "divers droite"], "Percent": [0.2119144243113535, 0.16261276397756352, 0.13304210716778245, 0.10687483306192433, 0.1065474190296482, 0.08576524413885801, 0.07006660290709196, 0.041504036670371613, 0.04059072384349609, 0.0314834440509732, 0.009598400840937094]}, "1981-6": {"Total Votes": 118913.0, "Parties": ["union pour la d\u00e9mocratie fran\u00e7aise", "parti socialiste", "parti communiste fran\u00e7ais", "autres \u00e9cologistes", "extr\u00eame gauche"], "Percent": [0.4683844491350819, 0.35432627214854556, 0.14461833441255373, 0.020166003717003188, 0.012504940586815571]}}