{"1973-3": {"Total Votes": 138990.0, "Parties": ["divers r\u00e9formateurs", "parti socialiste", "parti communiste fran\u00e7ais", "udr (urp)", "cdp (urp)", "mouvement r\u00e9formateurs", "divers droite", "parti socialiste unifi\u00e9", "lutte ouvri\u00e8re", "ligue communiste r\u00e9volutionnaire"], "Percent": [0.26470249658248796, 0.21856968127203397, 0.1844737031441111, 0.1332254119001367, 0.09461112310238147, 0.04158572559176919, 0.029491330311533205, 0.01447586157277502, 0.011749046694006763, 0.0071156198287646594]}, "1978-3": {"Total Votes": 166592.0, "Parties": ["union pour la d\u00e9mocratie fran\u00e7aise", "ps + mrg", "parti communiste fran\u00e7ais", "rassemblement pour la r\u00e9publique", "extr\u00eame gauche", "action francaise", "autres \u00e9cologistes"], "Percent": [0.34130690549366116, 0.25835574337303113, 0.17892215712639262, 0.16426359008835958, 0.03046965040338072, 0.015246830580099884, 0.011435122935074914]}, "1986-3": {"Total Votes": 163979.0, "Parties": ["rpr + udf", "ps + mrg", "parti communiste fran\u00e7ais", "front national", "extr\u00eame gauche"], "Percent": [0.47164575951798704, 0.37040108794418797, 0.07347282273949714, 0.07338134761158441, 0.011098982186743425]}, "1993-3": {"Total Votes": 154368.0, "Parties": ["parti socialiste", "union pour la d\u00e9mocratie fran\u00e7aise", "rassemblement pour la r\u00e9publique", "front national", "parti communiste fran\u00e7ais", "divers droite", "g\u00e9n\u00e9ration \u00c9cologie", "divers", "les verts"], "Percent": [0.27134509742951907, 0.23306643864013266, 0.14337816127694858, 0.1158076803482587, 0.07664153192371476, 0.06936670812603649, 0.036212168325041455, 0.029876658374792704, 0.024305555555555556]}, "1988-6": {"Total Votes": 149300.0, "Parties": ["parti socialiste", "union pour la d\u00e9mocratie fran\u00e7aise", "rassemblement pour la r\u00e9publique", "parti communiste fran\u00e7ais", "front national"], "Percent": [0.4293168117883456, 0.27381111855324847, 0.14178164768921633, 0.0780709979906229, 0.07701942397856665]}, "2002-6": {"Total Votes": 152134.0, "Parties": ["union pour la d\u00e9mocratie fran\u00e7aise", "parti socialiste", "union pour un mouvement populaire", "front national", "parti communiste fran\u00e7ais", "les verts", "chasse, p\u00eache, nature, traditions", "lutte ouvri\u00e8re", "ligue communiste r\u00e9volutionnaire", "mouvement pour la france", "p\u00f4le r\u00e9publicain", "mouvement national r\u00e9publicain", "autres \u00e9cologistes", "extr\u00eame droite", "divers"], "Percent": [0.29116436825430214, 0.29017839536198353, 0.1431829834225091, 0.12167562806473242, 0.039833304849672, 0.021645391562701302, 0.02038991941314893, 0.014973641658012016, 0.012659891937371002, 0.011713357960745133, 0.009991191975495287, 0.008722573520712002, 0.007710308017931561, 0.005731789080678875, 0.0004272549200047327]}, "1997-5": {"Total Votes": 151280.0, "Parties": ["ps + prs", "union pour la d\u00e9mocratie fran\u00e7aise", "front national", "rassemblement pour la r\u00e9publique", "parti communiste fran\u00e7ais", "autres \u00e9cologistes", "les verts", "la droite ind\u00e9pendante", "mouvement de citoyen"], "Percent": [0.3174576943416182, 0.21191829719725014, 0.15578397673188787, 0.11902432575356954, 0.08744711792702274, 0.03808170280274987, 0.032866208355367535, 0.032337387625594925, 0.0050832892649391856]}, "1981-6": {"Total Votes": 153241.0, "Parties": ["parti socialiste", "union pour la d\u00e9mocratie fran\u00e7aise", "rassemblement pour la r\u00e9publique", "parti communiste fran\u00e7ais", "divers droite", "extr\u00eame gauche", "divers gauche"], "Percent": [0.37658329037268096, 0.2716309603826652, 0.16290679387370222, 0.12176245260733094, 0.047904934058117604, 0.010180043199926913, 0.009031525505576184]}}