{"1973-3": {"Total Votes": 85301.0, "Parties": ["udr (urp)", "mouvement des radicaux de gauche", "parti communiste fran\u00e7ais", "parti socialiste", "divers r\u00e9formateurs", "parti socialiste unifi\u00e9", "lutte ouvri\u00e8re"], "Percent": [0.38672465738971407, 0.19943494214604754, 0.16802851080292142, 0.15119400710425435, 0.05593134898770237, 0.028381847809521576, 0.01030468575983869]}, "1978-3": {"Total Votes": 97402.0, "Parties": ["ps + mrg", "rassemblement pour la r\u00e9publique", "parti communiste fran\u00e7ais", "divers droite", "autres \u00e9cologistes", "extr\u00eame gauche", "action francaise", "union pour la d\u00e9mocratie fran\u00e7aise"], "Percent": [0.3977741730149278, 0.3171495451838771, 0.1602431161577791, 0.05053284326810538, 0.031867928789963244, 0.018100244348165335, 0.012884745693106917, 0.01144740354407507]}, "1986-3": {"Total Votes": 99617.0, "Parties": ["ps + mrg", "rpr + udf", "divers gauche", "parti communiste fran\u00e7ais", "front national", "extr\u00eame gauche"], "Percent": [0.362207253781985, 0.3533031510685927, 0.1809229348404389, 0.06312175632673138, 0.03576698756236386, 0.004677916419888172]}, "1993-3": {"Total Votes": 87884.0, "Parties": ["rassemblement pour la r\u00e9publique", "parti socialiste", "mouvement des radicaux de gauche", "union pour la d\u00e9mocratie fran\u00e7aise", "divers droite", "parti communiste fran\u00e7ais", "front national", "divers", "les verts", "g\u00e9n\u00e9ration \u00c9cologie", "extr\u00eame gauche"], "Percent": [0.19782895635155434, 0.18044240134723044, 0.15514769468845296, 0.11528833462291202, 0.11106686086204542, 0.07622547904055346, 0.054071275772609353, 0.04189613581539302, 0.03512584770834282, 0.026227754767648263, 0.006679259023257931]}, "1988-6": {"Total Votes": 90004.0, "Parties": ["parti socialiste", "mouvement des radicaux de gauche", "rassemblement pour la r\u00e9publique", "union pour la d\u00e9mocratie fran\u00e7aise", "parti communiste fran\u00e7ais", "front national", "extr\u00eame gauche"], "Percent": [0.28349851117728103, 0.2330229767565886, 0.1846917914759344, 0.15174881116394828, 0.0751411048397849, 0.044009155148660065, 0.027887649437802763]}, "2002-6": {"Total Votes": 90121.0, "Parties": ["union pour la d\u00e9mocratie fran\u00e7aise", "parti socialiste", "union pour un mouvement populaire", "parti radical de gauche", "front national", "divers gauche", "parti communiste fran\u00e7ais", "chasse, p\u00eache, nature, traditions", "les verts", "ligue communiste r\u00e9volutionnaire", "p\u00f4le r\u00e9publicain", "extr\u00eame droite", "lutte ouvri\u00e8re", "r\u00e9gionalistes", "mouvement national r\u00e9publicain", "autres \u00e9cologistes", "divers", "extr\u00eame gauche"], "Percent": [0.18870185639307155, 0.18543957568158365, 0.17195770131267962, 0.14300773404644868, 0.0608404256499595, 0.05050987006358119, 0.050054926154836275, 0.04591604620454722, 0.02539918553944142, 0.022070327670576227, 0.014691359394591716, 0.014425050765082499, 0.008810377159596542, 0.006213868021881693, 0.0056590583770708275, 0.002740759645365675, 0.0023967776655829387, 0.0011651002541028174]}, "1997-5": {"Total Votes": 85870.0, "Parties": ["ps + prs", "rassemblement pour la r\u00e9publique", "union pour la d\u00e9mocratie fran\u00e7aise", "parti communiste fran\u00e7ais", "front national", "les verts", "autres \u00e9cologistes", "extr\u00eame gauche", "mouvement de citoyen", "divers droite", "la droite ind\u00e9pendante", "divers"], "Percent": [0.37387911959939446, 0.15125189239548154, 0.1431349714684989, 0.11562827529987191, 0.07474088738791196, 0.03659019448002795, 0.03105857691859788, 0.020705717945731922, 0.02025154303016187, 0.015546756725282402, 0.010376149994177245, 0.006835914754862]}, "1981-6": {"Total Votes": 88991.0, "Parties": ["mouvement des radicaux de gauche", "rassemblement pour la r\u00e9publique", "parti socialiste", "parti communiste fran\u00e7ais", "union pour la d\u00e9mocratie fran\u00e7aise"], "Percent": [0.28995066916879236, 0.2883325280084503, 0.26711689946174333, 0.11712420357114764, 0.03747569978986639]}}