{"1973-3": {"Total Votes": 134633.0, "Parties": ["udr (urp)", "parti communiste fran\u00e7ais", "parti socialiste", "centre d\u00e9mocratie et progr\u00e9s", "divers r\u00e9formateurs", "mouvement r\u00e9formateurs", "divers droite", "parti socialiste unifi\u00e9", "extr\u00eame droite", "front national"], "Percent": [0.4022936427176101, 0.20698491454546805, 0.19902252790920502, 0.06635074610236717, 0.06485037100859373, 0.030000074275994743, 0.011341944396990336, 0.010539763653784734, 0.004308007694993055, 0.004308007694993055]}, "1978-3": {"Total Votes": 161619.0, "Parties": ["union pour la d\u00e9mocratie fran\u00e7aise", "ps + mrg", "parti communiste fran\u00e7ais", "rassemblement pour la r\u00e9publique", "autres \u00e9cologistes", "collectif ecologie 78", "divers gauche", "extr\u00eame gauche", "gaulopp", "extr\u00eame droite", "front national"], "Percent": [0.3651674617464531, 0.21446117102568385, 0.18549180480017818, 0.12376020146146183, 0.03502682234143263, 0.03502682234143263, 0.01874160835050334, 0.01697201442899659, 0.0019985274008625224, 0.001676783051497658, 0.001676783051497658]}, "1986-3": {"Total Votes": 152546.0, "Parties": ["ps + mrg", "rassemblement pour la r\u00e9publique", "union pour la d\u00e9mocratie fran\u00e7aise", "parti communiste fran\u00e7ais", "front national", "extr\u00eame gauche"], "Percent": [0.3319261075347764, 0.26378272783291595, 0.21190329474388053, 0.09972729537319891, 0.08367312155022091, 0.008987452965007277]}, "1993-3": {"Total Votes": 137745.0, "Parties": ["union pour la d\u00e9mocratie fran\u00e7aise", "rassemblement pour la r\u00e9publique", "parti socialiste", "front national", "parti communiste fran\u00e7ais", "g\u00e9n\u00e9ration \u00c9cologie", "les verts", "divers", "divers droite", "extr\u00eame gauche", "divers gauche"], "Percent": [0.26498965479690734, 0.22386293513376165, 0.18621365566808235, 0.1039892555083669, 0.09699081636357038, 0.04516316381719845, 0.036327997386475006, 0.018454390358996695, 0.01433082870521616, 0.008522995390032305, 0.001154306871392791]}, "1988-6": {"Total Votes": 133864.0, "Parties": ["rassemblement pour la r\u00e9publique", "parti socialiste", "union pour la d\u00e9mocratie fran\u00e7aise", "divers gauche", "parti communiste fran\u00e7ais", "front national"], "Percent": [0.293872885914062, 0.25590898225064246, 0.13960437458913524, 0.12656128608139605, 0.1029701786888185, 0.08108229247594574]}, "2002-6": {"Total Votes": 147562.0, "Parties": ["union pour un mouvement populaire", "parti socialiste", "front national", "divers", "union pour la d\u00e9mocratie fran\u00e7aise", "les verts", "parti communiste fran\u00e7ais", "chasse, p\u00eache, nature, traditions", "divers gauche", "divers droite", "mouvement national r\u00e9publicain", "lutte ouvri\u00e8re", "extr\u00eame droite", "autres \u00e9cologistes", "p\u00f4le r\u00e9publicain", "extr\u00eame gauche", "ligue communiste r\u00e9volutionnaire", "r\u00e9gionalistes", "mouvement pour la france"], "Percent": [0.33648229218904596, 0.284185630446863, 0.09468562367005055, 0.04713950746127051, 0.045716376844987194, 0.03490058416123392, 0.03385695504262615, 0.028957319635136418, 0.022519347799568996, 0.013946680039576585, 0.012570987110502703, 0.009216464943549153, 0.007515485016467654, 0.007027554519456228, 0.006187229774603217, 0.005746736964801236, 0.005516325341212507, 0.001992382862796655, 0.0018365161762513385]}, "1997-5": {"Total Votes": 138023.0, "Parties": ["ps + prs", "rassemblement pour la r\u00e9publique", "front national", "parti communiste fran\u00e7ais", "union pour la d\u00e9mocratie fran\u00e7aise", "autres \u00e9cologistes", "la droite ind\u00e9pendante", "les verts", "divers droite", "mouvement de citoyen", "divers"], "Percent": [0.3020873332705419, 0.21584808329046606, 0.14092578773103034, 0.11188714924324207, 0.07381378465907856, 0.04641255442933424, 0.03245835838954377, 0.030734008100099255, 0.024459691500691914, 0.012403729813147085, 0.00896951957282482]}, "1981-6": {"Total Votes": 136537.0, "Parties": ["parti socialiste", "rassemblement pour la r\u00e9publique", "parti communiste fran\u00e7ais", "union pour la d\u00e9mocratie fran\u00e7aise"], "Percent": [0.3672777342405355, 0.36230472326182644, 0.15776675919347868, 0.11265078330415931]}}