{"1973-3": {"Total Votes": 149803.0, "Parties": ["parti communiste fran\u00e7ais", "parti socialiste", "udr (urp)", "ri (urp)", "mouvement r\u00e9formateurs", "divers r\u00e9formateurs", "divers droite", "r\u00e9publicains ind\u00e9pendants", "parti socialiste unifi\u00e9", "lutte ouvri\u00e8re", "extr\u00eame droite", "front national"], "Percent": [0.2449950935562038, 0.21324673070632766, 0.16840116686581713, 0.1333017362803148, 0.12400953251937544, 0.04225549555082341, 0.0344385626456079, 0.012990394050853454, 0.008350967604120078, 0.006087995567511999, 0.005961162326522166, 0.005961162326522166]}, "1978-3": {"Total Votes": 172939.0, "Parties": ["ps + mrg", "parti communiste fran\u00e7ais", "divers droite", "rassemblement pour la r\u00e9publique", "union pour la d\u00e9mocratie fran\u00e7aise", "autres \u00e9cologistes", "extr\u00eame gauche"], "Percent": [0.2635206633552871, 0.2325502055638115, 0.15944928558624716, 0.1563730563956077, 0.14503379804439714, 0.02373669328491549, 0.019336297769733835]}, "1986-3": {"Total Votes": 171546.0, "Parties": ["rpr + udf", "ps + mrg", "parti communiste fran\u00e7ais", "front national", "divers droite", "mouvement des radicaux de gauche", "extr\u00eame gauche"], "Percent": [0.3708976018094272, 0.33390460867639, 0.11412682312615859, 0.08910146549613515, 0.0650845837268138, 0.018648059412635677, 0.00823685775243958]}, "1993-3": {"Total Votes": 150590.0, "Parties": ["rassemblement pour la r\u00e9publique", "union pour la d\u00e9mocratie fran\u00e7aise", "parti socialiste", "front national", "parti communiste fran\u00e7ais", "g\u00e9n\u00e9ration \u00c9cologie", "divers", "les verts", "r\u00e9gionalistes", "divers droite", "extr\u00eame gauche"], "Percent": [0.21181353343515505, 0.1992961019988047, 0.19500630851982204, 0.13017464639086263, 0.1048608805365562, 0.03753237266750781, 0.03218673218673219, 0.031907829205126505, 0.020612258450096288, 0.02031343382694734, 0.01629590278238927]}, "1988-6": {"Total Votes": 153906.0, "Parties": ["parti socialiste", "rassemblement pour la r\u00e9publique", "union pour la d\u00e9mocratie fran\u00e7aise", "parti communiste fran\u00e7ais", "front national", "divers droite"], "Percent": [0.42275154964718725, 0.23312281522487752, 0.1424051044143828, 0.10523956181045574, 0.09207568255948437, 0.004405286343612335]}, "2002-6": {"Total Votes": 153860.0, "Parties": ["parti socialiste", "union pour un mouvement populaire", "front national", "union pour la d\u00e9mocratie fran\u00e7aise", "parti communiste fran\u00e7ais", "chasse, p\u00eache, nature, traditions", "divers droite", "les verts", "extr\u00eame droite", "p\u00f4le r\u00e9publicain", "mouvement national r\u00e9publicain", "mouvement pour la france", "autres \u00e9cologistes", "r\u00e9gionalistes", "ligue communiste r\u00e9volutionnaire", "lutte ouvri\u00e8re", "extr\u00eame gauche", "divers gauche", "divers"], "Percent": [0.3036851683348499, 0.2621214090731834, 0.13098271155595997, 0.07352788249057585, 0.050142987131158195, 0.03352398284154426, 0.025308722215000648, 0.02415832575068244, 0.024093331600155986, 0.009710126088652021, 0.009450149486546211, 0.009157675809177174, 0.008709216170544652, 0.00846223839854413, 0.00841024307812297, 0.008403743663070323, 0.006869881710646042, 0.0029442350188483035, 0.00033796958273755366]}, "1997-5": {"Total Votes": 151252.0, "Parties": ["ps + prs", "union pour la d\u00e9mocratie fran\u00e7aise", "front national", "parti communiste fran\u00e7ais", "rassemblement pour la r\u00e9publique", "divers droite", "les verts", "la droite ind\u00e9pendante", "autres \u00e9cologistes", "divers", "extr\u00eame gauche", "mouvement de citoyen"], "Percent": [0.29412503636315557, 0.17226218496284346, 0.15657974770581545, 0.10162510247798376, 0.09349959008806495, 0.051992700922963, 0.04091846719382223, 0.03439954512998175, 0.02185095073123, 0.01892867532330151, 0.008760214740962103, 0.005057784359876233]}, "1981-6": {"Total Votes": 155824.0, "Parties": ["parti socialiste", "union pour la d\u00e9mocratie fran\u00e7aise", "parti communiste fran\u00e7ais", "rassemblement pour la r\u00e9publique", "extr\u00eame gauche"], "Percent": [0.4159307937159873, 0.19825572440702333, 0.18947017147551085, 0.1856004209877811, 0.010742889413697505]}}