{"1973-3": {"Total Votes": 410874.0, "Parties": ["udr (urp)", "parti socialiste", "parti communiste fran\u00e7ais", "mouvement r\u00e9formateurs", "ri (urp)", "divers r\u00e9formateurs", "centre d\u00e9mocratie et progr\u00e9s", "cdp (urp)", "divers droite", "parti socialiste unifi\u00e9", "lutte ouvri\u00e8re", "ligue communiste r\u00e9volutionnaire", "extr\u00eame droite"], "Percent": [0.22383261048399267, 0.16038250169151613, 0.14627842112180378, 0.14456986813475664, 0.11648583263969002, 0.06437496653475275, 0.05615833564547769, 0.039445182708080825, 0.020909086483934247, 0.013254671748516578, 0.008231233906258368, 0.0041204846254569525, 0.0019568042757633726]}, "1978-3": {"Total Votes": 499296.0, "Parties": ["union pour la d\u00e9mocratie fran\u00e7aise", "ps + mrg", "rassemblement pour la r\u00e9publique", "parti communiste fran\u00e7ais", "divers droite", "extr\u00eame gauche", "action francaise", "autres \u00e9cologistes"], "Percent": [0.25577012433506374, 0.23851182464910595, 0.23708581683009675, 0.1573976158431071, 0.06586073191053002, 0.026731638146510285, 0.011237822854579247, 0.007404425431006858]}, "1986-3": {"Total Votes": 501438.0, "Parties": ["ps + mrg", "rassemblement pour la r\u00e9publique", "union pour la d\u00e9mocratie fran\u00e7aise", "front national", "divers droite", "parti communiste fran\u00e7ais", "autres \u00e9cologistes", "les verts", "extr\u00eame gauche", "mouvement des radicaux de gauche"], "Percent": [0.2640206765342874, 0.2523003840953418, 0.13781963074198605, 0.13506355720946558, 0.07222029443321008, 0.057947343440265794, 0.032526453918530304, 0.032526453918530304, 0.008752826869922105, 0.006822378838460587]}, "1993-3": {"Total Votes": 408220.0, "Parties": ["rassemblement pour la r\u00e9publique", "front national", "parti socialiste", "divers droite", "union pour la d\u00e9mocratie fran\u00e7aise", "divers", "divers gauche", "parti communiste fran\u00e7ais", "g\u00e9n\u00e9ration \u00c9cologie", "les verts", "extr\u00eame gauche", "extr\u00eame droite"], "Percent": [0.1982607417568958, 0.15023516731174366, 0.13618881975405417, 0.11366909999510068, 0.10060506589584048, 0.09577433736710597, 0.06612610847092254, 0.05282445740042134, 0.03790603106168243, 0.0362476115819901, 0.011883298221547205, 0.00027926118269560533]}, "1988-6": {"Total Votes": 397830.0, "Parties": ["parti socialiste", "union pour la d\u00e9mocratie fran\u00e7aise", "rassemblement pour la r\u00e9publique", "front national", "divers droite", "parti communiste fran\u00e7ais", "divers gauche", "extr\u00eame droite"], "Percent": [0.3026594273936103, 0.21283714149259733, 0.1892793404217882, 0.11080863685493803, 0.07775180353417288, 0.06277555739888897, 0.036271774375989746, 0.00761631852801448]}, "2002-6": {"Total Votes": 388036.0, "Parties": ["union pour un mouvement populaire", "parti socialiste", "front national", "les verts", "divers droite", "parti radical de gauche", "parti communiste fran\u00e7ais", "autres \u00e9cologistes", "lutte ouvri\u00e8re", "p\u00f4le r\u00e9publicain", "mouvement national r\u00e9publicain", "mouvement pour la france", "rassemblement pour la france et l'ind\u00e9pendance de l'europe", "union pour la d\u00e9mocratie fran\u00e7aise", "ligue communiste r\u00e9volutionnaire", "divers gauche", "divers", "extr\u00eame gauche", "chasse, p\u00eache, nature, traditions"], "Percent": [0.39835736890391604, 0.2030971353173417, 0.14111834984382893, 0.04523549361399458, 0.03942675421868074, 0.037710418620952695, 0.027631456875135296, 0.020760960323268976, 0.015673803461534498, 0.013996124070962488, 0.01294982939727242, 0.01175148697543527, 0.00828015957282314, 0.006509705285076642, 0.005030461091238957, 0.00391458524466802, 0.0037651145769980105, 0.0034017462297312624, 0.0013890463771402653]}, "1997-5": {"Total Votes": 412471.0, "Parties": ["front national", "rassemblement pour la r\u00e9publique", "ps + prs", "union pour la d\u00e9mocratie fran\u00e7aise", "parti communiste fran\u00e7ais", "mouvement de citoyen", "les verts", "extr\u00eame gauche", "divers droite", "autres \u00e9cologistes", "divers udf", "la droite ind\u00e9pendante", "divers", "extr\u00eame droite"], "Percent": [0.2130719493006781, 0.19096372835908465, 0.18522514310096952, 0.0795231664771584, 0.06441664989781098, 0.058348344489673215, 0.04600080975389785, 0.03811177028203195, 0.0340799716828577, 0.030741555163878186, 0.029155989148328003, 0.02267068472692626, 0.007062314683941417, 0.0006279229327637579]}, "1981-6": {"Total Votes": 421298.0, "Parties": ["parti socialiste", "rassemblement pour la r\u00e9publique", "union pour la d\u00e9mocratie fran\u00e7aise", "parti communiste fran\u00e7ais", "divers droite", "divers gauche", "extr\u00eame gauche", "aujour'hui l'ecologie", "autres \u00e9cologistes"], "Percent": [0.4059335672137062, 0.25904704033724346, 0.14011697183466335, 0.09940232329609922, 0.05842420329552953, 0.019888534956254245, 0.010811824409325465, 0.0031877673285892645, 0.0031877673285892645]}}