{"1973-3": {"Total Votes": 264784.0, "Parties": ["udr (urp)", "parti communiste fran\u00e7ais", "parti socialiste", "cdp (urp)", "divers droite", "divers r\u00e9formateurs", "mouvement r\u00e9formateurs", "mouvement des radicaux de gauche", "extr\u00eame droite", "front national", "lutte ouvri\u00e8re"], "Percent": [0.28238111064112636, 0.2283370596410659, 0.18118164239531087, 0.09028868813825609, 0.06464892138497794, 0.047956069853163336, 0.04501782585050457, 0.03274367031240558, 0.010253640703365763, 0.01024986404012327, 0.006941507039700284]}, "1978-3": {"Total Votes": 327843.0, "Parties": ["rassemblement pour la r\u00e9publique", "parti communiste fran\u00e7ais", "ps + mrg", "union pour la d\u00e9mocratie fran\u00e7aise", "divers droite", "extr\u00eame gauche", "autres \u00e9cologistes", "gaulopp", "divers gauche", "extr\u00eame droite", "action francaise", "front national"], "Percent": [0.28662805062179153, 0.23785165460296545, 0.22002909929447936, 0.14987051729028833, 0.03223189148464357, 0.02960868464478424, 0.01635233938196027, 0.01209725386846753, 0.005655145908254866, 0.005127454299771537, 0.0024981469788892853, 0.002049761623704029]}, "1986-3": {"Total Votes": 330478.0, "Parties": ["rpr + udf", "ps + mrg", "front national", "parti communiste fran\u00e7ais", "extr\u00eame gauche", "mouvement des radicaux de gauche"], "Percent": [0.4202760849436271, 0.31838125382022403, 0.10758658670168665, 0.10071169639128777, 0.03637761061250673, 0.0166667675306677]}, "1993-3": {"Total Votes": 320806.0, "Parties": ["rassemblement pour la r\u00e9publique", "front national", "parti socialiste", "union pour la d\u00e9mocratie fran\u00e7aise", "parti communiste fran\u00e7ais", "les verts", "g\u00e9n\u00e9ration \u00c9cologie", "divers", "extr\u00eame gauche", "divers droite", "divers gauche", "extr\u00eame droite"], "Percent": [0.323263904041695, 0.1640181293367331, 0.14305530445191175, 0.09775689980860708, 0.09313105116487846, 0.03994314320804474, 0.03983092585550146, 0.0395690853662338, 0.02763040591510134, 0.02762728876641958, 0.003581603835339738, 0.0005922582495339863]}, "1988-6": {"Total Votes": 251559.0, "Parties": ["parti socialiste", "rassemblement pour la r\u00e9publique", "parti communiste fran\u00e7ais", "front national", "divers droite", "union pour la d\u00e9mocratie fran\u00e7aise", "divers gauche"], "Percent": [0.2331302000723488, 0.2167245059807043, 0.15202397847025945, 0.12469838089672802, 0.11293175755985674, 0.10558556839548576, 0.05490560862461689]}, "2002-6": {"Total Votes": 314292.0, "Parties": ["union pour un mouvement populaire", "parti socialiste", "front national", "parti communiste fran\u00e7ais", "divers droite", "les verts", "lutte ouvri\u00e8re", "divers gauche", "ligue communiste r\u00e9volutionnaire", "mouvement pour la france", "chasse, p\u00eache, nature, traditions", "divers", "mouvement national r\u00e9publicain", "p\u00f4le r\u00e9publicain", "rassemblement pour la france et l'ind\u00e9pendance de l'europe", "autres \u00e9cologistes", "extr\u00eame droite", "extr\u00eame gauche"], "Percent": [0.354603362478205, 0.18105137897242057, 0.17322426278747152, 0.07579893856668321, 0.04932037722881906, 0.04544500019090527, 0.01656421417026205, 0.015530143942575694, 0.015358329197052423, 0.014056991587440979, 0.01300383083247426, 0.01265701958688099, 0.009958891731256284, 0.009042546421798837, 0.006812136484543037, 0.003554019828694335, 0.0021476843190408918, 0.0018708716734756213]}, "1997-5": {"Total Votes": 325832.0, "Parties": ["front national", "ps + prs", "rassemblement pour la r\u00e9publique", "parti communiste fran\u00e7ais", "union pour la d\u00e9mocratie fran\u00e7aise", "autres \u00e9cologistes", "extr\u00eame gauche", "la droite ind\u00e9pendante", "les verts", "mouvement de citoyen", "divers droite"], "Percent": [0.22436408946941983, 0.2200428441650912, 0.21825357853126762, 0.11103267941761398, 0.06943455523091654, 0.03668454909278401, 0.036650789363843944, 0.0344963048442142, 0.025065064204866313, 0.02189471875076727, 0.0020808269292150556]}, "1981-6": {"Total Votes": 302576.0, "Parties": ["rassemblement pour la r\u00e9publique", "parti socialiste", "parti communiste fran\u00e7ais", "union pour la d\u00e9mocratie fran\u00e7aise", "extr\u00eame gauche", "autres \u00e9cologistes", "aujour'hui l'ecologie", "divers droite", "extr\u00eame droite"], "Percent": [0.37666239225847387, 0.35110517688118026, 0.18166675479879435, 0.048381233144730584, 0.02258606102268521, 0.007964941039606578, 0.006160435725239279, 0.005463090264925176, 9.914864364655492e-06]}}