{"1973-3": {"Total Votes": 266026.0, "Parties": ["udr (urp)", "parti socialiste", "cdp (urp)", "divers r\u00e9formateurs", "parti communiste fran\u00e7ais", "mouvement r\u00e9formateurs", "ri (urp)", "parti socialiste unifi\u00e9", "extr\u00eame droite", "front national", "ligue communiste r\u00e9volutionnaire", "divers droite"], "Percent": [0.25605767857277106, 0.2484381225895213, 0.1300436799410584, 0.10476795501191613, 0.10401614879748597, 0.0959755813341553, 0.0267718192958583, 0.008826204957410178, 0.007694736604692774, 0.007694736604692774, 0.00606707615045146, 0.003646260139986317]}, "1978-3": {"Total Votes": 312198.0, "Parties": ["rassemblement pour la r\u00e9publique", "ps + mrg", "parti communiste fran\u00e7ais", "union pour la d\u00e9mocratie fran\u00e7aise", "autres \u00e9cologistes", "divers gauche", "extr\u00eame gauche", "extr\u00eame droite"], "Percent": [0.3950697954503232, 0.29335870184946733, 0.1309393397779614, 0.11514167291270283, 0.023933529362776186, 0.020067393128719597, 0.016101960935047628, 0.005387606583001813]}, "1986-3": {"Total Votes": 317987.0, "Parties": ["rpr + udf", "ps + mrg", "front national", "parti communiste fran\u00e7ais", "r\u00e9gionalistes", "extr\u00eame gauche"], "Percent": [0.46636812196725025, 0.371776204687613, 0.07655658879136569, 0.06188617773682572, 0.01693779934399834, 0.006475107472947007]}, "1993-3": {"Total Votes": 284292.0, "Parties": ["rassemblement pour la r\u00e9publique", "parti socialiste", "union pour la d\u00e9mocratie fran\u00e7aise", "divers droite", "front national", "parti communiste fran\u00e7ais", "divers", "g\u00e9n\u00e9ration \u00c9cologie", "les verts", "r\u00e9gionalistes", "extr\u00eame gauche"], "Percent": [0.23276420018853852, 0.22253879813712663, 0.14646560578560072, 0.10935939104864012, 0.07902790089063358, 0.062101641973745306, 0.051306403275505466, 0.03187567712070688, 0.029599848043560847, 0.029452112616605464, 0.005508420919336457]}, "1988-6": {"Total Votes": 279261.0, "Parties": ["parti socialiste", "rassemblement pour la r\u00e9publique", "union pour la d\u00e9mocratie fran\u00e7aise", "front national", "parti communiste fran\u00e7ais", "divers droite", "r\u00e9gionalistes", "extr\u00eame gauche"], "Percent": [0.39573015924171295, 0.2393173411253272, 0.18537497180057366, 0.06453819187068728, 0.06072455516523969, 0.026691876058597512, 0.025148516978740317, 0.0024743877591213953]}, "2002-6": {"Total Votes": 301334.0, "Parties": ["parti socialiste", "union pour un mouvement populaire", "union pour la d\u00e9mocratie fran\u00e7aise", "front national", "chasse, p\u00eache, nature, traditions", "les verts", "parti communiste fran\u00e7ais", "r\u00e9gionalistes", "divers droite", "ligue communiste r\u00e9volutionnaire", "extr\u00eame droite", "lutte ouvri\u00e8re", "mouvement pour la france", "divers", "mouvement national r\u00e9publicain", "extr\u00eame gauche", "p\u00f4le r\u00e9publicain"], "Percent": [0.30734998373897404, 0.286602242030438, 0.12876409565465563, 0.059306284720609025, 0.04322778046951224, 0.0343306762595658, 0.03305966137243059, 0.03296674122402384, 0.0212919882920613, 0.01506301977208015, 0.010745551447895026, 0.007307505956845227, 0.006730073606031846, 0.005578527481133891, 0.005326315649744138, 0.0012179176594742046, 0.0011316346645250785]}, "1997-5": {"Total Votes": 278376.0, "Parties": ["ps + prs", "rassemblement pour la r\u00e9publique", "union pour la d\u00e9mocratie fran\u00e7aise", "front national", "parti communiste fran\u00e7ais", "divers", "la droite ind\u00e9pendante", "autres \u00e9cologistes", "les verts", "extr\u00eame gauche", "mouvement de citoyen"], "Percent": [0.3167478518263069, 0.24814998419403972, 0.12220521884070465, 0.09191525131476852, 0.062440727648935254, 0.04848119090726212, 0.02790470442854269, 0.026629450814725408, 0.02575293847170733, 0.0220888294967957, 0.0076838520562117416]}, "1981-6": {"Total Votes": 287976.0, "Parties": ["parti socialiste", "rassemblement pour la r\u00e9publique", "union pour la d\u00e9mocratie fran\u00e7aise", "parti communiste fran\u00e7ais", "aujour'hui l'ecologie", "autres \u00e9cologistes", "extr\u00eame gauche"], "Percent": [0.4161353723921438, 0.3692321582354085, 0.09484818179292719, 0.08706975581298441, 0.015428369030752563, 0.015428369030752563, 0.0018577937050309747]}}