{"1973-3": {"Total Votes": 133879.0, "Parties": ["parti socialiste", "parti communiste fran\u00e7ais", "udr (urp)", "ri (urp)", "cdp (urp)", "divers r\u00e9formateurs", "divers gauche", "divers droite", "parti socialiste unifi\u00e9"], "Percent": [0.23276241979698087, 0.17115455000410817, 0.1497695680427849, 0.13839362409339778, 0.11148126293145302, 0.09815579739914401, 0.06965244735918255, 0.01638046295535521, 0.012249867417593499]}, "1978-3": {"Total Votes": 172461.0, "Parties": ["ps + mrg", "rassemblement pour la r\u00e9publique", "union pour la d\u00e9mocratie fran\u00e7aise", "parti communiste fran\u00e7ais", "autres \u00e9cologistes", "collectif ecologie 78", "extr\u00eame gauche", "divers droite", "extr\u00eame droite", "front national"], "Percent": [0.3087422663674686, 0.2687796081432904, 0.15405222050202655, 0.15176184760612546, 0.04108755022874737, 0.04108755022874737, 0.01583546424988838, 0.010611094682275994, 0.005891186993001316, 0.0021512109984286303]}, "1986-3": {"Total Votes": 167066.0, "Parties": ["rpr + udf", "ps + mrg", "front national", "parti communiste fran\u00e7ais", "extr\u00eame gauche"], "Percent": [0.5016580273664301, 0.3297978044605126, 0.08327846479834317, 0.07790334358876133, 0.007362359785952857]}, "1993-3": {"Total Votes": 154487.0, "Parties": ["rassemblement pour la r\u00e9publique", "parti socialiste", "front national", "union pour la d\u00e9mocratie fran\u00e7aise", "parti communiste fran\u00e7ais", "les verts", "divers droite", "g\u00e9n\u00e9ration \u00c9cologie", "divers", "extr\u00eame gauche", "extr\u00eame droite"], "Percent": [0.3365137519661848, 0.1891356554273175, 0.11811349822315145, 0.11113556480480558, 0.08507511958935056, 0.05179076556603468, 0.03796435946066659, 0.030636882067746802, 0.025562021399858886, 0.010945904833416405, 0.0031264766614666605]}, "1988-6": {"Total Votes": 145472.0, "Parties": ["parti socialiste", "rassemblement pour la r\u00e9publique", "union pour la d\u00e9mocratie fran\u00e7aise", "front national", "parti communiste fran\u00e7ais"], "Percent": [0.3919585899692037, 0.32205510338759347, 0.1372222833260009, 0.0748322701275847, 0.07393175318961724]}, "2002-6": {"Total Votes": 166097.0, "Parties": ["union pour un mouvement populaire", "parti socialiste", "front national", "les verts", "parti communiste fran\u00e7ais", "r\u00e9gionalistes", "p\u00f4le r\u00e9publicain", "autres \u00e9cologistes", "ligue communiste r\u00e9volutionnaire", "lutte ouvri\u00e8re", "mouvement national r\u00e9publicain", "divers droite", "mouvement pour la france", "divers", "extr\u00eame gauche"], "Percent": [0.4777629939131953, 0.2481923213543893, 0.11146498732668259, 0.03841731036683384, 0.03583448226036593, 0.023817407900202897, 0.015496968638807444, 0.012125444770224628, 0.011710024864988532, 0.008495036033161346, 0.008067574971251738, 0.0028356923966116184, 0.0021794493579053204, 0.0020469966344967097, 0.0015533092108827974]}, "1997-5": {"Total Votes": 151118.0, "Parties": ["ps + prs", "rassemblement pour la r\u00e9publique", "front national", "union pour la d\u00e9mocratie fran\u00e7aise", "parti communiste fran\u00e7ais", "les verts", "autres \u00e9cologistes", "extr\u00eame gauche", "la droite ind\u00e9pendante", "divers", "divers droite", "rassemblement pour la r\u00e9publique (dissident)", "mouvement de citoyen", "extr\u00eame droite"], "Percent": [0.23743035243981525, 0.21354173559734776, 0.14792413875249805, 0.11948278828465173, 0.09080983072830504, 0.05037123307613917, 0.027058325282229782, 0.02046083193266189, 0.02006379120951839, 0.01983218412101801, 0.018859434349316428, 0.015173572969467568, 0.013261160152993026, 0.005730621104037904]}, "1981-6": {"Total Votes": 150629.0, "Parties": ["parti socialiste", "rassemblement pour la r\u00e9publique", "union pour la d\u00e9mocratie fran\u00e7aise", "parti communiste fran\u00e7ais", "aujour'hui l'ecologie", "autres \u00e9cologistes", "divers droite", "extr\u00eame gauche"], "Percent": [0.419673502446408, 0.26322952419520806, 0.1429804353743303, 0.10351260381467048, 0.030253138505865404, 0.030253138505865404, 0.00794003810687185, 0.002157619050780394]}}