{"1973-3": {"Total Votes": 189554.0, "Parties": ["udr (urp)", "parti socialiste", "parti communiste fran\u00e7ais", "ri (urp)", "mouvement r\u00e9formateurs", "divers r\u00e9formateurs", "parti socialiste unifi\u00e9"], "Percent": [0.38245565907340395, 0.2529094611561877, 0.13432056300579254, 0.13186216065079082, 0.07115122867362335, 0.015114426495879803, 0.012186500944321934]}, "1978-3": {"Total Votes": 218514.0, "Parties": ["rassemblement pour la r\u00e9publique", "ps + mrg", "union pour la d\u00e9mocratie fran\u00e7aise", "parti communiste fran\u00e7ais", "extr\u00eame gauche", "autres \u00e9cologistes", "extr\u00eame droite", "action francaise", "front national"], "Percent": [0.3016145418600181, 0.29390336545942136, 0.2168053305509029, 0.12731907337744952, 0.029430608565126262, 0.0174130719313179, 0.009875797431743504, 0.003624481726571295, 1.3729097449133695e-05]}, "1986-3": {"Total Votes": 210829.0, "Parties": ["rassemblement pour la r\u00e9publique", "ps + mrg", "union pour la d\u00e9mocratie fran\u00e7aise", "front national", "parti communiste fran\u00e7ais", "autres \u00e9cologistes", "les verts", "extr\u00eame gauche"], "Percent": [0.36234104416375357, 0.3138230509085562, 0.1092496762779314, 0.07765060783858008, 0.05373549179666934, 0.03177456611756447, 0.03177456611756447, 0.019650996779380446]}, "1993-3": {"Total Votes": 181230.0, "Parties": ["divers droite", "parti socialiste", "rassemblement pour la r\u00e9publique", "front national", "union pour la d\u00e9mocratie fran\u00e7aise", "divers", "parti communiste fran\u00e7ais", "les verts", "g\u00e9n\u00e9ration \u00c9cologie", "divers gauche", "mouvement des radicaux de gauche", "extr\u00eame gauche"], "Percent": [0.261794404899851, 0.18102411300557303, 0.14361308834078243, 0.10075594548363957, 0.07432544280748221, 0.057760856370358105, 0.04226121503062407, 0.03948573635711527, 0.03503834905920653, 0.03242840589306406, 0.016801853997682505, 0.014710588754621199]}, "1988-6": {"Total Votes": 184291.0, "Parties": ["parti socialiste", "rassemblement pour la r\u00e9publique", "divers gauche", "union pour la d\u00e9mocratie fran\u00e7aise", "front national", "divers droite", "parti communiste fran\u00e7ais"], "Percent": [0.3222729270555806, 0.2884568427107129, 0.11467733096027478, 0.08206043702622483, 0.07557070068532917, 0.06453380794504343, 0.05242795361683425]}, "2002-6": {"Total Votes": 175699.0, "Parties": ["union pour un mouvement populaire", "parti socialiste", "divers droite", "front national", "divers gauche", "ligue communiste r\u00e9volutionnaire", "parti communiste fran\u00e7ais", "autres \u00e9cologistes", "mouvement national r\u00e9publicain", "lutte ouvri\u00e8re", "divers", "union pour la d\u00e9mocratie fran\u00e7aise", "les verts", "p\u00f4le r\u00e9publicain", "extr\u00eame gauche", "chasse, p\u00eache, nature, traditions", "mouvement pour la france"], "Percent": [0.3263251356012271, 0.2149073130752025, 0.1296023312597112, 0.11600521346165886, 0.08757021952316177, 0.017666577499018205, 0.015361498927142444, 0.014894791660737965, 0.013301157092527561, 0.01215146358260434, 0.010677351607009715, 0.010113887956106751, 0.008008013705257286, 0.006272090336313809, 0.00625501568022584, 0.005708626685410844, 0.005179312346683817]}, "1997-5": {"Total Votes": 183195.0, "Parties": ["rassemblement pour la r\u00e9publique", "ps + prs", "front national", "union pour la d\u00e9mocratie fran\u00e7aise", "mouvement de citoyen", "parti communiste fran\u00e7ais", "les verts", "divers", "la droite ind\u00e9pendante", "extr\u00eame gauche", "autres \u00e9cologistes", "divers droite"], "Percent": [0.27039493435956224, 0.23746281284969567, 0.1633177761401785, 0.08959851524331996, 0.07035672370970825, 0.04669887278582931, 0.04598378776713338, 0.032582766996915855, 0.01876142907830454, 0.01831381860858648, 0.004994677802341767, 0.0015338846584240836]}, "1981-6": {"Total Votes": 199957.0, "Parties": ["parti socialiste", "rassemblement pour la r\u00e9publique", "union pour la d\u00e9mocratie fran\u00e7aise", "parti communiste fran\u00e7ais", "divers droite", "aujour'hui l'ecologie", "autres \u00e9cologistes", "extr\u00eame gauche"], "Percent": [0.42507139034892505, 0.2551598593697645, 0.1817590782018134, 0.07487609836114764, 0.019859269742994744, 0.01855899018288932, 0.01855899018288932, 0.006156323609576059]}}