{"2005-12": {"Total Votes": 536988.0, "Parties": ["Chama cha Mapinduzi", "Tanzania Labour Party", "United Democratic Party", "Chama cha Demokrasia na Maendeleo", "Civic United Front", "Progressive Party of Tanzania-Maendeleo", "National Convention for Construction and Reform-Mageuzi", "Democratic Party", "Chama cha Haki na Usitawi", "Jahazi Asilia Candidate", "National League for Democracy", "Sauti ya Umma", "United People\u2019s Democratic Party"], "Percent": [0.6756556943544363, 0.08743957034421626, 0.0811247178707904, 0.06865888995657259, 0.03832115429022623, 0.022648550805604593, 0.020378481455823966, 0.0016685661504540138, 0.0014916534447697153, 0.0009460174156591954, 0.0006778549986219431, 0.0005232891610240824, 0.00046555975180078514]}}