{"2005-12": {"Total Votes": 384738.0, "Parties": ["Chama cha Mapinduzi", "Civic United Front", "Chama cha Demokrasia na Maendeleo", "National Convention for Construction and Reform-Mageuzi", "Tanzania Labour Party", "Democratic Party", "Jahazi Asilia Candidate", "United Democratic Party", "Chama cha Haki na Usitawi", "Sauti ya Umma", "Demokrasia Makini", "Tanzania Democratic Alliance"], "Percent": [0.5900249000618604, 0.18664129875395724, 0.18311942152841676, 0.02870005042392485, 0.006575903601931705, 0.0009720900976768606, 0.0009149083272252806, 0.0009045116416886296, 0.0007537597014071913, 0.0006965779309556114, 0.0004470574780759894, 0.00024952045287962197]}}