{"2005-12": {"Total Votes": 139450.0, "Parties": ["Chama cha Mapinduzi", "Civic United Front", "Chama cha Demokrasia na Maendeleo"], "Percent": [0.5807027608461814, 0.4069845822875583, 0.012312656866260308]}}