{"2005-12": {"Total Votes": 826068.0, "Parties": ["Chama cha Mapinduzi", "Civic United Front", "Chama cha Demokrasia na Maendeleo", "National Convention for Construction and Reform-Mageuzi", "Tanzania Labour Party", "United Democratic Party", "Chama cha Haki na Usitawi", "United People\u2019s Democratic Party", "Democratic Party", "Jahazi Asilia Candidate", "Sauti ya Umma", "Forum for the Restoration of Democracy", "National Reconstruction Alliance", "Demokrasia Makini", "Union for Multiparty Democracy", "National League for Democracy", "Tanzania Democratic Alliance", "Progressive Party of Tanzania-Maendeleo"], "Percent": [0.6771766973178963, 0.14457042277391208, 0.14175225284117043, 0.024517352082395152, 0.0029428570045081036, 0.0020010459187379246, 0.0016257741493436377, 0.0014575071301636184, 0.0008728095023654227, 0.0006706469685304358, 0.0005483810049535874, 0.0005350649099105642, 0.0003970617431010522, 0.0003922195267217711, 0.0003026385237050703, 0.00016826701918001908, 4.7211609697990966e-05, 2.178997370676506e-05]}}