{"2001-3": {"Total Votes": 1457.0, "Parties": ["Uni\u00f3 Laurediana", "Agrupament Independent per Sant Jul\u00eda"], "Percent": [0.5579958819492107, 0.4420041180507893]}, "2011-4": {"Total Votes": 2184.0, "Parties": ["Uni\u00f3 Laurediana", "Partit Socialdem\u00f2cratica-Independent"], "Percent": [0.6176739926739927, 0.3823260073260073]}, "2005-4": {"Total Votes": 0, "Parties": [], "Percent": []}, "2009-4": {"Total Votes": 2104.0, "Parties": ["Joint Coalici\u00f3 Reformista-Uni\u00f3 Laurediana", "Partit Socialdem\u00f2cratica-Independent", "Andorra pel Canvi-Segle21"], "Percent": [0.5133079847908745, 0.3502851711026616, 0.13640684410646386]}, "1997-2": {"Total Votes": 1271.0, "Parties": ["Uni\u00f3 Liberal", "Agrupament Nacional Democr\u00e0tic"], "Percent": [0.5515342250196695, 0.44846577498033047]}}