{"1998-9": {"Total Votes": 3118811.0, "Parties": ["sozialdemokratische partei deutschlands", "christlich demokratische union", "partei des demokratischen sozialismus", "others", "freie demokratische partei", "b\u00fcndnis '90/die gr\u00fcnen"], "Percent": [0.40010023050450955, 0.2858836268052152, 0.2047222483183495, 0.04261175172205048, 0.036532511909185904, 0.030149630740689326]}, "2005-9": {"Total Votes": 2898285.0, "Parties": ["sozialdemokratische partei deutschlands", "christlich demokratische union", "die linkspartei.partei des demokratischen sozialismus", "freie demokratische partei", "die gr\u00fcnen", "nationaldemokratische partei deutschlands", "marxistisch-leninistische partei deutschlands", "partei rechtsstaatlicher offensive", "pro deutsche mitte \u2013 initiative pro d-mark", "\u00dcbrige", "die republikaner", "partei bibeltreuer christen", "mensch umwelt tierschutz", "partei f\u00fcr soziale gleichheit, sektion der vierten internationale", "statt - partei die unabh\u00e4ngigen", "unabh\u00c4ngige", "humanwirtschaftspartei", "humanistische partei", "50plus das generationen-b\u00fcndnis", "feministische partei die frauen", "allianz f\u00fcr gesundheit, frieden und soziale gerechtigkeit", "die partei", "die grauen \u2013 graue panther", "deutschland", "deutsche zentrumspartei", "deutsche soziale union", "christliche mitte \u2014 f\u00fcr ein deutschland nach gottes geboten", "christlich-soziale union in bayern", "b\u00fcrgerrechtsbewegung solidarit\u00e4t", "bayernpartei", "anarchistische pogo-partei deutschlands", "familienpartei deutschlands"], "Percent": [0.3393323982976139, 0.2629075470493757, 0.26039192142939704, 0.06525238201212097, 0.03390211797666551, 0.026668874869103618, 0.0031428931247272094, 0.002862037377276562, 0.0019801365290162977, 0.001728608470181504, 0.0016647776184881748, 0.00016630524603343012, 0.0, 0.0, 0.0, 0.0, 0.0, 0.0, 0.0, 0.0, 0.0, 0.0, 0.0, 0.0, 0.0, 0.0, 0.0, 0.0, 0.0, 0.0, 0.0, 0.0]}, "1969-9": {"Total Votes": 0, "Parties": [], "Percent": []}, "1907-1": {"Total Votes": 530642.0, "Parties": ["sozialdemokratische partei deutschlands", "deutsche konservative", "nationalliberale", "freisinnige volkspartei", "others", "deutsche reichspartei", "freisinnige vereinigung", "a + wv", "zentrum", "polen"], "Percent": [0.37346648022583967, 0.13443149995665626, 0.12899092043223115, 0.1195796789549263, 0.09413879790894804, 0.06524172606013094, 0.06112595685980379, 0.013466706367004496, 0.009170024234794833, 0.00038820899966455726]}, "1878-7": {"Total Votes": 254517.0, "Parties": ["nationalliberale", "deutsche reichspartei", "deutsche konservative", "sozialdemokratische partei deutschlands", "zentrum", "fortschrittspartei", "others"], "Percent": [0.5429578377868669, 0.2673966768428042, 0.11077845487727735, 0.06192513663134486, 0.008239135303339265, 0.006089966485539276, 0.0026127920728281416]}, "1994-10": {"Total Votes": 2654515.0, "Parties": ["christlich demokratische union", "sozialdemokratische partei deutschlands", "partei des demokratischen sozialismus", "freie demokratische partei", "b\u00fcndnis '90/die gr\u00fcnen", "others"], "Percent": [0.3941431862317598, 0.3393444753561385, 0.17554995922042257, 0.037324332316826234, 0.03638743800656617, 0.017250608868286676]}, "1957-9": {"Total Votes": 109482.0, "Parties": ["christlich demokratische union", "sozialdemokratische partei deutschlands", "freie demokratische partei", "gesamtdeutscher block-bund der heimatvertriebenen und entrec", "deutsche reichspartei", "others"], "Percent": [0.49700407372901484, 0.366315924078844, 0.05970844522387242, 0.056328894247456206, 0.017847682724100766, 0.002794979996711788]}, "1928-5": {"Total Votes": 1652090.0, "Parties": ["sozialdemokratische partei deutschlands", "deutsch-nationale volkspartei", "kommunistische partei deutschlands", "deutsche volkspartei", "others", "wirtschaftspartei des deutschen mittelstand", "deutsche staatspartei", "national-sozialistische deutsche arbeiter partei", "cc + bv", "deutsche bauernpartei", "acs + cnblp +  sl"], "Percent": [0.340703593629887, 0.1821728840438475, 0.14635824924792235, 0.12237045197295547, 0.05873893068779546, 0.052962610995768995, 0.04889987833592601, 0.021445562893062726, 0.015149901034447275, 0.008348213475052813, 0.002849723683334443]}, "1980-10": {"Total Votes": 0, "Parties": [], "Percent": []}, "1972-11": {"Total Votes": 0, "Parties": [], "Percent": []}, "1987-1": {"Total Votes": 0, "Parties": [], "Percent": []}, "1976-10": {"Total Votes": 0, "Parties": [], "Percent": []}, "1961-9": {"Total Votes": 109830.0, "Parties": ["sozialdemokratische partei deutschlands", "christlich demokratische union", "freie demokratische partei", "gesamtdeutsche partei", "others", "deutsche reichspartei"], "Percent": [0.4384776472730584, 0.3955931894746426, 0.11051625239005736, 0.03117545297277611, 0.014103614677228444, 0.010133843212237094]}, "1874-2": {"Total Votes": 180593.0, "Parties": ["nationalliberale", "fortschrittspartei", "sozialdemokratische partei deutschlands", "deutsche konservative", "deutsche reichspartei", "others", "zentrum"], "Percent": [0.5347051103863383, 0.13145027769625622, 0.12172675574357811, 0.1116654576866213, 0.09461607039032521, 0.004191746080966593, 0.0016445820159142381]}, "1932-7": {"Total Votes": 1897810.0, "Parties": ["national-sozialistische deutsche arbeiter partei", "sozialdemokratische partei deutschlands", "kommunistische partei deutschlands", "deutsch-nationale volkspartei", "others", "cc + bv", "deutsche staatspartei"], "Percent": [0.424044029697388, 0.26143923785837364, 0.1670214615793994, 0.0759280433763127, 0.0434110896243565, 0.01801286746302317, 0.010143270401146584]}, "1965-9": {"Total Votes": 0, "Parties": [], "Percent": []}, "1898-6": {"Total Votes": 401665.0, "Parties": ["sozialdemokratische partei deutschlands", "nationalliberale", "deutsche konservative", "deutsche reichspartei", "freisinnige volkspartei", "others", "freisinnige vereinigung", "antisemiten", "zentrum"], "Percent": [0.3636264050888178, 0.18610533653666614, 0.1364769148419703, 0.1304669313980556, 0.09959792364283669, 0.03232793497068453, 0.026151145855376992, 0.019645724671056727, 0.005601682994535247]}, "1903-6": {"Total Votes": 460062.0, "Parties": ["sozialdemokratische partei deutschlands", "nationalliberale", "deutsche konservative", "freisinnige vereinigung", "deutsche reichspartei", "freisinnige volkspartei", "others", "antisemiten", "zentrum", "bund der landwirte", "polen"], "Percent": [0.41420286830905395, 0.2160317522420891, 0.13866391921088894, 0.06537597106476953, 0.0651738243975812, 0.055136046880637835, 0.016786867856941022, 0.01174189565754181, 0.011678860675300285, 0.0051145280418726175, 9.346566332363899e-05]}, "1912-1": {"Total Votes": 564023.0, "Parties": ["sozialdemokratische partei deutschlands", "deutsche konservative", "nationalliberale", "forschrittliche volkspartei", "others", "deutsche reichspartei", "wirtschaftsvereinigung", "polen"], "Percent": [0.43567904145752917, 0.16975194273992372, 0.14647097724738178, 0.11887813085636578, 0.07261937899695581, 0.04711687289348129, 0.009129060339737918, 0.0003545954686245064]}, "1884-10": {"Total Votes": 243755.0, "Parties": ["deutsche freisinnige partei", "nationalliberale", "deutsche reichspartei", "deutsche konservative", "sozialdemokratische partei deutschlands", "zentrum", "others"], "Percent": [0.33543106808065476, 0.21995856495251379, 0.1832905991671966, 0.1496461611043876, 0.10140099690262765, 0.008836741810424402, 0.001435867982195237]}, "1877-1": {"Total Votes": 183040.0, "Parties": ["nationalliberale", "deutsche konservative", "sozialdemokratische partei deutschlands", "deutsche reichspartei", "fortschrittspartei", "zentrum", "others"], "Percent": [0.5946951486013986, 0.15429960664335662, 0.11746612762237763, 0.08994755244755245, 0.028687718531468537, 0.011314466783216784, 0.003589379370629371]}, "1893-6": {"Total Votes": 402515.0,