{"1998-9": {"Total Votes": 3182147.0, "Parties": ["sozialdemokratische partei deutschlands", "christlich demokratische union", "partei des demokratischen sozialismus", "others", "b\u00fcndnis '90/die gr\u00fcnen", "freie demokratische partei"], "Percent": [0.36104554566460945, 0.3002419435682889, 0.2109085469653036, 0.059851414783792196, 0.03635124335865063, 0.03160130565935514]}, "2005-9": {"Total Votes": 2898635.0, "Parties": ["sozialdemokratische partei deutschlands", "christlich demokratische union", "die linkspartei.partei des demokratischen sozialismus", "freie demokratische partei", "die gr\u00fcnen", "nationaldemokratische partei deutschlands", "die grauen \u2013 graue panther", "\u00dcbrige", "die republikaner", "marxistisch-leninistische partei deutschlands", "familienpartei deutschlands", "partei bibeltreuer christen", "deutschland", "mensch umwelt tierschutz", "unabh\u00c4ngige", "statt - partei die unabh\u00e4ngigen", "anarchistische pogo-partei deutschlands", "pro deutsche mitte \u2013 initiative pro d-mark", "partei rechtsstaatlicher offensive", "partei f\u00fcr soziale gleichheit, sektion der vierten internationale", "bayernpartei", "b\u00fcrgerrechtsbewegung solidarit\u00e4t", "deutsche zentrumspartei", "humanwirtschaftspartei", "humanistische partei", "christlich-soziale union in bayern", "feministische partei die frauen", "allianz f\u00fcr gesundheit, frieden und soziale gerechtigkeit", "christliche mitte \u2014 f\u00fcr ein deutschland nach gottes geboten", "die partei", "deutsche soziale union", "50plus das generationen-b\u00fcndnis"], "Percent": [0.3079477064204359, 0.27359084534617156, 0.2575584714874415, 0.06450518951161495, 0.04202357316461024, 0.03810483210200663, 0.004697728413546376, 0.0035385621163064682, 0.0034381700352062263, 0.0025056621478730507, 0.0017149451379701135, 0.00037431411681705353, 0.0, 0.0, 0.0, 0.0, 0.0, 0.0, 0.0, 0.0, 0.0, 0.0, 0.0, 0.0, 0.0, 0.0, 0.0, 0.0, 0.0, 0.0, 0.0, 0.0]}, "1969-9": {"Total Votes": 0, "Parties": [], "Percent": []}, "1907-1": {"Total Votes": 432285.0, "Parties": ["sozialdemokratische partei deutschlands", "nationalliberale", "freisinnige volkspartei", "deutsche reichspartei", "deutsche konservative", "freisinnige vereinigung", "drp + as + cs", "a + wv", "zentrum", "polen", "others"], "Percent": [0.359225973605376, 0.16848375493019652, 0.11791295094671339, 0.10454214233665289, 0.09206657644840788, 0.046221821252183166, 0.04147263957805615, 0.029191389939507505, 0.028439571116277457, 0.012010594862185827, 0.00043258498444313364]}, "1878-7": {"Total Votes": 223036.0, "Parties": ["deutsche reichspartei", "nationalliberale", "deutsche konservative", "zentrum", "sozialdemokratische partei deutschlands", "fortschrittspartei", "deutsche volkspartei", "others"], "Percent": [0.3427159741028354, 0.303843325741136, 0.11234957585322548, 0.08464552807618501, 0.07518068831937444, 0.07331103498986712, 0.00643393891569074, 0.0015199340016858265]}, "1994-10": {"Total Votes": 2852253.0, "Parties": ["christlich demokratische union", "sozialdemokratische partei deutschlands", "partei des demokratischen sozialismus", "b\u00fcndnis '90/die gr\u00fcnen", "freie demokratische partei", "others"], "Percent": [0.41958374660312386, 0.30913071175663587, 0.16772916007100352, 0.048255186338659294, 0.037666013498802525, 0.017635181731774845]}, "1957-9": {"Total Votes": 0, "Parties": [], "Percent": []}, "1928-5": {"Total Votes": 1125617.0, "Parties": ["sozialdemokratische partei deutschlands", "kommunistische partei deutschlands", "acs + cnblp +  sl", "deutsche volkspartei", "deutsch-nationale volkspartei", "wirtschaftspartei des deutschen mittelstand", "others", "cc + bv", "deutsche staatspartei", "national-sozialistische deutsche arbeiter partei", "deutsche bauernpartei"], "Percent": [0.3277180426379488, 0.12264029416755433, 0.11292651052711535, 0.11017246541230276, 0.08025465144893867, 0.0761688922608667, 0.051318521308757775, 0.04075364888767671, 0.03833541959654128, 0.03620325563668637, 0.00350829811561126]}, "1980-10": {"Total Votes": 0, "Parties": [], "Percent": []}, "1972-11": {"Total Votes": 0, "Parties": [], "Percent": []}, "1987-1": {"Total Votes": 0, "Parties": [], "Percent": []}, "1976-10": {"Total Votes": 0, "Parties": [], "Percent": []}, "1961-9": {"Total Votes": 0, "Parties": [], "Percent": []}, "1874-2": {"Total Votes": 174484.0, "Parties": ["nationalliberale", "deutsche reichspartei", "fortschrittspartei", "sozialdemokratische partei deutschlands", "zentrum", "deutsche konservative", "others", "liberale reichspartei"], "Percent": [0.4510671465578505, 0.13209807202952706, 0.11689897067926, 0.1093166135576901, 0.10492079502991677, 0.08020219618990852, 0.004200958254051947, 0.001295247701795007]}, "1932-7": {"Total Votes": 1427649.0, "Parties": ["national-sozialistische deutsche arbeiter partei", "sozialdemokratische partei deutschlands", "kommunistische partei deutschlands", "others", "deutsch-nationale volkspartei", "cc + bv", "deutsche staatspartei"], "Percent": [0.40572297532516743, 0.20712794251248032, 0.15708553012680287, 0.13305301233006153, 0.044283293722756786, 0.04363677626643524, 0.009090469716295813]}, "1965-9": {"Total Votes": 0, "Parties": [], "Percent": []}, "1898-6": {"Total Votes": 303167.0, "Parties": ["sozialdemokratische partei deutschlands", "deutsche konservative", "freisinnige volkspartei", "nationalliberale", "bund der landwirte", "deutsche reichspartei", "others", "antisemiten", "freisinnige vereinigung", "zentrum"], "Percent": [0.38080002111047706, 0.11587672800799559, 0.11490696546787743, 0.08515768536813044, 0.07750843594454541, 0.05834737949710885, 0.04964260622033401, 0.04879818713778215, 0.038605784930417886, 0.030356206315331154]}, "1903-6": {"Total Votes": 365381.0, "Parties": ["sozialdemokratische partei deutschlands", "deutsche konservative", "freisinnige volkspartei", "nationalliberale", "deutsche reichspartei", "freisinnige vereinigung", "others", "antisemiten", "zentrum", "bund der landwirte", "polen"], "Percent": [0.4029766189265452, 0.13517123222061356, 0.12489976216606775, 0.12473007627654423, 0.04138146209025648, 0.03950396982875409, 0.03855701309044532, 0.037147525459725605, 0.03133715217813734, 0.023219598172866132, 0.0010755895900443646]}, "1912-1": {"Total Votes": 465687.0, "Parties": ["sozialdemokratische partei deutschlands", "nationalliberale", "forschrittliche volkspartei", "deutsche konservative", "wirtschaftsvereinigung", "deutsche reichspartei", "zentrum", "polen", "others"], "Percent": [0.4420136271787703, 0.1513999746610921, 0.14505451086244622, 0.12161602106135667, 0.06976574394389365, 0.028098272015323597, 0.02719852604861205, 0.012297959788441592, 0.00255536444006382]}, "1884-10": {"Total Votes": 226227.0, "Parties": ["deutsche freisinnige partei", "nationalliberale", "deutsche konservative", "deutsche reichspartei", "sozialdemokratische partei deutschlands", "zentrum", "others"], "Percent": [0.34849067529516814, 0.18713062543374576, 0.15262103992892093, 0.13483359634349568, 0.13256596250668576, 0.043412147975263785, 0.0009459525167199316]}, "1877-1": {"Total Votes": 198930.0, "Parties": ["nationalliberale", "sozialdemokratische partei deutschlands", "deutsche reichspartei", "zentrum", "fortschrittspartei", "deutsche konservative", "others"], "Percent": [0.4413864173327301, 0.17092444578494945, 0.14950485095259639, 0.09199718493942594, 0.07478510028653294, 0.0690695219423918, 0.0023324787613733474]}, "1893-6": {"Total Votes": 301505.0, "Parties": ["sozialdemokratische partei deutschlands", "freisinnige volkspartei", "deutsche reichspartei", "nationalliberale", "deutsche konservative", "zentrum", "drp + as", "freisinnige vereinigung", "others"], "Percent": [0.3416527089103, 0.15732409081109766, 0.13763287507669855, 0.13024991293676724, 0.10209117593406411, 0.04508051276098241, 0.042682542578066696, 0.04211538780451403, 0.0011707931875093284]}, "1887-2": {"Total Votes": 305167.0,