{"1998-9": {"Total Votes": 1835047.0, "Parties": ["sozialdemokratische partei deutschlands", "christlich demokratische union", "b\u00fcndnis '90/die gr\u00fcnen", "freie demokratische partei", "others", "partei des demokratischen sozialismus"], "Percent": [0.47835123569042093, 0.3222435174684899, 0.09595612537444545, 0.04692413872778191, 0.04120548411021625, 0.015319498628645479]}, "2005-9": {"Total Votes": 1885590.0, "Parties": ["sozialdemokratische partei deutschlands", "christlich demokratische union", "die gr\u00fcnen", "freie demokratische partei", "die linkspartei.partei des demokratischen sozialismus", "nationaldemokratische partei deutschlands", "mensch umwelt tierschutz", "die partei", "anarchistische pogo-partei deutschlands", "\u00dcbrige", "partei bibeltreuer christen", "marxistisch-leninistische partei deutschlands", "humanistische partei", "partei rechtsstaatlicher offensive", "pro deutsche mitte \u2013 initiative pro d-mark", "statt - partei die unabh\u00e4ngigen", "unabh\u00c4ngige", "humanwirtschaftspartei", "partei f\u00fcr soziale gleichheit, sektion der vierten internationale", "50plus das generationen-b\u00fcndnis", "feministische partei die frauen", "allianz f\u00fcr gesundheit, frieden und soziale gerechtigkeit", "die republikaner", "die grauen \u2013 graue panther", "deutschland", "deutsche zentrumspartei", "deutsche soziale union", "christliche mitte \u2014 f\u00fcr ein deutschland nach gottes geboten", "christlich-soziale union in bayern", "b\u00fcrgerrechtsbewegung solidarit\u00e4t", "bayernpartei", "familienpartei deutschlands"], "Percent": [0.4311016710949888, 0.3144172381058449, 0.12011147704432035, 0.062313122152747945, 0.05513711888586596, 0.010393563818221352, 0.0036402399249041415, 0.001329026988900026, 0.0006995158014202451, 0.0003791916588441814, 0.00024395547282282998, 0.0002338790511192783, 0.0, 0.0, 0.0, 0.0, 0.0, 0.0, 0.0, 0.0, 0.0, 0.0, 0.0, 0.0, 0.0, 0.0, 0.0, 0.0, 0.0, 0.0, 0.0, 0.0]}, "1969-9": {"Total Votes": 2199587.0, "Parties": ["sozialdemokratische partei deutschlands", "christlich demokratische union", "freie demokratische partei", "nationaldemokratische partei deutschlands", "others"], "Percent": [0.5597769035732617, 0.3403266158601592, 0.05196293667856739, 0.032329250900282644, 0.015604292987729059]}, "1907-1": {"Total Votes": 186241.0, "Parties": ["sozialdemokratische partei deutschlands", "freisinnige vereinigung", "nationalliberale", "zentrum", "drp + as + cs", "others"], "Percent": [0.6061608346175118, 0.22470884499116733, 0.1565068916081851, 0.008016494756793616, 0.003318281151840894, 0.001288652874501318]}, "1878-7": {"Total Votes": 71808.0, "Parties": ["nationalliberale", "sozialdemokratische partei deutschlands", "deutsche konservative", "zentrum", "others"], "Percent": [0.5713848039215687, 0.41261419340463457, 0.011572526737967916, 0.0030497994652406418, 0.0013786764705882352]}, "1994-10": {"Total Votes": 1853261.0, "Parties": ["sozialdemokratische partei deutschlands", "christlich demokratische union", "b\u00fcndnis '90/die gr\u00fcnen", "freie demokratische partei", "others", "partei des demokratischen sozialismus"], "Percent": [0.40421613577364446, 0.36404100663641015, 0.12885556864359635, 0.05282040683961945, 0.03262897131057093, 0.017437910796158772]}, "1957-9": {"Total Votes": 2320339.0, "Parties": ["sozialdemokratische partei deutschlands", "christlich demokratische union", "freie demokratische partei", "deutsche partei", "deutsche reichspartei", "gesamtdeutscher block-bund der heimatvertriebenen und entrechteten", "gesamtdeutscher block-bund der heimatvertriebenen und entrec", "others"], "Percent": [0.4600198505477002, 0.3781391425994219, 0.09223178164914694, 0.044381876958496144, 0.007507092713607795, 0.007221789574713006, 0.006443024058122541, 0.0040554418987915125]}, "1928-5": {"Total Votes": 696576.0, "Parties": ["sozialdemokratische partei deutschlands", "kommunistische partei deutschlands", "deutsche volkspartei", "deutsch-nationale volkspartei", "deutsche staatspartei", "national-sozialistische deutsche arbeiter partei", "wirtschaftspartei des deutschen mittelstand", "others", "cc + bv", "acs + cnblp +  sl"], "Percent": [0.36626728454612273, 0.1667298327820654, 0.1374078348952591, 0.1276544124402793, 0.11534132671811834, 0.02549757671811834, 0.0235078440830577, 0.020807492649761117, 0.015445550808526278, 0.0013408443586916574]}, "1980-10": {"Total Votes": 2079765.0, "Parties": ["sozialdemokratische partei deutschlands", "christlich demokratische union", "freie demokratische partei", "others"], "Percent": [0.5290049596949655, 0.31899998317117556, 0.12013376511288534, 0.03186129202097352]}, "1972-11": {"Total Votes": 2335709.0, "Parties": ["sozialdemokratische partei deutschlands", "christlich demokratische union", "freie demokratische partei", "others"], "Percent": [0.5690576180508788, 0.3351915842256034, 0.08469762286312207, 0.011053174860395708]}, "1987-1": {"Total Votes": 1973891.0, "Parties": ["sozialdemokratische partei deutschlands", "christlich demokratische union", "die gr\u00fcnen", "freie demokratische partei", "others"], "Percent": [0.41828398832559655, 0.387011238209202, 0.1021707885592467, 0.07366262878750651, 0.01887135611844828]}, "1976-10": {"Total Votes": 2196772.0, "Parties": ["sozialdemokratische partei deutschlands", "christlich demokratische union", "freie demokratische partei", "others"], "Percent": [0.5308716607822751, 0.3620667051473708, 0.09246840363952198, 0.01459323043083215]}, "1961-9": {"Total Votes": 2403381.0, "Parties": ["sozialdemokratische partei deutschlands", "christlich demokratische union", "freie demokratische partei", "others", "deutsche reichspartei", "gesamtdeutsche volkspartei", "gesamtdeutsche partei"], "Percent": [0.4703457337808696, 0.32164271915272696, 0.15402218790944922, 0.03582952515643587, 0.008619523912355138, 0.004929721920910584, 0.004610588167252716]}, "1874-2": {"Total Votes": 33885.0, "Parties": ["nationalliberale", "sozialdemokratische partei deutschlands", "fortschrittspartei", "others"], "Percent": [0.48401947764497566, 0.4092076139884905, 0.10211007820569573, 0.004662830160838129]}, "1932-7": {"Total Votes": 781017.0, "Parties": ["national-sozialistische deutsche arbeiter partei", "sozialdemokratische partei deutschlands", "kommunistische partei deutschlands", "others", "deutsche staatspartei", "deutsch-nationale volkspartei", "cc + bv"], "Percent": [0.32647560808535536, 0.30655926823615876, 0.1712036997914258, 0.06694092446131134, 0.05852113334280816, 0.05076842117393091, 0.019530944909009664]}, "1965-9": {"Total Votes": 2241295.0, "Parties": ["sozialdemokratische partei deutschlands", "christlich demokratische union", "freie demokratische partei", "others", "nationaldemokratische partei deutschlands"], "Percent": [0.48668381449117587, 0.38146964143497397, 0.08686897530222484, 0.02781293850207135, 0.017164630269553987]}, "1898-6": {"Total Votes": 131441.0, "Parties": ["sozialdemokratische partei deutschlands", "nationalliberale", "freisinnige volkspartei", "antisemiten", "freisinnige vereinigung", "zentrum", "others"], "Percent": [0.6248354775146263, 0.18084159432749294, 0.0928249176436576, 0.06947603867895101, 0.02354668634596511, 0.005432095008406813, 0.003043190480900176]}, "1903-6": {"Total Votes": 161320.0, "Parties": ["sozialdemokratische partei deutschlands", "nationalliberale", "freisinnige volkspartei", "antisemiten", "zentrum", "others"], "Percent": [0.6205802132407636, 0.22718199851227375, 0.11149888420530624, 0.018237044383833376, 0.014313166377386562, 0.0081886932804364]}, "1912-1": {"Total Votes": 225839.0, "Parties": ["sozialdemokratische partei deutschlands", "forschrittliche volkspartei", "nationalliberale", "zentrum", "wirtschaftsvereinigung", "polen", "others"], "Percent": [0.6125735590398469, 0.2528305562812446, 0.11854905485766408, 0.007695747855773361, 0.0069607109489503586, 0.0007660324390384301, 0.0006243385774821887]}, "1884-10": {"Total Votes": 72489.0,