{"2011-5": {"Total Votes": 83364.0, "Parties": ["Democratic Rally", "Progressive Party of Working People", "Democratic Party", "Movement for Social Democracy", "European Party", "Ecological and Environmental Movement", "People's Socialist Movement", "National People's Front", "Balance - Independent Citizens Movement", "Cypriot Progressive Cooperation", "Independent"], "Percent": [0.32726356700734127, 0.3070630008156998, 0.17572333381315675, 0.11206276090398733, 0.03839786958399309, 0.020260544119763926, 0.007941077683412505, 0.006705532364090015, 0.0019072981142939397, 0.001535434959934744, 0.001139580634326568]}, "2001-5": {"Total Votes": 85407.0, "Parties": ["Progressive Party of Working People", "Democratic Rally", "Democratic Party", "Movement for Social Democracy", "Fighting Democratic Movement", "New Horizons", "United Democrats", "Ecological and Environmental Movement", "Independent"], "Percent": [0.3494092990035946, 0.3205592047490253, 0.16886203706956104, 0.057442598381865655, 0.04247895371573759, 0.023967590478532204, 0.018651866942990623, 0.01693069654712143, 0.001697753111571651]}, "2006-5": {"Total Votes": 87188.0, "Parties": ["Progressive Party of Working People", "Democratic Rally", "Democratic Party", "Movement for Social Democracy", "European Party", "Ecological and Environmental Movement", "Citizens Movement", "United Democrats", "European Democrats", "Hunters' Political Movement", "Independent", "People's Socialist Movement"], "Percent": [0.29803413313758775, 0.28006147634995643, 0.21182960957929992, 0.08933568839748589, 0.06551360278937468, 0.018695233288984724, 0.01726154975455338, 0.008785612698995275, 0.004266642198467679, 0.0026494471716291233, 0.0023283020599165023, 0.001238702573748681]}}