{"2011-5": {"Total Votes": 142285.0, "Parties": ["Democratic Rally", "Progressive Party of Working People", "Democratic Party", "Movement for Social Democracy", "European Party", "Ecological and Environmental Movement", "National People's Front", "People's Socialist Movement", "Balance - Independent Citizens Movement", "Cypriot Progressive Cooperation", "Independent"], "Percent": [0.34563727729556876, 0.318100994482904, 0.15721263660962154, 0.07865902941279826, 0.04338475594757002, 0.03248409881575711, 0.01362055030396739, 0.004441789366412482, 0.0023825420810345433, 0.0021084443194995957, 0.0019678813648662894]}, "2001-5": {"Total Votes": 150341.0, "Parties": ["Democratic Rally", "Progressive Party of Working People", "Democratic Party", "Movement for Social Democracy", "United Democrats", "New Horizons", "Ecological and Environmental Movement", "Fighting Democratic Movement", "Independent"], "Percent": [0.34489593657086226, 0.3335483999707332, 0.13706174629675205, 0.07008733479223897, 0.03437518707471681, 0.03348387997951324, 0.028694767229165696, 0.015511404074736765, 0.0023413440112810212]}, "2006-5": {"Total Votes": 152282.0, "Parties": ["Democratic Rally", "Progressive Party of Working People", "Democratic Party", "Movement for Social Democracy", "European Party", "Ecological and Environmental Movement", "United Democrats", "Citizens Movement", "European Democrats", "Independent", "Hunters' Political Movement", "People's Socialist Movement"], "Percent": [0.30340421060926437, 0.29266098422663217, 0.18897177604707058, 0.08871041882822658, 0.05743292050275147, 0.025991253069962306, 0.02078380898596026, 0.009935514374647037, 0.005805019634625235, 0.002534771016929118, 0.002390302202492744, 0.0013790205014381214]}}