{"2000-12": {"Total Votes": 4219849.0, "Parties": ["new patriotic party", "national democratic congress", "convention people's party", "independent", "people's national convention", "national reform party", "united ghana movement", "great consolidated popular party"], "Percent": [0.5185458057859416, 0.35372071370326297, 0.03985758732125249, 0.03553539474990692, 0.026808305226087462, 0.021639162917914834, 0.003720038323646177, 0.00017299197198762325]}, "2004-12": {"Total Votes": 2437430.0, "Parties": ["new patriotic party", "national democratic congress", "independent", "convention people's party", "people's national convention", "every ghanaian living everywhere", "democratic people's party", "national reform party", "great consolidated popular party"], "Percent": [0.5004024730966633, 0.38314987507333537, 0.04473564369028034, 0.04363284278933138, 0.024275568939415702, 0.0015984048772682703, 0.0014634266419958728, 0.0006314027479763521, 0.00011036214373335849]}, "2008-12": {"Total Votes": 2082883.0, "Parties": ["NPP", "NDC", "CPP", "IND", "PNC", "DFP", "DPP", "RPD"], "Percent": [0.48548190176788614, 0.4253589855983269, 0.037040966775378166, 0.030819782004078002, 0.015141032885668562, 0.005394446063461077, 0.0006683044606922232, 9.458044450888504e-05]}}