{"2000-12": {"Total Votes": 565186.0, "Parties": ["national democratic congress", "new patriotic party", "convention people's party", "independent", "national reform party", "people's national convention", "united ghana movement"], "Percent": [0.471092702225462, 0.3411089446660037, 0.08280282951099284, 0.05648229078568825, 0.024292887651144936, 0.020073037902566593, 0.004147307258141568]}, "2004-12": {"Total Votes": 1310394.0, "Parties": ["new patriotic party", "national democratic congress", "independent", "convention people's party", "people's national convention", "every ghanaian living everywhere", "national reform party", "democratic people's party", "great consolidated popular party"], "Percent": [0.5368934839445235, 0.3871698130485945, 0.0453771918980093, 0.02047552110281335, 0.008196771352738184, 0.0009455171498037996, 0.00040674789414481445, 0.0003701176897940619, 0.00016483591957838634]}, "2008-12": {"Total Votes": 824184.0, "Parties": ["NDC", "NPP", "IND", "PNC", "CPP", "DFP", "DPP", "RPD"], "Percent": [0.5522771614105588, 0.32022825000242666, 0.06255035283383321, 0.029148830843598022, 0.022315405297846112, 0.007498325616609882, 0.004818098871125865, 0.0011635751240014365]}}