{"2000-12": {"Total Votes": 173392.0, "Parties": ["new patriotic party", "national democratic congress", "people's national convention", "convention people's party", "national reform party", "independent", "united ghana movement"], "Percent": [0.517815124111839, 0.2281131770785273, 0.10446848758881609, 0.07826774014948787, 0.033657838885300356, 0.02687551905508905, 0.010802113130940297]}, "2004-12": {"Total Votes": 405842.0, "Parties": ["national democratic congress", "new patriotic party", "independent", "people's national convention", "every ghanaian living everywhere", "convention people's party", "great consolidated popular party", "democratic people's party"], "Percent": [0.5791514924527279, 0.30266704776735776, 0.05382390191256696, 0.02096135934674085, 0.019209446040577366, 0.01692284189413614, 0.005743614510080278, 0.001520296075812755]}, "2008-12": {"Total Votes": 1018434.0, "Parties": ["NPP", "NDC", "IND", "CPP", "PNC", "DFP", "RPD", "DPP"], "Percent": [0.482967968469238, 0.4450823519246215, 0.03388044782479768, 0.02103032695294933, 0.010525964372752676, 0.004141652772786455, 0.00141098981377291, 0.0009602978690813543]}}