{"2005-11": {"Total Votes": 2634959.0, "Parties": ["Zimbabwe African National Union-Patriotic Front", "Movement for Democratic Change", "Independent", "Zimbabwe African National Union-Ndonga", "Zimbabwe Youth in Alliance", "Zimbabwe People's Progress Democratic Party"], "Percent": [0.595761452075725, 0.3953253162572927, 0.006206548185379735, 0.002458102763648315, 0.0002254304526180483, 2.3150265336196882e-05]}, "2008-3": {"Total Votes": 2504862.0, "Parties": ["Zimbabwe African National Union-Patriotic Front", "Movement for Democratic Change-Tsvangirai", "Movement for Democratic Change", "Independent", "United People's Party", "Peace Action is Freedom for All", "Federal Democratic Union", "Zimbabwe African National Union-Ndonga", "Zimbabwe Development Party", "Patriotic Union of Matabeleland", "Zimbabwe People's Progress Democratic Party", "Christian Democratic Party", "Zimbabwe African People's Union-Federal Party", "ZURD Party", "Vox Populi", "Zimbabwe African National Union", "Zimbabwe Youth in Alliance", "ZDB Party"], "Percent": [0.4552174930195755, 0.43241583767888203, 0.08530529825595182, 0.021176416105957135, 0.0035722526829821363, 0.000616800446491663, 0.0005249790208003475, 0.0003018130340114545, 0.0002427279426970428, 0.00020879393755025225, 0.00015050729341576502, 9.301909646120225e-05, 7.784860004263708e-05, 4.471304207577104e-05, 2.515108616762121e-05, 2.3554191807772246e-05, 2.79456512973569e-06, 0.0]}, "2013-7": {"Total Votes": 3415186.0, "Parties": ["Zimbabwe African National Union-Patriotic Front", "Movement for Democratic Change-Tsvangirai", "Movement for Democratic Change", "Independent", "Zimbabwe African People's Union", "Mavambo/Kusile/Dawn", "Freezim Congress", "Zimbabwe African National Union-Ndonga", "United Movement for Democracy Party", "Multi-Racial Christian Democrats", "Movement for Democratic Change-I", "Alliance Khumbul' Ekhaya", "Progressive and Innovative Movement of Zimbabwe", "Freedom Front Candidate", "CTD Party", "Zimbabwe Development Party", "People's Democratic Union", "Zimbabwe People's Movement", "Vox Populi"], "Percent": [0.6300239576995221, 0.3010298707010394, 0.0453948921083654, 0.013340122617040479, 0.006101278231990878, 0.0019627042275296275, 0.00041139779795302503, 0.0003952932578196326, 0.00038504491409838295, 0.00025415892428699345, 0.00024361777074513659, 0.0001569460638454245, 0.00010277624703310448, 5.856196412142706e-05, 4.304304362924889e-05, 4.245742398803462e-05, 2.2253546366142286e-05, 2.0496687442499472e-05, 1.1126773183071141e-05]}}