{"2007-2": {"Total Votes": 129659.0, "Parties": ["National Independent Party", "Lesotho Congress for Democracy", "Lesotho Workers Party", "All Basotho Convention/Kobo Tata ea Basotho", "Basotho National Party", "Alliance of Congress Parties (LPC, BAC, BCP)", "Popular Front for Democracy/Khoeetsa ea Sechaba", "Marematlou Freedom Party", "Basotho Batho Democratic Party", "Basotho Congress Party", "Independent 1", "Basotho Democratic National Party", "New Lesotho Freedom Party", "Independent 3", "Independent 2"], "Percent": [0.3516917452702859, 0.23544836841252825, 0.1067338171665677, 0.09492592106988332, 0.0776961105669487, 0.032600899281962685, 0.02386259341811984, 0.019744097980086223, 0.015031737094995333, 0.013836293662607298, 0.010604740126022876, 0.007573712584548702, 0.0055221774038053655, 0.0028227890080904524, 0.0019049969535473818]}, "2002-5": {"Total Votes": 39022.0, "Parties": ["Lesotho Congress for Democracy", "Basotho National Party", "Basotho Congress Party", "Popular Front for Democracy/Khoeetsa ea Sechaba", "Basutoland African Congress", "National Independent Party", "Lesotho People\u2019s Congress", "Lesotho Communist Party", "Independent 1", "National Progressive Party", "Marematlou Freedom Party", "Lesotho Workers Party", "New Lesotho Freedom Party", "Christian Democratic Party", "Sefate Democratic Union", "Lesotho Labour Party/United Democratic Party", "Kopanang Basotho Party", "Social Democracy Party", "United Party"], "Percent": [0.5072523192045513, 0.2656706473271488, 0.05168879093844498, 0.04551278765824406, 0.043155143252524224, 0.019604325764953103, 0.018476756701347956, 0.017118548511096305, 0.006970426938649992, 0.006739787812003485, 0.004561529393675362, 0.004535902824047973, 0.002485777253856798, 0.002024499000563784, 0.0019732458613090052, 0.0011788222028599252, 0.0008969299369586387, 0.00012813284813694838, 2.562656962738968e-05]}, "1993-3": {"Total Votes": 21373.0, "Parties": ["Basotho Congress Party", "Marematlou Freedom Party", "Ha-Ra-Eeng Basotho Party"], "Percent": [0.9793664904318533, 0.016843681280119777, 0.00378982828802695]}, "1965-4": {"Total Votes": 7321.0, "Parties": ["Basotho Congress Party", "Basotho National Party", "Marematlou Freedom Party", "Marema-Tlou"], "Percent": [0.4263078814369622, 0.3498155989618904, 0.16650730774484362, 0.05736921185630378]}, "1998-5": {"Total Votes": 12404.0, "Parties": ["Lesotho Congress for Democracy", "Basotho National Party", "Basotho Congress Party", "Independent 1", "Marematlou Freedom Party", "National Progressive Party", "Sefate Democratic Union", "Popular Front for Democracy/Khoeetsa ea Sechaba", "Lesotho Labour Party/United Democratic Party", "Kopanang Basotho Party"], "Percent": [0.3825378910029023, 0.32602386326991295, 0.16784908094163176, 0.06159303450499838, 0.024669461464043856, 0.01862302483069977, 0.008706868752015479, 0.006610770719122864, 0.002418574653337633, 0.0009674298613350532]}, "2012-5": {"Total Votes": 105126.0, "Parties": ["Democratic Congress", "Lesotho Congress for Democracy", "All Basotho Convention/Kobo Tata ea Basotho", "Basotho National Party", "Popular Front for Democracy/Khoeetsa ea Sechaba", "Independent 1", "Lesotho People\u2019s Congress", "Basotho Democratic National Party", "Lekhotla la Sankatana", "Independent 2", "Marematlou Freedom Party", "National Independent Party", "Basotho Batho Democratic Party", "All Democratic Corporation", "Lesotho Workers Party", "Lekhotla la Mekhoa le Moetlo", "Basotho Congress Party", "Areka Covenant Front for Development", "African Unity Movement", "White Horse Party"], "Percent": [0.41838365390103305, 0.2908890284040104, 0.1777390940395335, 0.03782128112931149, 0.01200464204858931, 0.010159237486444837, 0.009721667332534292, 0.00658257709795864, 0.005117668321823335, 0.005051081559271731, 0.004756197325114625, 0.00443277590700683, 0.0037764206761410116, 0.003357875311530925, 0.002872743184369233, 0.002244925137454103, 0.002140288796301581, 0.0020356524551490593, 0.0008466031238704032, 6.658676255160474e-05]}, "1970-1": {"Total Votes": 15158.0, "Parties": ["Basotho Congress Party", "Basotho National Party", "Marematlou Freedom Party"], "Percent": [0.5471698113207547, 0.38098693759071117, 0.07184325108853411]}}