{"2007-2": {"Total Votes": 18776.0, "Parties": ["Lesotho Congress for Democracy", "National Independent Party", "All Basotho Convention/Kobo Tata ea Basotho", "Alliance of Congress Parties (LPC, BAC, BCP)", "Basotho National Party", "Lesotho Workers Party", "Basotho Democratic National Party", "Basotho Congress Party", "Lesotho Education Party", "Basotho Batho Democratic Party", "Popular Front for Democracy/Khoeetsa ea Sechaba", "Independent 1", "Marematlou Freedom Party", "New Lesotho Freedom Party"], "Percent": [0.43353216872603323, 0.143001704303366, 0.12255006391137623, 0.0929910524073285, 0.053046442266723476, 0.030251384746484873, 0.024233063485300382, 0.020291861951427355, 0.018054963783553472, 0.01736259054111632, 0.015125692373242437, 0.014486578610992756, 0.009107371112057946, 0.005965061780997018]}, "2002-5": {"Total Votes": 11010.0, "Parties": ["Basotho National Party", "Lesotho Congress for Democracy", "National Independent Party", "Lesotho Communist Party", "Lesotho People\u2019s Congress", "Popular Front for Democracy/Khoeetsa ea Sechaba", "New Lesotho Freedom Party", "Lesotho Workers Party", "Marematlou Freedom Party", "Basotho Congress Party", "Sefate Democratic Union", "Basutoland African Congress", "National Progressive Party", "United Party", "Kopanang Basotho Party"], "Percent": [0.47238873751135335, 0.3541326067211626, 0.043415077202543145, 0.026884650317892826, 0.02306993642143506, 0.016802906448683014, 0.01398728428701181, 0.013442325158946413, 0.009627611262488647, 0.008083560399636694, 0.0066303360581289736, 0.005812897366030881, 0.0038147138964577656, 0.0013623978201634877, 0.0005449591280653951]}, "1993-3": {"Total Votes": 3751.0, "Parties": ["Basotho National Party", "Ha-Ra-Eeng Basotho Party"], "Percent": [0.992002132764596, 0.007997867235403893]}, "1965-4": {"Total Votes": 918.0, "Parties": ["Marematlou Freedom Party", "Marema-Tlou"], "Percent": [0.7069716775599129, 0.29302832244008714]}, "1998-5": {"Total Votes": 5139.0, "Parties": ["Lesotho Congress for Democracy", "Marematlou Freedom Party"], "Percent": [0.995524421093598, 0.004475578906402024]}, "2012-5": {"Total Votes": 19837.0, "Parties": ["Democratic Congress", "Lesotho Congress for Democracy", "All Basotho Convention/Kobo Tata ea Basotho", "Lesotho Workers Party", "Marematlou Freedom Party", "Popular Front for Democracy/Khoeetsa ea Sechaba", "Lesotho People\u2019s Congress", "Basotho Congress Party", "All Democratic Corporation", "Basotho Batho Democratic Party", "Areka Covenant Front for Development", "African Unity Movement"], "Percent": [0.48596057871653975, 0.245601653475828, 0.18077330241467965, 0.02555830014619146, 0.0188032464586379, 0.017442153551444274, 0.015173665372788225, 0.0037304027826788326, 0.0030750617532893077, 0.0023188990270706254, 0.001058627816706155, 0.0005041084841457882]}, "1970-1": {"Total Votes": 441.0, "Parties": ["Marematlou Freedom Party"], "Percent": [1.0]}}