{"2007-2": {"Total Votes": 63048.0, "Parties": ["Lesotho Congress for Democracy", "National Independent Party", "Lesotho Workers Party", "All Basotho Convention/Kobo Tata ea Basotho", "Basotho National Party", "Alliance of Congress Parties (LPC, BAC, BCP)", "Basotho Batho Democratic Party", "Popular Front for Democracy/Khoeetsa ea Sechaba", "Independent 1", "Basotho Democratic National Party", "Marematlou Freedom Party", "New Lesotho Freedom Party", "Basotho Congress Party", "Independent 2", "Independent 3"], "Percent": [0.2939665017129806, 0.28805037431798, 0.11037622129171425, 0.10393668316203528, 0.08444359852810555, 0.02912066996574039, 0.01763735566552468, 0.01533752061921076, 0.011737089201877934, 0.01107093008501459, 0.011039208222306815, 0.008533181068392336, 0.007867021951528993, 0.005884405532292856, 0.0009992386752950132]}, "2002-5": {"Total Votes": 153158.0, "Parties": ["Lesotho Congress for Democracy", "Basotho National Party", "National Independent Party", "Lesotho People\u2019s Congress", "Lesotho Communist Party", "Basutoland African Congress", "Basotho Congress Party", "Marematlou Freedom Party", "Independent 1", "Lesotho Workers Party", "Popular Front for Democracy/Khoeetsa ea Sechaba", "Sefate Democratic Union", "National Progressive Party", "Christian Democratic Party", "Independent 3", "New Lesotho Freedom Party", "Independent 2", "Lesotho Education Party", "Kopanang Basotho Party", "United Party", "Social Democracy Party", "Lesotho Labour Party/United Democratic Party", "National Democratic Party"], "Percent": [0.5659515010642604, 0.2197273403935805, 0.05360477415479439, 0.025535721281291213, 0.023531255304979175, 0.022395173611564533, 0.016721294349625878, 0.01612713668238029, 0.013815798064743598, 0.010152913984251557, 0.008677313623839432, 0.00474673213283015, 0.00451168074798574, 0.0033560114391673955, 0.002872850259209444, 0.0027030909257107047, 0.0017367685657948, 0.0009793807701850377, 0.0008618550777628332, 0.0008161506418208647, 0.0007769754110134633, 0.00027422661565181054, 0.00012405489755677143]}, "1993-3": {"Total Votes": 113758.0, "Parties": ["Basotho Congress Party", "Basotho National Party", "Marematlou Freedom Party", "Kopanang Basotho Party", "Lesotho Labour Party", "United Democratic Party", "Ha-Ra-Eeng Basotho Party"], "Percent": [0.8515445067599642, 0.14102744422370295, 0.005335888464987078, 0.0008614778740835809, 0.0005362260236642698, 0.0005274354331123965, 0.0001670212204855922]}, "1965-4": {"Total Votes": 42633.0, "Parties": ["Basotho National Party", "Basotho Congress Party", "Marematlou Freedom Party", "Independent 1", "Marema-Tlou"], "Percent": [0.372223395022635, 0.32510027443529654, 0.3016911781952947, 0.0006098562146693876, 0.0003752961321042385]}, "1998-5": {"Total Votes": 78613.0, "Parties": ["Lesotho Congress for Democracy", "Basotho National Party", "Basotho Congress Party", "National Independent Party", "Sefate Democratic Union", "Independent 1", "Marematlou Freedom Party", "Lesotho Labour Party/United Democratic Party", "National Progressive Party", "Popular Front for Democracy/Khoeetsa ea Sechaba", "Christian Democratic Party"], "Percent": [0.6523857377278567, 0.17497106076603108, 0.14286441173851652, 0.007810413036011855, 0.006614682050042614, 0.0055334359457087255, 0.0038288832635823594, 0.0023787414295345552, 0.0018953608181852873, 0.0009031585106788954, 0.0008141147138513986]}, "2012-5": {"Total Votes": 42410.0, "Parties": ["Democratic Congress", "All Basotho Convention/Kobo Tata ea Basotho", "Lesotho Congress for Democracy", "Basotho National Party", "Popular Front for Democracy/Khoeetsa ea Sechaba", "Lesotho People\u2019s Congress", "Marematlou Freedom Party", "Basotho Congress Party", "National Independent Party", "Independent 1", "Lekhotla la Mekhoa le Moetlo", "Basotho Democratic National Party", "All Democratic Corporation", "African Unity Movement", "Basotho Batho Democratic Party", "Lesotho Workers Party", "Lekhotla la Sankatana", "Areka Covenant Front for Development", "Independent 3", "Independent 2", "White Horse Party", "Independent 5"], "Percent": [0.39427021928790384, 0.3144305588304645, 0.16569205376090546, 0.03756189577929733, 0.02473473237443999, 0.009761848620608346, 0.009714689931619901, 0.009502475831171895, 0.006248526290969111, 0.005753360056590427, 0.003843433152558359, 0.003183211506720113, 0.0030181560952605513, 0.002051402970997406, 0.0017448714925725065, 0.001626974770101391, 0.001579816081112945, 0.0015562367366187219, 0.0015090780476302759, 0.0009667531242631454, 0.0009431737797689225, 0.00030653147842489976]}, "1970-1": {"Total Votes": 39743.0, "Parties": ["Basotho Congress Party", "Basotho National Party", "Marematlou Freedom Party", "United Democratic Party"], "Percent": [0.6619530483355559, 0.26809752660845937, 0.06524419394610372, 0.004705231109880985]}}