{"2007-2": {"Total Votes": 48768.0, "Parties": ["Lesotho Congress for Democracy", "All Basotho Convention/Kobo Tata ea Basotho", "National Independent Party", "Basotho National Party", "Lesotho Workers Party", "Alliance of Congress Parties (LPC, BAC, BCP)", "Independent 1", "Basotho Congress Party", "Basotho Democratic National Party", "Basotho Batho Democratic Party", "Marematlou Freedom Party", "New Lesotho Freedom Party"], "Percent": [0.4691395997375328, 0.20097194881889763, 0.16777395013123358, 0.062315452755905505, 0.042794455380577426, 0.013451443569553807, 0.013430938320209975, 0.008386646981627298, 0.007771489501312336, 0.006951279527559055, 0.004716207349081365, 0.0022965879265091863]}, "2002-5": {"Total Votes": 262731.0, "Parties": ["Lesotho Congress for Democracy", "Basotho National Party", "Basutoland African Congress", "Lesotho Communist Party", "Basotho Congress Party", "Lesotho People\u2019s Congress", "National Independent Party", "Marematlou Freedom Party", "Lesotho Workers Party", "Popular Front for Democracy/Khoeetsa ea Sechaba", "Independent 1", "National Progressive Party", "New Lesotho Freedom Party", "Sefate Democratic Union", "Christian Democratic Party", "Independent 2", "Kopanang Basotho Party", "United Party", "Lesotho Labour Party/United Democratic Party", "Lesotho Education Party", "Social Democracy Party", "National Democratic Party"], "Percent": [0.6151424841377685, 0.19095576844757572, 0.03259227118231194, 0.029486432891436487, 0.026589934191245047, 0.02389135655860938, 0.01901564718286004, 0.014775568927914864, 0.012834419996117705, 0.009264228431361356, 0.008643822008061477, 0.003703407667918898, 0.002774701120157119, 0.0024283392519344883, 0.0017889019567542469, 0.0016747167254720608, 0.0010581164765482564, 0.0008754201064967591, 0.000848776885864249, 0.0007307854802059901, 0.0006432434695563141, 0.00028165690382939205]}, "1993-3": {"Total Votes": 122374.0, "Parties": ["Basotho Congress Party", "Basotho National Party", "Marematlou Freedom Party", "Independent 1", "United Democratic Party", "Ha-Ra-Eeng Basotho Party", "Popular Front for Democracy/Khoeetsa ea Sechaba", "Kopanang Basotho Party", "United Party"], "Percent": [0.7424779773481295, 0.2233235818065929, 0.021017536404791863, 0.009511824407145309, 0.001454557340611568, 0.00071910699985291, 0.000686420318041414, 0.0006782486475885401, 0.00013074672724598362]}, "1965-4": {"Total Votes": 56546.0, "Parties": ["Basotho National Party", "Basotho Congress Party", "Marematlou Freedom Party", "Marema-Tlou", "Independent 1"], "Percent": [0.4503413150355463, 0.43380610476426273, 0.09648781523007817, 0.017737771018285997, 0.0016269939518268313]}, "1998-5": {"Total Votes": 132099.0, "Parties": ["Lesotho Congress for Democracy", "Basotho National Party", "Basotho Congress Party", "Marematlou Freedom Party", "Christian Democratic Party", "Popular Front for Democracy/Khoeetsa ea Sechaba", "Independent 2", "National Progressive Party", "Independent 1", "National Independent Party", "Sefate Democratic Union", "Lesotho Education Party", "Lesotho Labour Party/United Democratic Party"], "Percent": [0.6098532161484947, 0.25455908068948285, 0.08420200001514015, 0.023497528368874858, 0.007736621776092173, 0.007532229615667037, 0.004943262250281986, 0.0024299956850543907, 0.0020817720043300857, 0.0019682208040938992, 0.0005450457611336952, 0.0004920552010234748, 0.0001589716803306611]}, "2012-5": {"Total Votes": 31277.0, "Parties": ["All Basotho Convention/Kobo Tata ea Basotho", "Lesotho Congress for Democracy", "Democratic Congress", "Basotho National Party", "National Independent Party", "Popular Front for Democracy/Khoeetsa ea Sechaba", "Lesotho People\u2019s Congress", "Basotho Congress Party", "Basotho Democratic National Party", "Basotho Batho Democratic Party", "Lekhotla la Mekhoa le Moetlo", "Independent 1", "Marematlou Freedom Party", "Lesotho Workers Party", "Areka Covenant Front for Development", "All Democratic Corporation", "African Unity Movement", "Independent 2", "Lekhotla la Sankatana", "White Horse Party"], "Percent": [0.40259615692042083, 0.3565239632957125, 0.10074495635770694, 0.049812961601176584, 0.018671867506474406, 0.018128337116731143, 0.01195766857435176, 0.008152955846148927, 0.007865204463343671, 0.005882917159574128, 0.0055312210250343715, 0.002525817693512805, 0.002397928190043802, 0.0022700386865747994, 0.0020462320555040443, 0.0017584806726987881, 0.0016305911692297856, 0.000639447517345014, 0.00047958563800876044, 0.00038366851040700837]}, "1970-1": {"Total Votes": 64315.0, "Parties": ["Basotho Congress Party", "Basotho National Party", "Marematlou Freedom Party", "Independent 1"], "Percent": [0.543745626992148, 0.38428049444142115, 0.061665241390033425, 0.01030863717639742]}}