{"2007-8": {"Total Votes": 107533.0, "Parties": ["sierra leone people's party", "all people's congress", "coalition peoples party", "people's movement for democratic change", "united national people's party", "national democratic alliance", "Unknown", "independent", "peace and liberation party"], "Percent": [0.4224098648786884, 0.3712813740898143, 0.11144485878753499, 0.07417257958022187, 0.012042814763839938, 0.008648507899900496, 0.0, 0.0, 0.0]}}