{"2003-1": {"Total Votes": 277927.0, "Parties": ["people's democratic party", "all nigeria people's party", "alliance for democracy", "progressive action congress", "all progressive grand alliance", "united nigeria people's party", "national democratic party", "all people's liberation party", "united democratic party", "national conscience party", "party for social democracy", "national reformation party", "people's salvation party", "green party", "nigeria people's congress", "national action council", "new democrats", "national mass movement of nigeria"], "Percent": [0.6552727874585773, 0.2568983941826451, 0.037268779211807414, 0.03541937271297859, 0.010441590777434362, 0.0021300557340596634, 0.0008239573701007819, 0.0006476520813019246, 0.00036700284607109064, 0.00016551108744382518, 0.00013312848337872893, 0.00011154008066866479, 8.635361084025661e-05, 7.196134236688052e-05, 6.116714101184843e-05, 5.3971006775160384e-05, 4.317680542012831e-05, 3.5980671183440257e-06]}}