{"2003-1": {"Total Votes": 58346.0, "Parties": ["all nigeria people's party", "masses movement of nigeria", "all people's liberation party", "people's salvation party", "people's redemption party", "nigeria people's congress", "national advance party"], "Percent": [0.9955266856339766, 0.0016967744146985228, 0.001285435162650396, 0.0007541219620882323, 0.00035992184554211085, 0.0003256435745381003, 5.141740650601584e-05]}}