{"2003-1": {"Total Votes": 359.0, "Parties": ["progressive action congress", "community party of nigeria", "green party"], "Percent": [0.8467966573816156, 0.07799442896935933, 0.07520891364902507]}}