{"2003-1": {"Total Votes": 9954.0, "Parties": ["united nigeria people's party", "national conscience party", "better nigeria progressive party", "green party", "movement for democracy and justice", "democratic alliance", "all people's liberation party", "national advance party"], "Percent": [0.7320675105485231, 0.25477195097448263, 0.005324492666264818, 0.0037170986538075145, 0.002511553144464537, 0.0008036970062286518, 0.0005023106288929073, 0.0003013863773357444]}}