{"2003-1": {"Total Votes": 801571.0, "Parties": ["people's democratic party", "all nigeria people's party", "alliance for democracy", "progressive action congress", "all progressive grand alliance", "people's mandate party", "justice party", "people's redemption party", "united nigeria people's party", "all people's liberation party", "national conscience party", "nigeria people's congress", "national democratic party", "party for social democracy", "green party", "national reformation party", "liberal democratic party of nigeria", "better nigeria progressive party", "new nigeria people's party", "national mass movement of nigeria", "community party of nigeria", "united democratic party", "new democrats", "democratic alliance", "movement for democracy and justice", "people's salvation party", "national action council", "african renaissance party"], "Percent": [0.6597456744318344, 0.24293917818883168, 0.07746912001556944, 0.007067371449316405, 0.004670827662178397, 0.001603101908626934, 0.001252540323938865, 0.0011252902113474664, 0.0005701304064144036, 0.0005376941032048314, 0.0005351990029579413, 0.00040545379011965255, 0.000324363032095722, 0.00030689733036749084, 0.00026697572641724816, 0.0002120835209856644, 0.00019461781925743323, 0.0001384780637024044, 0.0001284976627148437, 0.00011103196098661254, 9.107115901149119e-05, 8.483340839426577e-05, 5.73873056784739e-05, 5.613975555502881e-05, 4.491180444402306e-05, 3.617895357990746e-05, 2.370345234545661e-05, 1.2475501234450846e-06]}}