{"2003-1": {"Total Votes": 1226217.0, "Parties": ["people's democratic party", "all nigeria people's party", "alliance for democracy", "people's redemption party", "all progressive grand alliance", "national democratic party", "progressive action congress", "united nigeria people's party", "national conscience party", "movement for democracy and justice", "people's mandate party", "united democratic party", "all people's liberation party", "national reformation party", "african renaissance party", "people's salvation party", "national advance party", "nigeria people's congress", "community party of nigeria", "democratic alliance", "new nigeria people's party", "green party", "party for social democracy", "masses movement of nigeria", "new democrats", "better nigeria progressive party", "national action council", "liberal democratic party of nigeria", "national mass movement of nigeria", "justice party"], "Percent": [0.6483118404001903, 0.21184994173135752, 0.07974363428332831, 0.016448149063338705, 0.015573100030418757, 0.009482824002603125, 0.005309011374006395, 0.004672093112393647, 0.0021423614254247004, 0.0006621992681556362, 0.0005724924707453901, 0.0005561821439435271, 0.000517037359619056, 0.0004884942877157959, 0.0004110202354069468, 0.0004085736863866673, 0.00036779786938200985, 0.0003653513203617304, 0.00027890658831185674, 0.00026830487589064585, 0.0002511790327486897, 0.0002299756079062678, 0.0002112187320841254, 0.00020387908502328704, 0.000198170470642635, 0.00015087052291723243, 0.0001418998431762078, 7.665853596875593e-05, 6.605682354754501e-05, 4.077581700465741e-05]}}