{"1915-10": {"Total Votes": 53810.0, "Parties": ["h\u00f8ire", "det norske arbeiderparti", "venstre", "others"], "Percent": [0.4815461810072477, 0.3370377253298643, 0.18139750975655083, 1.8583906337112062e-05]}, "2005-9": {"Total Votes": 58611.0, "Parties": ["norwegian labour party", "progress party", "christian people's party", "conservative party", "socialist left party", "liberal party", "centre party", "pensioner's party", "red electoral alliance", "coast party", "christian coalition party", "abortion opponent list", "other"], "Percent": [0.28982614185050587, 0.24979952568630462, 0.12714336899216871, 0.12687038269266862, 0.07780109535752674, 0.05388067086383102, 0.05277166402211189, 0.008343143778471618, 0.004589582160345327, 0.0029687260070635204, 0.0026786780638446707, 0.0022180136834382626, 0.0011090068417191313]}, "1909-10": {"Total Votes": 33709.0, "Parties": ["h\u00f8ire", "det norske arbeiderparti", "l-ad", "others"], "Percent": [0.5255569729152453, 0.26372778783114303, 0.1995906137826693, 0.011124625470942479]}, "2001-9": {"Total Votes": 55974.0, "Parties": ["conservative party", "christian people's party", "norwegian labour party", "progress party", "socialist left party", "centre party", "liberal party", "the political party", "coast party", "christian coalition party", "red electoral alliance", "other", "fatherland party", "norwegian people's party", "norwegian communist party"], "Percent": [0.20945438953799977, 0.20472004859399007, 0.19800264408475363, 0.16566620216529102, 0.11103369421517133, 0.041805123807482046, 0.039339693429092076, 0.008307428448922714, 0.006788866259334691, 0.004627148318862329, 0.0045556865687640695, 0.0035730875049129955, 0.0010540608139493336, 0.0006252903133597741, 0.00044663593811412444]}, "2009-9": {"Total Votes": 59623.0, "Parties": ["norwegian labour party", "progress party", "conservative party", "christian people's party", "centre party", "socialist left party", "liberal party", "other", "red party"], "Percent": [0.32499203327574927, 0.26060412927896953, 0.16304110829713367, 0.11175217617362428, 0.04375828120020797, 0.04340606812807138, 0.034449792865169485, 0.011673347533669892, 0.006323063247404525]}, "1897-8": {"Total Votes": 15278.0, "Parties": ["h\u00f8ire", "venstre"], "Percent": [0.5313522712396911, 0.46864772876030897]}, "1981-9": {"Total Votes": 53897.0, "Parties": ["det norske arbeiderparti", "h\u00f8ire", "kristelig folkeparti", "senderpartiet", "fremskrittspartiet", "venstre", "socialistisk venstreparti", "others"], "Percent": [0.34359982930404287, 0.31903445460786317, 0.16583483310759412, 0.0534167022283244, 0.04770209844703787, 0.03916730059186968, 0.022932630758669314, 0.008312150954598587]}, "1927-10": {"Total Votes": 39332.0, "Parties": ["det norske arbeiderparti", "h\u00f8ire", "venstre", "bondepartiet", "norske kommunistiske parti", "others"], "Percent": [0.3150615275094071, 0.29998474524560154, 0.2287958913861487, 0.09587613139428455, 0.06025627987389403, 2.5424590664090307e-05]}, "1912-10": {"Total Votes": 38930.0, "Parties": ["h\u00f8ire", "det norske arbeiderparti", "l-ad", "others"], "Percent": [0.4548420241459029, 0.3382995119445158, 0.20683277677883383, 2.5687130747495506e-05]}, "1918-10": {"Total Votes": 58078.0, "Parties": ["h\u00f8ire", "det norske arbeiderparti", "venstre", "others"], "Percent": [0.5880712145735046, 0.28017493715348324, 0.1286717862185337, 0.00308206205447846]}, "1957-10": {"Total Votes": 38286.0, "Parties": ["det norske arbeiderparti", "h\u00f8ire", "kristelig folkeparti", "venstre", "bondepartiet", "norske kommunistiske parti"], "Percent": [0.4391422452071253, 0.16162565951000366, 0.15154364519667762, 0.1450922008044716, 0.09311497675390482, 0.009481272527816956]}, "1894-8": {"Total Votes": 15291.0, "Parties": ["h\u00f8ire", "venstre"], "Percent": [0.5770060820090249, 0.4229939179909751]}, "1921-10": {"Total Votes": 37823.0, "Parties": ["h\u00f8ire", "venstre", "det norske arbeiderparti", "landmandsforbundet", "norske kommunistiske parti"], "Percent": [0.3712555852259207, 0.26074081907833857, 0.1807365888480554, 0.09681939560584829, 0.09044761124183698]}, "1969-9": {"Total Votes": 44289.0, "Parties": ["det norske arbeiderparti", "h\u00f8ire", "venstre", "kristelig folkeparti", "senderpartiet", "socialistisk folkeparti", "others"], "Percent": [0.4300616405879564, 0.16999706473390683, 0.16261374156110997, 0.12863239179028652, 0.0920544604755131, 0.0137957506378559, 0.002844950213371266]}, "1885-0": {"Total Votes": 8042.0, "Parties": ["venstre", "h\u00f8ire"], "Percent": [0.7521760756030837, 0.2478239243969162]}, "1949-10": {"Total Votes": 63755.0, "Parties": ["det norske arbeiderparti", "venstre", "h\u00f8ire", "kristelig folkeparti", "bondepartiet", "norske kommunistiske parti", "samfundspartiet"], "Percent": [0.4366402635087444, 0.20225864638067603, 0.1620265077248843, 0.08976550858756177, 0.06286565759548271, 0.04525135283507176, 0.0011920633675790134]}, "1903-8": {"Total Votes": 20315.0, "Parties": ["h\u00f8ire", "venstre", "det norske arbeiderparti", "others"], "Percent": [0.5005660841742555, 0.4545902042825498, 0.03573714004430224, 0.009106571498892444]}, "1930-10": {"Total Votes": 47278.0, "Parties": ["h\u00f8ire", "det norske arbeiderparti", "venstre", "bondepartiet", "norske kommunistiske parti", "others"], "Percent": [0.3247387791361733, 0.2783535682558484, 0.2767249037607344, 0.10871864292059732, 0.011421802952747579, 4.23029738990651e-05]}, "1945-10": {"Total Votes": 56087.0, "Parties": ["det norske arbeiderparti", "venstre", "h\u00f8ire", "norske kommunistiske parti", "bondepartiet", "others"], "Percent": [0.4146058801504805, 0.23520601922014014, 0.1829479201954107, 0.10581774742810277, 0.061315456344607486, 0.00010697666125840212]}, "1973-9": {"Total Votes": 44139.0, "Parties": ["det norske arbeiderparti", "kristelig folkeparti", "h\u00f8ire", "senderpartiet", "det nye folkeparti", "socialistisk valgallianse", "anders langes parti", "venstre", "others"], "Percent": [0.3306373048777725, 0.18700015858990915, 0.15578060218854076, 0.10698022157275879, 0.0778449896916559, 0.05416978182559641, 0.04630825347198623, 0.03566007385758626, 0.005618613924194023]}, "1933-10": {"Total Votes": 48982.0, "Parties": ["det norske arbeiderparti", "venstre", "h\u00f8ire", "bondepartiet", "nasjonal samling", "radikale folkeparti", "norske kommunistiske parti"], "Percent": [0.368992691192683, 0.2709362623004369, 0.2227144665387285, 0.07935568167898412, 0.02752031358458209, 0.016924584541260054, 0.013556000163325303]}, "1997-9": {"Total Votes": 57713.0, "Parties": ["det norske arbeiderparti", "kristelig folkeparti", "fremskrittspartiet", "h\u00f8ire", "senderpartiet", "venstre", "socialistisk venstreparti", "others"], "Percent": [0.30440282085492004, 0.2072843206903124, 0.17042953927191448, 0.13256978497045727, 0.08174934590127007, 0.04673123906225634, 0.043577703463691025, 0.013255245785178383]}, "1900-8": {"Total Votes": 20206.0, "Parties": ["venstre", "h\u00f8ire", "det norske arbeiderparti"], "Percent": [0.5179154706522815, 0.47208749876274375, 0.00999703058497476]}, "1993-9": {"Total Votes": 55148.0, "Parties": ["det norske arbeiderparti", "senderpartiet", "h\u00f8ire", "kristelig folkeparti", "socialistisk venstreparti", "fremskrittspartiet", "venstre", "others", "r\u00f8d valgallianse"], "Percent": [0.33081888735765574, 0.17705084499891202, 0.14950678175092477, 0.1381917748603757, 0.07046493073184884, 0.06031043736853558, 0.03920359759193443, 0.03224051642851962, 0.002212228911293247]}, "1977-9": {"Total Votes": 48562.0, "Parties": ["det norske arbeiderparti", "h\u00f8ire", "kristelig folkeparti", "senderpartiet", "others", "venstre", "socialistisk venstreparti"], "Percent": [0.3920143321938965, 0.21840121906017052, 0.19546147193278696, 0.07995963922408468, 0.06371236769490549, 0.03057946542564145, 0.019871504468514475]}, "1985-9": {"Total Votes": 57207.0,