{"1915-10": {"Total Votes": 32237.0, "Parties": ["venstre", "det norske arbeiderparti", "h\u00f8ire", "others", "arbeiderdemokraterne"], "Percent": [0.5202717374445514, 0.1871762260756274, 0.16437633774854982, 0.08828364922294257, 0.03989204950832894]}, "2005-9": {"Total Votes": 60319.0, "Parties": ["norwegian labour party", "centre party", "progress party", "socialist left party", "christian people's party", "conservative party", "liberal party", "coast party", "red electoral alliance", "christian coalition party", "other"], "Percent": [0.2946666887713656, 0.21001674430942158, 0.15444553125880733, 0.0913642467547539, 0.0895903446675177, 0.08392048939803379, 0.05807457020176064, 0.008206369468989871, 0.005951690180540128, 0.003017291400719508, 0.0007460335880899883]}, "1909-10": {"Total Votes": 24646.0, "Parties": ["l-ad", "h\u00f8ire", "det norske arbeiderparti", "others"], "Percent": [0.42745273066623385, 0.40306743487787067, 0.13616814087478696, 0.0333116935811085]}, "2001-9": {"Total Votes": 59951.0, "Parties": ["norwegian labour party", "centre party", "christian people's party", "conservative party", "socialist left party", "progress party", "liberal party", "coast party", "the political party", "red electoral alliance", "christian coalition party", "norwegian people's party", "fatherland party"], "Percent": [0.22439992660672883, 0.17706126670113925, 0.16251605477806877, 0.12777101299394505, 0.11767943820786976, 0.09989825023769412, 0.053877333155410254, 0.020833680839352137, 0.006738836716651932, 0.004153391936748345, 0.0035695818251572117, 0.0008340144451301897, 0.0006672115561041517]}, "2009-9": {"Total Votes": 58706.0, "Parties": ["norwegian labour party", "centre party", "progress party", "conservative party", "christian people's party", "socialist left party", "liberal party", "red party", "other"], "Percent": [0.2959663407488161, 0.2517970905869928, 0.15819507375736722, 0.12114604980751542, 0.06786359145572854, 0.05822232821176711, 0.033250434367866996, 0.009215412393963139, 0.004343678669982625]}, "1897-8": {"Total Votes": 357.0, "Parties": ["h\u00f8ire", "venstre"], "Percent": [0.5210084033613446, 0.4789915966386555]}, "1981-9": {"Total Votes": 61018.0, "Parties": ["det norske arbeiderparti", "h\u00f8ire", "kristelig folkeparti", "senderpartiet", "venstre", "socialistisk venstreparti", "fremskrittspartiet", "others"], "Percent": [0.30997410600150777, 0.2667901275033597, 0.15392179356911076, 0.1404175816972041, 0.06153921793569111, 0.0360549346094595, 0.017863581238323118, 0.013438657445343997]}, "1927-10": {"Total Votes": 45112.0, "Parties": ["venstre", "det norske arbeiderparti", "bondepartiet", "h\u00f8ire", "norske kommunistiske parti", "others"], "Percent": [0.34902021635041675, 0.26926316722823196, 0.19970296151799966, 0.16649671927646748, 0.015472601525093103, 4.433410179109771e-05]}, "1912-10": {"Total Votes": 29630.0, "Parties": ["l-ad", "h\u00f8ire", "det norske arbeiderparti", "others"], "Percent": [0.5799190010124874, 0.26830914613567336, 0.14795815052311848, 0.0038137023287208908]}, "1918-10": {"Total Votes": 32649.0, "Parties": ["venstre", "det norske arbeiderparti", "h\u00f8ire", "others", "arbeiderdemokraterne", "landmandsforbundet"], "Percent": [0.4797390425434163, 0.2524120187448314, 0.1999448681429753, 0.04248215871849061, 0.02382921375846121, 0.0015926980918251708]}, "1957-10": {"Total Votes": 46653.0, "Parties": ["det norske arbeiderparti", "bondepartiet", "venstre", "kristelig folkeparti", "h\u00f8ire", "others"], "Percent": [0.3520459563157782, 0.2164062332540244, 0.16959252352474652, 0.14376353074829057, 0.11789166827428033, 0.0003000878828799863]}, "1894-8": {"Total Votes": 360.0, "Parties": ["h\u00f8ire", "venstre"], "Percent": [0.5472222222222223, 0.4527777777777778]}, "1921-10": {"Total Votes": 43745.0, "Parties": ["venstre", "h\u00f8ire", "landmandsforbundet", "det norske arbeiderparti", "norske kommunistiske parti", "radikale folkeparti"], "Percent": [0.330186307006515, 0.3010401188707281, 0.1519487941479026, 0.11788775860098297, 0.07525431477883186, 0.023682706595039432]}, "1969-9": {"Total Votes": 52992.0, "Parties": ["det norske arbeiderparti", "kristelig folkeparti", "h\u00f8ire", "senderpartiet", "venstre", "socialistisk folkeparti"], "Percent": [0.3363526570048309, 0.19744489734299517, 0.17432820048309178, 0.1683084239130435, 0.11267738526570048, 0.010888435990338164]}, "1885-0": {"Total Votes": 230.0, "Parties": ["venstre", "h\u00f8ire"], "Percent": [0.5739130434782609, 0.4260869565217391]}, "1949-10": {"Total Votes": 71918.0, "Parties": ["det norske arbeiderparti", "venstre", "bondepartiet", "h\u00f8ire", "norske kommunistiske parti", "samfundspartiet"], "Percent": [0.3718123418337551, 0.2979504435607219, 0.1649795600545065, 0.14250952473650547, 0.01708890681053422, 0.005659223003976751]}, "1903-8": {"Total Votes": 0, "Parties": [], "Percent": []}, "1930-10": {"Total Votes": 54274.0, "Parties": ["venstre", "bondepartiet", "det norske arbeiderparti", "h\u00f8ire", "norske kommunistiske parti"], "Percent": [0.34357150753583665, 0.2271437520728157, 0.21139035265504663, 0.20938202454213806, 0.008512363194162952]}, "1945-10": {"Total Votes": 60793.0, "Parties": ["det norske arbeiderparti", "venstre", "bondepartiet", "h\u00f8ire", "others", "kristelig folkeparti", "norske kommunistiske parti"], "Percent": [0.32702778280394124, 0.26639580214827363, 0.14641488329248434, 0.13404503808004212, 0.046238876186403044, 0.04235685029526426, 0.03752076719359137]}, "1973-9": {"Total Votes": 52501.0, "Parties": ["det norske arbeiderparti", "senderpartiet", "kristelig folkeparti", "h\u00f8ire", "socialistisk valgallianse", "venstre", "det nye folkeparti", "anders langes parti", "others"], "Percent": [0.2638997352431382, 0.22955753223748118, 0.20991981105121807, 0.09472200529513723, 0.08112226433782213, 0.05495133426029981, 0.03685644082969848, 0.02459000780937506, 0.0043808689358297934]}, "1933-10": {"Total Votes": 54415.0, "Parties": ["venstre", "det norske arbeiderparti", "bondepartiet", "h\u00f8ire", "others", "norske kommunistiske parti"], "Percent": [0.30758063034089866, 0.30096480749793253, 0.20406138013415417, 0.17006340163557843, 0.009997243407148764, 0.007332536984287421]}, "1997-9": {"Total Votes": 62433.0, "Parties": ["det norske arbeiderparti", "kristelig folkeparti", "senderpartiet", "h\u00f8ire", "venstre", "fremskrittspartiet", "socialistisk venstreparti", "others"], "Percent": [0.3109413291048003, 0.18643986353370814, 0.17138372335143273, 0.09909823330610415, 0.09184245511187994, 0.07797158553969856, 0.05224800986657697, 0.010074800185799176]}, "1900-8": {"Total Votes": 0, "Parties": [], "Percent": []}, "1993-9": {"Total Votes": 60805.0, "Parties": ["det norske arbeiderparti", "senderpartiet", "kristelig folkeparti", "h\u00f8ire", "socialistisk venstreparti", "venstre", "fremskrittspartiet", "others", "r\u00f8d valgallianse"], "Percent": [0.3249897212400296, 0.28839733574541565, 0.12393717621906093, 0.11234273497245292, 0.07922045884384508, 0.04095057972206233, 0.01955431296768358, 0.00730203108297015, 0.0033056492064797304]}, "1977-9": {"Total Votes": 56275.0, "Parties": ["det norske arbeiderparti", "kristelig folkeparti", "h\u00f8ire", "senderpartiet", "venstre", "others", "socialistisk venstreparti"], "Percent": [0.32499333629498, 0.20307418924922258, 0.18663705019991114, 0.18093291870279876, 0.051212794313638385, 0.03070635273211906, 0.022443358507330074]}, "1985-9": {"Total Votes": 63813.0, "Parties": ["det norske arbeiderparti", "h\u00f8ire", "senderpartiet", "kristelig folkeparti", "venstre", "socialistisk venstreparti", "fremskrittspartiet", "others"], "Percent": [0.36947017065488225, 0.2215065895663893, 0.17284879256577812, 0.132574867190071, 0.04549229780765675, 0.03510256530800934, 0.014683528434644978, 0.008321188472568285]}, "1965-9": {"Total Votes": 50366.0,