{"1915-10": {"Total Votes": 13396.0, "Parties": ["venstre", "det norske arbeiderparti", "h\u00f8ire", "others", "arbeiderdemokraterne"], "Percent": [0.36607942669453564, 0.318005374738728, 0.22820244849208718, 0.06710958495073156, 0.020603165123917588]}, "2005-9": {"Total Votes": 0, "Parties": [], "Percent": []}, "1909-10": {"Total Votes": 9062.0, "Parties": ["h\u00f8ire", "det norske arbeiderparti", "l-ad", "others"], "Percent": [0.43787243434120504, 0.29011255793423085, 0.2578900904877511, 0.014124917236813066]}, "2001-9": {"Total Votes": 0, "Parties": [], "Percent": []}, "2009-9": {"Total Votes": 0, "Parties": [], "Percent": []}, "1897-8": {"Total Votes": 729.0, "Parties": ["venstre", "h\u00f8ire"], "Percent": [0.5596707818930041, 0.4403292181069959]}, "1981-9": {"Total Votes": 0, "Parties": [], "Percent": []}, "1927-10": {"Total Votes": 0, "Parties": [], "Percent": []}, "1912-10": {"Total Votes": 9953.0, "Parties": ["h\u00f8ire", "det norske arbeiderparti", "l-ad"], "Percent": [0.3869185170300412, 0.33286446297598715, 0.28021701999397164]}, "1918-10": {"Total Votes": 14268.0, "Parties": ["h\u00f8ire", "det norske arbeiderparti", "venstre"], "Percent": [0.5260723296888141, 0.3000420521446594, 0.17388561816652648]}, "1957-10": {"Total Votes": 0, "Parties": [], "Percent": []}, "1894-8": {"Total Votes": 653.0, "Parties": ["venstre", "h\u00f8ire"], "Percent": [0.5329249617151608, 0.4670750382848392]}, "1921-10": {"Total Votes": 0, "Parties": [], "Percent": []}, "1969-9": {"Total Votes": 0, "Parties": [], "Percent": []}, "1885-0": {"Total Votes": 302.0, "Parties": ["venstre", "h\u00f8ire"], "Percent": [0.5066225165562914, 0.49337748344370863]}, "1949-10": {"Total Votes": 0, "Parties": [], "Percent": []}, "1903-8": {"Total Votes": 1248.0, "Parties": ["venstre", "h\u00f8ire"], "Percent": [0.5665064102564102, 0.43349358974358976]}, "1930-10": {"Total Votes": 0, "Parties": [], "Percent": []}, "1945-10": {"Total Votes": 0, "Parties": [], "Percent": []}, "1973-9": {"Total Votes": 0, "Parties": [], "Percent": []}, "1933-10": {"Total Votes": 0, "Parties": [], "Percent": []}, "1997-9": {"Total Votes": 0, "Parties": [], "Percent": []}, "1900-8": {"Total Votes": 1089.0, "Parties": ["venstre", "h\u00f8ire"], "Percent": [0.6584022038567494, 0.3415977961432507]}, "1993-9": {"Total Votes": 0, "Parties": [], "Percent": []}, "1977-9": {"Total Votes": 0, "Parties": [], "Percent": []}, "1985-9": {"Total Votes": 0, "Parties": [], "Percent": []}, "1965-9": {"Total Votes": 0, "Parties": [], "Percent": []}, "1961-9": {"Total Votes": 0, "Parties": [], "Percent": []}, "1953-10": {"Total Votes": 0, "Parties": [], "Percent": []}, "1936-10": {"Total Votes": 0, "Parties": [], "Percent": []}, "1989-9": {"Total Votes": 0, "Parties": [], "Percent": []}, "1882-0": {"Total Votes": 207.0, "Parties": ["h\u00f8ire", "venstre"], "Percent": [0.6763285024154589, 0.32367149758454106]}, "1924-10": {"Total Votes": 0, "Parties": [], "Percent": []}, "1906-8": {"Total Votes": 6807.0, "Parties": ["samlingspartiet", "venstre", "det norske arbeiderparti", "others"], "Percent": [0.5611870133685911, 0.2484207433524313, 0.18069634200088144, 0.009695901278096077]}}