{"1915-10": {"Total Votes": 0, "Parties": [], "Percent": []}, "2005-9": {"Total Votes": 129247.0, "Parties": ["norwegian labour party", "progress party", "conservative party", "socialist left party", "christian people's party", "liberal party", "centre party", "red electoral alliance", "other", "pensioner's party", "coast party", "green party", "norwegian communist party"], "Percent": [0.3024054716937337, 0.29312866062655224, 0.1531176739111933, 0.08362283070400087, 0.06015613515207316, 0.050391885304881354, 0.03596988711536825, 0.006197435917274676, 0.004874387800103678, 0.004410160390569994, 0.002700256098787593, 0.0024139825295751544, 0.0006112327558860167]}, "1909-10": {"Total Votes": 0, "Parties": [], "Percent": []}, "2001-9": {"Total Votes": 123806.0, "Parties": ["conservative party", "norwegian labour party", "progress party", "socialist left party", "christian people's party", "centre party", "liberal party", "other", "the political party", "pensioner's party", "coast party", "red electoral alliance", "green party", "christian coalition party", "fatherland party", "norwegian people's party", "norwegian communist party"], "Percent": [0.25462417007253285, 0.21616884480558293, 0.18675993085957063, 0.11556790462497779, 0.10994620616125228, 0.03321325299258517, 0.028673893026186132, 0.017293184498328028, 0.01092838796181122, 0.00882832819087928, 0.005678238534481366, 0.005516695475178909, 0.0031258581975025443, 0.0020192882412807135, 0.000880409673198391, 0.0004684748719771255, 0.0003069318126746684]}, "2009-9": {"Total Votes": 131117.0, "Parties": ["norwegian labour party", "progress party", "conservative party", "socialist left party", "christian people's party", "centre party", "liberal party", "other", "red party"], "Percent": [0.33686707291960616, 0.2721767581625571, 0.1964047377533043, 0.06521656230694724, 0.047011447790904305, 0.032467185795892216, 0.030080004881136695, 0.013308724269164181, 0.006467506120487809]}, "1897-8": {"Total Votes": 167.0, "Parties": ["venstre", "h\u00f8ire"], "Percent": [0.5868263473053892, 0.41317365269461076]}, "1981-9": {"Total Votes": 263439.0, "Parties": ["det norske arbeiderparti", "h\u00f8ire", "kristelig folkeparti", "senderpartiet", "fremskrittspartiet", "socialistisk venstreparti", "venstre", "others"], "Percent": [0.402286677371232, 0.3438898568549076, 0.08671457149472933, 0.05593325210010666, 0.041223964561055884, 0.031073607172817992, 0.027763542983385146, 0.011114527461765342]}, "1927-10": {"Total Votes": 86409.0, "Parties": ["det norske arbeiderparti", "h\u00f8ire", "bondepartiet", "venstre", "norske kommunistiske parti"], "Percent": [0.38857063500329825, 0.31590459327153425, 0.1891585367264984, 0.1046418775821963, 0.0017243574164728212]}, "1912-10": {"Total Votes": 0, "Parties": [], "Percent": []}, "1918-10": {"Total Votes": 0, "Parties": [], "Percent": []}, "1957-10": {"Total Votes": 200154.0, "Parties": ["det norske arbeiderparti", "h\u00f8ire", "kristelig folkeparti", "bondepartiet", "venstre", "norske kommunistiske parti"], "Percent": [0.5200345733784986, 0.22680036371993564, 0.09546149464912018, 0.07658103260489424, 0.05812024740949469, 0.023002288238056695]}, "1894-8": {"Total Votes": 194.0, "Parties": ["venstre", "h\u00f8ire"], "Percent": [0.5567010309278351, 0.44329896907216493]}, "1921-10": {"Total Votes": 73550.0, "Parties": ["h\u00f8ire", "norske kommunistiske parti", "landmandsforbundet", "venstre", "det norske arbeiderparti"], "Percent": [0.42777702243371857, 0.1757715839564922, 0.14118286879673692, 0.12796736913664175, 0.1273011556764106]}, "1969-9": {"Total Votes": 230112.0, "Parties": ["det norske arbeiderparti", "h\u00f8ire", "senderpartiet", "kristelig folkeparti", "venstre", "socialistisk folkeparti", "others"], "Percent": [0.4992481921846753, 0.22683736615213462, 0.09391079126686136, 0.08289007092198582, 0.05904516061743846, 0.03034609233764428, 0.007722326519260187]}, "1885-0": {"Total Votes": 175.0, "Parties": ["h\u00f8ire", "venstre"], "Percent": [0.5371428571428571, 0.46285714285714286]}, "1949-10": {"Total Votes": 157414.0, "Parties": ["det norske arbeiderparti", "h\u00f8ire", "joint list c + l + a", "kristelig folkeparti", "joint list l + a", "norske kommunistiske parti", "venstre", "samfundspartiet"], "Percent": [0.48160265287712656, 0.16765980154242952, 0.13273279377946054, 0.0911545351747621, 0.0697714307494886, 0.035441574446999635, 0.018397347122873442, 0.0032398643068596187]}, "1903-8": {"Total Votes": 0, "Parties": [], "Percent": []}, "1930-10": {"Total Votes": 104029.0, "Parties": ["h\u00f8ire", "det norske arbeiderparti", "bondepartiet", "venstre", "norske kommunistiske parti", "others"], "Percent": [0.37394380413154027, 0.29800344134808565, 0.19188880023839505, 0.13371271472377894, 0.002422401445750704, 2.8838112449413144e-05]}, "1945-10": {"Total Votes": 132251.0, "Parties": ["det norske arbeiderparti", "h\u00f8ire", "kristelig folkeparti", "norske kommunistiske parti", "bondepartiet", "venstre"], "Percent": [0.4153314530702981, 0.2077110948121375, 0.09862307279340043, 0.0950314175318145, 0.09263446023092453, 0.09066850156142486]}, "1973-9": {"Total Votes": 228847.0, "Parties": ["det norske arbeiderparti", "h\u00f8ire", "kristelig folkeparti", "socialistisk valgallianse", "senderpartiet", "anders langes parti", "venstre", "det nye folkeparti", "others"], "Percent": [0.39074141238469373, 0.21283215423405155, 0.11993165739555249, 0.09851123239544324, 0.08237818280335771, 0.04991544569078904, 0.020279925015403304, 0.01851892312330946, 0.006891066957399486]}, "1933-10": {"Total Votes": 110825.0, "Parties": ["det norske arbeiderparti", "h\u00f8ire", "bondepartiet", "venstre", "nasjonal samling", "norske kommunistiske parti", "others"], "Percent": [0.39924204827430637, 0.2750101511391834, 0.15135574103316038, 0.140690277464471, 0.024877058425445523, 0.006000451161741484, 0.0028242725016918565]}, "1997-9": {"Total Votes": 267881.0, "Parties": ["det norske arbeiderparti", "fremskrittspartiet", "h\u00f8ire", "kristelig folkeparti", "senderpartiet", "socialistisk venstreparti", "venstre", "others"], "Percent": [0.370425674086628, 0.17811640243242335, 0.15002930405665205, 0.12971058044430175, 0.06331169437175463, 0.04913749015421026, 0.03184623022909426, 0.0274226242249357]}, "1900-8": {"Total Votes": 10.0, "Parties": ["venstre", "h\u00f8ire"], "Percent": [0.6, 0.4]}, "1993-9": {"Total Votes": 254311.0, "Parties": ["det norske arbeiderparti", "h\u00f8ire", "senderpartiet", "fremskrittspartiet", "kristelig folkeparti", "socialistisk venstreparti", "others", "venstre", "r\u00f8d valgallianse"], "Percent": [0.3915874657407662, 0.18071967001034167, 0.137717204525168, 0.08618187966702187, 0.07790854504917208, 0.06634396467317576, 0.028921281423139385, 0.027434912371073213, 0.003185076540141795]}, "1977-9": {"Total Votes": 244339.0, "Parties": ["det norske arbeiderparti", "h\u00f8ire", "kristelig folkeparti", "senderpartiet", "others", "socialistisk venstreparti", "venstre"], "Percent": [0.46320890238562, 0.26882732596924763, 0.11060043627910403, 0.07528065515533747, 0.03218479244001162, 0.028497292695803783, 0.021400595074875482]}, "1985-9": {"Total Votes": 272309.0, "Parties": ["det norske arbeiderparti", "h\u00f8ire", "kristelig folkeparti", "senderpartiet", "socialistisk venstreparti", "fremskrittspartiet", "venstre", "others"], "Percent": [0.4294018927027752, 0.32915915375547633, 0.08008181881612433, 0.053615561733178115, 0.03791281228310485, 0.037406035055763856, 0.02157842744822977, 0.010844298205347602]}, "1965-9": {"Total Votes": 216299.0, "Parties": ["det norske arbeiderparti", "h\u00f8ire", "senderpartiet", "venstre", "socialistisk folkeparti", "kristelig folkeparti", "norske kommunistiske parti"], "Percent": [0.4752264226834151, 0.25197527496659716, 0.09439710770738655, 0.059426996888566286, 0.05815560867132996, 0.0513594607464667, 0.009459128336238262]}, "1961-9": {"Total Votes": 207723.0,