{"1915-10": {"Total Votes": 16135.0, "Parties": ["det norske arbeiderparti", "h\u00f8ire", "venstre"], "Percent": [0.43538890610474124, 0.39956616052060734, 0.16504493337465137]}, "2005-9": {"Total Votes": 140031.0, "Parties": ["norwegian labour party", "progress party", "conservative party", "socialist left party", "centre party", "liberal party", "christian people's party", "red electoral alliance", "pensioner's party", "coast party", "green party", "norwegian communist party", "other"], "Percent": [0.36197699080917795, 0.24063957266605251, 0.150723768308446, 0.07284815505138148, 0.06374302832944134, 0.05131006705658033, 0.0436760431618713, 0.0064914197570537955, 0.003434953688826046, 0.002428033792517371, 0.0012068756203983404, 0.0007641165170569374, 0.0007569752411965922]}, "1909-10": {"Total Votes": 10741.0, "Parties": ["h\u00f8ire", "det norske arbeiderparti", "l-ad", "others"], "Percent": [0.47462992272600313, 0.3085373801322037, 0.21664649473978215, 0.00018620240201098595]}, "2001-9": {"Total Votes": 134218.0, "Parties": ["norwegian labour party", "conservative party", "progress party", "socialist left party", "christian people's party", "centre party", "liberal party", "the political party", "coast party", "red electoral alliance", "christian coalition party", "green party", "fatherland party", "norwegian communist party", "norwegian people's party", "interpolitical coast and district party", "social democrats"], "Percent": [0.27470234990835807, 0.2456823972939546, 0.1622211625862403, 0.11608726102311165, 0.08994322669090583, 0.056020801978870195, 0.026456958083118508, 0.009879449850243633, 0.006236123321760122, 0.005207945283046983, 0.0017732345885052676, 0.0013336512241279113, 0.0012889478311403837, 0.0009313206872401615, 0.0008419139012651061, 0.0007450565497921293, 0.0006481991983191525]}, "2009-9": {"Total Votes": 142249.0, "Parties": ["norwegian labour party", "progress party", "conservative party", "centre party", "socialist left party", "christian people's party", "liberal party", "other", "red party"], "Percent": [0.37083564735077224, 0.2514182876505283, 0.19394160943134925, 0.062158609199361683, 0.04579294054791246, 0.03163466878501782, 0.03039740173920379, 0.007606380361197618, 0.006214454934656834]}, "1897-8": {"Total Votes": 9696.0, "Parties": ["venstre", "h\u00f8ire"], "Percent": [0.5295998349834983, 0.47040016501650167]}, "1981-9": {"Total Votes": 113680.0, "Parties": ["det norske arbeiderparti", "h\u00f8ire", "senderpartiet", "fremskrittspartiet", "kristelig folkeparti", "venstre", "socialistisk venstreparti", "others"], "Percent": [0.4609166080225193, 0.3217100633356791, 0.08786066150598171, 0.035467980295566505, 0.03257389162561576, 0.03204609429978888, 0.025008796622097113, 0.004415904292751583]}, "1927-10": {"Total Votes": 57775.0, "Parties": ["det norske arbeiderparti", "h\u00f8ire", "bondepartiet", "venstre", "norske kommunistiske parti"], "Percent": [0.5001644309822587, 0.31368238857637387, 0.10720900043271311, 0.06494158372998701, 0.014002596278667243]}, "1912-10": {"Total Votes": 12726.0, "Parties": ["h\u00f8ire", "det norske arbeiderparti", "l-ad", "others"], "Percent": [0.464010686782964, 0.35926449787835923, 0.17515322960867513, 0.0015715857300015717]}, "1918-10": {"Total Votes": 16866.0, "Parties": ["det norske arbeiderparti", "h\u00f8ire", "venstre", "others"], "Percent": [0.4123680777896359, 0.3336890786197083, 0.1376734258271078, 0.11626941776354796]}, "1957-10": {"Total Votes": 91525.0, "Parties": ["det norske arbeiderparti", "h\u00f8ire", "bondepartiet", "kristelig folkeparti", "norske kommunistiske parti", "venstre"], "Percent": [0.5639224255667851, 0.19542201584266594, 0.10497678229991805, 0.06333788582354548, 0.04798688882818902, 0.024354001638896478]}, "1894-8": {"Total Votes": 9053.0, "Parties": ["venstre", "h\u00f8ire"], "Percent": [0.5095548436982216, 0.49044515630177843]}, "1921-10": {"Total Votes": 51759.0, "Parties": ["h\u00f8ire", "det norske arbeiderparti", "norske kommunistiske parti", "venstre", "landmandsforbundet"], "Percent": [0.4267470391622713, 0.32222415425336653, 0.09621515098823394, 0.08346374543557643, 0.07134991016055178]}, "1969-9": {"Total Votes": 116589.0, "Parties": ["det norske arbeiderparti", "h\u00f8ire", "senderpartiet", "socialistisk folkeparti", "kristelig folkeparti", "venstre", "others"], "Percent": [0.5241575105713232, 0.22382900616696258, 0.10489840379452607, 0.05299813876094657, 0.04377771487876215, 0.03930044858434329, 0.011038777243136145]}, "1885-0": {"Total Votes": 4332.0, "Parties": ["venstre", "h\u00f8ire"], "Percent": [0.618882733148661, 0.38111726685133884]}, "1949-10": {"Total Votes": 91444.0, "Parties": ["det norske arbeiderparti", "h\u00f8ire", "joint list l + a", "norske kommunistiske parti", "kristelig folkeparti", "samfundspartiet"], "Percent": [0.527448493066795, 0.20320633393114912, 0.12493985389965444, 0.08378898560867853, 0.05881195048335593, 0.0018043830103670006]}, "1903-8": {"Total Votes": 11846.0, "Parties": ["h\u00f8ire", "venstre", "det norske arbeiderparti"], "Percent": [0.4966233327705555, 0.37388147898024654, 0.12949518824919803]}, "1930-10": {"Total Votes": 63518.0, "Parties": ["det norske arbeiderparti", "h\u00f8ire", "bondepartiet", "venstre", "norske kommunistiske parti"], "Percent": [0.44532258572373185, 0.3721779653011745, 0.11473912906577663, 0.060864636795868884, 0.006895683113448157]}, "1945-10": {"Total Votes": 79483.0, "Parties": ["det norske arbeiderparti", "h\u00f8ire", "norske kommunistiske parti", "bondepartiet", "venstre"], "Percent": [0.4932123850383101, 0.23735893209868775, 0.16120428267679882, 0.07697243435703233, 0.031251965829171016]}, "1973-9": {"Total Votes": 116961.0, "Parties": ["det norske arbeiderparti", "h\u00f8ire", "socialistisk valgallianse", "senderpartiet", "kristelig folkeparti", "anders langes parti", "venstre", "det nye folkeparti", "others"], "Percent": [0.42530416121613185, 0.1982541188943323, 0.124485939757697, 0.10258120228110225, 0.07347748394764067, 0.04079137490274536, 0.0141243662417387, 0.013594275014748506, 0.007387077743863339]}, "1933-10": {"Total Votes": 67018.0, "Parties": ["det norske arbeiderparti", "h\u00f8ire", "bondepartiet", "venstre", "nasjonal samling", "radikale folkeparti", "norske kommunistiske parti", "others"], "Percent": [0.5232773284789161, 0.26997224626219823, 0.10306186397684204, 0.06369930466441852, 0.01724909725745322, 0.015622668536811006, 0.007102569458951326, 1.492136440956161e-05]}, "1997-9": {"Total Votes": 139021.0, "Parties": ["det norske arbeiderparti", "fremskrittspartiet", "h\u00f8ire", "kristelig folkeparti", "senderpartiet", "socialistisk venstreparti", "venstre", "others"], "Percent": [0.4093841937549003, 0.1719668251559117, 0.159342833097158, 0.0950719675444717, 0.07690924392717648, 0.046863423511555806, 0.02743470410945109, 0.013026808899374914]}, "1900-8": {"Total Votes": 11221.0, "Parties": ["venstre", "h\u00f8ire", "det norske arbeiderparti"], "Percent": [0.48658764815970057, 0.45789145352464133, 0.05552089831565814]}, "1993-9": {"Total Votes": 132871.0, "Parties": ["det norske arbeiderparti", "h\u00f8ire", "senderpartiet", "fremskrittspartiet", "socialistisk venstreparti", "kristelig folkeparti", "venstre", "others", "r\u00f8d valgallianse"], "Percent": [0.4273995077932732, 0.18293683347005743, 0.14796306191719788, 0.07808325368214283, 0.065943659639801, 0.05244184208743819, 0.024474866599935276, 0.01659504331268674, 0.004161931497467468]}, "1977-9": {"Total Votes": 125565.0, "Parties": ["det norske arbeiderparti", "h\u00f8ire", "senderpartiet", "kristelig folkeparti", "socialistisk venstreparti", "others", "venstre"], "Percent": [0.49462828017361526, 0.24815036037112254, 0.09357703181619081, 0.07451120933381117, 0.040704017839366065, 0.03144188269024011, 0.016987217775654043]}, "1985-9": {"Total Votes": 141221.0,