{"1915-10": {"Total Votes": 30748.0, "Parties": ["h\u00f8ire", "det norske arbeiderparti", "venstre", "arbeiderdemokraterne", "others"], "Percent": [0.3590152205021465, 0.3053206712631716, 0.28860413685442954, 0.04699492649928451, 6.504488096786782e-05]}, "2005-9": {"Total Votes": 110005.0, "Parties": ["norwegian labour party", "progress party", "centre party", "socialist left party", "conservative party", "liberal party", "christian people's party", "pensioner's party", "red electoral alliance", "coast party", "norwegian communist party", "christian coalition party", "other"], "Percent": [0.4589245943366211, 0.17014681150856778, 0.10275896550156811, 0.0877232853052134, 0.08040543611654016, 0.036043816190173175, 0.0319894550247716, 0.022653515749284123, 0.005090677696468342, 0.0021180855415662923, 0.0009090495886550611, 0.0007908731421299032, 0.00044543429844097997]}, "1909-10": {"Total Votes": 22040.0, "Parties": ["h\u00f8ire", "l-ad", "det norske arbeiderparti", "arbeiderdemokraterne", "others"], "Percent": [0.49464609800362974, 0.22468239564428313, 0.1249092558983666, 0.10322141560798548, 0.052540834845735025]}, "2001-9": {"Total Votes": 106681.0, "Parties": ["norwegian labour party", "socialist left party", "conservative party", "progress party", "centre party", "christian people's party", "pensioner's party", "liberal party", "the political party", "coast party", "red electoral alliance", "christian coalition party", "norwegian communist party", "green party", "fatherland party", "norwegian people's party", "other", "nature law party"], "Percent": [0.37612133369578465, 0.13654727645972572, 0.12675171773792895, 0.11074136912852335, 0.09055033229909731, 0.07741772199360711, 0.03327677843289808, 0.021137784610193007, 0.008061416747124605, 0.007808325756226507, 0.003796364863471471, 0.0017060207534612536, 0.0016778995322503539, 0.001040485184803292, 0.0010123639635923924, 0.0009842427423814924, 0.0008717578575378934, 0.0004968082413925629]}, "2009-9": {"Total Votes": 107966.0, "Parties": ["norwegian labour party", "progress party", "centre party", "conservative party", "socialist left party", "other", "christian people's party", "liberal party", "red party"], "Percent": [0.47102791619583945, 0.1790007965470611, 0.10277309523368468, 0.10182835337050553, 0.06555767556452957, 0.024868940221921716, 0.024563288442657875, 0.02454476409239946, 0.005835170331400626]}, "1897-8": {"Total Votes": 11706.0, "Parties": ["venstre", "h\u00f8ire"], "Percent": [0.5459593370920895, 0.4540406629079105]}, "1981-9": {"Total Votes": 119491.0, "Parties": ["det norske arbeiderparti", "h\u00f8ire", "senderpartiet", "socialistisk venstreparti", "kristelig folkeparti", "fremskrittspartiet", "venstre", "others"], "Percent": [0.5601258672201254, 0.17567013415236293, 0.09383133457749956, 0.07784686712806822, 0.038287402398507, 0.022746482998719567, 0.01840305964465943, 0.013088851880057912]}, "1927-10": {"Total Votes": 62434.0, "Parties": ["det norske arbeiderparti", "bondepartiet", "h\u00f8ire", "norske kommunistiske parti", "venstre", "radikale folkeparti"], "Percent": [0.42555338437389884, 0.20644200275490918, 0.16675209020725887, 0.11365602075792036, 0.07370983758849345, 0.0138866643175193]}, "1912-10": {"Total Votes": 27287.0, "Parties": ["l-ad", "h\u00f8ire", "det norske arbeiderparti", "others"], "Percent": [0.4583501300985817, 0.34470627038516505, 0.1968703045406237, 7.32949756294206e-05]}, "1918-10": {"Total Votes": 30467.0, "Parties": ["det norske arbeiderparti", "h\u00f8ire", "others", "landmandsforbundet", "venstre", "arbeiderdemokraterne"], "Percent": [0.39820133258935897, 0.27078478353628516, 0.10887189418058883, 0.08517412282141333, 0.08235139659303509, 0.05461647027931861]}, "1957-10": {"Total Votes": 94103.0, "Parties": ["det norske arbeiderparti", "bondepartiet", "h\u00f8ire", "norske kommunistiske parti", "kristelig folkeparti", "venstre", "others"], "Percent": [0.5951351179027237, 0.15964421963168018, 0.0979033612105884, 0.08154894105395152, 0.03829846019786829, 0.02350615814586145, 0.003963741857326546]}, "1894-8": {"Total Votes": 12622.0, "Parties": ["venstre", "h\u00f8ire"], "Percent": [0.5279670416732689, 0.4720329583267311]}, "1921-10": {"Total Votes": 56385.0, "Parties": ["det norske arbeiderparti", "h\u00f8ire", "landmandsforbundet", "venstre", "radikale folkeparti", "norske kommunistiske parti"], "Percent": [0.3622594661700807, 0.29993792675356923, 0.14103041589075108, 0.09688747007182762, 0.05104194377937395, 0.04884277733439745]}, "1969-9": {"Total Votes": 108781.0, "Parties": ["det norske arbeiderparti", "senderpartiet", "h\u00f8ire", "socialistisk folkeparti", "others", "venstre", "kristelig folkeparti"], "Percent": [0.6130758128717331, 0.17740230371112603, 0.10284884308840699, 0.03439019681745893, 0.027054356918947243, 0.02402073891580331, 0.021207747676524395]}, "1885-0": {"Total Votes": 7074.0, "Parties": ["venstre", "h\u00f8ire"], "Percent": [0.587362171331637, 0.412637828668363]}, "1949-10": {"Total Votes": 102254.0, "Parties": ["det norske arbeiderparti", "joint list c + l + a", "norske kommunistiske parti", "h\u00f8ire", "venstre", "samfundspartiet"], "Percent": [0.5833708216793475, 0.23878772468558687, 0.11026463512429832, 0.03792516674164336, 0.024615173978524068, 0.005036477790599879]}, "1903-8": {"Total Votes": 18576.0, "Parties": ["h\u00f8ire", "venstre", "others", "det norske arbeiderparti"], "Percent": [0.38942721791559, 0.35459732988802756, 0.23094315245478036, 0.025032299741602065]}, "1930-10": {"Total Votes": 70822.0, "Parties": ["det norske arbeiderparti", "bondepartiet", "h\u00f8ire", "venstre", "norske kommunistiske parti"], "Percent": [0.447643387647906, 0.2270763322131541, 0.19265200079071476, 0.0917087910536274, 0.040919488294597725]}, "1945-10": {"Total Votes": 89148.0, "Parties": ["det norske arbeiderparti", "norske kommunistiske parti", "bondepartiet", "h\u00f8ire", "venstre", "others"], "Percent": [0.5293893301027505, 0.18541077758334457, 0.11370978597388612, 0.10932382106160542, 0.06215506797684749, 1.1217301565935299e-05]}, "1973-9": {"Total Votes": 107441.0, "Parties": ["det norske arbeiderparti", "senderpartiet", "socialistisk valgallianse", "h\u00f8ire", "kristelig folkeparti", "anders langes parti", "venstre", "det nye folkeparti", "others"], "Percent": [0.5198853324149999, 0.1439208495825616, 0.13688442959391667, 0.10119042078908425, 0.04842657830809467, 0.023156895412365857, 0.010396403607561359, 0.008916521625822545, 0.007222568665593209]}, "1933-10": {"Total Votes": 73918.0, "Parties": ["det norske arbeiderparti", "bondepartiet", "h\u00f8ire", "venstre", "norske kommunistiske parti", "nasjonal samling", "radikale folkeparti"], "Percent": [0.5304797207716659, 0.1848805433047431, 0.11817148732379124, 0.09011336886820531, 0.03693281744635948, 0.02671879650423442, 0.012703265781000568]}, "1997-9": {"Total Votes": 112849.0, "Parties": ["det norske arbeiderparti", "senderpartiet", "fremskrittspartiet", "kristelig folkeparti", "h\u00f8ire", "socialistisk venstreparti", "venstre", "others"], "Percent": [0.4699642885625925, 0.13079424717985982, 0.11047505959290733, 0.08632774769825165, 0.07915001462130812, 0.0778208047922445, 0.023748548945936605, 0.021719288606899485]}, "1900-8": {"Total Votes": 17326.0, "Parties": ["venstre", "h\u00f8ire", "others"], "Percent": [0.4858016853284082, 0.3846819808380469, 0.12951633383354497]}, "1993-9": {"Total Votes": 111718.0, "Parties": ["det norske arbeiderparti", "senderpartiet", "socialistisk venstreparti", "h\u00f8ire", "fremskrittspartiet", "kristelig folkeparti", "others", "venstre", "r\u00f8d valgallianse"], "Percent": [0.48821138939114556, 0.2135197550976566, 0.10462951359673464, 0.08426574052525108, 0.036198284967507474, 0.028938935534112677, 0.021070910685833975, 0.019996777600744732, 0.0031686926010132655]}, "1977-9": {"Total Votes": 112534.0,