{"1915-10": {"Total Votes": 55391.0, "Parties": ["venstre", "det norske arbeiderparti", "h\u00f8ire", "arbeiderdemokraterne", "others"], "Percent": [0.42342618836995183, 0.2731129605892654, 0.24011120940224945, 0.05224675488797819, 0.011102886750555145]}, "2005-9": {"Total Votes": 261530.0, "Parties": ["norwegian labour party", "progress party", "conservative party", "christian people's party", "socialist left party", "liberal party", "centre party", "red electoral alliance", "coast party", "pensioner's party", "other", "christian coalition party", "abortion opponent list", "green party", "norwegian communist party"], "Percent": [0.27907314648415094, 0.2216418766489504, 0.16404236607654954, 0.0878751959622223, 0.07500095591327954, 0.0707987611363897, 0.05035368791343249, 0.03441287806370206, 0.005502236837074141, 0.003766298321416281, 0.0020533017244675563, 0.0017741750468397506, 0.0016785837188850227, 0.0014835774098573777, 0.0005429587427828547]}, "1909-10": {"Total Votes": 38892.0, "Parties": ["l-ad", "h\u00f8ire", "det norske arbeiderparti", "arbeiderdemokraterne", "others"], "Percent": [0.3815437622133087, 0.3536974184922349, 0.1689036305666975, 0.07399979430217012, 0.021855394425588807]}, "2001-9": {"Total Votes": 251479.0, "Parties": ["conservative party", "norwegian labour party", "progress party", "christian people's party", "socialist left party", "liberal party", "centre party", "red electoral alliance", "coast party", "the political party", "pensioner's party", "christian coalition party", "other", "green party", "fatherland party", "norwegian communist party", "nature law party", "norwegian people's party"], "Percent": [0.21673380282250207, 0.19639810878840777, 0.16534979063858216, 0.15640669797478118, 0.1075676299015027, 0.04707351309652098, 0.03857578565208228, 0.03676648944842313, 0.012358884837302518, 0.00919361059969222, 0.00472802898055106, 0.003328309719698265, 0.0015468488422492534, 0.0012247543532461955, 0.0011293189490971414, 0.0006958831552535202, 0.0005129652973011663, 0.0004095769428063576]}, "2009-9": {"Total Votes": 268033.0, "Parties": ["norwegian labour party", "progress party", "conservative party", "christian people's party", "centre party", "socialist left party", "liberal party", "red party", "other"], "Percent": [0.30457443672980566, 0.22813235683665817, 0.2017139680561722, 0.07140165576626759, 0.05509769319449471, 0.05483653132263565, 0.046117455686426674, 0.02534762510586383, 0.01277827730167554]}, "1897-8": {"Total Votes": 170.0, "Parties": ["h\u00f8ire", "venstre"], "Percent": [0.7588235294117647, 0.2411764705882353]}, "1981-9": {"Total Votes": 233048.0, "Parties": ["h\u00f8ire", "det norske arbeiderparti", "kristelig folkeparti", "fremskrittspartiet", "senderpartiet", "socialistisk venstreparti", "venstre", "others"], "Percent": [0.35751004084995364, 0.2772990971816965, 0.13405392880436648, 0.0622146510590093, 0.04941471284885517, 0.0494018399642992, 0.04702893824448182, 0.023076791047337886]}, "1927-10": {"Total Votes": 46861.0, "Parties": ["venstre", "bondepartiet", "det norske arbeiderparti", "h\u00f8ire", "norske kommunistiske parti"], "Percent": [0.38048697210900323, 0.21787840635069675, 0.1569748831651053, 0.15134120057190414, 0.09331853780329058]}, "1912-10": {"Total Votes": 48047.0, "Parties": ["l-ad", "h\u00f8ire", "det norske arbeiderparti", "others"], "Percent": [0.45551231086228067, 0.32828272316689905, 0.20550710762378505, 0.010697858347035195]}, "1918-10": {"Total Votes": 64325.0, "Parties": ["venstre", "det norske arbeiderparti", "h\u00f8ire", "landmandsforbundet", "arbeiderdemokraterne", "others"], "Percent": [0.35409249902837153, 0.2895452778857365, 0.22518460940536342, 0.09469102215312863, 0.03645549941702293, 3.109211037699184e-05]}, "1957-10": {"Total Votes": 98416.0, "Parties": ["det norske arbeiderparti", "kristelig folkeparti", "venstre", "h\u00f8ire", "bondepartiet", "norske kommunistiske parti"], "Percent": [0.38213298650625915, 0.20421476182734516, 0.17109006665582832, 0.11667818240936433, 0.10733010892537799, 0.018553893675825068]}, "1894-8": {"Total Votes": 181.0, "Parties": ["h\u00f8ire", "venstre"], "Percent": [0.8342541436464088, 0.16574585635359115]}, "1921-10": {"Total Votes": 45389.0, "Parties": ["venstre", "h\u00f8ire", "landmandsforbundet", "det norske arbeiderparti", "norske kommunistiske parti", "others"], "Percent": [0.40470157967789555, 0.21648417017339003, 0.19819780122937275, 0.11573288682279848, 0.037409945140893165, 0.027473616955650048]}, "1969-9": {"Total Votes": 128399.0, "Parties": ["det norske arbeiderparti", "kristelig folkeparti", "h\u00f8ire", "venstre", "senderpartiet", "socialistisk folkeparti", "others"], "Percent": [0.3667707692427511, 0.171138404504708, 0.1651570495097314, 0.1556865707676851, 0.11183887724982282, 0.02213412877047329, 0.007274199954828309]}, "1885-0": {"Total Votes": 0, "Parties": [], "Percent": []}, "1949-10": {"Total Votes": 96944.0, "Parties": ["det norske arbeiderparti", "kristelig folkeparti", "venstre", "h\u00f8ire", "bondepartiet", "norske kommunistiske parti", "samfundspartiet"], "Percent": [0.34373452714969466, 0.2217981515101502, 0.200311520052814, 0.10496781647136491, 0.08703994058425482, 0.03293654068328107, 0.009211503548440336]}, "1903-8": {"Total Votes": 283.0, "Parties": ["h\u00f8ire", "venstre"], "Percent": [0.7491166077738516, 0.2508833922261484]}, "1930-10": {"Total Votes": 60287.0, "Parties": ["venstre", "bondepartiet", "h\u00f8ire", "det norske arbeiderparti", "norske kommunistiske parti"], "Percent": [0.43619685836084066, 0.20241511436959875, 0.16806276643389123, 0.15917196078756615, 0.03415330004810324]}, "1945-10": {"Total Votes": 79595.0, "Parties": ["det norske arbeiderparti", "kristelig folkeparti", "venstre", "h\u00f8ire", "norske kommunistiske parti", "bondepartiet", "others"], "Percent": [0.2766379797725988, 0.2675921854387838, 0.20609334757208367, 0.11184119605502858, 0.07945222689867454, 0.05834537345310635, 3.769080972422891e-05]}, "1973-9": {"Total Votes": 200178.0, "Parties": ["det norske arbeiderparti", "kristelig folkeparti", "h\u00f8ire", "socialistisk valgallianse", "senderpartiet", "det nye folkeparti", "anders langes parti", "venstre", "others"], "Percent": [0.2831330116196585, 0.1837764389693173, 0.1782563518468563, 0.09239277043431346, 0.08067819640519937, 0.06838913367103278, 0.06533185464936207, 0.038615632087442175, 0.009426610316818032]}, "1933-10": {"Total Votes": 59750.0, "Parties": ["venstre", "det norske arbeiderparti", "others", "bondepartiet", "h\u00f8ire", "norske kommunistiske parti"], "Percent": [0.2625774058577406, 0.21134728033472802, 0.20328033472803347, 0.1675313807531381, 0.1258410041841004, 0.029422594142259416]}, "1997-9": {"Total Votes": 251599.0, "Parties": ["det norske arbeiderparti", "kristelig folkeparti", "fremskrittspartiet", "h\u00f8ire", "venstre", "senderpartiet", "socialistisk venstreparti", "others"], "Percent": [0.3067261793568337, 0.16977809927702414, 0.16017551739076866, 0.1347461635380109, 0.07089853298304047, 0.062110739708822374, 0.04933246952491862, 0.04623229822058116]}, "1900-8": {"Total Votes": 285.0, "Parties": ["h\u00f8ire", "venstre"], "Percent": [0.6771929824561403, 0.32280701754385965]}, "1993-9": {"Total Votes": 238074.0, "Parties": ["det norske arbeiderparti", "senderpartiet", "h\u00f8ire", "kristelig folkeparti", "socialistisk venstreparti", "venstre", "fremskrittspartiet", "others", "r\u00f8d valgallianse"], "Percent": [0.327830842511152, 0.17134588405285753, 0.16625502994867142, 0.10131303712291137, 0.07393499500155414, 0.05524752807950469, 0.05381099994119475, 0.043280660634928636, 0.006981022707225485]}, "1977-9": {"Total Votes": 214339.0, "Parties": ["det norske arbeiderparti", "h\u00f8ire", "kristelig folkeparti", "others", "senderpartiet", "venstre", "socialistisk venstreparti"], "Percent": [0.32266176477449277, 0.2763379506296101, 0.17803106294234833, 0.0823042003555116, 0.06318962018111496, 0.04056657911066115, 0.03690882200626111]},