{"1991-10": {"Total Votes": 201086.0, "Parties": ["bsp+", "suyuz na demokratichnite sili - tsentur", "dvizhenie za prava i svobodi", "bulgarski zemedelski naroden suyuz - 'nikola petkov'", "bulgarski zemedelski naroden suyuz (edinen)", "suyuz na demokratichniti sili - liberali", "suyuz na demokratichnite sili", "bulgarska biznes partiya", "konfederatsiya 'tsarstvo bulgariya'", "politicheski forum 'preobrazhenie'", "koalitsiya za turnovska konstitutsiya 'svoboda'", "bulgarska komunisticheska partiya", "bulgarska natsionalna radikalna partiya", "koalitsiya bulgarski natisionalen suyuz", "dvizhenie 'bezpartiini za demokratsiya'", "nezavisima demokratichna partiya", "liberalna partiya - pernik", "svobodna kooperativna partiya", "partiya 'liberalen kongres'", "bulgarska natsionalna demokraticheska partiya", "partiya 'natsionalen patriotichen suyuz'", "partiya 'bulgarski orel'"], "Percent": [0.3623275613419134, 0.35011885461941655, 0.06248072963806531, 0.042862257939389116, 0.03911261848164467, 0.028917975393612683, 0.02379578886645515, 0.014918989884924858, 0.012760709348239061, 0.008926528947813374, 0.008195498443452055, 0.007688252787364611, 0.006027271913509643, 0.0055399182439354305, 0.004540345921645465, 0.004460777975592533, 0.004038073262186328, 0.00385904538356723, 0.0028743920511621894, 0.002451687337755985, 0.0023969843748445937, 0.001705737843509742]}, "2009-7": {"Total Votes": 306914.0, "Parties": ["GERB", "Movement for Rights and Freedoms", "COALITION FOR BULGARIA", "Ataka party", "Steering Committee - Valentin Nikolov Miltenov - independent", "Order, Law, Justice", "Lider", "Blue Coalition", "National Movement for Stability and Progress (former National Movement Simeon II)", "BULGARIAN left coalition", "The Greens", "Social Democrats", "For the Homeland - DGI-NL", "Bulgarian National Union - ND", "National Movement for the Salvation of the Fatherland", "The Other BULGARIA"], "Percent": [0.38577581993652943, 0.1768866848693771, 0.17392820138540438, 0.08249868041210241, 0.055702900486781316, 0.03967886769583662, 0.02850309858787804, 0.025443609610509784, 0.020305362414226785, 0.0034602527092279923, 0.0025088461262764163, 0.0019810109672416375, 0.0014662087750966068, 0.0012153241624689652, 0.0003225659305212535, 0.0003225659305212535]}, "2001-6": {"Total Votes": 159143.0, "Parties": ["National Movement Simeon II (NMS)", "Coalition for Bulgaria", "United Democratic Forces - UDF, People's Union: BAPU - PU and DP, BSDP, National MRF", "MRF (MRF - Liberal Union - EuroRoma)", "Coalition Simeon II", "Independents", "George Day - IMRO", "Coalition National Union Tzar Kiro", "National Union for Tzar Simeon II", "Bulgarian Euroleft, BUSDP - United Socialdemocrats, BAPU", "Union Bulgaria", "NU Fatherland and Left", "Democratic Party of Justice in RB", "George Ganchev's Block", "Bulgarian Communist Party Fatherland", "Alternative Social-Liberal Party", "United Agrarian Forces (UAF) - National League - BAPU and BAPU Nikola Petkov", "National Movement for New Era", "Bulgarian Workers' Socialist Party", "Bulgarian National Party Social Union", "Union of Patriotic Forces and Reserve Soldiers Defense", "Social Liberal Movement Justice", "Movement for Defense of Retired, Unemployed and Socially Weak Citizens - Front of the Progressive Forces in Bulgaria", "Free Co-operative Party", "Alliance for Preservation of the Wealth of Bulgaria", "Fatherland Party of Labor", "Bulgarian National-Radical Party"], "Percent": [0.4228147012435357, 0.17155011530510295, 0.14956360003267502, 0.05271359720502944, 0.05023783641127791, 0.03267501555205067, 0.025605901610501247, 0.017858152730563077, 0.015181314918029697, 0.014270184676674437, 0.012649001212745769, 0.006522435796736269, 0.0034308766329653206, 0.0031543957321402763, 0.0029156167723368293, 0.0027899436355981726, 0.0026894051262072475, 0.002469477136914599, 0.002155294295067958, 0.0015017939840269443, 0.0014012554746360192, 0.0013635535336144222, 0.001193894799017236, 0.0011247745738109751, 0.0008420100161489981, 0.0007100532225734088, 0.0006157983700194164]}, "1994-12": {"Total Votes": 190927.0, "Parties": ["bspasek", "suyuz na demokratichnite sili", "bzns-tk", "dvizhenie za prava i svobodi", "bulgarski biznes blok", "politicheski suyuz 'demokratichna alternativa za republikata'", "bulgarska komunisticheska partiya", "patriotichen suyuz", "konfederatsiya 'tsarstvo bulgariya'", "suyuz 'nov izbor'", "demokraticheska partiya na spravedlivostta", "natsionalno dvizhenie za koronovana demokratsiya 'tsarstvo bulgariya'", "suyuz na monarchicheskite sili 'tsarstvo bulgariya'", "bulgarska rabotnicheska sotsialdemokraticheska partiya", "dvizhenie za zashchita na pensioneri, bezrabotni i sotsialno slabi grazhdani", "organizatsiya na surdechno bolnite i sotsialno slabite grazhdani v bulgariya", "bulgarska natsionalna radikalna partiya", "khristiyandemokratichen suyuz", "forum 'preobrazhenie'", "partiya na demokratichnite promeni", "svobodna demokraticheska partiya", "dvizhenie 'napred bulgariya", "bulgarska liga za zashchita pravata na choveka i grazhdanina", "naroden suyuz", "suyuz spravedlivost", "demokraticheska partiya v bulgariya", "suyuz na demokratichnite partii i dvizheniya 'era - 3'", "republikanska partiya v bulgariya", "bulgarska otechestvena partiya - natsionalen suyuz", "bulgarska revolyutsionna mladezhka partiya", "svobodna kooperativna partiya", "bulgarski natsionalen suyuz", "obedinenie za sotsialisum", "suyuz na svobodnite demokrati", "partiya na sobstvenitsite v bulgariya", "front na progresivnite sili v bulgariya", "narodnoliberalna partiya 'stefan stambolov'", "partiya 'bulgarski orel'"], "Percent": [0.4745321510315461, 0.23812766135748217, 0.06601999717169389, 0.040968537713366886, 0.036443247942931065, 0.029414383507832837, 0.018823948420076782, 0.01865110749134486, 0.012156478654145302, 0.01187888564739403, 0.007641664091511415, 0.005598998570134135, 0.004593378621148397, 0.0035039570097471807, 0.0032263640029959093, 0.0030378102625610837, 0.0028492565221262577, 0.0019222006316550304, 0.0018122109497347154, 0.0016812708522105308, 0.00148224190397377, 0.0013879650337563572, 0.0013513018064495853, 0.001277975351836042, 0.0012517873323312052, 0.0011313224426089553, 0.001126084838707988, 0.0010422831762925096, 0.0009637191177779989, 0.000895630267065423, 0.000869442247560586, 0.0007908781890460752, 0.0007856405851451078, 0.0007385021500364013, 0.0006861261110267275, 0.0006861261110267275, 0.00040853310427545604, 0.00024092977944449972]}, "1997-4": {"Total Votes": 155135.0, "Parties": ["obedinenie na natsiyata - dvizhenie na onepravdanite", "demokratichna levitsa", "obedinenie za tsarya", "evrolevitsa", "bulgarski biznes blok", "bulgarska khristiyanska koalitsiya", "bulgarska komunisticheska partiya", "demokraticheska partiya na spravedlivostta", "partiya na bulgarskite zheni", "liberalen forum", "partiya na demokratichnite promeni", "koalitsiya 'napred bulgariya", "bulgarska natsionalna demokraticheska partiya", "bulgarski zemedelski naroden suyuz - tsentur", "bulgarska partiya liberali", "koronovana demokratsiya", "politicheski suyuz 'demokratichna alternativa za republikata'", "bulgarska rabotnichesko-selska partiya", "independents", "bulgarska natsionalna radikalna partiya", "bulgarska otechestvena partiya - natsionalen suyuz", "demokraticheska liga", "bulgarski zemedelski naroden suyuz - 'nikola petkov'", "suyuz na bulgarskite obshchnosti", "svobodna kooperativna partiya", "bulgarska zelena federatsiya", "bulgarska demokraticheska partiya za evropeiski e svetovni shchati", "bulgarsko natsionalno dvizhenie na vechniya put", "bulgarska natsionalna ekologichna partiya - veliko turnovo", "front na progresivnite sili v bulgariya"],