{"1991-10": {"Total Votes": 189007.0, "Parties": ["suyuz na demokratichnite sili - tsentur", "bsp+", "dvizhenie za prava i svobodi", "bulgarski zemedelski naroden suyuz - 'nikola petkov'", "suyuz na demokratichnite sili", "bulgarski zemedelski naroden suyuz (edinen)", "suyuz na demokratichniti sili - liberali", "bulgarska natsionalna radikalna partiya", "bulgarska biznes partiya", "koalitsiya za turnovska konstitutsiya 'svoboda'", "bulgarska komunisticheska partiya", "dvizhenie 'bezpartiini za demokratsiya'", "bulgarska natsionalna demokraticheska partiya", "partiya 'liberalen kongres'", "bulgarska revolyutsionna mladezhka partiya", "liberalna partiya - pernik", "partiya 'natsionalen patriotichen suyuz'", "partiya 'bulgarski orel'"], "Percent": [0.3132899839688477, 0.284000063489712, 0.09543561878660578, 0.058283555635505566, 0.047495595401228524, 0.045887189363356916, 0.039432401974530046, 0.030210521303443788, 0.028157687281423437, 0.018792954758289376, 0.012015428000021163, 0.006772235948933108, 0.00471940192691276, 0.0036612400598919617, 0.0036189135852111296, 0.00332791907178041, 0.002931108371647611, 0.0019681810726586845]}, "2009-7": {"Total Votes": 264811.0, "Parties": ["GERB", "COALITION FOR BULGARIA", "Movement for Rights and Freedoms", "Ataka party", "Order, Law, Justice", "Blue Coalition", "National Movement for Stability and Progress (former National Movement Simeon II)", "Lider", "BULGARIAN left coalition", "The Greens", "National Movement for the Salvation of the Fatherland", "For the Homeland - DGI-NL", "The Other BULGARIA", "Social Democrats", "Union of Patriotic Forces and Reserve Soldiers Defense", "Bulgarian National Union - ND"], "Percent": [0.40855931211316754, 0.15278443871289332, 0.14278863038166845, 0.12211728364758262, 0.06464988236893482, 0.04598751562435095, 0.03599548357130179, 0.01948559538689858, 0.0022619906272775677, 0.0012877108579326388, 0.001185751347187239, 0.0011328834527266616, 0.0005551128918360642, 0.00049091616284822, 0.0004493771029149091, 0.00026811575047864324]}, "2001-6": {"Total Votes": 154267.0, "Parties": ["National Movement Simeon II (NMS)", "United Democratic Forces - UDF, People's Union: BAPU - PU and DP, BSDP, National MRF", "Coalition for Bulgaria", "MRF (MRF - Liberal Union - EuroRoma)", "George Day - IMRO", "Coalition Simeon II", "National Union for Tzar Simeon II", "Bulgarian Euroleft, BUSDP - United Socialdemocrats, BAPU", "Union Bulgaria", "George Ganchev's Block", "Democratic Party of Justice in RB", "Bulgarian Workers' Party (communists)", "NU Fatherland and Left", "Patriotism 2000", "United Agrarian Forces (UAF) - National League - BAPU and BAPU Nikola Petkov", "Bulgarian Workers' Socialist Party", "Bulgarian Democratic Party for United Sates of Europe and the World", "Coalition National Union Tzar Kiro", "Movement for Defense of Retired, Unemployed and Socially Weak Citizens - Front of the Progressive Forces in Bulgaria", "Bulgarian National Party Social Union", "Free Co-operative Party", "Union of Patriotic Forces and Reserve Soldiers Defense", "Bulgarian National-Radical Party", "Alliance for Preservation of the Wealth of Bulgaria"], "Percent": [0.44968787880752203, 0.1779901080594035, 0.1374629700454407, 0.06877037862925967, 0.04819566076996376, 0.03981408856074209, 0.022610149934853208, 0.010131784503490702, 0.00786947305645407, 0.005535856664095367, 0.005432140379990536, 0.004297743522593944, 0.004006041473549106, 0.0029429495614745863, 0.0029429495614745863, 0.0024243681409504302, 0.0020095030045311052, 0.001769659097538683, 0.0013159003545800464, 0.0013029358190669424, 0.0009853046989958968, 0.0009658578957262409, 0.0008751061471345135, 0.0006611913111682991]}, "1994-12": {"Total Votes": 179639.0, "Parties": ["bspasek", "suyuz na demokratichnite sili", "dvizhenie za prava i svobodi", "bzns-tk", "bulgarski biznes blok", "politicheski suyuz 'demokratichna alternativa za republikata'", "independents", "patriotichen suyuz", "konfederatsiya 'tsarstvo bulgariya'", "natsionalno dvizhenie za koronovana demokratsiya 'tsarstvo bulgariya'", "bulgarska komunisticheska partiya", "suyuz 'nov izbor'", "bulgarska natsionalna radikalna partiya", "suyuz na monarchicheskite sili 'tsarstvo bulgariya'", "demokraticheska partiya na spravedlivostta", "dvizhenie za zashchita na pensioneri, bezrabotni i sotsialno slabi grazhdani", "naroden suyuz", "partiya na demokratichnite promeni", "organizatsiya na surdechno bolnite i sotsialno slabite grazhdani v bulgariya", "dvizhenie 'napred bulgariya", "suyuz na demokratichnite partii i dvizheniya 'era - 3'", "bulgarska liga za zashchita pravata na choveka i grazhdanina", "forum 'preobrazhenie'", "bulgarska demokraticheska partiya za evropeiski e svetovni shchati", "demokratichna partiya na truda", "svobodna demokraticheska partiya", "khristiyandemokratichen suyuz", "partiya na sobstvenitsite v bulgariya", "bulgarska otechestvena partiya - natsionalen suyuz", "suyuz spravedlivost", "demokraticheska partiya v bulgariya", "obedinenie za sotsialisum", "suyuz na svobodnite demokrati", "svobodna kooperativna partiya", "front na progresivnite sili v bulgariya", "bulgarska revolyutsionna mladezhka partiya", "suyuz na bulgarskite obshchnosti", "narodnoliberalna partiya 'stefan stambolov'", "partiya 'bulgarski orel'"], "Percent": [0.3954430830721614, 0.2087297301810854, 0.06290950183423422, 0.057693485267675725, 0.052438501661665894, 0.034791999510128645, 0.028262237042067703, 0.027633197690924576, 0.020157092836188134, 0.015314046504378225, 0.014434504756762173, 0.012263483987330145, 0.01059346801084397, 0.009040353152711827, 0.008834384515611866, 0.005371884724363863, 0.004787379132593702, 0.003891137225212788, 0.0031340633158723884, 0.0019149516530374807, 0.0017869170948402074, 0.001764650215153725, 0.0016588825366429338, 0.0016199154971915897, 0.0016032153374267281, 0.0015308479784456605, 0.0013805465405619048, 0.0012803455819727341, 0.0012135449429132872, 0.0011801446233835637, 0.001174577903461943, 0.0011690111835403224, 0.0010465433452646698, 0.0009519091065971198, 0.0007904742288701228, 0.0007793407890268817, 0.0005455385523188172, 0.0005288383925539554, 0.0003562700749837173]}, "1997-4": {"Total Votes": 140866.0, "Parties": ["obedinenie na natsiyata - dvizhenie na onepravdanite", "demokratichna levitsa", "obedinenie za tsarya", "evrolevitsa", "bulgarski biznes blok", "partiya na bulgarskite zheni", "bulgarska komunisticheska partiya", "demokraticheska partiya na spravedlivostta", "bulgarska khristiyanska koalitsiya", "koalitsiya 'napred bulgariya", "partiya na demokratichnite promeni", "liberalen forum", "politicheski suyuz 'demokratichna alternativa za republikata'", "bulgarska natsionalna radikalna partiya", "bulgarska rabotnichesko-selska partiya", "bulgarska natsionalna demokraticheska partiya", "bulgarska partiya liberali", "koronovana demokratsiya", "independents", "bulgarska demokraticheska partiya za evropeiski e svetovni shchati", "bulgarski zemedelski naroden suyuz - 'nikola petkov'", "narodna partiya", "bulgarska natsionalna ekologichna partiya - veliko turnovo", "naroden patriotichen lyav front", "demokraticheska liga", "bulgarska otechestvena partiya - natsionalen suyuz", "bulgarsko natsionalno dvizhenie na vechniya put", "bulgarska zelena federatsiya", "suyuz na bulgarskite obshchnosti", "obedinenie za natsionalno spasenie"],