{"1991-10": {"Total Votes": 140832.0, "Parties": ["bsp+", "suyuz na demokratichnite sili - tsentur", "dvizhenie za prava i svobodi", "bulgarski zemedelski naroden suyuz (edinen)", "bulgarski zemedelski naroden suyuz - 'nikola petkov'", "suyuz na demokratichniti sili - liberali", "suyuz na demokratichnite sili", "konfederatsiya 'tsarstvo bulgariya'", "bulgarska biznes partiya", "independents", "bulgarska komunisticheska partiya", "bulgarska natsionalna radikalna partiya", "suyuz na bezpartiinite garanti", "dvizhenie 'bezpartiini za demokratsiya'", "partiya 'natsionalen patriotichen suyuz'", "koalitsiya bulgarski natisionalen suyuz", "partiya 'liberalen kongres'", "liberalna partiya - pernik", "bulgarska komunisticheska partiya - marksisti", "bulgarska natsionalna demokraticheska partiya"], "Percent": [0.39907123381049764, 0.30495199954555785, 0.05380879345603272, 0.04470574869347876, 0.038379061576914335, 0.03685241990456714, 0.023730402181322427, 0.019881845035219267, 0.01600488525335151, 0.009486480345376051, 0.008258066348557146, 0.007526698477618723, 0.005950352192683481, 0.005645023858214042, 0.004956259940922518, 0.0047432401726880255, 0.004572824358100432, 0.004047375596455351, 0.003777550556691661, 0.0036497386957509655]}, "2009-7": {"Total Votes": 192580.0, "Parties": ["GERB", "COALITION FOR BULGARIA", "Ataka party", "National Movement for Stability and Progress (former National Movement Simeon II)", "Lider", "Movement for Rights and Freedoms", "Blue Coalition", "Order, Law, Justice", "The Greens", "BULGARIAN left coalition", "UNION OF BULGARIAN PATRIOTS (GBS)", "For the Homeland - DGI-NL", "Union of Patriotic Forces and Reserve Soldiers Defense", "Social Democrats", "Bulgarian National Union - ND", "The Other BULGARIA", "National Movement for the Salvation of the Fatherland"], "Percent": [0.4170786166787829, 0.24712846609201372, 0.10835496936338146, 0.06291411361512099, 0.04689479696749403, 0.046671513137397445, 0.04163464534219545, 0.017031882853878907, 0.004429328071450826, 0.0022328383009658326, 0.0019108941738498289, 0.0016097206355800188, 0.0007788970817322671, 0.0004725308962509087, 0.0004309897185585211, 0.0003063661854813584, 0.00011943088586561429]}, "2001-6": {"Total Votes": 115788.0, "Parties": ["National Movement Simeon II (NMS)", "Coalition for Bulgaria", "United Democratic Forces - UDF, People's Union: BAPU - PU and DP, BSDP, National MRF", "MRF (MRF - Liberal Union - EuroRoma)", "Coalition Simeon II", "George Day - IMRO", "National Union for Tzar Simeon II", "Bulgarian Euroleft, BUSDP - United Socialdemocrats, BAPU", "Union Bulgaria", "Democratic Party of Justice in RB", "NU Fatherland and Left", "Bulgarian Workers' Socialist Party", "Coalition National Union Tzar Kiro", "United Agrarian Forces (UAF) - National League - BAPU and BAPU Nikola Petkov", "George Ganchev's Block", "party of the Workers' and Socialdemocratic Intelligentsia", "Bulgarian Communist Party Fatherland", "Union of Patriotic Forces and Reserve Soldiers Defense", "National Movement for New Era", "Movement for Defense of Retired, Unemployed and Socially Weak Citizens - Front of the Progressive Forces in Bulgaria", "Patriotism 2000", "Bulgarian National Party Social Union", "Free Co-operative Party", "Alliance for Preservation of the Wealth of Bulgaria", "Bulgarian National-Radical Party"], "Percent": [0.44361246415863476, 0.1906587902027844, 0.15974885134901717, 0.04583376515701109, 0.036290461878605726, 0.026824886862196428, 0.02042525995785401, 0.016046567865409197, 0.012876982070680899, 0.007695097937610115, 0.005354613604173144, 0.004853698137976301, 0.004430510933775521, 0.003981414308909386, 0.0035582271047086052, 0.002608215013645628, 0.0025909420665353924, 0.002366393754102325, 0.001986388917677134, 0.0017359311845787128, 0.001640929975472415, 0.001623657028362179, 0.0014854734514802915, 0.0009672850381732131, 0.0008031920406259717]}, "1994-12": {"Total Votes": 135414.0, "Parties": ["bspasek", "suyuz na demokratichnite sili", "bzns-tk", "bulgarski biznes blok", "politicheski suyuz 'demokratichna alternativa za republikata'", "dvizhenie za prava i svobodi", "bulgarska komunisticheska partiya", "suyuz 'nov izbor'", "patriotichen suyuz", "konfederatsiya 'tsarstvo bulgariya'", "natsionalno dvizhenie za koronovana demokratsiya 'tsarstvo bulgariya'", "bulgarska natsionalna radikalna partiya", "demokraticheska partiya na spravedlivostta", "suyuz na monarchicheskite sili 'tsarstvo bulgariya'", "organizatsiya na surdechno bolnite i sotsialno slabite grazhdani v bulgariya", "dvizhenie za zashchita na pensioneri, bezrabotni i sotsialno slabi grazhdani", "naroden suyuz", "partiya na demokratichnite promeni", "khristiyandemokratichen suyuz", "obedinenie za sotsialisum", "suyuz na demokratichnite partii i dvizheniya 'era - 3'", "svobodna demokraticheska partiya", "forum 'preobrazhenie'", "demokraticheska partiya v bulgariya", "suyuz spravedlivost", "dvizhenie 'napred bulgariya", "svobodna kooperativna partiya", "suyuz na bezpartiinite garanti", "bulgarska revolyutsionna mladezhka partiya", "republikanska partiya v bulgariya", "bulgarska otechestvena partiya - natsionalen suyuz", "partiya na sobstvenitsite v bulgariya", "front na progresivnite sili v bulgariya", "narodnoliberalna partiya 'stefan stambolov'", "partiya 'bulgarski orel'"], "Percent": [0.49296232295035963, 0.18133280163055518, 0.08111421271065031, 0.05848730559617174, 0.037780436291668516, 0.031488620083595494, 0.019857621811629523, 0.015168298698805146, 0.012657480024222015, 0.012170085810920585, 0.008418627320661084, 0.0058339610380019795, 0.004268391746791321, 0.00381053657672028, 0.0031163690608061205, 0.0027028224555806636, 0.0025994358042742997, 0.0024517405881223507, 0.002407432023276766, 0.002392662501661571, 0.001838805441091763, 0.0017944968762461783, 0.0015951083344410474, 0.0014917216831346833, 0.001403104553443514, 0.0013883350318283192, 0.0013587959885979293, 0.0013218721845599422, 0.0012997179021371499, 0.0012332550548687729, 0.0012332550548687729, 0.0010264817522560444, 0.0008640170144889007, 0.0006793979942989647, 0.00045047040926344395]}, "1997-4": {"Total Votes": 106297.0, "Parties": ["obedinenie na natsiyata - dvizhenie na onepravdanite", "demokratichna levitsa", "obedinenie za tsarya", "evrolevitsa", "bulgarski biznes blok", "bulgarska khristiyanska koalitsiya", "bulgarska komunisticheska partiya", "partiya na bulgarskite zheni", "demokraticheska partiya na spravedlivostta", "koalitsiya 'napred bulgariya", "bulgarska rabotnicheska sotsialisticheska partiya", "bulgarski zemedelski naroden suyuz - tsentur", "partiya na demokratichnite promeni", "bulgarska natsionalna demokraticheska partiya", "liberalen forum", "bulgarska partiya liberali", "koronovana demokratsiya", "bulgarska rabotnichesko-selska partiya", "bulgarski zemedelski naroden suyuz - 'nikola petkov'", "bulgarska natsionalna radikalna partiya", "svobodna kooperativna partiya", "narodna partiya", "independents", "bulgarska otechestvena partiya - natsionalen suyuz", "demokraticheska liga", "suyuz na bulgarskite obshchnosti", "naroden patriotichen lyav front", "bulgarska demokraticheska partiya za evropeiski e svetovni shchati", "bulgarsko natsionalno dvizhenie na vechniya put", "bulgarska natsionalna ekologichna partiya - veliko turnovo", "bulgarska zelena federatsiya", "front na progresivnite sili v bulgariya"],