{"1991-10": {"Total Votes": 978749.0, "Parties": ["suyuz na demokratichnite sili - tsentur", "bsp+", "suyuz na demokratichnite sili", "suyuz na demokratichniti sili - liberali", "bulgarski biznes blok", "konfederatsiya 'tsarstvo bulgariya'", "bulgarski zemedelski naroden suyuz - 'nikola petkov'", "bulgarski zemedelski naroden suyuz (edinen)", "independents", "bulgarska biznes partiya", "koalitsiya za turnovska konstitutsiya 'svoboda'", "politicheski forum 'preobrazhenie'", "bulgarska natsionalna radikalna partiya", "bulgarska komunisticheska partiya", "nezavisima demokratichna partiya", "koalitsiya bulgarski natisionalen suyuz", "liberalna partiya - pernik", "dvizhenie za prava i svobodi", "partiya 'liberalen kongres'", "suyuz na bezpartiinite garanti", "bulgarska natsionalna demokraticheska partiya", "dvizhenie 'bezpartiini za demokratsiya'", "bulgarska rabotnicheska sotsialdemokraticheska partiya", "partiya 'natsionalen patriotichen suyuz'", "bulgarska revolyutsionna mladezhka partiya", "svobodna kooperativna partiya", "khristiyanradikalna partiya", "bulgarska demokraticheska partiya za evropeiski e svetovni shchati", "partiya 'bulgarski orel'", "bulgarska komunisticheska partiya - marksisti", "organizatsiya na surdechno bolnite i sotsialno slabite grazhdani v bulgariya", "bulgarska rabotnichesko-selska partiya", "svobodna demokraticheska partiya"], "Percent": [0.49589016182902873, 0.29213414266579074, 0.038327497652615734, 0.025751239592581958, 0.024228888101035097, 0.02254714947346051, 0.020314707856661923, 0.01675199668147809, 0.00852312492784156, 0.007106009814569414, 0.006354029480489891, 0.005677655864782492, 0.004326952058188565, 0.00308557147951109, 0.0029690962647215984, 0.0026278443196365974, 0.0025501941764436028, 0.0024531314974523604, 0.002354025393640249, 0.0022385718912611915, 0.001789018430670172, 0.0017634756204093186, 0.0015029389557486138, 0.001398724289884332, 0.0013956591526530294, 0.0012863359247365768, 0.0010707546061349744, 0.0009992347374045848, 0.000708046700430856, 0.0007008947135578171, 0.0005159647672692385, 0.000481226545314478, 0.00017573453459467136]}, "2009-7": {"Total Votes": 1498988.0, "Parties": ["GERB", "COALITION FOR BULGARIA", "Blue Coalition", "Ataka party", "National Movement for Stability and Progress (former National Movement Simeon II)", "Order, Law, Justice", "Lider", "The Greens", "Movement for Rights and Freedoms", "BULGARIAN left coalition", "Union of Patriotic Forces and Reserve Soldiers Defense", "For the Homeland - DGI-NL", "Bulgarian National Union - ND", "UNION OF BULGARIAN PATRIOTS (GBS)", "National Movement for the Salvation of the Fatherland", "Social Democrats", "The Other BULGARIA", "Party of the Liberal Alternative and Peace (Plam)"], "Percent": [0.45547262553135853, 0.19181341011402359, 0.14387840329609042, 0.060955791507336946, 0.04596501106079568, 0.038862886160529644, 0.02553989758423683, 0.01674463037729455, 0.007188182960770867, 0.003382281912863879, 0.002910630371957614, 0.0020934123555358683, 0.001973331340877979, 0.001064051213218518, 0.0008545765543153114, 0.0006290910934577195, 0.000513679896036526, 0.00015810666929955407]}, "2001-6": {"Total Votes": 845411.0, "Parties": ["National Movement Simeon II (NMS)", "United Democratic Forces - UDF, People's Union: BAPU - PU and DP, BSDP, National MRF", "Coalition for Bulgaria", "George Day - IMRO", "Coalition Simeon II", "National Union for Tzar Simeon II", "Bulgarian Euroleft, BUSDP - United Socialdemocrats, BAPU", "MRF (MRF - Liberal Union - EuroRoma)", "NU Fatherland and Left", "Union Bulgaria", "George Ganchev's Block", "Bulgarian Workers' Party (communists)", "Alternative Social-Liberal Party", "United Agrarian Forces (UAF) - National League - BAPU and BAPU Nikola Petkov", "Bulgarian Workers' Socialist Party", "Bulgarian Democratic Party for United Sates of Europe and the World", "Coalition National Union Tzar Kiro", "Union of Patriotic Forces and Reserve Soldiers Defense", "Bulgarian Communist Party Fatherland", "Democratic Party of Justice in RB", "National Movement for New Era", "Movement for Defense of Retired, Unemployed and Socially Weak Citizens - Front of the Progressive Forces in Bulgaria", "Bulgarian National-Radical Party", "Social Liberal Movement Justice", "National Party of Labor, Private Owners, Producers and Creators (NPLPOPC)", "Bulgarian National Party Social Union", "Free Co-operative Party", "Alliance for Preservation of the Wealth of Bulgaria", "Independents", "Bulgarian National Front (BNF)", "party of the Workers' and Socialdemocratic Intelligentsia", "Fatherland Party of Labor", "Bulgarian Business Block", "Party of the Middle Class", "Patriotism 2000", "Bulgarian Fatherland party National Union", "Union of the Nation - Movement of the Deprived"], "Percent": [0.44001674924977324, 0.26007350271051594, 0.17179336441091966, 0.05503595292703785, 0.02251449295076596, 0.010231709783761981, 0.006725722754967703, 0.005667066077919497, 0.004589483694912889, 0.004439260903868059, 0.0025656160139860967, 0.0017151421024803322, 0.0014454507925730797, 0.0013874908180754688, 0.0013472736929138608, 0.0011899537621346305, 0.0011083366551890147, 0.0009297253052065799, 0.0008209024959457588, 0.0007203596830417395, 0.0005807826015985125, 0.0005429311896817052, 0.0005405654764369047, 0.0005299197668353026, 0.0005251883403457016, 0.0005050797777648977, 0.00042937695393128306, 0.0003714169794336719, 0.0003430284204960664, 0.0003335655675168646, 0.00028743415924325567, 0.0002365713244800458, 0.0001916227728288371, 9.34456731696181e-05, 6.978854072161351e-05, 5.559426125281076e-05, 4.6131408273608934e-05]}, "1994-12": {"Total Votes": 901359.0, "Parties": ["bspasek", "suyuz na demokratichnite sili", "bzns-tk", "politicheski suyuz 'demokratichna alternativa za republikata'", "bulgarski biznes blok", "suyuz 'nov izbor'", "konfederatsiya 'tsarstvo bulgariya'", "patriotichen suyuz", "bulgarska komunisticheska partiya", "natsionalno dvizhenie za koronovana demokratsiya 'tsarstvo bulgariya'", "suyuz na monarchicheskite sili 'tsarstvo bulgariya'", "bulgarska natsionalna radikalna partiya", "dvizhenie 'napred bulgariya", "dvizhenie za zashchita na pensioneri, bezrabotni i sotsialno slabi grazhdani", "dvizhenie za prava i svobodi", "bulgarska rabotnicheska sotsialdemokraticheska partiya", "organizatsiya na surdechno bolnite i sotsialno slabite grazhdani v bulgariya", "khristiyandemokratichen suyuz", "demokraticheska partiya na spravedlivostta", "naroden suyuz", "forum 'preobrazhenie'", "bulgarska liga za zashchita pravata na choveka i grazhdanina", "demokraticheska partiya v bulgariya", "suyuz spravedlivost", "suyuz na svobodnite demokrati", "suyuz na demokratichnite partii i dvizheniya 'era - 3'", "bulgarska rabotnichesko-selska partiya", "partiya na demokratichnite promeni", "bulgarski natsionalen suyuz", "bulgarska demokraticheska partiya za evropeiski e svetovni shchati", "independents", "obedinenie za sotsialisum", "republikanska partiya v bulgariya", "bulgarska revolyutsionna mladezhka partiya", "partiya na sobstvenitsite v bulgariya", "front na progresivnite sili v bulgariya", "svobodna kooperativna partiya", "narodnoliberalna partiya 'stefan stambolov'", "svobodna demokraticheska partiya", "partiya 'bulgarski orel'", "suyuz na bulgarskite obshchnosti", "partiya 'edinenie'", "bulgarska otechestvena partiya - natsionalen suyuz", "obedinenie na natsiyata - dvizhenie na onepravdanite"],