{"1991-10": {"Total Votes": 265269.0, "Parties": ["bsp+", "suyuz na demokratichnite sili - tsentur", "bulgarski zemedelski naroden suyuz (edinen)", "suyuz na demokratichniti sili - liberali", "bulgarski zemedelski naroden suyuz - 'nikola petkov'", "dvizhenie za prava i svobodi", "suyuz na demokratichnite sili", "konfederatsiya 'tsarstvo bulgariya'", "koalitsiya za turnovska konstitutsiya 'svoboda'", "bulgarska natsionalna radikalna partiya", "politicheski forum 'preobrazhenie'", "bulgarska komunisticheska partiya", "dvizhenie 'bezpartiini za demokratsiya'", "nezavisima demokratichna partiya", "bulgarska komunisticheska partiya - marksisti", "liberalna partiya - pernik", "partiya 'natsionalen patriotichen suyuz'", "bulgarska biznes partiya", "svobodna demokraticheska partiya", "bulgarska revolyutsionna mladezhka partiya", "bulgarska natsionalna demokraticheska partiya", "partiya na svobodnite demokrati - tsentr", "partiya 'liberalen kongres'", "partiya 'bulgarski orel'"], "Percent": [0.372305094074317, 0.3450648209930297, 0.06058378476188322, 0.04078501445702287, 0.036506338848489646, 0.034987126275591945, 0.025913318178905187, 0.014973479750743585, 0.009247216975975331, 0.008165296359544463, 0.0069891317869785015, 0.006310575302805831, 0.006058001500363782, 0.005616939785651546, 0.0033098477394644683, 0.003057273937022419, 0.002861246508261425, 0.0028310884422981953, 0.0028047001345803692, 0.0026953771454636616, 0.0026124424640647796, 0.002374947694604345, 0.0022882432549600593, 0.0016586936279776377]}, "2009-7": {"Total Votes": 364829.0, "Parties": ["GERB", "COALITION FOR BULGARIA", "Ataka party", "Blue Coalition", "Order, Law, Justice", "Lider", "National Movement for Stability and Progress (former National Movement Simeon II)", "Movement for Rights and Freedoms", "The Greens", "Social Democrats", "BULGARIAN left coalition", "Union of Patriotic Forces and Reserve Soldiers Defense", "National Movement for the Salvation of the Fatherland", "UNION OF BULGARIAN PATRIOTS (GBS)", "For the Homeland - DGI-NL", "Bulgarian National Union - ND", "The Other BULGARIA"], "Percent": [0.42655600294932694, 0.21630681771460053, 0.11590909713865949, 0.05533277233991815, 0.05058808373237873, 0.04675341050190637, 0.04511702742928879, 0.026256136436522318, 0.004319832030896666, 0.003815486159269137, 0.002425794002121542, 0.0021791030866515544, 0.001195080434943494, 0.0011704113433964954, 0.001000468712739393, 0.0007894109295039594, 0.00028506505787642976]}, "2001-6": {"Total Votes": 209136.0, "Parties": ["National Movement Simeon II (NMS)", "Coalition for Bulgaria", "United Democratic Forces - UDF, People's Union: BAPU - PU and DP, BSDP, National MRF", "George Day - IMRO", "Coalition Simeon II", "Coalition National Union Tzar Kiro", "MRF (MRF - Liberal Union - EuroRoma)", "National Union for Tzar Simeon II", "Bulgarian Euroleft, BUSDP - United Socialdemocrats, BAPU", "Union Bulgaria", "NU Fatherland and Left", "Bulgarian Workers' Party (communists)", "United Agrarian Forces (UAF) - National League - BAPU and BAPU Nikola Petkov", "George Ganchev's Block", "Bulgarian Workers' Socialist Party", "Democratic Party of Justice in RB", "Bulgarian Communist Party Fatherland", "National Movement for New Era", "Patriotism 2000", "Social Liberal Movement Justice", "Movement for Defense of Retired, Unemployed and Socially Weak Citizens - Front of the Progressive Forces in Bulgaria", "Bulgarian National Party Social Union", "Union of Patriotic Forces and Reserve Soldiers Defense", "Alliance for Preservation of the Wealth of Bulgaria", "Free Co-operative Party", "Bulgarian National-Radical Party"], "Percent": [0.43196293321092494, 0.20196905363017367, 0.1837751510978502, 0.03560362634840487, 0.03549843164256752, 0.02261208017749216, 0.019886580980797184, 0.015903526891592076, 0.010227794353913243, 0.008023487108866958, 0.005350585265090658, 0.003825262030449086, 0.0036722515492311225, 0.003600527886160202, 0.0031558411751204957, 0.002682464998852421, 0.0022569045979649606, 0.0019508836355290337, 0.0017261494912401499, 0.0012958075128146277, 0.0012097391171295234, 0.0010758549460638054, 0.0007841787162420626, 0.0007076734756330809, 0.0006789840104047127, 0.0005642261494912402]}, "1994-12": {"Total Votes": 249943.0, "Parties": ["bspasek", "suyuz na demokratichnite sili", "bzns-tk", "bulgarski biznes blok", "politicheski suyuz 'demokratichna alternativa za republikata'", "independents", "dvizhenie za prava i svobodi", "bulgarska komunisticheska partiya", "patriotichen suyuz", "konfederatsiya 'tsarstvo bulgariya'", "suyuz 'nov izbor'", "natsionalno dvizhenie za koronovana demokratsiya 'tsarstvo bulgariya'", "bulgarska natsionalna radikalna partiya", "demokraticheska partiya na spravedlivostta", "dvizhenie za zashchita na pensioneri, bezrabotni i sotsialno slabi grazhdani", "suyuz na monarchicheskite sili 'tsarstvo bulgariya'", "bulgarska rabotnicheska sotsialdemokraticheska partiya", "naroden suyuz", "dvizhenie 'grazhdanska initsiativa' dgi-sds", "bulgarska rabotnichesko-selska partiya", "dvizhenie 'napred bulgariya", "partiya na demokratichnite promeni", "khristiyandemokratichen suyuz", "forum 'preobrazhenie'", "bulgarska otechestvena partiya - natsionalen suyuz", "svobodna demokraticheska partiya", "demokratichna partiya na truda", "bulgarska liga za zashchita pravata na choveka i grazhdanina", "suyuz na demokratichnite partii i dvizheniya 'era - 3'", "demokraticheska partiya v bulgariya", "suyuz spravedlivost", "suyuz na bezpartiinite garanti", "suyuz na svobodnite demokrati", "obedinenie za sotsialisum", "bulgarska revolyutsionna mladezhka partiya", "svobodna kooperativna partiya", "partiya na sobstvenitsite v bulgariya", "narodnoliberalna partiya 'stefan stambolov'", "front na progresivnite sili v bulgariya", "partiya 'bulgarski orel'"], "Percent": [0.4522031023073261, 0.24460376965948236, 0.08860020084579284, 0.04523031251125256, 0.03841275810884882, 0.01908035031987293, 0.018696262747906523, 0.013575095121687746, 0.012406828756956586, 0.00983824311943123, 0.008645971281452171, 0.007085615520338638, 0.00491312019140364, 0.004184954169550658, 0.0039769067347355195, 0.0038928875783678677, 0.0037088456168006306, 0.001656377654105136, 0.0014883393413698323, 0.001456332043705965, 0.0014203238338341142, 0.001304297379802595, 0.0011922718379790591, 0.001132258154859308, 0.0011082526816114074, 0.0011002508571954406, 0.001028234437451739, 0.0008962043345882862, 0.0008761997735483691, 0.0008681979491324021, 0.0008601961247164353, 0.0006841559875651648, 0.000628143216653397, 0.0005521258847017119, 0.0005321213236617949, 0.000524119499245828, 0.0005161176748298612, 0.00046410581612607674, 0.0003560811865105244, 0.00030006841559875654]}, "1997-4": {"Total Votes": 205562.0,