{"2008-1": {"Total Votes": 146582.0, "Parties": ["democratic labour party", "barbados labour party", "people's empowerment party", "independent", "people's democratic congress"], "Percent": [0.5263265612421716, 0.4711901870625315, 0.0012279816075643668, 0.000948274685841372, 0.00030699540189109165]}, "1994-9": {"Total Votes": 125163.0, "Parties": ["barbados labour party", "democractic labour party", "national democratic party", "independent", "independent candidate 1", "independent candidate 2"], "Percent": [0.4834016442558903, 0.3833321348960954, 0.12767351373808555, 0.004082676190247917, 0.0008708643928317473, 0.000639166526848989]}, "1976-9": {"Total Votes": 98597.0, "Parties": ["barbados labour party", "democractic labour party", "people's political alliance", "independent candidate 1", "independent", "independent candidate 2"], "Percent": [0.5268720143614918, 0.46437518382912263, 0.005801393551527937, 0.0017140480947696176, 0.0006186800815440632, 0.0006186800815440632]}, "1981-6": {"Total Votes": 118501.0, "Parties": ["barbados labour party", "democractic labour party", "independent", "independent candidate 1", "independent candidate 2"], "Percent": [0.522215002405043, 0.4712618458915958, 0.005324849579328444, 0.0008945072193483599, 0.0003037949046843487]}, "1999-1": {"Total Votes": 128630.0, "Parties": ["barbados labour party", "democractic labour party", "independent"], "Percent": [0.6487211381481769, 0.35075798802767627, 0.0005208738241467776]}, "1966-11": {"Total Votes": 145916.0, "Parties": ["democractic labour party", "barbados labour party", "barbados national party", "independent", "peoples' progressive movement"], "Percent": [0.49572356698374415, 0.32573535458757097, 0.10138024616902876, 0.07306258395241097, 0.0040982483072452645]}, "2003-5": {"Total Votes": 133451.0, "Parties": ["barbados labour party", "democractic labour party", "independent"], "Percent": [0.5627608635379278, 0.43618256888296075, 0.0010565675791114342]}, "1991-1": {"Total Votes": 112134.0, "Parties": ["democractic labour party", "barbados labour party", "independent"], "Percent": [0.5396846629924911, 0.4563468707082598, 0.003968466299249112]}, "1971-9": {"Total Votes": 92872.0, "Parties": ["democractic labour party", "barbados labour party", "independent"], "Percent": [0.5741450598673442, 0.4239813937462314, 0.001873546386424326]}, "1986-5": {"Total Votes": 134659.0, "Parties": ["democractic labour party", "barbados labour party", "independent", "workers party of barbados"], "Percent": [0.5944645363473663, 0.40373833163769224, 0.0011510556294046445, 0.0006460763855368004]}, "2013-2": {"Total Votes": 152923.0, "Parties": ["Democratic Labour Party", "Barbados Labour Party", "Independent", "Bajan Free Party", "New Barbados Kingdom Alliance", "People\u2019s Democratic Congress"], "Percent": [0.5117804385213474, 0.4842240866318343, 0.0026614701516449457, 0.0005558352896555784, 0.00047082518653178396, 0.0003073442189860257]}}